match_code,home,away,h1_home,h1_away,h2_home,h2_away,final_home,final_away,ht_margin,ht_band,lead_changes_h2
AF001010626,OFFICER,CLASH,7,0,7,3,14,3,7,5-7,0
AF001010726,LEGEND,PRECISION,3,10,15,14,18,24,-7,5-7,0
AF001010826,OFFICER,HERMES,7,14,22,17,29,31,-7,5-7,0
AF001010926,KEVLAR,CLASH,0,14,3,7,3,21,-14,11-14,0
AF001011026,ACE,SABRE,10,7,7,9,17,16,3,3-4,0
AF001020526,LEGEND,HERMES,0,10,7,7,7,17,-10,8-10,0
AF001020626,LYNX,MEMENTO,3,14,7,0,10,14,-11,11-14,0
AF001020726,OCTANE,JUDGEMENT,10,7,7,8,17,15,3,3-4,0
AF001020826,LYNX,PATHFINDER,0,7,0,14,0,21,-7,5-7,0
AF001020926,MERCENARY,PINNACLE,14,7,10,6,24,13,7,5-7,0
AF001021026,PRECISION,SABRE,10,14,0,14,10,28,-4,3-4,0
AF001030526,OFFICER,LAZARUS,0,24,8,0,8,24,-24,15+,0
AF001030626,NIGHTMARE,KILLJOY,7,14,0,7,7,21,-7,5-7,0
AF001030726,PRECISION,MERCENARY,14,14,14,10,28,24,0,level,0
AF001030826,PINNACLE,ACE,17,10,0,0,17,10,7,5-7,0
AF001030926,METEOR,LEGEND,10,10,7,17,17,27,0,level,0
AF001040526,LEGEND,CLASH,7,21,7,14,14,35,-14,11-14,0
AF001040626,MEMENTO,PRECISION,14,14,0,7,14,21,0,level,0
AF001040726,OFFICER,PRECISION,9,7,8,7,17,14,2,1-2,2
AF001040826,SABRE,MERCENARY,14,10,0,7,14,17,4,3-4,1
AF001040926,MEMENTO,LYNX,14,14,7,0,21,14,0,level,0
AF001041026,MERCENARY,MEMENTO,7,7,7,0,14,7,0,level,0
AF001050526,CLASH,MEMENTO,7,7,10,7,17,14,0,level,0
AF001050626,HERMES,ASTRONAUT,7,7,10,7,17,14,0,level,0
AF001050726,SHROUD,OVERDRIVE,7,3,7,14,14,17,4,3-4,3
AF001050826,PINNACLE,PRECISION,14,7,10,15,24,22,7,5-7,0
AF001050926,PRECISION,MEMENTO,10,17,6,14,16,31,-7,5-7,0
AF001051026,LEO,MEMENTO,8,21,14,22,22,43,-13,11-14,0
AF001060626,LAZARUS,PINNACLE,7,14,14,8,21,22,-7,5-7,2
AF001060726,PATHFINDER,OFFICER,2,3,17,0,19,3,-1,1-2,1
AF001060826,METEOR,LEO,21,7,14,15,35,22,14,11-14,0
AF001060926,HERMES,PRECISION,14,14,7,0,21,14,0,level,0
AF001061026,LEO,MEMENTO,14,10,7,7,21,17,4,3-4,2
AF001070626,PINNACLE,OFFICER,0,17,13,7,13,24,-17,15+,0
AF001070726,KRAKEN,CRYSTAL,20,7,0,7,20,14,13,11-14,0
AF001070826,AVATAR,LEGEND,14,7,12,28,26,35,7,5-7,1
AF001070926,OFFICER,LEGEND,10,10,7,9,17,19,0,level,2
AF001080626,PINNACLE,CLASH,21,10,0,0,21,10,11,11-14,0
AF001080726,OFFICER,LEGEND,21,7,7,22,28,29,14,11-14,1
AF001080826,SENTRY,LAZARUS,13,14,8,10,21,24,-1,1-2,0
AF001090626,SENTRY,CLASH,3,7,6,10,9,17,-4,3-4,0
AF001090726,AVATAR,MEMENTO,0,10,7,7,7,17,-10,8-10,0
AF001090826,PRECISION,OFFICER,14,7,10,7,24,14,7,5-7,0
AF001090926,JUDGEMENT,ACE,3,14,18,0,21,14,-11,11-14,1
AF001100626,JUDGEMENT,AVATAR,10,14,10,0,20,14,-4,3-4,1
AF001100726,HERMES,AVATAR,21,7,14,11,35,18,14,11-14,0
AF001100826,PRECISION,CLASH,7,14,7,6,14,20,-7,5-7,0
AF001110626,LEGEND,KEVLAR,0,10,0,10,0,20,-10,8-10,0
AF001110826,PINNACLE,LEGEND,10,0,8,28,18,28,10,8-10,1
AF001110926,KEVLAR,MEMENTO,17,7,0,8,17,15,10,8-10,0
AF001120626,LEGEND,PINNACLE,0,7,7,3,7,10,-7,5-7,0
AF001120726,PRECISION,SENTRY,0,14,0,10,0,24,-14,11-14,0
AF001120926,PRECISION,OFFICER,21,28,29,21,50,49,-7,5-7,3
AF001130626,OFFICER,MEMENTO,14,7,0,14,14,21,7,5-7,1
AF001130726,PRECISION,MERCENARY,10,7,6,10,16,17,3,3-4,1
AF001130826,HERMES,PATHFINDER,7,14,3,3,10,17,-7,5-7,0
AF001130926,ACE,OVERDRIVE,0,5,14,10,14,15,-5,5-7,0
AF001140626,PRECISION,SENTRY,14,14,7,6,21,20,0,level,0
AF001140726,AVATAR,KEVLAR,3,14,0,0,3,14,-11,11-14,0
AF001140926,LEO,KEVLAR,14,14,14,10,28,24,0,level,3
AF001150626,LAZARUS,OFFICER,14,0,7,0,21,0,14,11-14,0
AF001150726,METEOR,CLASH,7,14,7,3,14,17,-7,5-7,0
AF001150826,OVERDRIVE,METEOR,7,21,3,7,10,28,-14,11-14,0
AF001150926,MEMENTO,PINNACLE,14,7,10,15,24,22,7,5-7,2
AF001160626,SENTRY,MEMENTO,7,14,7,7,14,21,-7,5-7,0
AF001160726,MEMENTO,LYNX,7,10,7,7,14,17,-3,3-4,2
AF001160826,JUDGEMENT,OFFICER,14,13,0,7,14,20,1,1-2,1
AF001170626,CRYSTAL,CLASH,7,7,7,14,14,21,0,level,0
AF001170726,PRECISION,KEVLAR,3,10,0,0,3,10,-7,5-7,0
AF001170826,PRECISION,SENTRY,14,7,14,7,28,14,7,5-7,0
AF001170926,LUNA,ASTRONAUT,7,10,0,3,7,13,-3,3-4,0
AF001180626,HERMES,PATHFINDER,14,7,7,6,21,13,7,5-7,0
AF001180726,HERMES,MERCENARY,10,0,0,0,10,0,10,8-10,0
AF001180826,LYNX,PRECISION,17,10,10,7,27,17,7,5-7,0
AF001180926,PRECISION,AVATAR,3,0,0,0,3,0,3,3-4,0
AF001190526,LEGEND,CLASH,7,3,3,3,10,6,4,3-4,0
AF001190626,KEVLAR,PRECISION,14,14,0,7,14,21,0,level,0
AF001190726,SENTRY,MERCENARY,10,7,10,0,20,7,3,3-4,0
AF001190826,PRECISION,HERMES,7,3,10,7,17,10,4,3-4,2
AF001190926,LEGEND,HERMES,7,14,20,10,27,24,-7,5-7,1
AF001200526,LYNX,ASTRONAUT,14,3,7,0,21,3,11,11-14,0
AF001200726,ASTRONAUT,CLASH,2,14,13,3,15,17,-12,11-14,2
AF001200826,HERMES,ACE,13,7,10,7,23,14,6,5-7,0
AF001200926,JUDGEMENT,ACE,10,10,13,14,23,24,0,level,0
AF001210726,MEMENTO,LEGEND,7,13,14,0,21,13,-6,5-7,1
AF001210926,AVATAR,LEO,0,7,7,17,7,24,-7,5-7,0
AF001220626,PRECISION,KEVLAR,7,14,10,0,17,14,-7,5-7,1
AF001220726,MEMENTO,SABRE,14,0,3,21,17,21,14,11-14,1
AF001220826,MEMENTO,SENTRY,7,3,6,7,13,10,4,3-4,2
AF001220926,LYNX,MEMENTO,7,10,7,7,14,17,-3,3-4,0
AF001230626,SCHOLAR,REGRET,0,0,10,7,10,7,0,level,0
AF001230726,MERCENARY,KEVLAR,0,5,11,0,11,5,-5,5-7,1
AF001240626,ACE,MERCENARY,0,21,14,7,14,28,-21,15+,0
AF001240726,HERMES,PINNACLE,7,21,7,0,14,21,-14,11-14,0
AF001240826,KEVLAR,MEMENTO,7,7,10,7,17,14,0,level,1
AF001240926,LEO,JUDGEMENT,7,17,8,14,15,31,-10,8-10,0
AF001250526,PRECISION,PINNACLE,3,0,14,14,17,14,3,3-4,0
AF001250626,KEVLAR,PATHFINDER,10,7,11,16,21,23,3,3-4,1
AF001250726,HEADHUNTER,FENRIR,10,14,3,0,13,14,-4,3-4,0
AF001250826,SENTRY,LEGEND,17,14,7,3,24,17,3,3-4,0
AF001250926,LEO,LEGEND,7,7,7,10,14,17,0,level,1
AF001260526,LAZARUS,AVATAR,0,7,13,7,13,14,-7,5-7,0
AF001260626,MEMENTO,LEGEND,21,9,14,14,35,23,12,11-14,0
AF001260726,LEGEND,JUDGEMENT,14,7,6,7,20,14,7,5-7,0
AF001260826,LEO,PRECISION,21,14,7,13,28,27,7,5-7,0
AF001260926,PRECISION,HERMES,14,21,14,10,28,31,-7,5-7,0
AF001270526,LYNX,ASTRONAUT,7,10,0,0,7,10,-3,3-4,0
AF001270626,HERMES,OFFICER,14,7,0,0,14,7,7,5-7,0
AF001270726,MEMENTO,PINNACLE,0,14,14,7,14,21,-14,11-14,0
AF001270826,HERMES,JUDGEMENT,0,14,7,14,7,28,-14,11-14,0
AF001270926,PATHFINDER,ACE,10,3,14,14,24,17,7,5-7,0
AF001280426,CLASH,MEMENTO,21,14,0,0,21,14,7,5-7,0
AF001280526,MEMENTO,LAZARUS,21,14,16,8,37,22,7,5-7,0
AF001280626,PATHFINDER,LEO,10,14,0,7,10,21,-4,3-4,0
AF001280726,LYNX,LEGEND,10,10,7,3,17,13,0,level,1
AF001280826,PRECISION,KEVLAR,7,14,7,14,14,28,-7,5-7,0
AF001280926,OFFICER,MEMENTO,14,14,7,10,21,24,0,level,0
AF001290426,LAZARUS,LYNX,21,14,0,6,21,20,7,5-7,0
AF001290526,LAZARUS,LEGEND,0,14,7,7,7,21,-14,11-14,0
AF001290626,HERMES,MERCENARY,7,7,6,3,13,10,0,level,0
AF001290726,AVATAR,LEGEND,7,14,14,6,21,20,-7,5-7,1
AF001290926,OFFICER,CLASH,14,14,7,10,21,24,0,level,1
AF001300426,KEVLAR,LAZARUS,24,7,6,14,30,21,17,15+,0
AF001300626,LEGEND,PATHFINDER,0,3,10,8,10,11,-3,3-4,2
AF001300726,METEOR,PRECISION,3,10,7,3,10,13,-7,5-7,0
AF001300826,HERMES,OFFICER,10,14,0,10,10,24,-4,3-4,0
AF001300926,JUDGEMENT,LEGEND,13,7,0,14,13,21,6,5-7,1
AF002010526,KRAKEN,SAGE,0,7,0,3,0,10,-7,5-7,0
AF002010626,KRAKEN,LUNA,3,0,14,14,17,14,3,3-4,0
AF002010726,ANVIL,LUNA,7,3,7,8,14,11,4,3-4,0
AF002010826,SUMMIT,SENTINEL,7,7,14,8,21,15,0,level,0
AF002010926,LUNA,JUDGEMENT,10,0,0,14,10,14,10,8-10,1
AF002011026,LUNA,ROCKET,10,0,7,7,17,7,10,8-10,0
AF002020526,HURRICANE,METEOR,7,10,7,0,14,10,-3,3-4,1
AF002020626,NEON,MONSTER,3,7,21,0,24,7,-4,3-4,1
AF002020726,SHARK,ACE,10,7,10,12,20,19,3,3-4,0
AF002020826,SHARK,WARRIOR,0,3,7,3,7,6,-3,3-4,1
AF002020926,DESTINY,MIDAS,7,7,3,14,10,21,0,level,0
AF002021026,ASTRONAUT,OVERDRIVE,10,14,14,0,24,14,-4,3-4,1
AF002030526,SHROUD,IMPERIAL,7,10,14,10,21,20,-3,3-4,3
AF002030626,NIRVANA,SPARK,10,14,0,7,10,21,-4,3-4,0
AF002030726,CRYSTAL,SAGE,10,7,7,7,17,14,3,3-4,2
AF002030826,SHARK,ROMAN,0,10,14,14,14,24,-10,8-10,0
AF002030926,ROMAN,UNICORN,10,6,0,21,10,27,4,3-4,1
AF002031026,SUMMIT,MIMIC,0,10,8,7,8,17,-10,8-10,0
AF002040526,PRECISION,HURRICANE,7,14,14,14,21,28,-7,5-7,0
AF002040726,PHOENIX,VALIANT,7,0,3,0,10,0,7,5-7,0
AF002040826,SHARK,DON,10,0,7,3,17,3,10,8-10,0
AF002040926,LUNA,HURRICANE,7,7,10,14,17,21,0,level,2
AF002041026,ROCKET,HURRICANE,3,0,7,14,10,14,3,3-4,3
AF002050526,KRAKEN,VALIANT,3,7,11,14,14,21,-4,3-4,0
AF002050626,UNICORN,KRAKEN,7,14,0,3,7,17,-7,5-7,0
AF002050726,LUNA,CRYSTAL,7,11,14,7,21,18,-4,3-4,3
AF002050826,OCTANE,SUMMIT,7,0,10,14,17,14,7,5-7,0
AF002051026,SHROUD,HURRICANE,21,14,3,7,24,21,7,5-7,0
AF002060626,PSYCHIC,GENIUS,7,7,0,3,7,10,0,level,0
AF002060726,ROCKET,VALIANT,7,10,7,0,14,10,-3,3-4,1
AF002060926,LUNA,PHOENIX,7,14,7,10,14,24,-7,5-7,0
AF002070526,MONSTER,GENIUS,21,14,21,13,42,27,7,5-7,0
AF002070726,ACE,ROMAN,14,7,13,14,27,21,7,5-7,0
AF002070826,CRYSTAL,HURRICANE,3,10,7,3,10,13,-7,5-7,0
AF002070926,WARRIOR,STRIDER,10,7,7,0,17,7,3,3-4,0
AF002080626,SHROUD,LEO,7,10,14,14,21,24,-3,3-4,0
AF002080726,LUNA,SEEKER,7,7,0,7,7,14,0,level,0
AF002080826,HURRICANE,PSYCHIC,6,3,0,7,6,10,3,3-4,1
AF002080926,PHOENIX,ROCKET,7,7,7,10,14,17,0,level,1
AF002090626,SEEKER,GENIUS,0,7,6,0,6,7,-7,5-7,0
AF002090726,LUNA,SENTINEL,14,0,0,6,14,6,14,11-14,0
AF002090826,OVERDRIVE,VALIANT,14,14,10,8,24,22,0,level,2
AF002100626,ROCKET,VALIANT,14,7,7,7,21,14,7,5-7,0
AF002100726,ACE,DAME,10,0,7,15,17,15,10,8-10,0
AF002100826,PHOENIX,IMPERIAL,3,10,0,7,3,17,-7,5-7,0
AF002100926,PHOENIX,KRAKEN,7,21,14,7,21,28,-14,11-14,0
AF002110626,KRAKEN,SAGE,3,7,0,0,3,7,-4,3-4,0
AF002110826,MONSTER,SAGE,14,7,7,10,21,17,7,5-7,2
AF002120626,SUMMIT,SEEKER,7,7,7,0,14,7,0,level,0
AF002120726,MONSTER,IMPERIAL,7,21,13,10,20,31,-14,11-14,0
AF002120926,ACE,LUNA,7,7,14,7,21,14,0,level,1
AF002130626,PHOENIX,SEEKER,7,7,14,3,21,10,0,level,1
AF002130726,PSYCHIC,SORCERER,19,17,0,7,19,24,2,1-2,1
AF002130826,DON,SHARK,7,7,3,0,10,7,0,level,0
AF002130926,VALIANT,KRAKEN,7,7,13,17,20,24,0,level,0
AF002140626,HURRICANE,CRYSTAL,7,7,3,0,10,7,0,level,0
AF002140926,PHOENIX,IMPERIAL,14,14,0,7,14,21,0,level,0
AF002150626,ROCKET,SUMMIT,7,0,7,0,14,0,7,5-7,0
AF002150726,GENIUS,UNICORN,21,0,0,7,21,7,21,15+,0
AF002150826,PSYCHIC,VALIANT,7,10,0,7,7,17,-3,3-4,0
AF002160626,MONSTER,SENTINEL,14,7,3,0,17,7,7,5-7,0
AF002160726,MIDAS,BLAZE,7,0,10,0,17,0,7,5-7,0
AF002160926,KRAKEN,HURRICANE,24,0,3,14,27,14,24,15+,0
AF002170626,SEEKER,GENIUS,0,7,10,0,10,7,-7,5-7,1
AF002170726,SAGE,KRAKEN,10,10,7,3,17,13,0,level,1
AF002170826,OCTANE,CRYSTAL,10,14,7,0,17,14,-4,3-4,1
AF002170926,MIDAS,UNICORN,14,3,10,20,24,23,11,11-14,0
AF002180626,ROCKET,OCTANE,10,6,3,6,13,12,4,3-4,0
AF002180726,WARRIOR,DAME,10,0,7,0,17,0,10,8-10,0
AF002180826,GENIUS,IMPERIAL,14,7,6,8,20,15,7,5-7,2
AF002180926,ASTRONAUT,LUNA,7,21,7,10,14,31,-14,11-14,0
AF002190526,SEEKER,NEON,10,0,0,0,10,0,10,8-10,0
AF002190726,LUNA,PHOENIX,7,10,7,0,14,10,-3,3-4,1
AF002190826,KRAKEN,GENIUS,0,10,14,6,14,16,-10,8-10,2
AF002200526,SAGE,LUNA,7,7,7,0,14,7,0,level,0
AF002200726,CRYSTAL,HURRICANE,7,10,7,7,14,17,-3,3-4,0
AF002200826,STRIDER,WARRIOR,10,10,7,6,17,16,0,level,1
AF002210726,GENIUS,STRIDER,7,7,7,10,14,17,0,level,0
AF002210926,HURRICANE,IMPERIAL,10,10,3,0,13,10,0,level,0
AF002220626,ROCKET,CRYSTAL,7,0,10,14,17,14,7,5-7,0
AF002220726,ACE,GENIUS,10,7,7,7,17,14,3,3-4,2
AF002220826,KRAKEN,MONSTER,10,7,16,13,26,20,3,3-4,0
AF002230726,DESTINY,ACE,7,10,3,7,10,17,-3,3-4,0
AF002230826,PHOENIX,PSYCHIC,7,7,7,14,14,21,0,level,0
AF002240726,WARRIOR,ACE,10,7,0,7,10,14,3,3-4,1
AF002240926,LUNA,ASTRONAUT,3,0,0,13,3,13,3,3-4,1
AF002250526,CRYSTAL,PHOENIX,7,7,6,7,13,14,0,level,0
AF002250626,ROMAN,LUNA,7,21,8,7,15,28,-14,11-14,0
AF002250826,ROMAN,MIDAS,14,3,3,8,17,11,11,11-14,0
AF002250926,LUNA,SABRE,10,7,12,14,22,21,3,3-4,4
AF002260526,SEEKER,MONSTER,7,0,3,0,10,0,7,5-7,0
AF002260626,ANVIL,ROMAN,7,14,15,7,22,21,-7,5-7,1
AF002260726,ROMAN,DAME,14,7,0,10,14,17,7,5-7,1
AF002260826,MONSTER,SUMMIT,7,24,15,7,22,31,-17,15+,0
AF002260926,LUNA,ROCKET,14,3,3,0,17,3,11,11-14,0
AF002270526,UNICORN,KRAKEN,7,21,7,3,14,24,-14,11-14,0
AF002270626,VALIANT,MONSTER,14,7,3,3,17,10,7,5-7,0
AF002270826,DESTINY,MIDAS,14,21,0,7,14,28,-7,5-7,0
AF002270926,OVERDRIVE,SHROUD,0,3,14,12,14,15,-3,3-4,2
AF002280426,SEEKER,UNICORN,7,0,3,7,10,7,7,5-7,0
AF002280526,LUNA,OCTANE,14,7,7,0,21,7,7,5-7,0
AF002280626,LUNA,PHOENIX,7,7,10,11,17,18,0,level,1
AF002280726,DON,SHARK,3,7,7,7,10,14,-4,3-4,2
AF002290426,OCTANE,UNICORN,7,10,7,0,14,10,-3,3-4,1
AF002290626,PHOENIX,PSYCHIC,7,7,8,20,15,27,0,level,0
AF002290726,SHARK,WARRIOR,7,3,10,6,17,9,4,3-4,0
AF002290826,LUNA,MONSTER,14,10,7,0,21,10,4,3-4,0
AF002290926,KRAKEN,KATANA,7,14,28,14,35,28,-7,5-7,1
AF002300426,KRAKEN,ROCKET,7,7,0,7,7,14,0,level,0
AF002300626,SHARK,SORCERER,7,0,3,7,10,7,7,5-7,0
AF002300726,WARRIOR,ROMAN,7,7,7,8,14,15,0,level,1
AF002300826,LUNA,RELIC,10,7,7,7,17,14,3,3-4,2
AF002300926,LUNA,SABRE,17,7,7,18,24,25,10,8-10,1
AF003010626,LEO,ASTRONAUT,7,7,21,15,28,22,0,level,0
AF003010726,CRYSTAL,PATHFINDER,6,0,7,14,13,14,6,5-7,1
AF003010826,KRAKEN,OVERDRIVE,3,10,0,7,3,17,-7,5-7,0
AF003010926,SABRE,PRECISION,21,14,21,14,42,28,7,5-7,0
AF003011026,SABRE,OVERDRIVE,7,7,9,10,16,17,0,level,1
AF003020526,JUDGEMENT,MEMENTO,7,7,0,13,7,20,0,level,0
AF003020626,PATHFINDER,PRECISION,7,10,2,14,9,24,-3,3-4,0
AF003020726,KRAKEN,PHOENIX,14,14,7,0,21,14,0,level,0
AF003030526,SENTRY,PRECISION,24,8,3,0,27,8,16,15+,0
AF003030626,FUSE,FENRIR,7,3,7,7,14,10,4,3-4,2
AF003030726,LYNX,LEGEND,10,14,0,0,10,14,-4,3-4,0
AF003030826,KATANA,CRYSTAL,13,7,6,7,19,14,6,5-7,2
AF003031026,RELIC,HURRICANE,7,13,10,3,17,16,-6,5-7,3
AF003040526,SENTRY,LEO,7,14,14,6,21,20,-7,5-7,1
AF003040626,HURRICANE,METEOR,7,7,0,3,7,10,0,level,0
AF003040726,SAGE,HURRICANE,10,1,10,7,20,8,9,8-10,0
AF003040826,PHOENIX,OCTANE,7,0,0,13,7,13,7,5-7,1
AF003040926,RELIC,ACE,7,14,8,14,15,28,-7,5-7,0
AF003041026,MERCENARY,OFFICER,7,14,7,7,14,21,-7,5-7,0
AF003050526,PATHFINDER,METEOR,7,6,14,6,21,12,1,1-2,0
AF003050626,SAGE,PATHFINDER,14,21,10,7,24,28,-7,5-7,2
AF003050726,KRAKEN,LAZARUS,10,10,14,17,24,27,0,level,1
AF003050826,ACE,CRYSTAL,3,7,7,6,10,13,-4,3-4,0
AF003050926,ACE,JUDGEMENT,14,3,0,10,14,13,11,11-14,0
AF003051026,MEMENTO,HERMES,10,7,0,0,10,7,3,3-4,0
AF003060626,OVERDRIVE,SHROUD,21,7,3,15,24,22,14,11-14,0
AF003060726,SENTRY,LEO,10,7,0,7,10,14,3,3-4,1
AF003060826,SORCERER,IMPERIAL,14,21,13,7,27,28,-7,5-7,0
AF003061026,LEO,LYNX,0,14,0,0,0,14,-14,11-14,0
AF003070526,CRYSTAL,HURRICANE,7,21,15,10,22,31,-14,11-14,0
AF003070626,ASTRONAUT,HERMES,7,7,3,6,10,13,0,level,0
AF003070726,PHOENIX,UNICORN,10,7,7,7,17,14,3,3-4,0
AF003070826,LUNA,HERMES,0,14,3,0,3,14,-14,11-14,0
AF003070926,HURRICANE,ROCKET,7,3,17,7,24,10,4,3-4,0
AF003080626,MEMENTO,KEVLAR,7,0,8,7,15,7,7,5-7,0
AF003080726,CRYSTAL,OCTANE,9,7,15,20,24,27,2,1-2,1
AF003080926,METEOR,ACE,3,3,7,10,10,13,0,level,2
AF003090626,LEO,HERMES,7,14,8,3,15,17,-7,5-7,0
AF003090726,KEVLAR,SAGE,21,14,7,0,28,14,7,5-7,0
AF003090826,LAZARUS,PATHFINDER,7,14,17,7,24,21,-7,5-7,1
AF003100626,HERMES,SHROUD,7,7,7,10,14,17,0,level,0
AF003100726,CRYSTAL,LAZARUS,14,14,0,7,14,21,0,level,0
AF003100826,ACE,HERMES,10,7,7,0,17,7,3,3-4,0
AF003100926,ROCKET,JUDGEMENT,7,21,8,7,15,28,-14,11-14,0
AF003110626,PATHFINDER,METEOR,21,7,13,7,34,14,14,11-14,0
AF003110726,KRAKEN,OVERDRIVE,21,14,14,15,35,29,7,5-7,2
AF003110826,HERMES,PATHFINDER,10,10,7,0,17,10,0,level,0
AF003110926,MEMENTO,LYNX,10,7,14,11,24,18,3,3-4,0
AF003120626,HERMES,OVERDRIVE,14,7,20,19,34,26,7,5-7,0
AF003120726,SHROUD,KRAKEN,7,0,10,14,17,14,7,5-7,0
AF003120926,OFFICER,MEMENTO,7,14,14,17,21,31,-7,5-7,0
AF003130726,METEOR,OVERDRIVE,7,7,14,10,21,17,0,level,3
AF003130826,HURRICANE,METEOR,14,21,0,6,14,27,-7,5-7,0
AF003140626,PATHFINDER,JUDGEMENT,10,7,7,14,17,21,3,3-4,1
AF003140726,HERMES,SENTRY,3,21,0,3,3,24,-18,15+,0
AF003140826,ASTRONAUT,KRAKEN,14,5,13,7,27,12,9,8-10,0
AF003150626,PATHFINDER,METEOR,7,3,10,8,17,11,4,3-4,0
AF003150926,PINNACLE,CLASH,7,14,0,7,7,21,-7,5-7,0
AF003160626,LYNX,HERMES,7,14,7,7,14,21,-7,5-7,0
AF003160726,HERMES,LUNA,14,7,3,7,17,14,7,5-7,0
AF003160826,SHROUD,ACE,0,14,0,7,0,21,-14,11-14,0
AF003170626,HURRICANE,LUNA,7,10,14,9,21,19,-3,3-4,3
AF003170726,MEMENTO,LEO,3,14,6,17,9,31,-11,11-14,0
AF003170826,MEMENTO,HERMES,14,7,10,0,24,7,7,5-7,0
AF003170926,ASTRONAUT,ACE,7,0,0,0,7,0,7,5-7,0
AF003180626,JUDGEMENT,OVERDRIVE,3,17,23,10,26,27,-14,11-14,0
AF003180726,PHOENIX,LUNA,14,7,7,7,21,14,7,5-7,0
AF003180826,ACE,CRYSTAL,7,14,7,3,14,17,-7,5-7,0
AF003180926,AVATAR,HERMES,10,7,3,7,13,14,3,3-4,1
AF003190526,LEO,METEOR,7,0,7,7,14,7,7,5-7,0
AF003190626,LYNX,PATHFINDER,0,3,14,7,14,10,-3,3-4,1
AF003190726,AVATAR,JUDGEMENT,7,3,0,17,7,20,4,3-4,1
AF003190826,LAZARUS,OCTANE,10,7,8,6,18,13,3,3-4,2
AF003190926,HERMES,LYNX,7,14,7,7,14,21,-7,5-7,0
AF003200526,SHROUD,CRYSTAL,7,21,7,7,14,28,-14,11-14,0
AF003200726,KRAKEN,ROCKET,14,14,7,8,21,22,0,level,1
AF003200826,METEOR,SABRE,7,7,7,10,14,17,0,level,2
AF003200926,JUDGEMENT,OVERDRIVE,14,10,13,7,27,17,4,3-4,0
AF003210726,PSYCHIC,HERMES,3,7,8,7,11,14,-4,3-4,0
AF003210826,CRYSTAL,SABRE,21,21,7,9,28,30,0,level,2
AF003210926,LEO,PRECISION,28,24,13,14,41,38,4,3-4,4
AF003220626,LAZARUS,METEOR,14,17,8,7,22,24,-3,3-4,0
AF003220726,SAGE,ROCKET,7,7,3,7,10,14,0,level,1
AF003220826,ROCKET,JUDGEMENT,0,7,17,7,17,14,-7,5-7,3
AF003220926,MEMENTO,LEGEND,10,7,14,14,24,21,3,3-4,0
AF003230626,SHURIKEN,SPARK,3,14,0,7,3,21,-11,11-14,0
AF003230826,PRECISION,OVERDRIVE,13,7,0,0,13,7,6,5-7,0
AF003240626,JUDGEMENT,KATANA,7,3,6,0,13,3,4,3-4,0
AF003240726,HURRICANE,LUNA,14,0,0,6,14,6,14,11-14,0
AF003240926,JUDGEMENT,LYNX,10,21,7,14,17,35,-11,11-14,0
AF003250526,PATHFINDER,HURRICANE,0,7,0,14,0,21,-7,5-7,0
AF003250626,PHOENIX,METEOR,0,7,0,7,0,14,-7,5-7,0
AF003250726,MERLIN,LIZARD,7,7,10,17,17,24,0,level,1
AF003250926,LEGEND,KEVLAR,6,14,0,7,6,21,-8,8-10,0
AF003260526,LEO,SHROUD,14,7,10,18,24,25,7,5-7,1
AF003260726,LUNA,LAZARUS,7,7,10,14,17,21,0,level,1
AF003260826,ASTRONAUT,METEOR,7,3,3,10,10,13,4,3-4,1
AF003260926,HERMES,PATHFINDER,7,14,0,10,7,24,-7,5-7,0
AF003270526,LAZARUS,VALIANT,14,7,7,6,21,13,7,5-7,0
AF003270626,SHROUD,KRAKEN,7,14,14,10,21,24,-7,5-7,0
AF003270726,PATHFINDER,SENTRY,7,17,14,0,21,17,-10,8-10,1
AF003270926,ACE,HERMES,7,7,8,10,15,17,0,level,2
AF003280526,OVERDRIVE,SHROUD,7,14,14,0,21,14,-7,5-7,1
AF003280626,LAZARUS,SHROUD,14,14,0,3,14,17,0,level,0
AF003280726,OCTANE,KRAKEN,7,7,3,14,10,21,0,level,1
AF003280826,LYNX,PATHFINDER,14,7,3,0,17,7,7,5-7,0
AF003280926,MEMENTO,PRECISION,14,17,14,7,28,24,-3,3-4,3
AF003290426,LEO,MEMENTO,10,7,17,8,27,15,3,3-4,0
AF003290526,PATHFINDER,OVERDRIVE,21,7,0,0,21,7,14,11-14,0
AF003290626,LEO,CRYSTAL,7,3,7,6,14,9,4,3-4,0
AF003290726,OVERDRIVE,SAGE,7,7,14,10,21,17,0,level,3
AF003290826,ACE,OVERDRIVE,10,0,7,0,17,0,10,8-10,0
AF003290926,CLASH,PINNACLE,7,7,10,14,17,21,0,level,2
AF003300426,OVERDRIVE,METEOR,7,3,14,14,21,17,4,3-4,0
AF003300526,ASTRONAUT,JUDGEMENT,7,0,14,7,21,7,7,5-7,0
AF003300626,KRAKEN,CRYSTAL,10,7,7,6,17,13,3,3-4,2
AF003300726,OVERDRIVE,RELIC,7,7,6,14,13,21,0,level,0
AF003300826,SHROUD,JUDGEMENT,6,10,0,0,6,10,-4,3-4,0
AF003300926,LEGEND,MEMENTO,3,14,7,7,10,21,-11,11-14,0
AF003310526,VALIANT,SHROUD,7,7,10,8,17,15,0,level,2
AF003310726,LEGEND,LEO,21,14,3,7,24,21,7,5-7,0
AF003310826,MEMENTO,PRECISION,17,21,0,10,17,31,-4,3-4,0
AF004010726,PRECISION,KEVLAR,14,7,0,9,14,16,7,5-7,1
AF004010826,MEMENTO,OFFICER,14,21,15,14,29,35,-7,5-7,2
AF004010926,CLASH,SENTRY,10,10,15,17,25,27,0,level,2
AF004011026,ROCKET,PSYCHIC,14,7,0,0,14,7,7,5-7,0
AF004020526,HERMES,OFFICER,7,17,14,7,21,24,-10,8-10,2
AF004020726,JUDGEMENT,HERMES,14,0,14,21,28,21,14,11-14,0
AF004020826,PATHFINDER,OFFICER,7,14,0,21,7,35,-7,5-7,0
AF004020926,PINNACLE,PRECISION,7,7,7,3,14,10,0,level,0
AF004021026,OVERDRIVE,ACE,7,10,10,6,17,16,-3,3-4,1
AF004030526,LAZARUS,LEGEND,0,10,7,7,7,17,-10,8-10,0
AF004030626,ENFORCER,SHURIKEN,7,17,0,7,7,24,-10,8-10,0
AF004030726,MERCENARY,CLASH,10,3,3,0,13,3,7,5-7,0
AF004030826,ACE,SENTRY,14,7,8,14,22,21,7,5-7,2
AF004030926,LEGEND,KEVLAR,3,3,9,7,12,10,0,level,0
AF004031026,MIMIC,GENIUS,7,7,17,14,24,21,0,level,4
AF004040526,CLASH,PINNACLE,7,7,10,8,17,15,0,level,0
AF004040626,PRECISION,LEGEND,7,10,0,0,7,10,-3,3-4,0
AF004040726,PRECISION,SENTRY,3,3,7,8,10,11,0,level,1
AF004040826,MERCENARY,MEMENTO,3,10,7,3,10,13,-7,5-7,0
AF004040926,LYNX,HERMES,17,7,10,7,27,14,10,8-10,0
AF004041026,HURRICANE,WARRIOR,3,7,7,14,10,21,-4,3-4,0
AF004050526,MEMENTO,LAZARUS,7,6,7,11,14,17,1,1-2,1
AF004050626,ASTRONAUT,LAZARUS,14,14,10,14,24,28,0,level,2
AF004050726,OVERDRIVE,OFFICER,7,9,0,7,7,16,-2,1-2,0
AF004050826,PRECISION,MEMENTO,7,7,7,0,14,7,0,level,0
AF004050926,MEMENTO,LEGEND,7,21,7,7,14,28,-14,11-14,0
AF004060626,PINNACLE,LEGEND,14,7,7,13,21,20,7,5-7,0
AF004060726,OFFICER,PRECISION,7,7,7,0,14,7,0,level,0
AF004060826,LEO,LAZARUS,28,7,25,32,53,39,21,15+,0
AF004060926,PRECISION,SENTRY,10,7,7,9,17,16,3,3-4,0
AF004070626,OFFICER,PRECISION,21,7,3,14,24,21,14,11-14,0
AF004070726,CRYSTAL,LEO,7,7,14,15,21,22,0,level,1
AF004070826,LEGEND,LYNX,13,10,7,14,20,24,3,3-4,3
AF004070926,LEGEND,PINNACLE,7,7,7,14,14,21,0,level,0
AF004080626,CLASH,PRECISION,21,10,6,8,27,18,11,11-14,0
AF004080726,LEGEND,LYNX,7,3,7,14,14,17,4,3-4,3
AF004080826,LAZARUS,LEGEND,17,0,14,0,31,0,17,15+,0
AF004080926,KEVLAR,SENTRY,7,14,8,7,15,21,-7,5-7,0
AF004090626,CLASH,PRECISION,7,7,6,3,13,10,0,level,1
AF004090726,MEMENTO,CLASH,7,7,14,10,21,17,0,level,1
AF004090826,OFFICER,AVATAR,7,3,10,0,17,3,4,3-4,0
AF004090926,ACE,HERMES,0,7,7,3,7,10,-7,5-7,0
AF004100626,AVATAR,KEVLAR,10,7,7,7,17,14,3,3-4,0
AF004100726,AVATAR,KEVLAR,14,0,7,7,21,7,14,11-14,0
AF004100826,CLASH,MEMENTO,28,3,3,8,31,11,25,15+,0
AF004110626,KEVLAR,LAZARUS,7,14,15,10,22,24,-7,5-7,2
AF004110726,AVATAR,MEMENTO,7,14,8,3,15,17,-7,5-7,2
AF004110826,LEGEND,LAZARUS,7,10,7,8,14,18,-3,3-4,2
AF004120626,PINNACLE,MEMENTO,14,0,7,6,21,6,14,11-14,0
AF004120726,SENTRY,MEMENTO,21,21,8,7,29,28,0,level,1
AF004120826,LEGEND,MERCENARY,14,14,0,3,14,17,0,level,0
AF004120926,LUNA,METEOR,0,7,8,7,8,14,-7,5-7,0
AF004130626,MEMENTO,SENTRY,7,10,7,7,14,17,-3,3-4,2
AF004130726,MERCENARY,CLASH,0,0,6,7,6,7,0,level,0
AF004130826,PATHFINDER,LEO,10,0,7,0,17,0,10,8-10,0
AF004140626,SENTRY,MEMENTO,7,7,14,7,21,14,0,level,0
AF004140726,KEVLAR,MEMENTO,14,7,3,14,17,21,7,5-7,1
AF004140826,LAZARUS,LYNX,14,28,7,14,21,42,-14,11-14,0
AF004140926,IMPERIAL,VALIANT,7,7,0,3,7,10,0,level,0
AF004150626,OFFICER,CLASH,7,3,7,6,14,9,4,3-4,0
AF004150726,CLASH,MEMENTO,14,7,3,7,17,14,7,5-7,0
AF004150826,METEOR,AVATAR,14,21,17,7,31,28,-7,5-7,1
AF004150926,JUDGEMENT,LEO,10,7,14,24,24,31,3,3-4,3
AF004160626,MEMENTO,PINNACLE,0,7,0,7,0,14,-7,5-7,0
AF004160726,LYNX,LEO,10,14,3,10,13,24,-4,3-4,0
AF004160826,OFFICER,PRECISION,10,7,14,8,24,15,3,3-4,0
AF004160926,HURRICANE,SHROUD,0,7,7,3,7,10,-7,5-7,0
AF004170626,CLASH,LEGEND,7,17,7,3,14,20,-10,8-10,0
AF004170726,KEVLAR,LEGEND,14,14,10,7,24,21,0,level,0
AF004170826,SENTRY,CLASH,10,0,7,7,17,7,10,8-10,0
AF004170926,UNICORN,MIMIC,0,0,7,0,7,0,0,level,0
AF004180626,PATHFINDER,PRECISION,7,10,17,10,24,20,-3,3-4,3
AF004180726,MERCENARY,OFFICER,14,7,3,7,17,14,7,5-7,0
AF004180826,PRECISION,LEO,7,14,0,10,7,24,-7,5-7,0
AF004180926,LUNA,SAGE,7,7,7,10,14,17,0,level,1
AF004190526,CLASH,KEVLAR,21,7,7,7,28,14,14,11-14,0
AF004190626,PRECISION,LEGEND,14,14,7,17,21,31,0,level,0
AF004190726,MERCENARY,OFFICER,7,10,7,7,14,17,-3,3-4,2
AF004190826,HERMES,LEGEND,14,7,13,6,27,13,7,5-7,0
AF004190926,PHOENIX,LUNA,3,14,8,0,11,14,-11,11-14,0
AF004200526,ASTRONAUT,LEO,21,21,8,7,29,28,0,level,1
AF004200726,CLASH,MEMENTO,7,7,10,8,17,15,0,level,0
AF004200826,ACE,MEMENTO,10,14,6,10,16,24,-4,3-4,0
AF004210726,LEGEND,AVATAR,14,7,7,0,21,7,7,5-7,0
AF004210826,PRECISION,LEO,14,21,14,10,28,31,-7,5-7,0
AF004220626,KEVLAR,CLASH,10,7,7,7,17,14,3,3-4,2
AF004220726,SABRE,PINNACLE,14,14,7,10,21,24,0,level,0
AF004220826,SENTRY,LEO,28,33,7,8,35,41,-5,5-7,0
AF004220926,STRIDER,ACE,17,14,3,7,20,21,3,3-4,1
AF004230626,MIRAGE,PRISMATIC,7,14,0,0,7,14,-7,5-7,0
AF004230726,KEVLAR,MEMENTO,7,10,10,14,17,24,-3,3-4,0
AF004230826,MERCENARY,PINNACLE,17,7,14,13,31,20,10,8-10,0
AF004240626,MERCENARY,MEMENTO,14,10,17,3,31,13,4,3-4,0
AF004240726,PINNACLE,LEO,14,7,13,19,27,26,7,5-7,0
AF004240826,MEMENTO,LAZARUS,14,10,10,15,24,25,4,3-4,1
AF004240926,ASTRONAUT,HURRICANE,6,7,17,13,23,20,-1,1-2,1
AF004250526,PINNACLE,OFFICER,0,14,6,3,6,17,-14,11-14,0
AF004250626,PATHFINDER,LAZARUS,14,0,0,8,14,8,14,11-14,0
AF004250726,ORIGINAL,MAVERICK,0,14,7,14,7,28,-14,11-14,0
AF004250826,LEGEND,LAZARUS,21,14,7,21,28,35,7,5-7,1
AF004250926,SABRE,PSYCHIC,14,14,0,14,14,28,0,level,0
AF004260526,AVATAR,CLASH,0,7,7,7,7,14,-7,5-7,0
AF004260626,LEGEND,JUDGEMENT,7,14,0,7,7,21,-7,5-7,0
AF004260726,JUDGEMENT,SHROUD,14,0,3,6,17,6,14,11-14,0
AF004260826,PRECISION,LEGEND,13,0,7,0,20,0,13,11-14,0
AF004260926,ROCKET,VALIANT,17,10,7,0,24,10,7,5-7,0
AF004270526,ASTRONAUT,MEMENTO,3,3,22,25,25,28,0,level,1
AF004270626,OFFICER,LEGEND,7,14,13,7,20,21,-7,5-7,0
AF004270726,PINNACLE,KEVLAR,21,0,3,6,24,6,21,15+,0
AF004270826,JUDGEMENT,SAGE,7,0,10,3,17,3,7,5-7,0
AF004270926,SHROUD,VALIANT,0,7,0,7,0,14,-7,5-7,0
AF004280426,MEMENTO,PRECISION,3,3,10,17,13,20,0,level,1
AF004280526,LAZARUS,HURRICANE,14,7,7,7,21,14,7,5-7,0
AF004280626,LEO,ACE,7,10,14,6,21,16,-3,3-4,1
AF004280726,LEGEND,MERCENARY,6,0,7,9,13,9,6,5-7,2
AF004280826,KEVLAR,CLASH,7,10,7,7,14,17,-3,3-4,0
AF004290426,LYNX,OFFICER,7,7,0,14,7,21,0,level,0
AF004290526,LEGEND,HERMES,7,0,14,24,21,24,7,5-7,1
AF004290626,MERCENARY,OFFICER,14,16,14,21,28,37,-2,1-2,0
AF004290726,LEGEND,ACE,7,17,14,13,21,30,-10,8-10,0
AF004290826,OFFICER,LYNX,3,0,7,0,10,0,3,3-4,0
AF004290926,KATANA,PSYCHIC,7,3,0,0,7,3,4,3-4,0
AF004300426,LAZARUS,PRECISION,3,7,0,7,3,14,-4,3-4,0
AF004300526,LYNX,OFFICER,7,7,10,7,17,14,0,level,0
AF004300626,PATHFINDER,HERMES,10,0,10,7,20,7,10,8-10,0
AF004300726,PRECISION,HERMES,7,0,7,7,14,7,7,5-7,0
AF004300826,OFFICER,LAZARUS,7,3,7,6,14,9,4,3-4,0
AF004300926,SABRE,SAGE,14,0,7,0,21,0,14,11-14,0
AF004310526,PRECISION,LEO,14,7,0,0,14,7,7,5-7,0
AF004310726,AVATAR,PINNACLE,17,14,17,18,34,32,3,3-4,2
AF004310826,PINNACLE,KEVLAR,10,3,7,7,17,10,7,5-7,0
AF005010526,SAGE,ANVIL,7,24,16,0,23,24,-17,15+,0
AF005010626,LUNA,PHOENIX,7,7,7,10,14,17,0,level,0
AF005010726,LUNA,VALIANT,13,0,7,7,20,7,13,11-14,0
AF005010926,JUDGEMENT,GENIUS,10,3,17,9,27,12,7,5-7,0
AF005011026,ACE,HERMES,7,21,11,0,18,21,-14,11-14,0
AF005020626,MONSTER,VALIANT,7,10,14,0,21,10,-3,3-4,1
AF005020726,ACE,DESTINY,7,0,10,0,17,0,7,5-7,0
AF005020826,WARRIOR,DON,0,7,17,0,17,7,-7,5-7,1
AF005020926,MIDAS,SHARK,7,10,0,3,7,13,-3,3-4,0
AF005021026,PRECISION,KEVLAR,0,13,14,6,14,19,-13,11-14,0
AF005030526,IMPERIAL,PSYCHIC,7,7,3,14,10,21,0,level,0
AF005030626,FENRIR,KILLJOY,7,0,7,0,14,0,7,5-7,0
AF005030826,ROMAN,WARRIOR,7,7,10,7,17,14,0,level,0
AF005040526,HURRICANE,LUNA,7,7,8,7,15,14,0,level,1
AF005040626,KRAKEN,ANVIL,7,7,7,6,14,13,0,level,0
AF005040726,VALIANT,SENTINEL,17,0,0,14,17,14,17,15+,0
AF005040826,SHARK,ROMAN,7,14,8,3,15,17,-7,5-7,2
AF005040926,HURRICANE,MIMIC,14,10,7,7,21,17,4,3-4,2
AF005050526,VALIANT,MONSTER,14,7,6,14,20,21,7,5-7,1
AF005050626,KRAKEN,VALIANT,3,7,7,14,10,21,-4,3-4,0
AF005050726,CRYSTAL,PSYCHIC,7,7,15,14,22,21,0,level,2
AF005050826,SUMMIT,MONSTER,3,3,7,6,10,9,0,level,0
AF005051026,LEO,OFFICER,14,21,12,14,26,35,-7,5-7,0
AF005060626,PSYCHIC,SUMMIT,0,7,0,9,0,16,-7,5-7,0
AF005060726,VALIANT,PSYCHIC,7,3,0,0,7,3,4,3-4,0
AF005060926,PHOENIX,KRAKEN,10,7,7,7,17,14,3,3-4,0
AF005061026,LEO,MEMENTO,10,14,14,14,24,28,-4,3-4,0
AF005070526,GENIUS,KRAKEN,0,21,7,0,7,21,-21,15+,0
AF005070626,HURRICANE,KRAKEN,0,3,0,7,0,10,-3,3-4,0
AF005070726,ROMAN,BLAZE,17,0,7,8,24,8,17,15+,0
AF005070826,HURRICANE,KRAKEN,7,14,7,3,14,17,-7,5-7,0
AF005070926,STRIDER,SHARK,7,7,3,7,10,14,0,level,1
AF005080626,LEO,METEOR,14,17,0,6,14,23,-3,3-4,0
AF005080726,SEEKER,SORCERER,14,7,7,13,21,20,7,5-7,0
AF005080826,PSYCHIC,VALIANT,7,0,10,18,17,18,7,5-7,1
AF005080926,ROCKET,IMPERIAL,7,0,10,14,17,14,7,5-7,0
AF005090626,GENIUS,MONSTER,0,7,17,0,17,7,-7,5-7,1
AF005090726,SENTINEL,ANVIL,3,7,7,7,10,14,-4,3-4,2
AF005090826,VALIANT,CRYSTAL,13,14,0,3,13,17,-1,1-2,0
AF005100626,VALIANT,UNICORN,7,7,0,7,7,14,0,level,0
AF005100826,IMPERIAL,HURRICANE,7,7,0,7,7,14,0,level,0
AF005110626,SAGE,SEEKER,7,14,6,3,13,17,-7,5-7,0
AF005110826,SAGE,PSYCHIC,5,14,20,16,25,30,-9,8-10,2
AF005110926,KEVLAR,SENTRY,7,14,0,14,7,28,-7,5-7,0
AF005120626,SEEKER,ANVIL,7,3,6,7,13,10,4,3-4,0
AF005120726,IMPERIAL,PSYCHIC,14,8,6,7,20,15,6,5-7,0
AF005120826,MIMIC,GENIUS,0,14,7,0,7,14,-14,11-14,0
AF005120926,PRECISION,AVATAR,7,21,15,7,22,28,-14,11-14,0
AF005130626,SEEKER,SENTINEL,7,7,7,0,14,7,0,level,0
AF005130726,SORCERER,MONSTER,14,7,7,0,21,7,7,5-7,0
AF005130926,ACE,ASTRONAUT,7,7,9,3,16,10,0,level,1
AF005140626,CRYSTAL,PSYCHIC,3,7,7,7,10,14,-4,3-4,2
AF005140726,ACE,SHARK,17,0,7,0,24,0,17,15+,0
AF005140826,LUNA,OCTANE,7,10,7,7,14,17,-3,3-4,2
AF005140926,LEO,HERMES,14,7,3,0,17,7,7,5-7,0
AF005150626,SUMMIT,PSYCHIC,14,10,0,6,14,16,4,3-4,1
AF005150726,UNICORN,ANVIL,0,0,7,8,7,8,0,level,1
AF005150826,VALIANT,SENTINEL,7,7,0,7,7,14,0,level,0
AF005150926,MEMENTO,LEGEND,14,7,0,10,14,17,7,5-7,1
AF005160626,SENTINEL,KATANA,7,7,6,7,13,14,0,level,0
AF005160726,BLAZE,DON,10,10,0,7,10,17,0,level,0
AF005160826,PHOENIX,PSYCHIC,10,3,7,6,17,9,7,5-7,0
AF005170626,GENIUS,ANVIL,7,0,0,8,7,8,7,5-7,1
AF005170726,KRAKEN,ANVIL,3,7,7,7,10,14,-4,3-4,2
AF005170926,LUNA,OVERDRIVE,0,3,3,6,3,9,-3,3-4,0
AF005180726,DAME,ROMAN,7,10,7,3,14,13,-3,3-4,1
AF005180826,IMPERIAL,MONSTER,0,7,8,8,8,15,-7,5-7,2
AF005180926,PRECISION,KEVLAR,7,7,10,17,17,24,0,level,0
AF005190526,NEON,GENIUS,6,7,13,0,19,7,-1,1-2,1
AF005190726,PHOENIX,IMPERIAL,17,14,14,8,31,22,3,3-4,0
AF005190826,KRAKEN,SUMMIT,17,7,17,22,34,29,10,8-10,0
AF005190926,LEGEND,MEMENTO,21,14,0,14,21,28,7,5-7,1
AF005200526,LUNA,ROCKET,7,7,7,0,14,7,0,level,0
AF005200726,HURRICANE,VALIANT,0,2,7,8,7,10,-2,1-2,2
AF005200826,WARRIOR,DON,12,9,0,7,12,16,3,3-4,1
AF005200926,OVERDRIVE,ACE,13,7,11,7,24,14,6,5-7,0
AF005210726,STRIDER,ACE,10,7,7,14,17,21,3,3-4,3
AF005210926,AVATAR,KEVLAR,14,14,7,14,21,28,0,level,0
AF005220626,CRYSTAL,KRAKEN,0,10,7,7,7,17,-10,8-10,0
AF005220726,GENIUS,DESTINY,10,7,0,10,10,17,3,3-4,1
AF005220826,MONSTER,PSYCHIC,7,3,0,7,7,10,4,3-4,1
AF005220926,LYNX,OFFICER,7,0,7,0,14,0,7,5-7,0
AF005230626,SPARK,REGRET,10,14,17,16,27,30,-4,3-4,2
AF005230726,DESTINY,DAME,0,17,8,7,8,24,-17,15+,0
AF005230826,PSYCHIC,VALIANT,0,13,7,3,7,16,-13,11-14,0
AF005230926,PATHFINDER,HERMES,3,6,7,0,10,6,-3,3-4,1
AF005240726,ACE,MIDAS,10,0,7,14,17,14,10,8-10,0
AF005250526,PHOENIX,ROCKET,7,3,7,7,14,10,4,3-4,2
AF005250626,LUNA,OCTANE,3,7,13,10,16,17,-4,3-4,0
AF005250726,LIZARD,FENRIR,14,7,10,8,24,15,7,5-7,0
AF005250926,LEO,HERMES,7,3,14,14,21,17,4,3-4,4
AF005260526,MONSTER,PHOENIX,10,0,0,14,10,14,10,8-10,1
AF005260626,ROMAN,LUNA,3,3,8,15,11,18,0,level,2
AF005260726,DAME,SHARK,3,0,0,7,3,7,3,3-4,1
AF005260826,SUMMIT,HURRICANE,21,0,7,0,28,0,21,15+,0
AF005260926,PRECISION,MEMENTO,21,14,0,17,21,31,7,5-7,1
AF005270526,KRAKEN,GENIUS,3,10,13,10,16,20,-7,5-7,0
AF005270626,MONSTER,PSYCHIC,7,14,3,3,10,17,-7,5-7,0
AF005270826,MIDAS,ROMAN,0,17,14,7,14,24,-17,15+,0
AF005270926,PATHFINDER,PRECISION,14,17,14,7,28,24,-3,3-4,1
AF005280426,UNICORN,NEON,0,0,0,7,0,7,0,level,0
AF005280526,OCTANE,SEEKER,0,10,14,7,14,17,-10,8-10,0
AF005280626,PHOENIX,OVERDRIVE,10,0,3,14,13,14,10,8-10,1
AF005280726,SHARK,STRIDER,10,7,10,0,20,7,3,3-4,0
AF005280826,UNICORN,PSYCHIC,0,0,7,8,7,8,0,level,1
AF005290426,UNICORN,SAGE,7,10,14,7,21,17,-3,3-4,1
AF005290626,PSYCHIC,LUNA,14,14,8,7,22,21,0,level,1
AF005290726,WARRIOR,DESTINY,7,7,13,10,20,17,0,level,1
AF005290826,MONSTER,PHOENIX,17,7,0,17,17,24,10,8-10,1
AF005290926,OFFICER,LYNX,14,7,14,14,28,21,7,5-7,0
AF005300426,ROCKET,GENIUS,17,7,7,7,24,14,10,8-10,0
AF005300526,PHOENIX,ANVIL,21,14,14,0,35,14,7,5-7,0
AF005300626,SORCERER,UNICORN,10,7,7,14,17,21,3,3-4,3
AF005300826,RELIC,VALIANT,7,14,7,10,14,24,-7,5-7,0
AF005300926,JUDGEMENT,PRECISION,14,14,7,0,21,14,0,level,0
AF005310526,KRAKEN,LUNA,7,0,3,7,10,7,7,5-7,0
AF005310826,LUNA,KRAKEN,3,14,8,7,11,21,-11,11-14,0
AF006010626,ASTRONAUT,PRECISION,21,17,14,14,35,31,4,3-4,2
AF006010726,PATHFINDER,JUDGEMENT,14,7,15,8,29,15,7,5-7,0
AF006010826,RELIC,LAZARUS,14,14,10,7,24,21,0,level,1
AF006010926,PRECISION,LEGEND,21,10,0,12,21,22,11,11-14,1
AF006011026,LUNA,STRIDER,10,14,3,14,13,28,-4,3-4,0
AF006020726,PHOENIX,ANVIL,7,7,0,7,7,14,0,level,0
AF006020826,JUDGEMENT,OVERDRIVE,3,0,0,6,3,6,3,3-4,1
AF006020926,MONSTER,ROCKET,7,21,15,17,22,38,-14,11-14,0
AF006021026,ASTRONAUT,SHROUD,7,7,3,7,10,14,0,level,1
AF006030526,PRECISION,SPLINTER,14,0,0,7,14,7,14,11-14,0
AF006030626,SHURIKEN,SPARK,0,7,10,14,10,21,-7,5-7,0
AF006030726,LEGEND,LAZARUS,13,16,13,0,26,16,-3,3-4,1
AF006030826,CRYSTAL,ASTRONAUT,14,14,3,14,17,28,0,level,0
AF006030926,CRYSTAL,HURRICANE,10,7,7,6,17,13,3,3-4,2
AF006040526,LEO,METEOR,7,17,0,0,7,17,-10,8-10,0
AF006040726,HURRICANE,LAZARUS,10,7,7,7,17,14,3,3-4,2
AF006040826,OCTANE,GENIUS,0,7,18,7,18,14,-7,5-7,1
AF006040926,ACE,SAGE,14,10,7,14,21,24,4,3-4,3
AF006041026,ROCKET,PHOENIX,7,7,10,0,17,7,0,level,0
AF006050626,PATHFINDER,SHROUD,14,7,7,6,21,13,7,5-7,0
AF006050726,LAZARUS,VALIANT,14,0,3,7,17,7,14,11-14,0
AF006050826,CRYSTAL,JUDGEMENT,3,7,0,17,3,24,-4,3-4,0
AF006060626,SHROUD,IMPERIAL,14,21,10,0,24,21,-7,5-7,1
AF006060726,LEO,HURRICANE,0,14,16,14,16,28,-14,11-14,0
AF006060826,IMPERIAL,UNICORN,14,10,7,14,21,24,4,3-4,3
AF006060926,SHROUD,JUDGEMENT,14,14,0,14,14,28,0,level,0
AF006061026,PRECISION,KEVLAR,7,7,7,28,14,35,0,level,0
AF006070526,HURRICANE,PRECISION,21,9,3,0,24,9,12,11-14,0
AF006070626,HERMES,OVERDRIVE,0,14,21,13,21,27,-14,11-14,0
AF006070726,UNICORN,SENTINEL,3,3,10,0,13,3,0,level,0
AF006070926,ROCKET,KATANA,14,7,6,14,20,21,7,5-7,1
AF006080626,KEVLAR,LAZARUS,14,14,10,7,24,21,0,level,2
AF006080726,OCTANE,KATANA,14,10,6,7,20,17,4,3-4,0
AF006080826,ACE,ROCKET,14,7,3,7,17,14,7,5-7,0
AF006080926,METEOR,JUDGEMENT,7,14,14,24,21,38,-7,5-7,0
AF006090626,HERMES,ROCKET,7,7,10,8,17,15,0,level,2
AF006090726,SAGE,LAZARUS,3,7,7,6,10,13,-4,3-4,0
AF006090826,PATHFINDER,JUDGEMENT,21,7,14,14,35,21,14,11-14,0
AF006090926,SAGE,KATANA,7,0,7,8,14,8,7,5-7,0
AF006100626,SHROUD,PHOENIX,17,14,7,0,24,14,3,3-4,0
AF006100826,HERMES,LUNA,21,10,7,6,28,16,11,11-14,0
AF006100926,JUDGEMENT,SABRE,7,10,21,7,28,17,-3,3-4,3
AF006110626,METEOR,SHROUD,0,7,7,3,7,10,-7,5-7,0
AF006110826,HERMES,ACE,14,7,7,7,21,14,7,5-7,0
AF006120626,OVERDRIVE,SAGE,10,0,0,7,10,7,10,8-10,0
AF006120726,KRAKEN,LAZARUS,21,7,3,8,24,15,14,11-14,0
AF006120826,METEOR,HERMES,10,7,0,7,10,14,3,3-4,1
AF006120926,ACE,RELIC,21,6,3,7,24,13,15,15+,0
AF006130626,HERMES,LEO,14,8,6,7,20,15,6,5-7,0
AF006130726,OVERDRIVE,PHOENIX,7,0,7,12,14,12,7,5-7,0
AF006130826,METEOR,KRAKEN,13,7,3,7,16,14,6,5-7,2
AF006140626,JUDGEMENT,LAZARUS,3,7,0,0,3,7,-4,3-4,0
AF006140726,SENTRY,SABRE,3,17,7,0,10,17,-14,11-14,0
AF006140826,KRAKEN,JUDGEMENT,7,7,21,23,28,30,0,level,3
AF006140926,PHOENIX,LUNA,7,10,7,14,14,24,-3,3-4,0
AF006150626,METEOR,VALIANT,0,0,0,3,0,3,0,level,0
AF006150826,ROCKET,LUNA,7,7,17,3,24,10,0,level,0
AF006150926,AVATAR,HERMES,14,14,7,10,21,24,0,level,0
AF006160726,LUNA,CRYSTAL,7,7,7,8,14,15,0,level,1
AF006160826,ACE,KRAKEN,14,14,10,3,24,17,0,level,0
AF006160926,KRAKEN,ASTRONAUT,7,0,7,7,14,7,7,5-7,0
AF006170626,LUNA,ROCKET,3,14,6,0,9,14,-11,11-14,0
AF006170726,LEO,HERMES,7,21,6,0,13,21,-14,11-14,0
AF006170826,HERMES,LEO,14,21,0,7,14,28,-7,5-7,0
AF006170926,MIDAS,SUMMIT,7,14,6,0,13,14,-7,5-7,0
AF006180626,OVERDRIVE,HURRICANE,7,3,3,6,10,9,4,3-4,0
AF006180726,LUNA,MONSTER,7,10,13,7,20,17,-3,3-4,1
AF006180826,CRYSTAL,SAGE,7,7,7,10,14,17,0,level,2
AF006180926,ASTRONAUT,ACE,14,14,7,0,21,14,0,level,0
AF006190526,METEOR,SUMMIT,3,7,0,0,3,7,-4,3-4,0
AF006190626,PATHFINDER,LAZARUS,0,0,6,7,6,7,0,level,1
AF006190726,JUDGEMENT,OVERDRIVE,0,21,0,17,0,38,-21,15+,0
AF006190826,OCTANE,SAGE,7,7,8,14,15,21,0,level,2
AF006200526,CRYSTAL,VALIANT,7,7,10,7,17,14,0,level,2
AF006200726,ROCKET,OCTANE,7,14,14,10,21,24,-7,5-7,0
AF006200826,SABRE,JUDGEMENT,28,14,7,12,35,26,14,11-14,0
AF006210726,HERMES,LUNA,14,7,3,7,17,14,7,5-7,0
AF006210926,HURRICANE,ROCKET,7,14,21,20,28,34,-7,5-7,0
AF006220626,METEOR,VALIANT,0,14,0,7,0,21,-14,11-14,0
AF006220726,ROCKET,OCTANE,14,7,12,13,26,20,7,5-7,0
AF006220826,JUDGEMENT,IMPERIAL,7,7,7,3,14,10,0,level,1
AF006230626,PRISMATIC,ENFORCER,14,0,14,10,28,10,14,11-14,0
AF006230826,OVERDRIVE,SHROUD,7,7,8,10,15,17,0,level,2
AF006240726,LUNA,UNICORN,17,7,7,14,24,21,10,8-10,0
AF006240826,HERMES,METEOR,0,14,0,7,0,21,-14,11-14,0
AF006240926,LUNA,KRAKEN,7,7,7,10,14,17,0,level,0
AF006250526,HURRICANE,SHROUD,28,6,7,6,35,12,22,15+,0
AF006250626,METEOR,OVERDRIVE,14,10,7,7,21,17,4,3-4,2
AF006250826,HERMES,LEO,14,14,15,17,29,31,0,level,2
AF006250926,LUNA,ROCKET,14,15,8,10,22,25,-1,1-2,0
AF006260526,SHROUD,OVERDRIVE,6,21,14,9,20,30,-15,15+,0
AF006260726,LAZARUS,CRYSTAL,7,7,13,10,20,17,0,level,3
AF006260826,METEOR,SABRE,0,14,0,7,0,21,-14,11-14,0
AF006260926,LUNA,SHROUD,7,14,0,3,7,17,-7,5-7,0
AF006270526,VALIANT,SAGE,7,10,14,0,21,10,-3,3-4,1
AF006270626,KRAKEN,PHOENIX,14,13,10,7,24,20,1,1-2,2
AF006270726,SENTRY,HERMES,7,14,7,14,14,28,-7,5-7,0
AF006270826,HURRICANE,PHOENIX,10,7,0,7,10,14,3,3-4,1
AF006270926,OVERDRIVE,ASTRONAUT,0,7,14,3,14,10,-7,5-7,1
AF006280526,SHROUD,ROCKET,21,0,0,8,21,8,21,15+,0
AF006280626,SHROUD,WARRIOR,14,3,3,6,17,9,11,11-14,0
AF006280726,KRAKEN,MONSTER,7,14,6,0,13,14,-7,5-7,0
AF006290426,MEMENTO,VALIANT,3,0,0,7,3,7,3,3-4,1
AF006290526,OVERDRIVE,VALIANT,7,7,10,14,17,21,0,level,3
AF006290626,CRYSTAL,ROCKET,7,14,7,7,14,21,-7,5-7,0
AF006290726,SAGE,PSYCHIC,10,7,7,7,17,14,3,3-4,2
AF006290826,OVERDRIVE,SHROUD,21,7,27,19,48,26,14,11-14,0
AF006290926,KRAKEN,IMPERIAL,14,14,17,13,31,27,0,level,0
AF006300426,METEOR,CRYSTAL,14,0,7,14,21,14,14,11-14,0
AF006300626,CRYSTAL,SENTRY,17,7,7,7,24,14,10,8-10,0
AF006300726,RELIC,ANVIL,17,7,7,14,24,21,10,8-10,0
AF006300926,LUNA,RELIC,0,10,7,7,7,17,-10,8-10,0
AF006310526,SHROUD,CRYSTAL,17,0,7,0,24,0,17,15+,0
AF006310826,PRECISION,LAZARUS,14,14,10,7,24,21,0,level,0
AF007010626,OFFICER,PINNACLE,14,14,7,10,21,24,0,level,0
AF007010726,LEGEND,CLASH,7,14,9,7,16,21,-7,5-7,0
AF007010826,ACE,HERMES,7,7,3,0,10,7,0,level,0
AF007010926,KEVLAR,MERCENARY,14,14,3,0,17,14,0,level,0
AF007011026,OVERDRIVE,SABRE,14,14,0,7,14,21,0,level,0
AF007020526,LEGEND,LAZARUS,0,7,8,3,8,10,-7,5-7,2
AF007020626,LYNX,CLASH,6,0,0,7,6,7,6,5-7,1
AF007020726,OCTANE,METEOR,7,14,6,21,13,35,-7,5-7,0
AF007020926,MERCENARY,LEO,17,7,7,0,24,7,10,8-10,0
AF007021026,HERMES,SABRE,10,10,31,14,41,24,0,level,2
AF007030526,OFFICER,HERMES,14,0,14,14,28,14,14,11-14,0
AF007030626,FUSE,NIGHTMARE,14,10,21,15,35,25,4,3-4,0
AF007030726,PRECISION,KEVLAR,0,14,6,10,6,24,-14,11-14,0
AF007030826,PINNACLE,CLASH,7,14,21,13,28,27,-7,5-7,1
AF007030926,METEOR,HERMES,14,0,0,6,14,6,14,11-14,0
AF007031026,HURRICANE,RELIC,14,7,9,14,23,21,7,5-7,2
AF007040526,LEGEND,KEVLAR,7,10,0,14,7,24,-3,3-4,0
AF007040626,MEMENTO,KEVLAR,17,10,7,8,24,18,7,5-7,0
AF007040726,OFFICER,PATHFINDER,7,7,14,8,21,15,0,level,0
AF007040926,MEMENTO,LEGEND,0,7,20,17,20,24,-7,5-7,2
AF007041026,OFFICER,MERCENARY,14,7,14,14,28,21,7,5-7,0
AF007050526,CLASH,LEGEND,7,14,7,3,14,17,-7,5-7,0
AF007050626,HERMES,AVATAR,14,14,0,7,14,21,0,level,0
AF007050726,SHROUD,PRECISION,0,6,7,10,7,16,-6,5-7,0
AF007050826,PINNACLE,LAZARUS,7,14,7,3,14,17,-7,5-7,0
AF007051026,HERMES,MEMENTO,10,21,14,10,24,31,-11,11-14,0
AF007060726,PATHFINDER,LEGEND,7,14,7,3,14,17,-7,5-7,0
AF007060826,METEOR,HERMES,10,7,0,7,10,14,3,3-4,1
AF007060926,HERMES,MEMENTO,0,14,7,3,7,17,-14,11-14,0
AF007061026,LYNX,MEMENTO,17,7,7,14,24,21,10,8-10,0
AF007070526,LAZARUS,KEVLAR,7,10,7,7,14,17,-3,3-4,2
AF007070626,PINNACLE,AVATAR,7,10,0,3,7,13,-3,3-4,0
AF007070726,KRAKEN,OVERDRIVE,0,10,14,0,14,10,-10,8-10,1
AF007080626,PINNACLE,OFFICER,7,7,10,7,17,14,0,level,0
AF007080726,OFFICER,HERMES,14,7,0,6,14,13,7,5-7,0
AF007080826,SENTRY,OFFICER,14,14,7,13,21,27,0,level,0
AF007090626,SENTRY,LEGEND,7,21,0,13,7,34,-14,11-14,0
AF007090826,PRECISION,SENTRY,17,14,7,7,24,21,3,3-4,2
AF007100626,JUDGEMENT,LYNX,6,14,11,9,17,23,-8,8-10,2
AF007100726,HERMES,SABRE,0,10,14,0,14,10,-10,8-10,1
AF007100826,PRECISION,LEGEND,10,14,3,0,13,14,-4,3-4,0
AF007110626,LEGEND,MEMENTO,14,0,2,14,16,14,14,11-14,0
AF007110826,PINNACLE,MERCENARY,10,10,3,0,13,10,0,level,0
AF007110926,LYNX,MEMENTO,14,7,14,6,28,13,7,5-7,0
AF007120626,LEGEND,AVATAR,21,0,0,6,21,6,21,15+,0
AF007120726,PRECISION,MEMENTO,10,7,21,21,31,28,3,3-4,6
AF007120926,MEMENTO,OFFICER,24,7,14,23,38,30,17,15+,0
AF007130626,OFFICER,LYNX,7,7,14,0,21,7,0,level,0
AF007130726,PRECISION,OFFICER,14,21,0,7,14,28,-7,5-7,0
AF007130826,HERMES,MEMENTO,10,7,3,7,13,14,3,3-4,1
AF007130926,SHROUD,OVERDRIVE,7,14,14,14,21,28,-7,5-7,0
AF007140626,PRECISION,OFFICER,0,14,20,14,20,28,-14,11-14,0
AF007140726,AVATAR,MERCENARY,3,7,10,7,13,14,-4,3-4,2
AF007140826,PRECISION,AVATAR,0,14,7,0,7,14,-14,11-14,0
AF007140926,SENTRY,KEVLAR,7,7,17,10,24,17,0,level,2
AF007150626,LAZARUS,PRECISION,7,0,16,21,23,21,7,5-7,4
AF007150726,METEOR,LEO,7,7,6,7,13,14,0,level,0
AF007150826,OVERDRIVE,LEGEND,24,10,10,21,34,31,14,11-14,0
AF007150926,CLASH,PINNACLE,0,14,17,0,17,14,-14,11-14,1
AF007160626,SENTRY,LEGEND,7,7,0,3,7,10,0,level,0
AF007160726,MEMENTO,PATHFINDER,7,7,10,7,17,14,0,level,0
AF007160826,JUDGEMENT,SENTRY,10,7,6,20,16,27,3,3-4,1
AF007160926,LYNX,JUDGEMENT,7,10,7,7,14,17,-3,3-4,0
AF007170626,CRYSTAL,SAGE,14,3,0,7,14,10,11,11-14,0
AF007170726,PRECISION,MERCENARY,14,21,0,13,14,34,-7,5-7,0
AF007170826,PRECISION,AVATAR,17,10,7,7,24,17,7,5-7,0
AF007170926,ACE,ASTRONAUT,7,7,14,17,21,24,0,level,4
AF007180626,HERMES,MEMENTO,14,7,7,17,21,24,7,5-7,1
AF007180726,HERMES,LEO,14,21,0,0,14,21,-7,5-7,0
AF007180826,LYNX,CLASH,14,7,7,6,21,13,7,5-7,0
AF007180926,HERMES,AVATAR,7,7,7,14,14,21,0,level,0
AF007190526,LEGEND,AVATAR,7,14,14,14,21,28,-7,5-7,0
AF007190626,KEVLAR,AVATAR,3,7,7,7,10,14,-4,3-4,2
AF007190726,SENTRY,MEMENTO,10,7,7,3,17,10,3,3-4,0
AF007190826,PRECISION,LYNX,0,21,7,3,7,24,-21,15+,0
AF007190926,LYNX,HERMES,17,10,14,14,31,24,7,5-7,0
AF007200526,LYNX,LEGEND,17,7,7,0,24,7,10,8-10,0
AF007200726,ASTRONAUT,LEO,0,7,7,3,7,10,-7,5-7,0
AF007200826,HERMES,LEGEND,3,0,14,21,17,21,3,3-4,5
AF007200926,OVERDRIVE,JUDGEMENT,14,14,7,10,21,24,0,level,0
AF007210726,MEMENTO,CLASH,7,7,8,17,15,24,0,level,0
AF007210826,MERCENARY,LEGEND,21,7,7,7,28,14,14,11-14,0
AF007210926,PRECISION,LEO,24,21,7,15,31,36,3,3-4,1
AF007220626,PRECISION,OFFICER,7,7,0,14,7,21,0,level,0
AF007220726,MEMENTO,LEGEND,10,7,21,7,31,14,3,3-4,2
AF007220826,MEMENTO,HERMES,7,7,7,14,14,21,0,level,0
AF007220926,LEGEND,MEMENTO,14,7,3,14,17,21,7,5-7,1
AF007230626,SHURIKEN,SCHOLAR,14,7,13,7,27,14,7,5-7,0
AF007230726,MERCENARY,LYNX,3,7,14,9,17,16,-4,3-4,1
AF007230826,LAZARUS,MEMENTO,7,10,10,6,17,16,-3,3-4,1
AF007230926,LYNX,PRECISION,7,7,7,10,14,17,0,level,0
AF007240626,ACE,PRECISION,7,7,3,7,10,14,0,level,1
AF007240726,HERMES,PATHFINDER,0,14,14,3,14,17,-14,11-14,0
AF007240826,KEVLAR,OFFICER,7,7,7,3,14,10,0,level,1
AF007250526,PRECISION,MEMENTO,7,0,10,8,17,8,7,5-7,0
AF007250626,KEVLAR,CLASH,0,14,7,17,7,31,-14,11-14,0
AF007250726,MERLIN,HEADHUNTER,10,3,7,0,17,3,7,5-7,0
AF007250826,SENTRY,PINNACLE,3,14,7,7,10,21,-11,11-14,0
AF007250926,KEVLAR,LEGEND,14,14,10,7,24,21,0,level,0
AF007260526,LAZARUS,PATHFINDER,14,7,0,14,14,21,7,5-7,1
AF007260626,MEMENTO,HERMES,24,3,3,7,27,10,21,15+,0
AF007260726,LEGEND,SENTRY,7,10,7,17,14,27,-3,3-4,0
AF007260826,LEO,MEMENTO,10,14,15,14,25,28,-4,3-4,2
AF007260926,PATHFINDER,HERMES,14,3,5,0,19,3,11,11-14,0
AF007270526,LYNX,KEVLAR,3,10,3,10,6,20,-7,5-7,0
AF007270626,HERMES,SENTRY,0,21,7,3,7,24,-21,15+,0
AF007270726,MEMENTO,PRECISION,7,3,0,7,7,10,4,3-4,1
AF007270826,HERMES,MEMENTO,7,7,10,7,17,14,0,level,0
AF007270926,HERMES,ACE,7,7,0,7,7,14,0,level,0
AF007280426,CLASH,LEGEND,7,0,7,0,14,0,7,5-7,0
AF007280526,MEMENTO,LEGEND,28,7,7,14,35,21,21,15+,0
AF007280626,PATHFINDER,SENTRY,7,17,14,0,21,17,-10,8-10,1
AF007280726,LYNX,KEVLAR,7,10,7,0,14,10,-3,3-4,1
AF007280826,PRECISION,HERMES,7,7,10,0,17,7,0,level,0
AF007280926,PRECISION,MEMENTO,17,7,6,13,23,20,10,8-10,0
AF007290426,LAZARUS,CLASH,0,7,8,7,8,14,-7,5-7,0
AF007290526,LAZARUS,ASTRONAUT,14,14,6,14,20,28,0,level,0
AF007290626,HERMES,CLASH,7,7,13,0,20,7,0,level,0
AF007290726,AVATAR,LEO,10,14,15,14,25,28,-4,3-4,2
AF007290826,PATHFINDER,MEMENTO,14,21,14,10,28,31,-7,5-7,0
AF007290926,PINNACLE,CLASH,10,0,0,7,10,7,10,8-10,0
AF007300426,KEVLAR,LEGEND,21,7,10,19,31,26,14,11-14,0
AF007300626,LEGEND,MEMENTO,0,10,7,14,7,24,-10,8-10,0
AF007300726,METEOR,JUDGEMENT,14,0,3,15,17,15,14,11-14,2
AF007300926,MEMENTO,LEGEND,7,7,13,0,20,7,0,level,0
AF007310726,SENTRY,MERCENARY,7,7,3,10,10,17,0,level,0
AF007310826,HERMES,CLASH,0,14,7,10,7,24,-14,11-14,0
AF008010526,KRAKEN,SEEKER,7,0,6,7,13,7,7,5-7,0
AF008010626,KRAKEN,VALIANT,3,7,7,6,10,13,-4,3-4,2
AF008010726,ANVIL,OVERDRIVE,0,21,15,14,15,35,-21,15+,0
AF008010926,LUNA,PSYCHIC,13,7,1,10,14,17,6,5-7,1
AF008011026,PSYCHIC,ROCKET,0,3,7,6,7,9,-3,3-4,2
AF008020526,HURRICANE,PRECISION,14,17,14,3,28,20,-3,3-4,1
AF008020726,SHARK,ROMAN,6,14,16,15,22,29,-8,8-10,2
AF008020826,SHARK,ROMAN,10,14,8,20,18,34,-4,3-4,0
AF008020926,DESTINY,STRIDER,0,14,7,7,7,21,-14,11-14,0
AF008021026,ACE,OVERDRIVE,27,14,6,7,33,21,13,11-14,0
AF008030526,SHROUD,PHOENIX,7,7,10,0,17,7,0,level,0
AF008030626,ENFORCER,NIRVANA,0,7,6,10,6,17,-7,5-7,0
AF008030726,CRYSTAL,ROCKET,14,7,7,15,21,22,7,5-7,1
AF008030826,SHARK,DON,7,3,10,0,17,3,4,3-4,0
AF008030926,ROMAN,MIDAS,7,17,0,7,7,24,-10,8-10,0
AF008031026,GENIUS,MIMIC,0,10,8,0,8,10,-10,8-10,0
AF008040526,PRECISION,OCTANE,17,0,0,7,17,7,17,15+,0
AF008040726,PHOENIX,PSYCHIC,7,0,10,6,17,6,7,5-7,0
AF008040826,SHARK,DON,7,3,0,0,7,3,4,3-4,0
AF008040926,LUNA,SUMMIT,21,3,0,15,21,18,18,15+,0
AF008041026,WARRIOR,HURRICANE,0,13,7,14,7,27,-13,11-14,0
AF008050526,KRAKEN,SEEKER,0,7,7,7,7,14,-7,5-7,0
AF008050626,UNICORN,NEON,7,10,6,0,13,10,-3,3-4,1
AF008050726,LUNA,PHOENIX,10,7,10,0,20,7,3,3-4,0
AF008060626,PSYCHIC,GENIUS,14,7,0,0,14,7,7,5-7,0
AF008060726,ROCKET,LUNA,7,3,0,7,7,10,4,3-4,1
AF008060826,SHARK,DON,7,6,7,0,14,6,1,1-2,0
AF008070526,MONSTER,SHROUD,0,0,7,10,7,10,0,level,0
AF008070626,PHOENIX,IMPERIAL,14,7,7,6,21,13,7,5-7,0
AF008070726,ACE,DON,10,7,7,0,17,7,3,3-4,0
AF008070926,WARRIOR,SHARK,14,0,14,0,28,0,14,11-14,0
AF008080626,SHROUD,PATHFINDER,21,0,0,7,21,7,21,15+,0
AF008080726,LUNA,GENIUS,14,7,3,0,17,7,7,5-7,0
AF008080826,HURRICANE,IMPERIAL,7,14,7,3,14,17,-7,5-7,0
AF008080926,PHOENIX,HURRICANE,7,14,0,14,7,28,-7,5-7,0
AF008090626,SEEKER,SUMMIT,10,0,0,7,10,7,10,8-10,0
AF008090726,LUNA,SUMMIT,14,0,10,13,24,13,14,11-14,0
AF008090826,OVERDRIVE,LUNA,28,7,3,8,31,15,21,15+,0
AF008100626,ROCKET,GENIUS,10,7,7,3,17,10,3,3-4,0
AF008100726,ACE,DON,14,7,6,14,20,21,7,5-7,1
AF008100826,PHOENIX,KRAKEN,7,10,3,7,10,17,-3,3-4,0
AF008100926,PHOENIX,SAGE,14,14,7,6,21,20,0,level,0
AF008110626,KRAKEN,OCTANE,0,7,7,3,7,10,-7,5-7,0
AF008110726,MONSTER,SUMMIT,14,7,14,0,28,7,7,5-7,0
AF008110826,MONSTER,GENIUS,7,14,0,7,7,21,-7,5-7,0
AF008120626,SUMMIT,ANVIL,14,7,7,20,21,27,7,5-7,1
AF008120726,MONSTER,LUNA,10,7,0,7,10,14,3,3-4,1
AF008120826,MONSTER,UNICORN,7,10,11,10,18,20,-3,3-4,2
AF008120926,METEOR,LUNA,0,14,15,10,15,24,-14,11-14,2
AF008130626,PHOENIX,PSYCHIC,3,0,0,7,3,7,3,3-4,1
AF008130726,PSYCHIC,VALIANT,0,10,14,0,14,10,-10,8-10,1
AF008130826,DON,ROMAN,7,7,0,7,7,14,0,level,0
AF008140626,HURRICANE,KRAKEN,24,7,0,0,24,7,17,15+,0
AF008140726,WARRIOR,SHARK,14,0,0,6,14,6,14,11-14,0
AF008150626,ROCKET,KRAKEN,7,6,8,6,15,12,1,1-2,2
AF008150726,GENIUS,SORCERER,7,0,3,7,10,7,7,5-7,0
AF008150826,PSYCHIC,MONSTER,7,10,7,0,14,10,-3,3-4,1
AF008150926,LEO,JUDGEMENT,7,14,8,13,15,27,-7,5-7,0
AF008160626,MONSTER,SUMMIT,14,7,29,8,43,15,7,5-7,0
AF008160726,MIDAS,ACE,7,10,7,7,14,17,-3,3-4,0
AF008160926,SHROUD,HURRICANE,7,0,14,14,21,14,7,5-7,2
AF008170626,SEEKER,MONSTER,14,7,7,15,21,22,7,5-7,1
AF008170726,SAGE,SEEKER,7,3,10,6,17,9,4,3-4,0
AF008170826,OCTANE,LUNA,7,14,0,7,7,21,-7,5-7,0
AF008170926,MIMIC,UNICORN,14,0,7,0,21,0,14,11-14,0
AF008180626,ROCKET,KRAKEN,7,6,6,0,13,6,1,1-2,0
AF008180726,WARRIOR,SHARK,14,0,14,7,28,7,14,11-14,0
AF008180826,GENIUS,UNICORN,7,7,0,14,7,21,0,level,0
AF008180926,SAGE,LUNA,10,7,7,3,17,10,3,3-4,0
AF008190526,SEEKER,MONSTER,14,13,3,3,17,16,1,1-2,2
AF008190626,LUNA,VALIANT,0,0,0,3,0,3,0,level,0
AF008190726,LUNA,VALIANT,7,10,7,7,14,17,-3,3-4,0
AF008190826,SUMMIT,GENIUS,10,28,14,14,24,42,-18,15+,0
AF008190926,LUNA,PHOENIX,3,7,14,14,17,21,-4,3-4,4
AF008200526,SAGE,ANVIL,10,0,10,0,20,0,10,8-10,0
AF008200726,CRYSTAL,GENIUS,7,7,0,3,7,10,0,level,0
AF008200826,STRIDER,MIDAS,21,7,3,7,24,14,14,11-14,0
AF008200926,KRAKEN,PSYCHIC,21,0,7,0,28,0,21,15+,0
AF008210726,GENIUS,DAME,10,7,7,14,17,21,3,3-4,3
AF008210826,ROMAN,WARRIOR,14,21,14,24,28,45,-7,5-7,0
AF008220626,ROCKET,LUNA,7,7,7,3,14,10,0,level,0
AF008220826,KRAKEN,MIMIC,6,14,7,7,13,21,-8,8-10,0
AF008220926,ACE,STRIDER,7,0,14,0,21,0,7,5-7,0
AF008230726,DAME,ACE,0,10,7,3,7,13,-10,8-10,0
AF008230826,PHOENIX,HURRICANE,14,7,7,0,21,7,7,5-7,0
AF008240726,WARRIOR,SHARK,14,7,14,7,28,14,7,5-7,0
AF008240926,HURRICANE,ASTRONAUT,14,7,6,10,20,17,7,5-7,2
AF008250526,CRYSTAL,LUNA,7,10,11,7,18,17,-3,3-4,1
AF008250626,ROMAN,CRYSTAL,7,14,3,0,10,14,-7,5-7,0
AF008250726,ORIGINAL,SCHOLAR,7,14,0,0,7,14,-7,5-7,0
AF008250826,ROMAN,STRIDER,7,17,14,7,21,24,-10,8-10,0
AF008250926,PSYCHIC,SABRE,14,7,0,14,14,21,7,5-7,1
AF008260526,SEEKER,GENIUS,7,7,3,7,10,14,0,level,0
AF008260626,ANVIL,KATANA,7,3,0,8,7,11,4,3-4,1
AF008260726,ROMAN,WARRIOR,7,17,10,7,17,24,-10,8-10,0
AF008260826,MONSTER,KRAKEN,10,7,14,14,24,21,3,3-4,0
AF008270526,UNICORN,SUMMIT,0,10,14,3,14,13,-10,8-10,1
AF008270626,VALIANT,ROCKET,7,6,0,7,7,13,1,1-2,1
AF008270826,DESTINY,SHARK,3,14,7,7,10,21,-11,11-14,0
AF008270926,VALIANT,SHROUD,0,7,12,7,12,14,-7,5-7,0
AF008280426,SEEKER,MONSTER,0,7,3,0,3,7,-7,5-7,0
AF008280526,LUNA,GENIUS,0,14,11,0,11,14,-14,11-14,0
AF008280626,LUNA,IMPERIAL,7,10,7,7,14,17,-3,3-4,0
AF008280726,DON,DESTINY,10,0,7,0,17,0,10,8-10,0
AF008280826,LUNA,JUDGEMENT,7,7,17,14,24,21,0,level,0
AF008290426,OCTANE,LUNA,7,14,7,8,14,22,-7,5-7,0
AF008290526,ROCKET,LUNA,14,3,7,7,21,10,11,11-14,0
AF008290626,PHOENIX,OCTANE,7,0,7,17,14,17,7,5-7,1
AF008290726,SHARK,ROMAN,14,7,7,6,21,13,7,5-7,0
AF008290826,LUNA,VALIANT,14,7,7,8,21,15,7,5-7,0
AF008290926,PSYCHIC,KATANA,0,7,7,7,7,14,-7,5-7,0
AF008300426,KRAKEN,SUMMIT,3,7,7,7,10,14,-4,3-4,2
AF008300626,SHARK,LUNA,14,14,7,10,21,24,0,level,2
AF008300726,WARRIOR,SHARK,0,14,7,3,7,17,-14,11-14,0
AF008300826,LUNA,KRAKEN,7,7,7,14,14,21,0,level,0
AF008300926,SAGE,SABRE,10,14,6,14,16,28,-4,3-4,0
AF008310726,CRYSTAL,LUNA,10,7,7,14,17,21,3,3-4,3
AF008310826,VALIANT,ROCKET,7,0,10,15,17,15,7,5-7,2
AF009010626,LEO,METEOR,7,10,3,3,10,13,-3,3-4,0
AF009010826,LAZARUS,OVERDRIVE,10,10,6,0,16,10,0,level,0
AF009011026,SABRE,HERMES,17,7,17,14,34,21,10,8-10,0
AF009020726,KRAKEN,SUMMIT,7,3,7,8,14,11,4,3-4,2
AF009020826,LEO,SHROUD,21,3,0,0,21,3,18,15+,0
AF009020926,CRYSTAL,SABRE,7,7,0,3,7,10,0,level,0
AF009021026,SABRE,KEVLAR,14,14,7,0,21,14,0,level,0
AF009030526,SENTRY,CRYSTAL,7,10,7,0,14,10,-3,3-4,1
AF009030626,FUSE,KILLJOY,7,7,7,3,14,10,0,level,1
AF009030726,LYNX,JUDGEMENT,14,7,0,14,14,21,7,5-7,1
AF009030826,KATANA,LAZARUS,14,10,14,22,28,32,4,3-4,3
AF009040526,SENTRY,OVERDRIVE,9,9,14,17,23,26,0,level,1
AF009040626,HURRICANE,VALIANT,7,0,0,10,7,10,7,5-7,1
AF009040726,SAGE,CRYSTAL,0,7,10,0,10,7,-7,5-7,1
AF009040826,PHOENIX,MONSTER,21,0,3,3,24,3,21,15+,0
AF009050526,PATHFINDER,PRECISION,7,14,7,3,14,17,-7,5-7,0
AF009050626,SAGE,PHOENIX,9,7,7,7,16,14,2,1-2,2
AF009050726,KRAKEN,HURRICANE,14,7,3,7,17,14,7,5-7,0
AF009050826,ACE,SAGE,21,7,9,10,30,17,14,11-14,0
AF009051026,MEMENTO,OFFICER,21,19,14,13,35,32,2,1-2,4
AF009060626,OVERDRIVE,HURRICANE,15,7,0,11,15,18,8,8-10,1
AF009060726,SENTRY,METEOR,14,10,7,6,21,16,4,3-4,0
AF009060926,JUDGEMENT,ROCKET,7,7,17,0,24,7,0,level,0
AF009061026,LEO,MEMENTO,7,14,6,10,13,24,-7,5-7,0
AF009070526,CRYSTAL,VALIANT,7,7,8,7,15,14,0,level,1
AF009070726,PHOENIX,SUMMIT,10,7,7,8,17,15,3,3-4,0
AF009070926,HURRICANE,ACE,3,14,7,7,10,21,-11,11-14,0
AF009080626,MEMENTO,SENTRY,7,10,7,17,14,27,-3,3-4,2
AF009080726,CRYSTAL,JUDGEMENT,2,9,10,7,12,16,-7,5-7,0
AF009080826,LUNA,CRYSTAL,7,14,7,3,14,17,-7,5-7,0
AF009080926,JUDGEMENT,ACE,14,7,10,8,24,15,7,5-7,0
AF009090626,LEO,METEOR,7,0,0,10,7,10,7,5-7,1
AF009090726,KEVLAR,ROCKET,14,0,3,15,17,15,14,11-14,2
AF009090826,LAZARUS,SHROUD,14,14,22,14,36,28,0,level,0
AF009100626,HERMES,PATHFINDER,24,13,3,0,27,13,11,11-14,0
AF009100726,CRYSTAL,VALIANT,6,7,7,0,13,7,-1,1-2,1
AF009100826,ACE,RELIC,7,14,13,7,20,21,-7,5-7,0
AF009100926,ROCKET,METEOR,7,3,10,21,17,24,4,3-4,3
AF009110626,PATHFINDER,VALIANT,14,7,7,0,21,7,7,5-7,0
AF009110826,ACE,PATHFINDER,10,7,3,0,13,7,3,3-4,0
AF009110926,MEMENTO,SENTRY,14,7,8,14,22,21,7,5-7,2
AF009120626,HERMES,HURRICANE,14,0,7,13,21,13,14,11-14,0
AF009120726,SHROUD,LAZARUS,7,17,6,7,13,24,-10,8-10,0
AF009120826,SABRE,ROCKET,7,0,7,13,14,13,7,5-7,0
AF009120926,OFFICER,AVATAR,24,7,10,14,34,21,17,15+,0
AF009130726,METEOR,KATANA,0,13,7,3,7,16,-13,11-14,0
AF009130826,HURRICANE,KRAKEN,14,7,14,13,28,20,7,5-7,0
AF009130926,OVERDRIVE,ASTRONAUT,12,14,7,0,19,14,-2,1-2,1
AF009140626,PATHFINDER,OVERDRIVE,10,0,10,14,20,14,10,8-10,2
AF009140726,HERMES,LAZARUS,7,10,7,7,14,17,-3,3-4,0
AF009140826,ASTRONAUT,CRYSTAL,3,0,7,7,10,7,3,3-4,0
AF009140926,KEVLAR,HERMES,10,7,6,7,16,14,3,3-4,2
AF009150626,PATHFINDER,KATANA,14,14,7,6,21,20,0,level,0
AF009150726,ASTRONAUT,KATANA,0,0,3,0,3,0,0,level,0
AF009150926,PINNACLE,LEGEND,14,17,14,7,28,24,-3,3-4,3
AF009160626,LYNX,PATHFINDER,7,7,17,15,24,22,0,level,0
AF009160726,HERMES,JUDGEMENT,17,7,7,7,24,14,10,8-10,0
AF009160826,SHROUD,ASTRONAUT,14,3,0,0,14,3,11,11-14,0
AF009160926,JUDGEMENT,PRECISION,14,0,7,24,21,24,14,11-14,1
AF009170626,HURRICANE,OCTANE,14,14,0,7,14,21,0,level,0
AF009170726,MEMENTO,SABRE,28,10,7,6,35,16,18,15+,0
AF009170826,MEMENTO,LAZARUS,8,17,8,6,16,23,-9,8-10,0
AF009170926,ASTRONAUT,OVERDRIVE,14,17,6,7,20,24,-3,3-4,0
AF009180626,JUDGEMENT,KATANA,3,7,7,0,10,7,-4,3-4,1
AF009180726,PHOENIX,VALIANT,7,0,14,6,21,6,7,5-7,0
AF009180826,ACE,KATANA,14,7,10,0,24,7,7,5-7,0
AF009180926,AVATAR,KEVLAR,3,7,0,0,3,7,-4,3-4,0
AF009190526,LEO,UNICORN,21,7,21,22,42,29,14,11-14,0
AF009190626,LYNX,ASTRONAUT,7,7,3,0,10,7,0,level,0
AF009190726,AVATAR,SHROUD,14,14,10,8,24,22,0,level,2
AF009190826,LAZARUS,CRYSTAL,7,14,14,10,21,24,-7,5-7,0
AF009200526,SHROUD,OCTANE,17,0,0,7,17,7,17,15+,0
AF009200726,KRAKEN,KATANA,7,14,0,0,7,14,-7,5-7,0
AF009200826,METEOR,ASTRONAUT,3,7,7,7,10,14,-4,3-4,2
AF009200926,JUDGEMENT,ACE,7,7,3,7,10,14,0,level,1
AF009210726,PSYCHIC,MONSTER,7,7,10,0,17,7,0,level,0
AF009210826,CRYSTAL,ASTRONAUT,7,7,14,8,21,15,0,level,2
AF009210926,LEO,KEVLAR,10,3,3,7,13,10,7,5-7,0
AF009220626,LAZARUS,OVERDRIVE,3,0,8,10,11,10,3,3-4,2
AF009220726,SAGE,KRAKEN,7,21,0,7,7,28,-14,11-14,0
AF009220826,ROCKET,LUNA,0,7,14,3,14,10,-7,5-7,1
AF009220926,MEMENTO,OFFICER,21,21,7,10,28,31,0,level,0
AF009230626,SHURIKEN,REGRET,7,7,6,3,13,10,0,level,0
AF009230726,SABRE,KRAKEN,14,7,0,0,14,7,7,5-7,0
AF009230826,PRECISION,ROCKET,10,7,10,7,20,14,3,3-4,0
AF009230926,PRECISION,HERMES,20,14,8,7,28,21,6,5-7,2
AF009240626,JUDGEMENT,LYNX,14,7,0,10,14,17,7,5-7,1
AF009240726,HURRICANE,CRYSTAL,0,7,7,3,7,10,-7,5-7,0
AF009240926,JUDGEMENT,LEGEND,7,21,14,7,21,28,-14,11-14,0
AF009250526,PATHFINDER,LEO,17,7,21,35,38,42,10,8-10,1
AF009250626,PHOENIX,OVERDRIVE,6,2,7,15,13,17,4,3-4,1
AF009250726,MERLIN,FENRIR,17,14,7,7,24,21,3,3-4,2
AF009250826,OCTANE,UNICORN,0,0,10,0,10,0,0,level,0
AF009250926,LEGEND,HERMES,3,14,7,14,10,28,-11,11-14,0
AF009260526,LEO,CRYSTAL,7,10,14,0,21,10,-3,3-4,1
AF009260726,LUNA,VALIANT,7,7,3,0,10,7,0,level,0
AF009260826,ASTRONAUT,SAGE,0,6,10,3,10,9,-6,5-7,3
AF009260926,HERMES,MEMENTO,24,7,10,6,34,13,17,15+,0
AF009270626,SHROUD,KATANA,14,13,8,6,22,19,1,1-2,2
AF009270726,PATHFINDER,METEOR,7,7,7,3,14,10,0,level,1
AF009270826,MIMIC,IMPERIAL,7,3,7,16,14,19,4,3-4,1
AF009270926,ACE,PRECISION,17,10,3,7,20,17,7,5-7,0
AF009280426,SHROUD,SPLINTER,14,14,14,6,28,20,0,level,0
AF009280526,OVERDRIVE,METEOR,14,7,14,22,28,29,7,5-7,1
AF009280626,LAZARUS,CRYSTAL,3,0,0,21,3,21,3,3-4,1
AF009280726,OCTANE,KATANA,7,0,10,7,17,7,7,5-7,0
AF009280926,MEMENTO,LEGEND,7,6,17,7,24,13,1,1-2,0
AF009290426,LEO,PRECISION,7,0,21,8,28,8,7,5-7,0
AF009290526,PATHFINDER,CRYSTAL,0,14,16,3,16,17,-14,11-14,0
AF009290626,LEO,OVERDRIVE,6,12,7,0,13,12,-6,5-7,1
AF009290726,OVERDRIVE,CRYSTAL,14,0,3,0,17,0,14,11-14,0
AF009290826,ACE,ASTRONAUT,3,24,14,14,17,38,-21,15+,0
AF009290926,CLASH,LYNX,3,7,0,7,3,14,-4,3-4,0
AF009300426,OVERDRIVE,HURRICANE,14,14,10,7,24,21,0,level,0
AF009300526,ASTRONAUT,LEO,28,21,14,7,42,28,7,5-7,0
AF009300626,KRAKEN,LEO,7,7,14,7,21,14,0,level,1
AF009300726,OVERDRIVE,SUMMIT,21,14,10,6,31,20,7,5-7,0
AF009300826,SHROUD,ROCKET,10,7,14,0,24,7,3,3-4,0
AF009300926,LEGEND,PRECISION,7,14,21,0,28,14,-7,5-7,1
AF009310726,LEGEND,LYNX,7,0,10,14,17,14,7,5-7,0
AF010010726,KEVLAR,PRECISION,17,0,0,0,17,0,17,15+,0
AF010010826,MEMENTO,OFFICER,7,7,21,7,28,14,0,level,0
AF010010926,SENTRY,CLASH,7,0,0,10,7,10,7,5-7,1
AF010011026,ROCKET,STRIDER,7,3,7,0,14,3,4,3-4,0
AF010020526,OFFICER,HERMES,3,0,14,7,17,7,3,3-4,0
AF010020726,HERMES,JUDGEMENT,7,7,14,13,21,20,0,level,3
AF010020926,PRECISION,PINNACLE,3,7,15,14,18,21,-4,3-4,0
AF010021026,OVERDRIVE,SHROUD,0,7,0,0,0,7,-7,5-7,0
AF010030526,LEGEND,LAZARUS,7,7,0,7,7,14,0,level,0
AF010030626,ENFORCER,SPARK,7,7,0,3,7,10,0,level,0
AF010030726,CLASH,MERCENARY,7,13,14,10,21,23,-6,5-7,0
AF010030826,SENTRY,ACE,17,3,7,15,24,18,14,11-14,0
AF010030926,KEVLAR,LEGEND,14,14,8,7,22,21,0,level,1
AF010040526,PINNACLE,CLASH,7,7,0,7,7,14,0,level,0
AF010040626,LEGEND,PRECISION,14,10,7,15,21,25,4,3-4,1
AF010040726,SENTRY,PRECISION,14,0,14,7,28,7,14,11-14,0
AF010040826,MEMENTO,MERCENARY,7,14,0,21,7,35,-7,5-7,0
AF010040926,HERMES,LYNX,7,7,0,3,7,10,0,level,0
AF010050526,LAZARUS,MEMENTO,7,7,3,0,10,7,0,level,0
AF010050626,LAZARUS,ASTRONAUT,7,0,6,7,13,7,7,5-7,0
AF010050826,MEMENTO,PRECISION,21,7,0,15,21,22,14,11-14,1
AF010060626,LEGEND,PINNACLE,7,21,7,10,14,31,-14,11-14,0
AF010060726,PRECISION,OFFICER,21,14,14,6,35,20,7,5-7,0
AF010060826,LAZARUS,LEO,14,6,10,8,24,14,8,8-10,0
AF010060926,SENTRY,PRECISION,10,0,7,7,17,7,10,8-10,0
AF010070626,PRECISION,OFFICER,10,14,6,7,16,21,-4,3-4,0
AF010070726,LEO,CRYSTAL,3,14,15,0,18,14,-11,11-14,1
AF010070826,LYNX,LEGEND,0,7,0,14,0,21,-7,5-7,0
AF010070926,PINNACLE,LEGEND,28,7,14,7,42,14,21,15+,0
AF010080626,PRECISION,CLASH,7,7,13,14,20,21,0,level,1
AF010080726,LYNX,LEGEND,14,7,7,13,21,20,7,5-7,0
AF010090626,PRECISION,CLASH,3,10,7,3,10,13,-7,5-7,0
AF010090726,CLASH,MEMENTO,14,7,7,0,21,7,7,5-7,0
AF010090826,AVATAR,OFFICER,14,7,10,0,24,7,7,5-7,0
AF010090926,HERMES,ACE,14,7,0,3,14,10,7,5-7,0
AF010100626,KEVLAR,AVATAR,0,10,7,0,7,10,-10,8-10,0
AF010100726,KEVLAR,AVATAR,7,14,6,3,13,17,-7,5-7,0
AF010100826,MEMENTO,CLASH,7,21,10,7,17,28,-14,11-14,0
AF010110626,LAZARUS,KEVLAR,7,17,7,0,14,17,-10,8-10,0
AF010110826,LAZARUS,LEGEND,14,7,17,21,31,28,7,5-7,2
AF010110926,SABRE,ACE,7,7,17,14,24,21,0,level,0
AF010120626,MEMENTO,PINNACLE,10,7,8,14,18,21,3,3-4,1
AF010120726,PRECISION,SENTRY,14,14,7,0,21,14,0,level,0
AF010120826,MERCENARY,LEGEND,14,7,10,14,24,21,7,5-7,0
AF010120926,LUNA,RELIC,14,14,7,10,21,24,0,level,0
AF010130626,SENTRY,MEMENTO,14,14,6,14,20,28,0,level,0
AF010130726,CLASH,MERCENARY,7,7,0,10,7,17,0,level,0
AF010140626,MEMENTO,SENTRY,7,7,14,7,21,14,0,level,0
AF010140726,MEMENTO,KEVLAR,7,14,6,14,13,28,-7,5-7,0
AF010140826,LYNX,LAZARUS,17,7,7,7,24,14,10,8-10,0
AF010140926,IMPERIAL,LUNA,7,14,8,15,15,29,-7,5-7,0
AF010150626,CLASH,OFFICER,14,7,3,7,17,14,7,5-7,0
AF010150726,MEMENTO,CLASH,0,7,6,7,6,14,-7,5-7,0
AF010150826,AVATAR,METEOR,14,3,7,7,21,10,11,11-14,0
AF010150926,JUDGEMENT,HERMES,10,7,10,16,20,23,3,3-4,1
AF010160626,PINNACLE,MEMENTO,14,7,0,10,14,17,7,5-7,1
AF010160726,LEO,LYNX,7,10,7,7,14,17,-3,3-4,2
AF010160826,PRECISION,OFFICER,17,10,0,10,17,20,7,5-7,1
AF010160926,HURRICANE,ASTRONAUT,14,0,10,7,24,7,14,11-14,0
AF010170626,LEGEND,CLASH,7,7,0,10,7,17,0,level,0
AF010170726,LEGEND,KEVLAR,3,7,7,14,10,21,-4,3-4,0
AF010170826,CLASH,SENTRY,10,0,7,7,17,7,10,8-10,0
AF010170926,UNICORN,SUMMIT,3,7,0,24,3,31,-4,3-4,0
AF010180626,PRECISION,PATHFINDER,14,24,7,7,21,31,-10,8-10,0
AF010180726,OFFICER,MERCENARY,6,10,9,3,15,13,-4,3-4,1
AF010180826,LEO,PRECISION,21,14,20,14,41,28,7,5-7,0
AF010180926,LUNA,ACE,14,7,13,8,27,15,7,5-7,0
AF010190526,KEVLAR,CLASH,3,3,0,14,3,17,0,level,0
AF010190626,LEGEND,PRECISION,7,10,10,0,17,10,-3,3-4,1
AF010190726,OFFICER,MERCENARY,14,0,7,7,21,7,14,11-14,0
AF010190826,LEGEND,HERMES,0,14,14,3,14,17,-14,11-14,0
AF010190926,PHOENIX,KRAKEN,10,7,14,10,24,17,3,3-4,0
AF010200526,LEO,ASTRONAUT,14,14,7,14,21,28,0,level,0
AF010200726,MEMENTO,CLASH,7,0,7,0,14,0,7,5-7,0
AF010200826,MEMENTO,ACE,14,14,10,0,24,14,0,level,0
AF010200926,PSYCHIC,HURRICANE,7,7,6,7,13,14,0,level,0
AF010210726,AVATAR,LEGEND,7,7,10,7,17,14,0,level,0
AF010210826,LEO,PRECISION,10,7,7,0,17,7,3,3-4,0
AF010210926,IMPERIAL,ROCKET,7,17,7,7,14,24,-10,8-10,0
AF010220626,CLASH,KEVLAR,7,7,7,0,14,7,0,level,0
AF010220726,PINNACLE,SABRE,10,7,14,13,24,20,3,3-4,0
AF010220826,LEO,SENTRY,14,14,8,14,22,28,0,level,0
AF010220926,STRIDER,OVERDRIVE,10,17,3,14,13,31,-7,5-7,0
AF010230626,MIRAGE,ENFORCER,7,10,0,14,7,24,-3,3-4,0
AF010230726,MEMENTO,KEVLAR,7,14,8,3,15,17,-7,5-7,0
AF010230826,PINNACLE,MERCENARY,7,7,6,7,13,14,0,level,0
AF010240626,MEMENTO,MERCENARY,10,7,0,7,10,14,3,3-4,1
AF010240726,LEO,PINNACLE,6,14,0,7,6,21,-8,8-10,0
AF010240826,LAZARUS,MEMENTO,0,14,21,10,21,24,-14,11-14,2
AF010240926,ASTRONAUT,KRAKEN,10,7,7,14,17,21,3,3-4,3
AF010250526,OFFICER,PINNACLE,7,14,22,17,29,31,-7,5-7,0
AF010250626,LAZARUS,PATHFINDER,7,7,17,0,24,7,0,level,0
AF010250826,LAZARUS,LEGEND,7,9,18,13,25,22,-2,1-2,3
AF010250926,SABRE,ROCKET,7,7,7,0,14,7,0,level,0
AF010260526,CLASH,AVATAR,14,14,10,0,24,14,0,level,0
AF010260626,JUDGEMENT,LEGEND,7,0,13,14,20,14,7,5-7,0
AF010260726,SHROUD,JUDGEMENT,14,0,3,7,17,7,14,11-14,0
AF010260826,LEGEND,PRECISION,10,21,3,3,13,24,-11,11-14,0
AF010260926,ROCKET,SHROUD,3,21,8,3,11,24,-18,15+,0
AF010270526,MEMENTO,ASTRONAUT,0,3,7,8,7,11,-3,3-4,2
AF010270626,LEGEND,OFFICER,14,14,13,7,27,21,0,level,0
AF010270726,KEVLAR,PINNACLE,7,7,8,7,15,14,0,level,1
AF010270826,SAGE,JUDGEMENT,10,3,7,7,17,10,7,5-7,0
AF010270926,SHROUD,ASTRONAUT,7,0,3,0,10,0,7,5-7,0
AF010280426,PRECISION,MEMENTO,14,3,7,0,21,3,11,11-14,0
AF010280526,HURRICANE,LAZARUS,0,7,7,7,7,14,-7,5-7,0
AF010280626,ACE,LEO,7,7,7,14,14,21,0,level,0
AF010280726,MERCENARY,LEGEND,21,0,3,8,24,8,21,15+,0
AF010280826,CLASH,KEVLAR,14,0,0,7,14,7,14,11-14,0
AF010290426,OFFICER,LYNX,7,3,14,7,21,10,4,3-4,0
AF010290526,HERMES,LEGEND,3,7,14,3,17,10,-4,3-4,1
AF010290626,OFFICER,MERCENARY,0,17,15,0,15,17,-17,15+,0
AF010290726,ACE,LEGEND,7,7,17,7,24,14,0,level,1
AF010290826,LYNX,OFFICER,7,14,14,0,21,14,-7,5-7,1
AF010290926,KATANA,IMPERIAL,6,9,6,0,12,9,-3,3-4,1
AF010300426,PRECISION,LAZARUS,0,17,14,0,14,17,-17,15+,0
AF010300526,OFFICER,LYNX,14,14,10,7,24,21,0,level,2
AF010300626,HERMES,PATHFINDER,17,0,0,0,17,0,17,15+,0
AF010300726,HERMES,PRECISION,10,14,14,13,24,27,-4,3-4,4
AF010300826,LAZARUS,OFFICER,14,21,17,6,31,27,-7,5-7,1
AF010300926,SABRE,RELIC,0,17,3,7,3,24,-17,15+,0
AF010310526,LEO,PRECISION,7,7,6,7,13,14,0,level,0
AF010310726,PINNACLE,AVATAR,17,7,13,28,30,35,10,8-10,1
AF010310826,KEVLAR,PINNACLE,7,21,7,7,14,28,-14,11-14,0
AF011010526,ANVIL,SAGE,14,7,3,7,17,14,7,5-7,0
AF011010626,PHOENIX,LUNA,7,14,14,10,21,24,-7,5-7,0
AF011010726,VALIANT,LUNA,10,7,7,7,17,14,3,3-4,2
AF011010826,VALIANT,SUMMIT,10,7,7,0,17,7,3,3-4,0
AF011010926,GENIUS,JUDGEMENT,7,14,0,7,7,21,-7,5-7,0
AF011011026,OVERDRIVE,ACE,6,7,11,7,17,14,-1,1-2,1
AF011020626,VALIANT,MONSTER,3,0,3,3,6,3,3,3-4,0
AF011020726,DESTINY,ACE,7,10,7,13,14,23,-3,3-4,2
AF011020826,DON,WARRIOR,0,7,0,7,0,14,-7,5-7,0
AF011020926,SHARK,MIDAS,10,7,7,14,17,21,3,3-4,3
AF011021026,HERMES,PRECISION,14,6,3,8,17,14,8,8-10,0
AF011030526,PSYCHIC,IMPERIAL,14,21,17,8,31,29,-7,5-7,3
AF011030626,FENRIR,NIGHTMARE,7,3,17,16,24,19,4,3-4,0
AF011030826,WARRIOR,ROMAN,3,3,21,9,24,12,0,level,0
AF011031026,HURRICANE,LUNA,3,10,7,13,10,23,-7,5-7,0
AF011040526,LUNA,HURRICANE,7,9,14,7,21,16,-2,1-2,3
AF011040726,SENTINEL,VALIANT,3,7,7,6,10,13,-4,3-4,2
AF011040826,ROMAN,DON,7,14,10,7,17,21,-7,5-7,2
AF011040926,MIMIC,HURRICANE,7,7,7,10,14,17,0,level,0
AF011041026,MEMENTO,OFFICER,17,14,13,21,30,35,3,3-4,3
AF011050526,MONSTER,VALIANT,3,7,17,7,20,14,-4,3-4,3
AF011050626,VALIANT,KRAKEN,7,7,8,7,15,14,0,level,1
AF011050726,PSYCHIC,CRYSTAL,7,7,6,7,13,14,0,level,0
AF011050826,MONSTER,SUMMIT,7,10,14,13,21,23,-3,3-4,2
AF011051026,HERMES,LEO,14,21,7,10,21,31,-7,5-7,0
AF011060626,SUMMIT,GENIUS,7,7,3,10,10,17,0,level,1
AF011060726,PSYCHIC,VALIANT,3,3,6,7,9,10,0,level,0
AF011060926,KRAKEN,PHOENIX,7,14,7,7,14,21,-7,5-7,0
AF011061026,LYNX,LEO,10,14,14,7,24,21,-4,3-4,3
AF011070526,KRAKEN,GENIUS,10,7,14,14,24,21,3,3-4,4
AF011070626,KRAKEN,HURRICANE,14,14,3,0,17,14,0,level,0
AF011070726,BLAZE,ROMAN,14,0,10,7,24,7,14,11-14,0
AF011070826,KRAKEN,HURRICANE,14,14,14,10,28,24,0,level,1
AF011070926,WARRIOR,STRIDER,7,7,7,0,14,7,0,level,0
AF011080626,METEOR,LEO,7,7,10,8,17,15,0,level,2
AF011080726,SORCERER,SEEKER,3,3,7,0,10,3,0,level,0
AF011080826,VALIANT,PSYCHIC,14,0,7,8,21,8,14,11-14,0
AF011080926,IMPERIAL,ROCKET,7,7,10,7,17,14,0,level,0
AF011090626,MONSTER,GENIUS,7,7,14,11,21,18,0,level,1
AF011090726,ANVIL,SENTINEL,21,14,7,8,28,22,7,5-7,0
AF011090826,CRYSTAL,VALIANT,7,10,7,7,14,17,-3,3-4,0
AF011100626,UNICORN,VALIANT,6,7,8,14,14,21,-1,1-2,0
AF011100726,SHARK,DAME,7,10,14,0,21,10,-3,3-4,1
AF011100826,HURRICANE,IMPERIAL,7,10,7,0,14,10,-3,3-4,1
AF011100926,RELIC,KRAKEN,3,10,24,14,27,24,-7,5-7,3
AF011110626,SEEKER,SAGE,7,3,0,10,7,13,4,3-4,1
AF011110826,PSYCHIC,SAGE,7,7,7,9,14,16,0,level,1
AF011110926,LYNX,KEVLAR,10,0,13,15,23,15,10,8-10,0
AF011120726,PSYCHIC,IMPERIAL,13,0,0,14,13,14,13,11-14,1
AF011120826,GENIUS,MIMIC,0,14,15,7,15,21,-14,11-14,0
AF011120926,MEMENTO,PRECISION,7,14,15,7,22,21,-7,5-7,1
AF011130626,SENTINEL,SEEKER,3,7,8,7,11,14,-4,3-4,0
AF011130726,MONSTER,SORCERER,14,0,7,7,21,7,14,11-14,0
AF011130826,DESTINY,SHARK,0,14,7,7,7,21,-14,11-14,0
AF011140626,PSYCHIC,CRYSTAL,12,10,0,7,12,17,2,1-2,1
AF011140726,WARRIOR,ACE,0,10,0,3,0,13,-10,8-10,0
AF011140826,OCTANE,LUNA,10,6,7,14,17,20,4,3-4,3
AF011140926,SENTRY,LEO,14,14,7,14,21,28,0,level,0
AF011150626,PSYCHIC,SUMMIT,14,14,0,15,14,29,0,level,0
AF011150726,ANVIL,UNICORN,7,14,8,7,15,21,-7,5-7,0
AF011150926,CLASH,MEMENTO,17,7,7,0,24,7,10,8-10,0
AF011160626,KATANA,SENTINEL,14,0,6,0,20,0,14,11-14,0
AF011160726,DON,BLAZE,7,7,7,0,14,7,0,level,0
AF011160826,PSYCHIC,PHOENIX,7,16,6,0,13,16,-9,8-10,0
AF011170626,ANVIL,GENIUS,7,7,7,10,14,17,0,level,1
AF011170726,ANVIL,KRAKEN,0,3,0,10,0,13,-3,3-4,0
AF011170826,GENIUS,CRYSTAL,16,7,3,15,19,22,9,8-10,1
AF011170926,ACE,LUNA,14,7,0,17,14,24,7,5-7,1
AF011180726,ROMAN,DAME,7,7,7,0,14,7,0,level,0
AF011180926,HERMES,PRECISION,21,3,7,14,28,17,18,15+,0
AF011190526,GENIUS,NEON,6,0,6,6,12,6,6,5-7,0
AF011190726,IMPERIAL,PHOENIX,7,7,24,14,31,21,0,level,2
AF011190826,SUMMIT,KRAKEN,14,28,6,3,20,31,-14,11-14,0
AF011190926,LYNX,LEGEND,14,14,14,8,28,22,0,level,0
AF011200526,ROCKET,LUNA,10,3,10,7,20,10,7,5-7,0
AF011200726,VALIANT,HURRICANE,7,7,3,0,10,7,0,level,0
AF011200826,DON,WARRIOR,7,10,0,3,7,13,-3,3-4,0
AF011200926,ACE,OVERDRIVE,20,7,15,14,35,21,13,11-14,0
AF011210726,ACE,STRIDER,7,7,7,6,14,13,0,level,0
AF011210826,SHARK,MIDAS,7,7,7,3,14,10,0,level,1
AF011210926,PRECISION,AVATAR,14,7,0,24,14,31,7,5-7,1
AF011220626,KRAKEN,CRYSTAL,3,10,7,3,10,13,-7,5-7,0
AF011220726,DESTINY,GENIUS,3,7,7,7,10,14,-4,3-4,2
AF011220926,LEGEND,LYNX,14,3,3,15,17,18,11,11-14,1
AF011230626,SPARK,SCHOLAR,7,3,7,6,14,9,4,3-4,0
AF011230726,DAME,DESTINY,3,3,3,0,6,3,0,level,0
AF011230826,VALIANT,PSYCHIC,7,7,0,3,7,10,0,level,0
AF011230926,LYNX,PATHFINDER,7,17,21,7,28,24,-10,8-10,1
AF011240726,MIDAS,ACE,7,10,0,7,7,17,-3,3-4,0
AF011240926,LYNX,LEO,10,10,8,7,18,17,0,level,1
AF011250526,ROCKET,PHOENIX,7,14,8,7,15,21,-7,5-7,0
AF011250626,OCTANE,LUNA,3,3,7,0,10,3,0,level,0
AF011250726,LIZARD,HEADHUNTER,10,14,14,7,24,21,-4,3-4,3
AF011250826,SHARK,MIDAS,10,3,7,8,17,11,7,5-7,0
AF011250926,KEVLAR,LEO,7,14,17,14,24,28,-7,5-7,4
AF011260526,PHOENIX,MONSTER,7,0,7,7,14,7,7,5-7,0
AF011260626,LUNA,ROMAN,17,7,7,0,24,7,10,8-10,0
AF011260726,SHARK,DAME,17,0,7,0,24,0,17,15+,0
AF011260926,PATHFINDER,PRECISION,6,14,15,10,21,24,-8,8-10,0
AF011270526,GENIUS,KRAKEN,7,28,8,7,15,35,-21,15+,0
AF011270626,PSYCHIC,MONSTER,14,0,0,9,14,9,14,11-14,0
AF011270826,ROMAN,MIDAS,14,3,7,15,21,18,11,11-14,0
AF011270926,HERMES,PATHFINDER,7,7,6,7,13,14,0,level,0
AF011280426,NEON,UNICORN,0,16,0,0,0,16,-16,15+,0
AF011280526,SEEKER,OCTANE,7,7,8,7,15,14,0,level,1
AF011280626,OVERDRIVE,PHOENIX,14,10,14,14,28,24,4,3-4,4
AF011280726,STRIDER,SHARK,14,0,0,6,14,6,14,11-14,0
AF011280826,PSYCHIC,UNICORN,0,0,0,7,0,7,0,level,0
AF011290426,SAGE,UNICORN,14,3,0,15,14,18,11,11-14,1
AF011290626,LUNA,PSYCHIC,0,3,14,14,14,17,-3,3-4,0
AF011290826,PHOENIX,MONSTER,7,7,7,8,14,15,0,level,1
AF011290926,PINNACLE,OFFICER,14,21,8,7,22,28,-7,5-7,0
AF011300426,GENIUS,ROCKET,13,17,14,7,27,24,-4,3-4,3
AF011300526,ANVIL,PHOENIX,7,7,7,0,14,7,0,level,0
AF011300626,UNICORN,SORCERER,17,6,7,0,24,6,11,11-14,0
AF011300726,DAME,ROMAN,0,10,10,3,10,13,-10,8-10,0
AF011300826,VALIANT,RELIC,7,14,6,10,13,24,-7,5-7,0
AF011300926,MEMENTO,JUDGEMENT,14,7,7,7,21,14,7,5-7,0
AF011310526,LUNA,KRAKEN,7,3,7,7,14,10,4,3-4,2
AF011310826,KRAKEN,LUNA,14,7,3,3,17,10,7,5-7,0
AF012010726,JUDGEMENT,PATHFINDER,7,21,8,3,15,24,-14,11-14,0
AF012010826,RELIC,KRAKEN,7,10,7,14,14,24,-3,3-4,0
AF012010926,LEGEND,PRECISION,3,7,6,10,9,17,-4,3-4,0
AF012011026,PSYCHIC,LUNA,7,23,0,7,7,30,-16,15+,0
AF012020726,ANVIL,PHOENIX,7,7,0,14,7,21,0,level,0
AF012020826,OVERDRIVE,JUDGEMENT,14,10,21,16,35,26,4,3-4,0
AF012020926,ROCKET,MONSTER,7,7,9,6,16,13,0,level,0
AF012021026,ACE,ASTRONAUT,14,14,7,14,21,28,0,level,0
AF012030526,SPLINTER,PRECISION,7,20,0,0,7,20,-13,11-14,0
AF012030626,SHURIKEN,NIRVANA,14,7,8,14,22,21,7,5-7,2
AF012030726,LAZARUS,LEGEND,3,7,7,7,10,14,-4,3-4,2
AF012030826,ASTRONAUT,CRYSTAL,7,14,15,7,22,21,-7,5-7,1
AF012030926,HURRICANE,CRYSTAL,7,7,7,10,14,17,0,level,0
AF012031026,GENIUS,SUMMIT,7,7,6,3,13,10,0,level,0
AF012040526,METEOR,LEO,7,21,13,7,20,28,-14,11-14,0
AF012040726,LAZARUS,HURRICANE,14,3,7,7,21,10,11,11-14,0
AF012040826,GENIUS,OCTANE,14,13,7,9,21,22,1,1-2,3
AF012040926,SAGE,ACE,3,7,7,10,10,17,-4,3-4,2
AF012041026,WARRIOR,ROCKET,0,0,13,11,13,11,0,level,3
AF012050626,SHROUD,PATHFINDER,7,7,0,7,7,14,0,level,0
AF012050726,VALIANT,LAZARUS,7,0,14,7,21,7,7,5-7,0
AF012050826,JUDGEMENT,CRYSTAL,14,7,3,7,17,14,7,5-7,0
AF012051026,OVERDRIVE,SHROUD,14,7,10,7,24,14,7,5-7,0
AF012060626,IMPERIAL,SHROUD,0,14,3,10,3,24,-14,11-14,0
AF012060726,HURRICANE,LEO,7,7,9,7,16,14,0,level,2
AF012060826,UNICORN,IMPERIAL,14,7,7,16,21,23,7,5-7,3
AF012060926,JUDGEMENT,SHROUD,21,21,13,0,34,21,0,level,0
AF012061026,HERMES,PRECISION,21,21,21,17,42,38,0,level,4
AF012070526,PRECISION,HURRICANE,0,14,17,0,17,14,-14,11-14,1
AF012070626,OVERDRIVE,HERMES,7,7,30,23,37,30,0,level,6
AF012070726,SENTINEL,UNICORN,7,14,0,6,7,20,-7,5-7,0
AF012070926,KATANA,ROCKET,7,0,0,0,7,0,7,5-7,0
AF012080626,LAZARUS,KEVLAR,7,14,0,3,7,17,-7,5-7,0
AF012080726,KATANA,OCTANE,21,0,0,7,21,7,21,15+,0
AF012080826,ROCKET,ACE,14,7,7,7,21,14,7,5-7,0
AF012080926,JUDGEMENT,METEOR,14,14,14,0,28,14,0,level,0
AF012090626,ROCKET,HERMES,7,14,0,7,7,21,-7,5-7,0
AF012090726,LAZARUS,SAGE,14,7,0,0,14,7,7,5-7,0
AF012090826,JUDGEMENT,PATHFINDER,0,10,21,28,21,38,-10,8-10,0
AF012090926,KATANA,SAGE,3,3,0,10,3,13,0,level,0
AF012100626,PHOENIX,SHROUD,10,7,7,14,17,21,3,3-4,3
AF012100726,LUNA,LAZARUS,7,7,8,10,15,17,0,level,2
AF012100826,LUNA,HERMES,7,14,15,14,22,28,-7,5-7,0
AF012100926,SABRE,JUDGEMENT,3,21,8,3,11,24,-18,15+,0
AF012110626,SHROUD,METEOR,14,7,8,14,22,21,7,5-7,2
AF012110826,ACE,HERMES,0,3,7,3,7,6,-3,3-4,1
AF012120626,SAGE,OVERDRIVE,7,14,6,5,13,19,-7,5-7,0
AF012120726,LAZARUS,KRAKEN,17,21,13,14,30,35,-4,3-4,0
AF012120826,HERMES,METEOR,14,7,10,18,24,25,7,5-7,1
AF012120926,METEOR,ACE,17,14,7,0,24,14,3,3-4,0
AF012130626,LEO,HERMES,7,10,7,7,14,17,-3,3-4,0
AF012130726,PHOENIX,OVERDRIVE,9,9,16,19,25,28,0,level,1
AF012130826,KRAKEN,METEOR,7,17,14,16,21,33,-10,8-10,0
AF012130926,PHOENIX,VALIANT,10,7,7,7,17,14,3,3-4,2
AF012140626,LAZARUS,JUDGEMENT,7,7,7,0,14,7,0,level,0
AF012140726,SABRE,SENTRY,14,10,7,14,21,24,4,3-4,1
AF012140826,JUDGEMENT,KRAKEN,10,14,6,10,16,24,-4,3-4,0
AF012140926,VALIANT,PHOENIX,7,3,14,14,21,17,4,3-4,4
AF012150626,VALIANT,METEOR,7,7,7,8,14,15,0,level,1
AF012150826,LUNA,ROCKET,14,7,15,8,29,15,7,5-7,0
AF012160726,CRYSTAL,LUNA,7,7,0,7,7,14,0,level,0
AF012160826,KRAKEN,ACE,14,14,0,14,14,28,0,level,0
AF012160926,SHROUD,KRAKEN,7,0,3,7,10,7,7,5-7,0
AF012170626,ROCKET,LUNA,7,10,0,7,7,17,-3,3-4,0
AF012170726,HERMES,LEO,14,28,15,0,29,28,-14,11-14,1
AF012170926,MIMIC,MIDAS,7,14,0,14,7,28,-7,5-7,0
AF012180626,HURRICANE,OVERDRIVE,0,7,21,7,21,14,-7,5-7,1
AF012180726,MONSTER,LUNA,3,14,0,0,3,14,-11,11-14,0
AF012180826,SAGE,CRYSTAL,10,7,7,7,17,14,3,3-4,0
AF012180926,SAGE,ASTRONAUT,10,3,9,14,19,17,7,5-7,2
AF012190526,SUMMIT,METEOR,7,7,8,10,15,17,0,level,0
AF012190626,LAZARUS,PATHFINDER,7,0,10,14,17,14,7,5-7,0
AF012190726,OVERDRIVE,JUDGEMENT,14,3,0,16,14,19,11,11-14,1
AF012190826,SAGE,OCTANE,7,7,7,0,14,7,0,level,0
AF012200526,VALIANT,CRYSTAL,12,7,3,7,15,14,5,5-7,2
AF012200726,OCTANE,ROCKET,20,13,0,8,20,21,7,5-7,1
AF012200826,JUDGEMENT,SABRE,14,14,7,9,21,23,0,level,2
AF012210726,LUNA,HERMES,3,7,8,13,11,20,-4,3-4,0
AF012210826,LUNA,SABRE,7,7,27,22,34,29,0,level,0
AF012210926,PSYCHIC,HURRICANE,14,14,6,7,20,21,0,level,0
AF012220626,VALIANT,METEOR,0,14,7,3,7,17,-14,11-14,0
AF012220726,OCTANE,ROCKET,7,3,0,17,7,20,4,3-4,1
AF012220826,IMPERIAL,JUDGEMENT,0,0,14,0,14,0,0,level,0
AF012230726,CRYSTAL,ASTRONAUT,7,6,0,0,7,6,1,1-2,0
AF012230826,SHROUD,OVERDRIVE,21,14,3,8,24,22,7,5-7,0
AF012240826,METEOR,HERMES,0,7,0,6,0,13,-7,5-7,0
AF012240926,HURRICANE,LUNA,7,7,0,17,7,24,0,level,0
AF012250526,SHROUD,HURRICANE,14,21,3,21,17,42,-7,5-7,0
AF012250626,OVERDRIVE,METEOR,7,14,8,16,15,30,-7,5-7,0
AF012250726,MAVERICK,SCHOLAR,14,10,6,7,20,17,4,3-4,0
AF012250826,LEO,HERMES,0,10,8,7,8,17,-10,8-10,0
AF012250926,PSYCHIC,LUNA,7,3,14,6,21,9,4,3-4,0
AF012260526,OVERDRIVE,SHROUD,14,7,7,0,21,7,7,5-7,0
AF012260626,SAGE,KRAKEN,7,3,7,0,14,3,4,3-4,0
AF012260726,CRYSTAL,LAZARUS,7,7,7,0,14,7,0,level,0
AF012260826,SABRE,METEOR,7,21,0,3,7,24,-14,11-14,0
AF012270526,SAGE,VALIANT,14,0,7,8,21,8,14,11-14,0
AF012270626,PHOENIX,KRAKEN,7,17,7,7,14,24,-10,8-10,0
AF012270726,HERMES,SENTRY,7,21,7,3,14,24,-14,11-14,0
AF012270826,PHOENIX,HURRICANE,7,7,0,10,7,17,0,level,0
AF012270926,VALIANT,OVERDRIVE,7,14,15,10,22,24,-7,5-7,0
AF012280526,ROCKET,SHROUD,17,14,10,0,27,14,3,3-4,0
AF012280626,WARRIOR,SHROUD,0,14,0,0,0,14,-14,11-14,0
AF012280726,MONSTER,KRAKEN,7,14,6,9,13,23,-7,5-7,0
AF012290426,VALIANT,MEMENTO,7,7,0,3,7,10,0,level,0
AF012290526,VALIANT,OVERDRIVE,14,7,7,15,21,22,7,5-7,1
AF012290626,ROCKET,CRYSTAL,7,0,7,7,14,7,7,5-7,0
AF012290726,PSYCHIC,SAGE,7,14,8,7,15,21,-7,5-7,0
AF012290826,SHROUD,OVERDRIVE,6,14,0,10,6,24,-8,8-10,0
AF012290926,PSYCHIC,KRAKEN,3,3,8,0,11,3,0,level,0
AF012300426,CRYSTAL,METEOR,0,14,7,7,7,21,-14,11-14,0
AF012300626,SENTRY,CRYSTAL,14,7,7,9,21,16,7,5-7,0
AF012300726,ANVIL,RELIC,7,14,14,21,21,35,-7,5-7,0
AF012300826,CRYSTAL,JUDGEMENT,0,7,8,7,8,14,-7,5-7,0
AF012300926,SAGE,LUNA,10,10,7,0,17,10,0,level,0
AF012310726,PATHFINDER,LEO,14,14,7,10,21,24,0,level,0
AF013010626,CLASH,PINNACLE,0,10,3,3,3,13,-10,8-10,0
AF013010726,PRECISION,CLASH,7,7,7,14,14,21,0,level,0
AF013010826,MEMENTO,ACE,14,6,14,14,28,20,8,8-10,0
AF013010926,CLASH,MERCENARY,7,3,7,0,14,3,4,3-4,0
AF013011026,OVERDRIVE,HERMES,7,14,0,3,7,17,-7,5-7,0
AF013020526,HERMES,LAZARUS,7,10,7,0,14,10,-3,3-4,1
AF013020626,MEMENTO,CLASH,7,7,18,17,25,24,0,level,4
AF013020726,JUDGEMENT,METEOR,7,0,0,14,7,14,7,5-7,1
AF013020826,PATHFINDER,MERCENARY,0,10,14,7,14,17,-10,8-10,0
AF013021026,HERMES,KEVLAR,7,3,6,11,13,14,4,3-4,1
AF013030526,LAZARUS,HERMES,7,7,0,3,7,10,0,level,0
AF013030626,KILLJOY,NIGHTMARE,10,7,7,6,17,13,3,3-4,0
AF013030726,MERCENARY,KEVLAR,10,7,6,7,16,14,3,3-4,0
AF013030826,ACE,CLASH,14,14,0,10,14,24,0,level,0
AF013030926,LEGEND,HERMES,7,3,21,21,28,24,4,3-4,4
AF013031026,HURRICANE,ROCKET,7,3,7,3,14,6,4,3-4,0
AF013040526,CLASH,KEVLAR,14,7,0,0,14,7,7,5-7,0
AF013040626,PRECISION,KEVLAR,10,14,14,14,24,28,-4,3-4,2
AF013040726,PRECISION,PATHFINDER,13,0,7,0,20,0,13,11-14,0
AF013040926,LYNX,LEGEND,14,0,3,0,17,0,14,11-14,0
AF013050626,ASTRONAUT,AVATAR,7,24,6,3,13,27,-17,15+,0
AF013050726,OVERDRIVE,PRECISION,7,21,10,14,17,35,-14,11-14,0
AF013050826,PRECISION,LAZARUS,0,14,7,3,7,17,-14,11-14,0
AF013051026,HERMES,OFFICER,0,21,7,14,7,35,-21,15+,0
AF013060726,OFFICER,LEGEND,0,6,6,3,6,9,-6,5-7,0
AF013060826,LEO,HERMES,3,7,6,7,9,14,-4,3-4,0
AF013060926,PRECISION,MEMENTO,10,14,8,7,18,21,-4,3-4,0
AF013061026,LYNX,MEMENTO,17,14,7,17,24,31,3,3-4,1
AF013070626,OFFICER,AVATAR,14,7,10,15,24,22,7,5-7,0
AF013070726,CRYSTAL,OVERDRIVE,14,0,14,23,28,23,14,11-14,2
AF013070826,LEGEND,MERCENARY,14,10,14,28,28,38,4,3-4,1
AF013070926,LEGEND,CLASH,14,28,0,0,14,28,-14,11-14,0
AF013080626,CLASH,OFFICER,7,7,0,10,7,17,0,level,0
AF013080726,LEGEND,HERMES,14,7,3,7,17,14,7,5-7,0
AF013080826,LAZARUS,OFFICER,7,24,7,0,14,24,-17,15+,0
AF013080926,KEVLAR,PINNACLE,7,7,11,14,18,21,0,level,1
AF013090626,CLASH,LEGEND,14,7,6,0,20,7,7,5-7,0
AF013090726,MEMENTO,PRECISION,7,14,0,0,7,14,-7,5-7,0
AF013090826,OFFICER,SENTRY,10,7,7,0,17,7,3,3-4,0
AF013100626,AVATAR,LYNX,17,14,7,7,24,21,3,3-4,2
AF013100726,AVATAR,SABRE,14,7,7,7,21,14,7,5-7,0
AF013100826,CLASH,LEGEND,7,14,0,3,7,17,-7,5-7,0
AF013110626,KEVLAR,MEMENTO,6,7,3,7,9,14,-1,1-2,2
AF013110826,LEGEND,MERCENARY,14,14,14,7,28,21,0,level,0
AF013110926,LYNX,SENTRY,7,7,6,14,13,21,0,level,0
AF013120626,PINNACLE,AVATAR,10,3,7,7,17,10,7,5-7,0
AF013120726,SENTRY,MEMENTO,10,7,7,7,17,14,3,3-4,2
AF013120926,MEMENTO,AVATAR,19,31,14,7,33,38,-12,11-14,2
AF013130626,MEMENTO,LYNX,0,14,8,7,8,21,-14,11-14,0
AF013130726,MERCENARY,OFFICER,21,7,7,15,28,22,14,11-14,0
AF013130826,PATHFINDER,MEMENTO,17,7,10,14,27,21,10,8-10,0
AF013140626,SENTRY,OFFICER,14,10,14,14,28,24,4,3-4,4
AF013140726,KEVLAR,MERCENARY,17,10,14,14,31,24,7,5-7,0
AF013140826,LAZARUS,AVATAR,7,3,14,14,21,17,4,3-4,4
AF013140926,SENTRY,HERMES,3,7,0,3,3,10,-4,3-4,0
AF013150626,OFFICER,PRECISION,10,14,16,21,26,35,-4,3-4,0
AF013150726,CLASH,LEO,14,7,13,7,27,14,7,5-7,0
AF013150826,METEOR,LEGEND,0,7,7,3,7,10,-7,5-7,0
AF013150926,CLASH,LEGEND,14,14,7,10,21,24,0,level,1
AF013160626,MEMENTO,LEGEND,3,7,6,10,9,17,-4,3-4,0
AF013160726,LYNX,PATHFINDER,7,7,14,0,21,7,0,level,0
AF013160826,OFFICER,SENTRY,6,7,23,31,29,38,-1,1-2,0
AF013160926,LYNX,PRECISION,7,17,7,7,14,24,-10,8-10,0
AF013170626,CLASH,SAGE,7,7,10,7,17,14,0,level,0
AF013170726,KEVLAR,MERCENARY,7,10,7,7,14,17,-3,3-4,0
AF013170826,SENTRY,AVATAR,14,14,21,15,35,29,0,level,0
AF013170926,ACE,OVERDRIVE,21,10,13,16,34,26,11,11-14,0
AF013180626,PATHFINDER,MEMENTO,11,14,10,8,21,22,-3,3-4,2
AF013180726,MERCENARY,LEO,24,0,7,14,31,14,24,15+,0
AF013180826,PRECISION,CLASH,10,0,7,14,17,14,10,8-10,0
AF013180926,HERMES,KEVLAR,7,7,14,6,21,13,0,level,0
AF013190526,CLASH,AVATAR,21,3,7,0,28,3,18,15+,0
AF013190626,PRECISION,AVATAR,14,21,15,10,29,31,-7,5-7,2
AF013190726,MERCENARY,MEMENTO,7,7,7,10,14,17,0,level,0
AF013190826,HERMES,LYNX,10,7,0,6,10,13,3,3-4,1
AF013190926,LYNX,MEMENTO,14,14,0,7,14,21,0,level,0
AF013200526,ASTRONAUT,LEGEND,10,7,6,10,16,17,3,3-4,1
AF013200726,CLASH,LEO,14,7,3,7,17,14,7,5-7,0
AF013200926,OVERDRIVE,ACE,0,10,7,10,7,20,-10,8-10,0
AF013210726,LEGEND,CLASH,7,14,7,3,14,17,-7,5-7,0
AF013210826,PRECISION,LEGEND,10,0,17,6,27,6,10,8-10,0
AF013220626,KEVLAR,OFFICER,10,7,6,10,16,17,3,3-4,1
AF013220726,SABRE,LEGEND,14,0,14,14,28,14,14,11-14,0
AF013220826,SENTRY,HERMES,14,7,3,0,17,7,7,5-7,0
AF013220926,LEGEND,OFFICER,3,7,6,7,9,14,-4,3-4,0
AF013230626,REGRET,SCHOLAR,10,10,0,7,10,17,0,level,0
AF013230726,KEVLAR,LYNX,7,7,7,0,14,7,0,level,0
AF013230826,MERCENARY,MEMENTO,14,7,3,7,17,14,7,5-7,0
AF013240626,MERCENARY,PRECISION,14,7,14,7,28,14,7,5-7,0
AF013240726,PINNACLE,PATHFINDER,7,7,6,3,13,10,0,level,0
AF013240826,MEMENTO,OFFICER,0,7,0,7,0,14,-7,5-7,0
AF013240926,LYNX,LEGEND,7,10,7,6,14,16,-3,3-4,2
AF013250526,PINNACLE,MEMENTO,10,8,21,14,31,22,2,1-2,0
AF013250626,PATHFINDER,CLASH,14,21,7,10,21,31,-7,5-7,0
AF013250726,FENRIR,HEADHUNTER,17,7,0,0,17,7,10,8-10,0
AF013250926,KEVLAR,HERMES,14,0,6,7,20,7,14,11-14,0
AF013260526,AVATAR,PATHFINDER,21,7,0,0,21,7,14,11-14,0
AF013260626,LEGEND,HERMES,7,10,21,14,28,24,-3,3-4,3
AF013260726,JUDGEMENT,SENTRY,14,3,7,7,21,10,11,11-14,0
AF013260826,PRECISION,MEMENTO,14,10,3,0,17,10,4,3-4,0
AF013270526,ASTRONAUT,KEVLAR,7,10,17,9,24,19,-3,3-4,1
AF013270626,OFFICER,SENTRY,14,14,22,21,36,35,0,level,2
AF013270726,PINNACLE,PRECISION,21,24,14,14,35,38,-3,3-4,4
AF013270826,JUDGEMENT,MEMENTO,10,7,7,7,17,14,3,3-4,0
AF013280426,MEMENTO,LEGEND,14,14,6,7,20,21,0,level,0
AF013280526,LAZARUS,LEGEND,7,7,10,17,17,24,0,level,1
AF013280626,LEO,SENTRY,14,21,14,3,28,24,-7,5-7,1
AF013280726,LEGEND,KEVLAR,7,14,18,7,25,21,-7,5-7,1
AF013280826,KEVLAR,HERMES,7,0,7,7,14,7,7,5-7,0
AF013280926,PRECISION,LEGEND,21,0,7,7,28,7,21,15+,0
AF013290426,LYNX,CLASH,7,7,6,7,13,14,0,level,0
AF013290526,LEGEND,ASTRONAUT,7,10,21,35,28,45,-3,3-4,2
AF013290626,MERCENARY,CLASH,7,7,17,0,24,7,0,level,0
AF013290726,LEGEND,LEO,7,10,14,7,21,17,-3,3-4,3
AF013290826,OFFICER,MEMENTO,7,10,14,7,21,17,-3,3-4,3
AF013290926,PINNACLE,LYNX,14,10,7,7,21,17,4,3-4,0
AF013300426,LAZARUS,LEGEND,0,7,3,3,3,10,-7,5-7,0
AF013300526,LYNX,MEMENTO,3,3,7,0,10,3,0,level,0
AF013300626,PATHFINDER,MEMENTO,14,10,14,0,28,10,4,3-4,0
AF013300726,PRECISION,JUDGEMENT,14,14,0,7,14,21,0,level,0
AF013300826,OFFICER,LEGEND,7,7,14,24,21,31,0,level,4
AF013300926,MEMENTO,PRECISION,31,14,7,7,38,21,17,15+,0
AF013310526,PRECISION,OFFICER,7,7,7,14,14,21,0,level,0
AF013310726,AVATAR,MERCENARY,7,14,13,17,20,31,-7,5-7,0
AF013310826,PINNACLE,CLASH,7,21,8,6,15,27,-14,11-14,0
AF014010526,SAGE,SEEKER,7,0,7,0,14,0,7,5-7,0
AF014010626,LUNA,VALIANT,7,7,7,0,14,7,0,level,0
AF014010726,LUNA,OVERDRIVE,0,3,0,7,0,10,-3,3-4,0
AF014010926,JUDGEMENT,PSYCHIC,7,0,14,7,21,7,7,5-7,0
AF014020526,METEOR,PRECISION,0,14,3,2,3,16,-14,11-14,0
AF014020726,ACE,ROMAN,14,0,7,13,21,13,14,11-14,0
AF014020826,WARRIOR,ROMAN,14,7,21,6,35,13,7,5-7,0
AF014020926,MIDAS,STRIDER,0,7,8,7,8,14,-7,5-7,0
AF014021026,ACE,SHROUD,14,7,7,10,21,17,7,5-7,2
AF014030526,IMPERIAL,PHOENIX,7,14,22,14,29,28,-7,5-7,3
AF014030626,SPARK,NIRVANA,14,14,3,7,17,21,0,level,1
AF014030726,SAGE,ROCKET,10,3,10,14,20,17,7,5-7,0
AF014030826,ROMAN,DON,7,10,3,7,10,17,-3,3-4,0
AF014030926,UNICORN,MIDAS,3,10,17,7,20,17,-7,5-7,1
AF014040526,HURRICANE,OCTANE,7,7,7,14,14,21,0,level,1
AF014040626,KRAKEN,ANVIL,14,7,6,8,20,15,7,5-7,2
AF014040726,VALIANT,PSYCHIC,14,0,0,8,14,8,14,11-14,0
AF014040826,SHARK,DON,7,0,3,0,10,0,7,5-7,0
AF014040926,HURRICANE,SUMMIT,14,0,0,0,14,0,14,11-14,0
AF014050626,KRAKEN,NEON,14,7,7,6,21,13,7,5-7,0
AF014050726,CRYSTAL,PHOENIX,0,7,10,7,10,14,-7,5-7,2
AF014050826,SUMMIT,MIMIC,0,13,22,14,22,27,-13,11-14,0
AF014060626,PSYCHIC,GENIUS,0,0,0,3,0,3,0,level,0
AF014060726,VALIANT,LUNA,7,7,0,7,7,14,0,level,0
AF014061026,HERMES,KEVLAR,7,0,7,8,14,8,7,5-7,0
AF014070526,GENIUS,SHROUD,7,0,3,8,10,8,7,5-7,0
AF014070626,HURRICANE,IMPERIAL,7,0,13,13,20,13,7,5-7,0
AF014070726,ROMAN,DON,21,0,0,15,21,15,21,15+,0
AF014070826,HURRICANE,SUMMIT,3,0,14,0,17,0,3,3-4,0
AF014080626,LEO,PATHFINDER,14,7,17,8,31,15,7,5-7,0
AF014080726,SEEKER,GENIUS,7,15,6,3,13,18,-8,8-10,0
AF014080826,PSYCHIC,IMPERIAL,3,14,3,0,6,14,-11,11-14,0
AF014080926,ROCKET,HURRICANE,7,10,7,0,14,10,-3,3-4,1
AF014090626,GENIUS,SUMMIT,7,3,0,9,7,12,4,3-4,1
AF014090726,SENTINEL,SUMMIT,10,15,0,7,10,22,-5,5-7,0
AF014090826,VALIANT,LUNA,7,7,6,7,13,14,0,level,0
AF014100626,VALIANT,GENIUS,21,17,0,7,21,24,4,3-4,1
AF014100726,DAME,DON,0,14,7,7,7,21,-14,11-14,0
AF014100926,KRAKEN,SAGE,0,7,0,3,0,10,-7,5-7,0
AF014110626,SAGE,OCTANE,7,10,7,0,14,10,-3,3-4,1
AF014110826,SAGE,GENIUS,14,7,10,0,24,7,7,5-7,0
AF014120626,SEEKER,ANVIL,6,7,3,7,9,14,-1,1-2,2
AF014120726,IMPERIAL,LUNA,7,7,13,10,20,17,0,level,3
AF014120826,MIMIC,UNICORN,10,7,27,17,37,24,3,3-4,4
AF014120926,METEOR,RELIC,14,3,7,0,21,3,11,11-14,0
AF014130626,SEEKER,PSYCHIC,7,3,6,8,13,11,4,3-4,0
AF014130726,SORCERER,VALIANT,0,10,7,0,7,10,-10,8-10,0
AF014130826,SHARK,ROMAN,10,0,14,7,24,7,10,8-10,0
AF014140626,CRYSTAL,KRAKEN,0,10,7,7,7,17,-10,8-10,0
AF014140726,ACE,SHARK,7,10,14,14,21,24,-3,3-4,4
AF014140826,LUNA,ROCKET,7,10,7,14,14,24,-3,3-4,2
AF014150626,SUMMIT,KRAKEN,14,7,7,0,21,7,7,5-7,0
AF014150726,UNICORN,SORCERER,13,7,7,23,20,30,6,5-7,3
AF014150926,LEO,HERMES,14,0,7,7,21,7,14,11-14,0
AF014160626,SENTINEL,SUMMIT,0,14,0,17,0,31,-14,11-14,0
AF014160726,BLAZE,ACE,10,14,7,10,17,24,-4,3-4,0
AF014160826,PHOENIX,VALIANT,10,0,3,0,13,0,10,8-10,0
AF014160926,SHROUD,ASTRONAUT,10,3,7,17,17,20,7,5-7,1
AF014170626,GENIUS,MONSTER,10,7,0,0,10,7,3,3-4,0
AF014170726,KRAKEN,SEEKER,10,10,10,17,20,27,0,level,0
AF014170826,CRYSTAL,LUNA,7,14,7,3,14,17,-7,5-7,0
AF014170926,MIMIC,SUMMIT,14,0,0,8,14,8,14,11-14,0
AF014180626,OCTANE,KRAKEN,7,14,18,10,25,24,-7,5-7,3
AF014180726,DAME,SHARK,7,6,3,3,10,9,1,1-2,2
AF014180826,IMPERIAL,UNICORN,6,7,0,0,6,7,-1,1-2,0
AF014180926,SAGE,ACE,7,14,8,7,15,21,-7,5-7,0
AF014190526,NEON,MONSTER,14,21,7,10,21,31,-7,5-7,0
AF014190726,PHOENIX,VALIANT,3,5,8,3,11,8,-2,1-2,1
AF014190826,KRAKEN,GENIUS,21,7,7,0,28,7,14,11-14,0
AF014190926,LUNA,KRAKEN,7,3,7,7,14,10,4,3-4,0
AF014200526,LUNA,ANVIL,14,7,14,14,28,21,7,5-7,0
AF014200726,HURRICANE,GENIUS,0,7,10,7,10,14,-7,5-7,2
AF014200826,WARRIOR,MIDAS,14,0,7,7,21,7,14,11-14,0
AF014200926,KRAKEN,HURRICANE,14,7,7,21,21,28,7,5-7,1
AF014210726,STRIDER,DAME,10,14,7,0,17,14,-4,3-4,1
AF014210826,MIDAS,WARRIOR,0,6,7,15,7,21,-6,5-7,0
AF014220626,CRYSTAL,LUNA,7,7,3,10,10,17,0,level,0
AF014220826,MONSTER,MIMIC,14,14,13,7,27,21,0,level,1
AF014220926,ACE,OVERDRIVE,23,7,6,6,29,13,16,15+,0
AF014230726,DESTINY,ACE,6,0,0,7,6,7,6,5-7,1
AF014230826,PSYCHIC,HURRICANE,7,3,7,7,14,10,4,3-4,2
AF014240626,SORCERER,LUNA,7,17,3,7,10,24,-10,8-10,0
AF014240726,ACE,SHARK,7,7,10,7,17,14,0,level,0
AF014240926,HURRICANE,KRAKEN,0,7,7,7,7,14,-7,5-7,0
AF014250626,LUNA,CRYSTAL,7,14,6,7,13,21,-7,5-7,0
AF014250826,MIDAS,STRIDER,3,16,6,10,9,26,-13,11-14,0
AF014250926,PSYCHIC,ROCKET,14,9,16,8,30,17,5,5-7,0
AF014260526,MONSTER,GENIUS,7,17,7,7,14,24,-10,8-10,0
AF014260626,ROMAN,KATANA,0,14,8,10,8,24,-14,11-14,0
AF014260726,DAME,WARRIOR,14,7,3,0,17,7,7,5-7,0
AF014260826,SUMMIT,KRAKEN,7,10,14,14,21,24,-3,3-4,2
AF014270526,KRAKEN,SUMMIT,7,7,14,7,21,14,0,level,0
AF014270626,MONSTER,ROCKET,7,7,6,17,13,24,0,level,0
AF014270726,VALIANT,RELIC,6,7,0,7,6,14,-1,1-2,0
AF014270826,MIDAS,SHARK,14,14,10,0,24,14,0,level,0
AF014280426,UNICORN,MONSTER,10,7,0,0,10,7,3,3-4,0
AF014280526,OCTANE,GENIUS,7,0,7,8,14,8,7,5-7,0
AF014280626,PHOENIX,IMPERIAL,14,7,7,9,21,16,7,5-7,0
AF014280726,SHARK,DESTINY,14,3,7,8,21,11,11,11-14,0
AF014280826,UNICORN,JUDGEMENT,7,10,14,7,21,17,-3,3-4,3
AF014290426,UNICORN,LUNA,3,7,13,7,16,14,-4,3-4,1
AF014290626,PSYCHIC,OCTANE,10,7,7,6,17,13,3,3-4,0
AF014290726,WARRIOR,ROMAN,17,0,7,0,24,0,17,15+,0
AF014290826,MONSTER,VALIANT,13,7,10,7,23,14,6,5-7,0
AF014290926,PSYCHIC,IMPERIAL,0,3,3,7,3,10,-3,3-4,0
AF014300426,ROCKET,SUMMIT,10,0,7,13,17,13,10,8-10,0
AF014300526,PHOENIX,UNICORN,3,7,14,7,17,14,-4,3-4,3
AF014300626,SORCERER,LUNA,7,7,7,14,14,21,0,level,1
AF014300726,ROMAN,SHARK,7,17,6,14,13,31,-10,8-10,0
AF014300926,SAGE,RELIC,3,14,22,7,25,21,-11,11-14,3
AF014310526,KRAKEN,IMPERIAL,10,3,14,14,24,17,7,5-7,0
AF014310826,LUNA,ROCKET,14,7,7,7,21,14,7,5-7,0
AF015010626,ASTRONAUT,METEOR,3,14,7,3,10,17,-11,11-14,0
AF015010826,RELIC,OVERDRIVE,14,21,15,10,29,31,-7,5-7,2
AF015010926,PRECISION,ASTRONAUT,7,10,14,17,21,27,-3,3-4,2
AF015011026,SABRE,ACE,7,3,6,11,13,14,4,3-4,1
AF015020526,MEMENTO,OVERDRIVE,14,7,10,14,24,21,7,5-7,0
AF015020726,PHOENIX,SUMMIT,7,7,7,6,14,13,0,level,0
AF015020826,JUDGEMENT,SHROUD,7,0,14,0,21,0,7,5-7,0
AF015020926,MONSTER,SABRE,7,14,0,7,7,21,-7,5-7,0
AF015021026,SABRE,PRECISION,14,14,15,14,29,28,0,level,2
AF015030526,PRECISION,CRYSTAL,7,0,7,10,14,10,7,5-7,2
AF015030626,KILLJOY,FENRIR,3,7,8,3,11,10,-4,3-4,1
AF015030726,LEGEND,JUDGEMENT,14,3,0,0,14,3,11,11-14,0
AF015030826,CRYSTAL,LAZARUS,14,21,7,7,21,28,-7,5-7,0
AF015030926,CRYSTAL,PSYCHIC,3,7,0,7,3,14,-4,3-4,0
AF015031026,RELIC,LUNA,7,14,10,0,17,14,-7,5-7,1
AF015040526,LEO,OVERDRIVE,7,14,13,10,20,24,-7,5-7,0
AF015040626,METEOR,VALIANT,0,3,7,14,7,17,-3,3-4,0
AF015040726,HURRICANE,CRYSTAL,3,0,0,7,3,7,3,3-4,1
AF015040826,OCTANE,MONSTER,10,7,7,6,17,13,3,3-4,0
AF015050626,PATHFINDER,PHOENIX,7,10,7,14,14,24,-3,3-4,0
AF015050726,LAZARUS,HURRICANE,0,3,3,7,3,10,-3,3-4,0
AF015050826,CRYSTAL,SAGE,3,0,0,0,3,0,3,3-4,0
AF015051026,MEMENTO,LEO,7,7,10,14,17,21,0,level,3
AF015060626,SHROUD,HURRICANE,14,7,0,10,14,17,7,5-7,1
AF015060726,LEO,METEOR,0,14,7,3,7,17,-14,11-14,0
AF015060826,IMPERIAL,GENIUS,14,7,14,0,28,7,7,5-7,0
AF015060926,SHROUD,ROCKET,17,3,6,8,23,11,14,11-14,0
AF015070526,HURRICANE,VALIANT,3,3,5,0,8,3,0,level,0
AF015070726,UNICORN,SUMMIT,14,17,7,8,21,25,-3,3-4,2
AF015070826,HERMES,SAGE,7,7,7,0,14,7,0,level,0
AF015080626,KEVLAR,SENTRY,7,9,7,14,14,23,-2,1-2,0
AF015080726,OCTANE,JUDGEMENT,0,10,7,7,7,17,-10,8-10,0
AF015080826,ACE,CRYSTAL,0,3,14,14,14,17,-3,3-4,0
AF015080926,METEOR,ACE,0,7,13,14,13,21,-7,5-7,0
AF015090626,HERMES,METEOR,0,7,7,7,7,14,-7,5-7,0
AF015090726,SAGE,ROCKET,7,17,0,7,7,24,-10,8-10,0
AF015090826,PATHFINDER,SHROUD,14,0,7,13,21,13,14,11-14,0
AF015090926,SAGE,ROCKET,7,14,8,7,15,21,-7,5-7,0
AF015100626,SHROUD,PATHFINDER,7,3,16,6,23,9,4,3-4,0
AF015100726,LAZARUS,VALIANT,7,14,14,0,21,14,-7,5-7,1
AF015100826,HERMES,RELIC,14,10,14,7,28,17,4,3-4,0
AF015100926,JUDGEMENT,METEOR,0,0,10,0,10,0,0,level,0
AF015110626,METEOR,VALIANT,10,14,7,0,17,14,-4,3-4,1
AF015110826,HERMES,PATHFINDER,7,14,15,7,22,21,-7,5-7,1
AF015110926,MEMENTO,KEVLAR,10,7,10,10,20,17,3,3-4,2
AF015120626,OVERDRIVE,HURRICANE,17,15,7,3,24,18,2,1-2,0
AF015120726,KRAKEN,SHROUD,7,17,7,0,14,17,-10,8-10,0
AF015120826,METEOR,ROCKET,10,3,7,0,17,3,7,5-7,0
AF015120926,OFFICER,PRECISION,14,7,7,13,21,20,7,5-7,0
AF015130626,HERMES,LAZARUS,10,0,7,14,17,14,10,8-10,0
AF015130726,OVERDRIVE,KATANA,10,0,10,0,20,0,10,8-10,0
AF015130826,METEOR,HURRICANE,21,14,2,3,23,17,7,5-7,0
AF015130926,OVERDRIVE,ACE,7,7,7,0,14,7,0,level,0
AF015140626,JUDGEMENT,OVERDRIVE,14,7,16,21,30,28,7,5-7,2
AF015140726,SENTRY,LAZARUS,0,7,24,0,24,7,-7,5-7,1
AF015140826,KRAKEN,CRYSTAL,7,7,8,10,15,17,0,level,2
AF015140926,MIRAGE,SCHOLAR,10,10,7,0,17,10,0,level,0
AF015150626,METEOR,KATANA,0,3,7,7,7,10,-3,3-4,2
AF015150826,ROCKET,PHOENIX,7,0,3,7,10,7,7,5-7,0
AF015150926,PINNACLE,MEMENTO,14,7,8,14,22,21,7,5-7,2
AF015160626,HERMES,PATHFINDER,14,14,7,22,21,36,0,level,1
AF015160726,LUNA,JUDGEMENT,7,14,15,7,22,21,-7,5-7,1
AF015160826,ACE,ASTRONAUT,7,7,17,6,24,13,0,level,0
AF015170626,LUNA,OCTANE,7,3,7,14,14,17,4,3-4,1
AF015170726,LEO,SABRE,7,0,3,7,10,7,7,5-7,0
AF015170826,HERMES,LAZARUS,7,7,8,7,15,14,0,level,1
AF015170926,ASTRONAUT,LUNA,7,10,7,7,14,17,-3,3-4,2
AF015180626,OVERDRIVE,KATANA,10,7,18,13,28,20,3,3-4,0
AF015180726,LUNA,VALIANT,7,3,7,6,14,9,4,3-4,0
AF015180826,CRYSTAL,KATANA,7,3,7,6,14,9,4,3-4,0
AF015180926,AVATAR,PRECISION,7,3,7,8,14,11,4,3-4,0
AF015190526,METEOR,UNICORN,7,0,7,8,14,8,7,5-7,0
AF015190726,JUDGEMENT,SHROUD,3,14,0,7,3,21,-11,11-14,0
AF015200526,CRYSTAL,OCTANE,3,10,7,7,10,17,-7,5-7,0
AF015200726,ROCKET,KATANA,0,14,14,7,14,21,-14,11-14,0
AF015200826,SABRE,ASTRONAUT,17,10,14,17,31,27,7,5-7,2
AF015200926,OVERDRIVE,JUDGEMENT,3,7,18,7,21,14,-4,3-4,3
AF015210726,HERMES,MONSTER,7,28,14,7,21,35,-21,15+,0
AF015210826,SABRE,ASTRONAUT,7,10,3,10,10,20,-3,3-4,0
AF015220626,METEOR,OVERDRIVE,10,3,6,10,16,13,7,5-7,0
AF015220726,ROCKET,KRAKEN,21,10,7,0,28,10,11,11-14,0
AF015220826,JUDGEMENT,LUNA,3,7,11,10,14,17,-4,3-4,0
AF015220926,MEMENTO,LYNX,7,14,6,7,13,21,-7,5-7,0
AF015230626,REGRET,SPARK,14,0,3,7,17,7,14,11-14,0
AF015230726,ASTRONAUT,KRAKEN,10,10,9,10,19,20,0,level,2
AF015230826,OVERDRIVE,ROCKET,21,0,10,14,31,14,21,15+,0
AF015230926,PRECISION,PATHFINDER,7,14,14,14,21,28,-7,5-7,0
AF015240626,KATANA,LYNX,0,14,14,6,14,20,-14,11-14,0
AF015240726,LUNA,CRYSTAL,0,7,8,7,8,14,-7,5-7,0
AF015240826,HERMES,ACE,7,0,10,7,17,7,7,5-7,0
AF015240926,JUDGEMENT,LEO,13,7,14,21,27,28,6,5-7,5
AF015250526,HURRICANE,LEO,7,21,0,16,7,37,-14,11-14,0
AF015250626,METEOR,PHOENIX,14,7,14,7,28,14,7,5-7,0
AF015250726,FENRIR,LIZARD,0,0,24,6,24,6,0,level,0
AF015250826,HERMES,UNICORN,7,0,7,6,14,6,7,5-7,0
AF015250926,LEGEND,LEO,10,14,13,21,23,35,-4,3-4,0
AF015260526,SHROUD,CRYSTAL,14,6,7,8,21,14,8,8-10,0
AF015260626,KRAKEN,LAZARUS,13,28,0,14,13,42,-15,15+,0
AF015260726,LAZARUS,VALIANT,14,6,7,16,21,22,8,8-10,1
AF015260826,METEOR,SAGE,7,7,10,8,17,15,0,level,2
AF015260926,HERMES,PRECISION,7,14,0,3,7,17,-7,5-7,0
AF015270626,KRAKEN,KATANA,7,7,10,14,17,21,0,level,1
AF015270726,SENTRY,METEOR,10,0,0,3,10,3,10,8-10,0
AF015270826,HURRICANE,IMPERIAL,7,7,0,3,7,10,0,level,0
AF015270926,ACE,PATHFINDER,7,7,3,7,10,14,0,level,0
AF015280526,SHROUD,METEOR,14,0,7,7,21,7,14,11-14,0
AF015280626,SHROUD,CRYSTAL,7,7,7,0,14,7,0,level,0
AF015280726,KRAKEN,KATANA,14,14,0,7,14,21,0,level,0
AF015290426,MEMENTO,PRECISION,3,7,10,3,13,10,-4,3-4,1
AF015290526,OVERDRIVE,CRYSTAL,17,0,7,14,24,14,17,15+,0
AF015290626,CRYSTAL,OVERDRIVE,17,7,3,10,20,17,10,8-10,0
AF015290726,SAGE,CRYSTAL,0,0,7,10,7,10,0,level,0
AF015290826,OVERDRIVE,ASTRONAUT,13,10,6,21,19,31,3,3-4,1
AF015290926,CLASH,OFFICER,3,14,0,14,3,28,-11,11-14,0
AF015300426,METEOR,HURRICANE,13,0,7,7,20,7,13,11-14,0
AF015300526,JUDGEMENT,LEO,3,7,21,0,24,7,-4,3-4,1
AF015300626,CRYSTAL,LEO,0,7,8,7,8,14,-7,5-7,0
AF015300726,RELIC,SUMMIT,17,0,14,8,31,8,17,15+,0
AF015300826,JUDGEMENT,ROCKET,7,14,0,10,7,24,-7,5-7,0
AF015300926,LEGEND,JUDGEMENT,21,14,14,7,35,21,7,5-7,0
AF015310726,LEO,LYNX,10,10,14,17,24,27,0,level,0
AF015310826,PRECISION,LAZARUS,14,14,7,10,21,24,0,level,0
AF016010726,KEVLAR,LEGEND,14,0,3,7,17,7,14,11-14,0
AF016010826,ACE,OFFICER,14,7,17,15,31,22,7,5-7,0
AF016010926,SENTRY,KEVLAR,7,0,7,10,14,10,7,5-7,2
AF016011026,ROCKET,LUNA,0,14,9,14,9,28,-14,11-14,0
AF016020526,OFFICER,LEGEND,10,7,7,0,17,7,3,3-4,0
AF016020726,HERMES,OCTANE,7,10,7,0,14,10,-3,3-4,1
AF016020826,OFFICER,LYNX,14,7,14,6,28,13,7,5-7,0
AF016020926,PRECISION,MERCENARY,14,14,7,6,21,20,0,level,1
AF016021026,OVERDRIVE,ASTRONAUT,7,21,0,7,7,28,-14,11-14,0
AF016030526,LEGEND,OFFICER,7,0,10,18,17,18,7,5-7,1
AF016030626,SPARK,SHURIKEN,7,0,10,7,17,7,7,5-7,0
AF016030726,CLASH,PRECISION,7,7,7,8,14,15,0,level,1
AF016030826,SENTRY,PINNACLE,14,14,7,0,21,14,0,level,0
AF016030926,KEVLAR,METEOR,0,7,13,7,13,14,-7,5-7,0
AF016040526,PINNACLE,LEGEND,7,14,14,3,21,17,-7,5-7,1
AF016040626,LEGEND,MEMENTO,7,10,0,7,7,17,-3,3-4,0
AF016040726,SENTRY,OFFICER,14,14,14,7,28,21,0,level,0
AF016040826,MEMENTO,SABRE,7,0,17,15,24,15,7,5-7,0
AF016040926,HERMES,MEMENTO,0,14,9,7,9,21,-14,11-14,0
AF016041026,HURRICANE,ROCKET,7,17,7,14,14,31,-10,8-10,0
AF016050626,LAZARUS,HERMES,14,0,3,7,17,7,14,11-14,0
AF016050726,OFFICER,SHROUD,3,10,22,7,25,17,-7,5-7,1
AF016050826,MEMENTO,PINNACLE,28,21,13,21,41,42,7,5-7,1
AF016051026,HURRICANE,SHROUD,17,14,0,14,17,28,3,3-4,1
AF016060626,LEGEND,LAZARUS,21,7,3,8,24,15,14,11-14,0
AF016060726,PRECISION,PATHFINDER,21,7,7,22,28,29,14,11-14,1
AF016060826,LAZARUS,METEOR,10,7,7,3,17,10,3,3-4,0
AF016060926,SENTRY,HERMES,7,3,7,7,14,10,4,3-4,2
AF016070526,OVERDRIVE,LAZARUS,0,7,7,3,7,10,-7,5-7,0
AF016070626,PRECISION,PINNACLE,7,14,7,3,14,17,-7,5-7,0
AF016070826,LYNX,AVATAR,7,0,7,0,14,0,7,5-7,0
AF016070926,PINNACLE,OFFICER,14,14,0,28,14,42,0,level,0
AF016080626,PRECISION,PINNACLE,10,14,14,0,24,14,-4,3-4,1
AF016080726,LYNX,OFFICER,21,14,10,8,31,22,7,5-7,0
AF016080826,LEGEND,SENTRY,7,7,7,21,14,28,0,level,0
AF016090626,PRECISION,SENTRY,7,7,14,10,21,17,0,level,1
AF016090726,CLASH,AVATAR,14,0,10,8,24,8,14,11-14,0
AF016090826,AVATAR,PRECISION,14,14,15,14,29,28,0,level,2
AF016090926,HERMES,JUDGEMENT,21,14,3,7,24,21,7,5-7,0
AF016100626,KEVLAR,JUDGEMENT,7,10,0,13,7,23,-3,3-4,0
AF016100726,KEVLAR,HERMES,24,7,0,0,24,7,17,15+,0
AF016100826,MEMENTO,PRECISION,14,14,14,7,28,21,0,level,1
AF016110626,LAZARUS,LEGEND,0,7,7,3,7,10,-7,5-7,0
AF016110826,LAZARUS,PINNACLE,0,21,0,3,0,24,-21,15+,0
AF016120626,MEMENTO,LEGEND,0,0,0,3,0,3,0,level,0
AF016120726,MEMENTO,PRECISION,7,14,13,3,20,17,-7,5-7,1
AF016120926,LUNA,ACE,14,7,7,7,21,14,7,5-7,0
AF016130626,SENTRY,OFFICER,3,7,7,0,10,7,-4,3-4,1
AF016130726,CLASH,PRECISION,7,21,22,10,29,31,-14,11-14,0
AF016130826,LEO,HERMES,3,10,16,14,19,24,-7,5-7,0
AF016140626,MEMENTO,PRECISION,14,14,7,14,21,28,0,level,0
AF016140726,MEMENTO,AVATAR,0,14,10,14,10,28,-14,11-14,0
AF016140826,LYNX,PRECISION,14,3,3,0,17,3,11,11-14,0
AF016140926,RICOCHET,ENFORCER,14,3,3,7,17,10,11,11-14,0
AF016150626,CLASH,LAZARUS,7,7,3,0,10,7,0,level,0
AF016150726,MEMENTO,METEOR,3,14,22,7,25,21,-11,11-14,1
AF016150826,AVATAR,OVERDRIVE,21,7,14,0,35,7,14,11-14,0
AF016160626,PINNACLE,SENTRY,14,7,3,7,17,14,7,5-7,0
AF016160726,LEO,MEMENTO,14,21,7,6,21,27,-7,5-7,0
AF016160826,PRECISION,JUDGEMENT,7,14,0,7,7,21,-7,5-7,0
AF016160926,HURRICANE,KRAKEN,14,7,0,10,14,17,7,5-7,1
AF016170626,LEGEND,CRYSTAL,6,0,7,10,13,10,6,5-7,2
AF016170726,LEGEND,PRECISION,14,7,14,3,28,10,7,5-7,0
AF016170826,CLASH,PRECISION,14,0,10,16,24,16,14,11-14,0
AF016170926,UNICORN,MIDAS,7,14,7,21,14,35,-7,5-7,0
AF016180626,PRECISION,HERMES,0,10,14,10,14,20,-10,8-10,0
AF016180726,OFFICER,HERMES,10,7,7,0,17,7,3,3-4,0
AF016180826,LEO,LYNX,14,7,7,15,21,22,7,5-7,1
AF016180926,LUNA,ASTRONAUT,10,21,14,17,24,38,-11,11-14,0
AF016190526,KEVLAR,LEGEND,3,14,14,0,17,14,-11,11-14,1
AF016190726,OFFICER,SENTRY,21,7,10,14,31,21,14,11-14,0
AF016190826,LEGEND,PRECISION,14,10,7,14,21,24,4,3-4,1
AF016200526,LEO,LYNX,7,14,6,7,13,21,-7,5-7,0
AF016200726,MEMENTO,ASTRONAUT,7,14,25,17,32,31,-7,5-7,3
AF016200826,MEMENTO,HERMES,14,14,14,15,28,29,0,level,2
AF016210726,AVATAR,MEMENTO,7,17,8,6,15,23,-10,8-10,0
AF016210826,LEO,MERCENARY,14,17,8,7,22,24,-3,3-4,0
AF016210926,IMPERIAL,HURRICANE,14,3,3,0,17,3,11,11-14,0
AF016220626,CLASH,PRECISION,7,14,0,17,7,31,-7,5-7,0
AF016220726,PINNACLE,MEMENTO,14,7,7,13,21,20,7,5-7,0
AF016220826,LEO,MEMENTO,17,14,14,21,31,35,3,3-4,3
AF016230626,ENFORCER,PRISMATIC,14,14,7,24,21,38,0,level,0
AF016230726,MEMENTO,MERCENARY,14,14,7,10,21,24,0,level,0
AF016230826,PINNACLE,LAZARUS,7,14,14,3,21,17,-7,5-7,1
AF016240626,MEMENTO,ACE,7,7,14,7,21,14,0,level,0
AF016240826,LAZARUS,KEVLAR,14,21,14,10,28,31,-7,5-7,2
AF016240926,ASTRONAUT,LUNA,0,14,18,10,18,24,-14,11-14,0
AF016250526,OFFICER,PRECISION,7,14,7,10,14,24,-7,5-7,0
AF016250626,LAZARUS,KEVLAR,7,7,7,10,14,17,0,level,0
AF016250826,LAZARUS,SENTRY,14,0,6,14,20,14,14,11-14,0
AF016250926,SABRE,LUNA,0,13,15,8,15,21,-13,11-14,0
AF016260626,JUDGEMENT,MEMENTO,0,14,7,3,7,17,-14,11-14,0
AF016260726,SHROUD,LEGEND,7,7,6,10,13,17,0,level,2
AF016260826,LEGEND,LEO,21,7,3,15,24,22,14,11-14,2
AF016260926,ROCKET,LUNA,17,10,10,0,27,10,7,5-7,0
AF016270526,MEMENTO,LYNX,0,14,6,3,6,17,-14,11-14,0
AF016270626,LEGEND,HERMES,14,28,0,7,14,35,-14,11-14,0
AF016270726,KEVLAR,MEMENTO,10,0,7,6,17,6,10,8-10,0
AF016270826,SAGE,HERMES,14,7,7,15,21,22,7,5-7,1
AF016270926,SHROUD,OVERDRIVE,17,7,7,15,24,22,10,8-10,0
AF016280426,PRECISION,CLASH,7,10,14,6,21,16,-3,3-4,1
AF016280526,HURRICANE,MEMENTO,7,10,0,7,7,17,-3,3-4,0
AF016280626,ACE,PATHFINDER,14,21,8,10,22,31,-7,5-7,0
AF016280726,MERCENARY,LYNX,7,7,0,7,7,14,0,level,0
AF016280826,CLASH,PRECISION,7,3,3,3,10,6,4,3-4,0
AF016290426,OFFICER,LAZARUS,7,10,14,7,21,17,-3,3-4,3
AF016290526,HERMES,LAZARUS,7,7,8,7,15,14,0,level,1
AF016290626,OFFICER,HERMES,14,0,10,7,24,7,14,11-14,0
AF016290726,ACE,AVATAR,14,14,10,8,24,22,0,level,2
AF016290826,LYNX,PATHFINDER,0,13,0,7,0,20,-13,11-14,0
AF016290926,KATANA,KRAKEN,7,10,0,7,7,17,-3,3-4,0
AF016300426,PRECISION,KEVLAR,10,14,18,10,28,24,-4,3-4,3
AF016300626,HERMES,LEGEND,7,14,7,3,14,17,-7,5-7,0
AF016300726,HERMES,METEOR,14,21,14,8,28,29,-7,5-7,2
AF016300826,LAZARUS,HERMES,0,14,7,21,7,35,-14,11-14,0
AF016310726,PINNACLE,SENTRY,0,10,14,7,14,17,-10,8-10,0
AF016310826,KEVLAR,HERMES,10,7,7,16,17,23,3,3-4,3
AF017010526,ANVIL,KRAKEN,7,7,3,7,10,14,0,level,1
AF017010626,PHOENIX,KRAKEN,7,7,10,14,17,21,0,level,1
AF017010726,VALIANT,ANVIL,14,14,8,7,22,21,0,level,1
AF017010926,GENIUS,LUNA,14,14,7,6,21,20,0,level,0
AF017011026,HERMES,ACE,10,3,7,3,17,6,7,5-7,0
AF017020626,VALIANT,NEON,7,0,7,6,14,6,7,5-7,0
AF017020726,DESTINY,SHARK,14,0,3,7,17,7,14,11-14,0
AF017020826,DON,SHARK,6,0,14,7,20,7,6,5-7,0
AF017030526,PSYCHIC,SHROUD,14,14,20,15,34,29,0,level,3
AF017030626,NIGHTMARE,FUSE,7,14,16,0,23,14,-7,5-7,1
AF017030826,WARRIOR,SHARK,14,7,17,0,31,7,7,5-7,0
AF017031026,ROCKET,LUNA,10,13,0,7,10,20,-3,3-4,0
AF017040526,LUNA,PRECISION,10,21,15,7,25,28,-11,11-14,0
AF017040726,SENTINEL,PHOENIX,3,10,0,7,3,17,-7,5-7,0
AF017040826,ROMAN,SHARK,3,14,14,13,17,27,-11,11-14,0
AF017050626,VALIANT,UNICORN,7,7,0,7,7,14,0,level,0
AF017050726,PSYCHIC,LUNA,7,0,10,8,17,8,7,5-7,0
AF017050826,MONSTER,OCTANE,7,17,7,3,14,20,-10,8-10,0
AF017051026,OFFICER,LEO,14,7,0,10,14,17,7,5-7,1
AF017060626,SUMMIT,PSYCHIC,7,3,0,0,7,3,4,3-4,0
AF017060726,PSYCHIC,ROCKET,14,14,8,7,22,21,0,level,1
AF017060926,KRAKEN,LUNA,7,7,7,10,14,17,0,level,0
AF017070526,KRAKEN,MONSTER,10,3,14,7,24,10,7,5-7,0
AF017070626,KRAKEN,PHOENIX,3,10,6,7,9,17,-7,5-7,0
AF017070726,BLAZE,ACE,0,7,7,7,7,14,-7,5-7,0
AF017070826,KRAKEN,CRYSTAL,0,13,7,7,7,20,-13,11-14,0
AF017070926,SHARK,WARRIOR,7,7,8,10,15,17,0,level,2
AF017080626,METEOR,SHROUD,3,14,7,0,10,14,-11,11-14,0
AF017080726,SORCERER,LUNA,7,14,13,7,20,21,-7,5-7,0
AF017080826,VALIANT,HURRICANE,7,7,0,21,7,28,0,level,0
AF017080926,IMPERIAL,PHOENIX,7,7,13,17,20,24,0,level,0
AF017090626,MONSTER,SEEKER,7,3,7,0,14,3,4,3-4,0
AF017090726,ANVIL,LUNA,7,14,0,7,7,21,-7,5-7,0
AF017090826,CRYSTAL,OVERDRIVE,17,14,14,14,31,28,3,3-4,4
AF017100726,SHARK,ACE,7,17,0,7,7,24,-10,8-10,0
AF017100926,RELIC,PHOENIX,7,10,0,7,7,17,-3,3-4,0
AF017110626,SEEKER,KRAKEN,3,9,7,6,10,15,-6,5-7,2
AF017110726,CRYSTAL,MONSTER,3,3,0,7,3,10,0,level,0
AF017110826,PSYCHIC,MONSTER,10,7,7,6,17,13,3,3-4,0
AF017120626,ANVIL,SUMMIT,0,3,7,14,7,17,-3,3-4,0
AF017120726,PSYCHIC,MONSTER,9,3,6,15,15,18,6,5-7,1
AF017120826,GENIUS,MONSTER,21,3,0,7,21,10,18,15+,0
AF017120926,AVATAR,PRECISION,14,7,7,7,21,14,7,5-7,0
AF017130626,SENTINEL,PHOENIX,13,7,3,10,16,17,6,5-7,3
AF017130726,MONSTER,PSYCHIC,0,7,0,12,0,19,-7,5-7,0
AF017130826,DESTINY,DON,0,21,0,0,0,21,-21,15+,0
AF017130926,ASTRONAUT,ACE,7,21,7,7,14,28,-14,11-14,0
AF017140626,PSYCHIC,HURRICANE,14,7,3,0,17,7,7,5-7,0
AF017140726,SHARK,WARRIOR,0,7,6,0,6,7,-7,5-7,0
AF017140926,MIRAGE,SPARK,14,14,14,15,28,29,0,level,1
AF017150626,PSYCHIC,ROCKET,7,7,7,6,14,13,0,level,1
AF017150726,ANVIL,GENIUS,7,14,8,0,15,14,-7,5-7,1
AF017150826,SENTINEL,PSYCHIC,0,6,7,3,7,9,-6,5-7,2
AF017150926,LEGEND,MEMENTO,14,14,0,14,14,28,0,level,0
AF017160626,KATANA,MONSTER,0,10,14,7,14,17,-10,8-10,2
AF017160726,DON,MIDAS,7,17,10,14,17,31,-10,8-10,0
AF017170626,ANVIL,SEEKER,14,14,8,7,22,21,0,level,1
AF017170726,ANVIL,SAGE,0,6,7,7,7,13,-6,5-7,0
AF017170826,GENIUS,OCTANE,7,0,0,15,7,15,7,5-7,1
AF017170926,OVERDRIVE,LUNA,7,3,6,7,13,10,4,3-4,0
AF017180726,ROMAN,WARRIOR,7,10,0,3,7,13,-3,3-4,0
AF017180826,MONSTER,GENIUS,21,21,3,0,24,21,0,level,0
AF017180926,KEVLAR,PRECISION,0,3,14,7,14,10,-3,3-4,3
AF017190526,GENIUS,SEEKER,3,7,10,3,13,10,-4,3-4,1
AF017190726,IMPERIAL,LUNA,14,14,7,8,21,22,0,level,1
AF017190926,MEMENTO,LEGEND,28,3,3,0,31,3,25,15+,0
AF017200526,ROCKET,SAGE,7,14,7,7,14,21,-7,5-7,0
AF017200726,VALIANT,CRYSTAL,7,14,0,0,7,14,-7,5-7,0
AF017200826,DON,STRIDER,0,24,16,3,16,27,-24,15+,0
AF017200926,JUDGEMENT,ACE,14,0,0,0,14,0,14,11-14,0
AF017210726,ACE,GENIUS,10,14,17,6,27,20,-4,3-4,1
AF017210826,SHARK,ROMAN,0,7,17,7,17,14,-7,5-7,3
AF017210926,KEVLAR,AVATAR,14,7,3,7,17,14,7,5-7,0
AF017220626,KRAKEN,ROCKET,10,7,7,8,17,15,3,3-4,0
AF017220726,DESTINY,ACE,0,17,7,3,7,20,-17,15+,0
AF017220826,PSYCHIC,KRAKEN,0,24,0,3,0,27,-24,15+,0
AF017220926,OFFICER,LYNX,0,20,6,3,6,23,-20,15+,0
AF017230626,SCHOLAR,SHURIKEN,7,10,0,0,7,10,-3,3-4,0
AF017230726,ACE,DAME,7,10,7,6,14,16,-3,3-4,2
AF017230826,VALIANT,PHOENIX,10,7,7,7,17,14,3,3-4,2
AF017240726,MIDAS,WARRIOR,7,17,15,13,22,30,-10,8-10,0
AF017240826,VALIANT,OCTANE,7,7,10,0,17,7,0,level,0
AF017240926,LEGEND,LEO,7,7,14,8,21,15,0,level,0
AF017250526,ROCKET,CRYSTAL,0,7,0,7,0,14,-7,5-7,0
AF017250626,OCTANE,ROMAN,13,7,7,7,20,14,6,5-7,0
AF017250726,HEADHUNTER,MERLIN,7,10,14,0,21,10,-3,3-4,1
AF017250826,SHARK,ROMAN,7,10,7,7,14,17,-3,3-4,2
AF017250926,HERMES,LEO,7,10,14,14,21,24,-3,3-4,2
AF017260526,PHOENIX,SEEKER,0,7,10,0,10,7,-7,5-7,1
AF017260626,LUNA,ANVIL,14,0,7,14,21,14,14,11-14,0
AF017260726,SHARK,ROMAN,14,0,3,15,17,15,14,11-14,0
AF017260826,HURRICANE,MONSTER,14,0,14,14,28,14,14,11-14,0
AF017260926,MEMENTO,PRECISION,14,21,14,0,28,21,-7,5-7,1
AF017270526,GENIUS,UNICORN,14,7,3,0,17,7,7,5-7,0
AF017270626,PSYCHIC,VALIANT,0,7,0,0,0,7,-7,5-7,0
AF017270826,ROMAN,DESTINY,7,3,13,0,20,3,4,3-4,0
AF017280426,NEON,SEEKER,6,0,0,7,6,7,6,5-7,1
AF017280526,SEEKER,LUNA,7,0,7,8,14,8,7,5-7,0
AF017280626,OVERDRIVE,LUNA,7,3,0,0,7,3,4,3-4,0
AF017280726,STRIDER,DON,10,0,7,6,17,6,10,8-10,0
AF017280826,PSYCHIC,LUNA,7,14,6,7,13,21,-7,5-7,0
AF017290426,SAGE,OCTANE,14,7,7,15,21,22,7,5-7,1
AF017290526,SAGE,ROCKET,10,7,6,0,16,7,3,3-4,0
AF017290626,LUNA,PHOENIX,17,14,14,14,31,28,3,3-4,4
AF017290726,DESTINY,SHARK,3,10,3,6,6,16,-7,5-7,0
AF017290826,PHOENIX,LUNA,0,3,13,0,13,3,-3,3-4,1
AF017290926,LYNX,OFFICER,17,0,13,16,30,16,17,15+,0
AF017300426,GENIUS,KRAKEN,0,7,14,10,14,17,-7,5-7,0
AF017300626,UNICORN,SHARK,14,7,0,0,14,7,7,5-7,0
AF017300726,DAME,WARRIOR,0,6,3,15,3,21,-6,5-7,0
AF017300826,VALIANT,LUNA,7,7,0,7,7,14,0,level,0
AF017300926,PRECISION,JUDGEMENT,14,7,14,14,28,21,7,5-7,0
AF017310726,UNICORN,CRYSTAL,14,0,0,7,14,7,14,11-14,0
AF017310826,KRAKEN,VALIANT,3,0,0,14,3,14,3,3-4,1
AF018010626,PRECISION,LEO,7,7,14,7,21,14,0,level,0
AF018010726,JUDGEMENT,CRYSTAL,10,3,7,6,17,9,7,5-7,0
AF018010826,LAZARUS,KRAKEN,21,10,14,14,35,24,11,11-14,0
AF018010926,LEGEND,SABRE,14,14,14,7,28,21,0,level,1
AF018011026,STRIDER,LUNA,6,7,9,7,15,14,-1,1-2,3
AF018020726,ANVIL,KRAKEN,7,21,0,7,7,28,-14,11-14,0
AF018020826,OVERDRIVE,LEO,14,12,13,0,27,12,2,1-2,0
AF018020926,ROCKET,CRYSTAL,14,0,7,7,21,7,14,11-14,0
AF018021026,SHROUD,ASTRONAUT,0,10,0,10,0,20,-10,8-10,0
AF018030526,SPLINTER,SENTRY,14,7,3,11,17,18,7,5-7,1
AF018030626,NIRVANA,ENFORCER,7,0,10,14,17,14,7,5-7,0
AF018030726,LAZARUS,LYNX,7,14,8,7,15,21,-7,5-7,0
AF018030826,ASTRONAUT,KATANA,21,21,3,7,24,28,0,level,1
AF018040526,METEOR,SENTRY,7,7,7,0,14,7,0,level,0
AF018040726,LAZARUS,SAGE,14,7,0,10,14,17,7,5-7,1
AF018040826,GENIUS,PHOENIX,7,14,0,10,7,24,-7,5-7,0
AF018040926,SAGE,RELIC,14,21,8,7,22,28,-7,5-7,0
AF018050626,SHROUD,SAGE,14,7,7,3,21,10,7,5-7,0
AF018050726,VALIANT,KRAKEN,8,15,15,7,23,22,-7,5-7,1
AF018050826,JUDGEMENT,ACE,10,10,0,3,10,13,0,level,0
AF018060626,IMPERIAL,OVERDRIVE,9,21,7,7,16,28,-12,11-14,0
AF018060726,HURRICANE,SENTRY,14,21,0,3,14,24,-7,5-7,0
AF018060826,UNICORN,SORCERER,14,7,21,17,35,24,7,5-7,4
AF018060926,ROCKET,JUDGEMENT,7,7,7,10,14,17,0,level,2
AF018070526,PRECISION,CRYSTAL,10,10,10,7,20,17,0,level,1
AF018070626,OVERDRIVE,ASTRONAUT,14,28,0,0,14,28,-14,11-14,0
AF018070726,SENTINEL,PHOENIX,0,7,6,10,6,17,-7,5-7,0
AF018070926,KATANA,HURRICANE,21,0,0,14,21,14,21,15+,0
AF018080626,LAZARUS,MEMENTO,7,14,7,3,14,17,-7,5-7,0
AF018080726,KATANA,CRYSTAL,14,7,7,7,21,14,7,5-7,0
AF018080826,ROCKET,LUNA,14,7,10,11,24,18,7,5-7,0
AF018080926,ACE,JUDGEMENT,21,3,14,7,35,10,18,15+,0
AF018090626,ROCKET,LEO,14,14,0,7,14,21,0,level,0
AF018090726,LAZARUS,KEVLAR,7,7,7,6,14,13,0,level,0
AF018090826,JUDGEMENT,LAZARUS,7,14,11,7,18,21,-7,5-7,0
AF018100626,PHOENIX,HERMES,7,7,3,21,10,28,0,level,1
AF018100726,LUNA,CRYSTAL,7,14,8,7,15,21,-7,5-7,0
AF018100826,LUNA,ACE,7,7,10,13,17,20,0,level,1
AF018110626,SHROUD,PATHFINDER,14,17,14,14,28,31,-3,3-4,4
AF018110826,PATHFINDER,ACE,7,17,14,3,21,20,-10,8-10,1
AF018120626,SAGE,HERMES,7,7,3,7,10,14,0,level,1
AF018120726,LAZARUS,SHROUD,21,7,7,11,28,18,14,11-14,0
AF018120826,HERMES,SABRE,7,10,0,11,7,21,-3,3-4,0
AF018120926,RELIC,ACE,17,7,14,3,31,10,10,8-10,0
AF018130826,KRAKEN,HURRICANE,7,10,7,7,14,17,-3,3-4,2
AF018140626,LAZARUS,PATHFINDER,7,3,0,0,7,3,4,3-4,0
AF018140726,SABRE,HERMES,10,14,7,7,17,21,-4,3-4,2
AF018140826,JUDGEMENT,ASTRONAUT,3,21,8,0,11,21,-18,15+,0
AF018140926,RICOCHET,DREAD,3,14,14,13,17,27,-11,11-14,0
AF018150626,VALIANT,PATHFINDER,14,21,10,0,24,21,-7,5-7,1
AF018150726,OCTANE,ASTRONAUT,17,10,0,14,17,24,7,5-7,1
AF018160726,CRYSTAL,HERMES,7,14,3,7,10,21,-7,5-7,0
AF018160826,KRAKEN,SHROUD,7,14,0,3,7,17,-7,5-7,0
AF018160926,ASTRONAUT,KRAKEN,21,17,14,6,35,23,4,3-4,0
AF018170626,ROCKET,HURRICANE,12,14,8,7,20,21,-2,1-2,0
AF018170726,HERMES,MEMENTO,7,17,0,7,7,24,-10,8-10,0
AF018170826,LEO,MEMENTO,24,19,0,0,24,19,5,5-7,0
AF018170926,SUMMIT,MIDAS,0,7,3,0,3,7,-7,5-7,0
AF018180626,HURRICANE,JUDGEMENT,7,14,3,0,10,14,-7,5-7,0
AF018180726,MONSTER,PHOENIX,7,14,6,7,13,21,-7,5-7,0
AF018180826,SAGE,ACE,0,14,0,7,0,21,-14,11-14,0
AF018180926,ACE,ASTRONAUT,24,21,7,3,31,24,3,3-4,0
AF018190526,SUMMIT,LEO,14,21,8,7,22,28,-7,5-7,2
AF018190726,OVERDRIVE,AVATAR,29,20,17,19,46,39,9,8-10,2
AF018190826,SAGE,LAZARUS,3,7,7,7,10,14,-4,3-4,2
AF018200526,VALIANT,SHROUD,7,7,8,14,15,21,0,level,0
AF018200726,OCTANE,KRAKEN,28,24,7,7,35,31,4,3-4,2
AF018200826,JUDGEMENT,METEOR,3,7,0,0,3,7,-4,3-4,0
AF018210726,LUNA,PSYCHIC,21,7,7,6,28,13,14,11-14,0
AF018210826,LUNA,CRYSTAL,17,14,7,7,24,21,3,3-4,2
AF018210926,ROCKET,HURRICANE,7,7,0,14,7,21,0,level,0
AF018220626,VALIANT,LAZARUS,7,7,10,7,17,14,0,level,0
AF018220726,OCTANE,SAGE,21,7,21,21,42,28,14,11-14,0
AF018220826,IMPERIAL,ROCKET,14,14,0,3,14,17,0,level,0
AF018230726,CRYSTAL,SABRE,7,14,7,7,14,21,-7,5-7,0
AF018230826,SHROUD,PRECISION,10,0,3,0,13,0,10,8-10,0
AF018240726,UNICORN,HURRICANE,0,10,3,7,3,17,-10,8-10,0
AF018240926,KRAKEN,LUNA,17,0,7,14,24,14,17,15+,0
AF018250526,SHROUD,PATHFINDER,7,7,0,21,7,28,0,level,0
AF018250626,OVERDRIVE,PHOENIX,13,6,6,14,19,20,7,5-7,1
AF018250726,SCHOLAR,ORIGINAL,7,10,0,0,7,10,-3,3-4,0
AF018250826,LEO,OCTANE,14,7,7,7,21,14,7,5-7,0
AF018250926,ROCKET,LUNA,14,3,3,6,17,9,11,11-14,0
AF018260526,OVERDRIVE,LEO,14,7,7,15,21,22,7,5-7,1
AF018260726,CRYSTAL,LUNA,7,7,10,7,17,14,0,level,2
AF018260826,SABRE,ASTRONAUT,7,9,14,7,21,16,-2,1-2,1
AF018260926,SHROUD,LUNA,14,7,7,0,21,7,7,5-7,0
AF018270526,SAGE,LAZARUS,10,7,0,0,10,7,3,3-4,0
AF018270626,PHOENIX,SHROUD,3,10,7,3,10,13,-7,5-7,0
AF018270726,HERMES,PATHFINDER,14,7,3,0,17,7,7,5-7,0
AF018270826,PHOENIX,MIMIC,14,7,6,7,20,14,7,5-7,0
AF018270926,ASTRONAUT,OVERDRIVE,10,21,22,0,32,21,-11,11-14,1
AF018280426,OVERDRIVE,SHROUD,14,14,13,8,27,22,0,level,1
AF018280526,ROCKET,OVERDRIVE,10,7,7,11,17,18,3,3-4,1
AF018280626,WARRIOR,LAZARUS,14,0,0,6,14,6,14,11-14,0
AF018280726,MONSTER,OCTANE,10,7,14,8,24,15,3,3-4,0
AF018280826,LAZARUS,LYNX,6,7,6,8,12,15,-1,1-2,2
AF018290426,VALIANT,LEO,7,10,8,7,15,17,-3,3-4,0
AF018290526,VALIANT,PATHFINDER,35,28,3,7,38,35,7,5-7,0
AF018290626,ROCKET,LEO,7,7,10,14,17,21,0,level,3
AF018290726,PSYCHIC,OVERDRIVE,7,7,14,7,21,14,0,level,0
AF018290826,SHROUD,ACE,14,17,6,6,20,23,-3,3-4,0
AF018290926,IMPERIAL,KRAKEN,14,10,7,13,21,23,4,3-4,3
AF018300426,CRYSTAL,OVERDRIVE,6,3,14,13,20,16,3,3-4,4
AF018300626,SENTRY,KRAKEN,7,7,10,14,17,21,0,level,3
AF018300726,ANVIL,OVERDRIVE,0,21,0,14,0,35,-21,15+,0
AF018300826,CRYSTAL,SHROUD,10,7,7,8,17,15,3,3-4,0
AF018300926,RELIC,LUNA,7,10,3,10,10,20,-3,3-4,0
AF018310526,CRYSTAL,VALIANT,10,0,7,3,17,3,10,8-10,0
AF018310726,PATHFINDER,LEGEND,7,28,0,7,7,35,-21,15+,0
AF018310826,LAZARUS,MEMENTO,10,14,6,7,16,21,-4,3-4,0
AF019010726,KEVLAR,CLASH,7,7,17,6,24,13,0,level,0
AF019010826,HERMES,MEMENTO,21,7,10,7,31,14,14,11-14,0
AF019010926,SENTRY,MERCENARY,3,21,0,0,3,21,-18,15+,0
AF019020526,OFFICER,LAZARUS,10,0,14,23,24,23,10,8-10,0
AF019020726,HERMES,METEOR,7,14,7,3,14,17,-7,5-7,0
AF019020826,OFFICER,MERCENARY,14,14,14,0,28,14,0,level,0
AF019021026,HERMES,SABRE,13,14,21,0,34,14,-1,1-2,1
AF019030526,LEGEND,HERMES,7,14,7,3,14,17,-7,5-7,0
AF019030626,KILLJOY,FUSE,7,3,10,11,17,14,4,3-4,0
AF019030726,CLASH,KEVLAR,10,3,14,0,24,3,7,5-7,0
AF019030826,SENTRY,CLASH,7,10,14,17,21,27,-3,3-4,2
AF019030926,KEVLAR,HERMES,17,0,3,14,20,14,17,15+,0
AF019040526,PINNACLE,KEVLAR,14,0,10,20,24,20,14,11-14,0
AF019040626,LEGEND,KEVLAR,10,3,3,6,13,9,7,5-7,0
AF019040726,SENTRY,PATHFINDER,3,3,10,7,13,10,0,level,0
AF019050626,LAZARUS,AVATAR,14,17,7,0,21,17,-3,3-4,1
AF019050726,OFFICER,PRECISION,14,7,3,7,17,14,7,5-7,0
AF019050826,MEMENTO,LAZARUS,14,24,8,7,22,31,-10,8-10,0
AF019060726,PRECISION,LEGEND,0,10,7,3,7,13,-10,8-10,0
AF019060826,LAZARUS,HERMES,7,7,14,15,21,22,0,level,1
AF019060926,SENTRY,MEMENTO,14,3,7,10,21,13,11,11-14,0
AF019061026,MEMENTO,LYNX,14,10,0,6,14,16,4,3-4,1
AF019070526,OVERDRIVE,KEVLAR,7,17,0,7,7,24,-10,8-10,0
AF019070626,PRECISION,AVATAR,14,14,7,0,21,14,0,level,0
AF019070726,LEO,OVERDRIVE,27,2,0,0,27,2,25,15+,0
AF019070826,LYNX,MERCENARY,10,7,13,14,23,21,3,3-4,2
AF019080626,PRECISION,OFFICER,7,7,7,6,14,13,0,level,0
AF019080726,LYNX,HERMES,14,10,7,7,21,17,4,3-4,2
AF019080826,LEGEND,OFFICER,14,7,7,7,21,14,7,5-7,0
AF019080926,SENTRY,PINNACLE,7,14,7,7,14,21,-7,5-7,0
AF019090626,PRECISION,LEGEND,7,21,3,7,10,28,-14,11-14,0
AF019090726,CLASH,PRECISION,7,3,7,7,14,10,4,3-4,2
AF019090826,AVATAR,SENTRY,17,7,7,0,24,7,10,8-10,0
AF019090926,HERMES,METEOR,0,15,8,7,8,22,-15,15+,0
AF019100626,KEVLAR,LYNX,7,14,8,7,15,21,-7,5-7,0
AF019100826,MEMENTO,LEGEND,21,10,31,15,52,25,11,11-14,0
AF019110626,LAZARUS,MEMENTO,7,7,7,10,14,17,0,level,0
AF019110826,LAZARUS,MERCENARY,14,10,7,14,21,24,4,3-4,3
AF019110926,LYNX,MEMENTO,6,7,7,7,13,14,-1,1-2,0
AF019120626,MEMENTO,AVATAR,3,0,0,13,3,13,3,3-4,1
AF019120726,SENTRY,MEMENTO,10,0,17,6,27,6,10,8-10,0
AF019120826,MERCENARY,CLASH,17,21,10,3,27,24,-4,3-4,1
AF019120926,MEMENTO,OFFICER,15,21,7,7,22,28,-6,5-7,0
AF019130626,SENTRY,LYNX,0,7,7,3,7,10,-7,5-7,0
AF019130726,CLASH,OFFICER,10,8,21,8,31,16,2,1-2,0
AF019130826,LEO,MEMENTO,14,7,21,14,35,21,7,5-7,0
AF019140626,MEMENTO,OFFICER,14,21,6,21,20,42,-7,5-7,0
AF019140726,MEMENTO,MERCENARY,14,17,7,14,21,31,-3,3-4,0
AF019140826,LYNX,AVATAR,10,7,14,14,24,21,3,3-4,2
AF019140926,PRISMATIC,SCHOLAR,10,14,14,21,24,35,-4,3-4,0
AF019150626,CLASH,PRECISION,10,7,14,14,24,21,3,3-4,0
AF019150726,MEMENTO,LEO,11,14,13,7,24,21,-3,3-4,1
AF019150826,AVATAR,LEGEND,17,7,7,14,24,21,10,8-10,0
AF019150926,CLASH,PINNACLE,3,14,6,7,9,21,-11,11-14,0
AF019160626,PINNACLE,LEGEND,14,7,22,8,36,15,7,5-7,0
AF019160726,LEO,PATHFINDER,0,21,8,0,8,21,-21,15+,0
AF019160926,LYNX,JUDGEMENT,3,14,14,7,17,21,-11,11-14,0
AF019170626,LEGEND,SAGE,10,0,3,11,13,11,10,8-10,0
AF019170726,LEGEND,MERCENARY,7,3,7,0,14,3,4,3-4,0
AF019170926,ACE,ASTRONAUT,14,7,7,7,21,14,7,5-7,0
AF019180626,PRECISION,MEMENTO,17,7,7,15,24,22,10,8-10,0
AF019180726,OFFICER,LEO,7,0,7,17,14,17,7,5-7,1
AF019180826,LEO,CLASH,14,3,0,8,14,11,11,11-14,0
AF019180926,HERMES,AVATAR,28,7,7,14,35,21,21,15+,0
AF019190526,KEVLAR,AVATAR,0,7,6,3,6,10,-7,5-7,0
AF019190726,OFFICER,MEMENTO,21,14,14,8,35,22,7,5-7,0
AF019190926,LYNX,HERMES,14,7,10,10,24,17,7,5-7,0
AF019200526,LEO,LEGEND,7,7,14,10,21,17,0,level,1
AF019200726,MEMENTO,LEO,7,10,0,0,7,10,-3,3-4,0
AF019200826,MEMENTO,LEGEND,21,7,14,21,35,28,14,11-14,0
AF019200926,ACE,JUDGEMENT,7,7,0,3,7,10,0,level,0
AF019210726,AVATAR,CLASH,14,0,0,12,14,12,14,11-14,0
AF019210826,LEO,LEGEND,10,7,8,10,18,17,3,3-4,2
AF019220626,CLASH,OFFICER,0,10,0,7,0,17,-10,8-10,0
AF019220726,PINNACLE,LEGEND,17,14,7,7,24,21,3,3-4,0
AF019220826,LEO,HERMES,6,7,17,7,23,14,-1,1-2,1
AF019220926,LEGEND,MEMENTO,7,7,10,0,17,7,0,level,0
AF019230626,REGRET,SHURIKEN,10,7,0,10,10,17,3,3-4,1
AF019230726,MEMENTO,LYNX,17,7,7,7,24,14,10,8-10,0
AF019230826,PINNACLE,MEMENTO,7,0,8,14,15,14,7,5-7,2
AF019240626,MEMENTO,PRECISION,0,7,10,0,10,7,-7,5-7,1
AF019240726,LEO,PATHFINDER,0,17,0,14,0,31,-17,15+,0
AF019240826,LAZARUS,OFFICER,7,0,3,13,10,13,7,5-7,1
AF019240926,LYNX,JUDGEMENT,14,7,21,7,35,14,7,5-7,0
AF019250526,OFFICER,MEMENTO,17,0,7,0,24,0,17,15+,0
AF019250626,LAZARUS,CLASH,17,14,0,0,17,14,3,3-4,0
AF019250726,FENRIR,MERLIN,10,7,14,14,24,21,3,3-4,0
AF019250826,LAZARUS,PINNACLE,10,14,11,10,21,24,-4,3-4,0
AF019260526,CLASH,PATHFINDER,17,0,7,0,24,0,17,15+,0
AF019260626,JUDGEMENT,HERMES,14,21,17,7,31,28,-7,5-7,1
AF019260826,LEGEND,MEMENTO,21,10,7,8,28,18,11,11-14,0
AF019260926,PATHFINDER,HERMES,7,7,7,3,14,10,0,level,1
AF019270526,MEMENTO,KEVLAR,0,14,6,3,6,17,-14,11-14,0
AF019270626,LEGEND,SENTRY,7,7,15,3,22,10,0,level,1
AF019270726,KEVLAR,PRECISION,10,10,13,20,23,30,0,level,0
AF019270826,SAGE,MEMENTO,17,7,17,13,34,20,10,8-10,0
AF019270926,HERMES,ACE,7,7,7,6,14,13,0,level,0
AF019280426,PRECISION,LEGEND,7,10,7,0,14,10,-3,3-4,1
AF019280526,HURRICANE,LEGEND,7,14,7,3,14,17,-7,5-7,0
AF019280626,ACE,SENTRY,7,7,0,7,7,14,0,level,0
AF019280726,MERCENARY,KEVLAR,10,7,10,7,20,14,3,3-4,0
AF019280826,CLASH,HERMES,7,0,10,7,17,7,7,5-7,0
AF019280926,DON,PSYCHIC,3,0,7,6,10,6,3,3-4,0
AF019290426,OFFICER,CLASH,17,14,0,7,17,21,3,3-4,1
AF019290526,HERMES,ASTRONAUT,7,0,14,14,21,14,7,5-7,0
AF019290626,OFFICER,CLASH,17,21,14,7,31,28,-4,3-4,1
AF019290726,ACE,LEO,14,14,7,10,21,24,0,level,0
AF019290826,LYNX,MEMENTO,0,23,0,6,0,29,-23,15+,0
AF019290926,PINNACLE,CLASH,14,6,3,0,17,6,8,8-10,0
AF019300426,PRECISION,LEGEND,3,0,0,7,3,7,3,3-4,1
AF019300526,OFFICER,MEMENTO,7,7,14,7,21,14,0,level,0
AF019300626,HERMES,MEMENTO,7,0,7,13,14,13,7,5-7,0
AF019300726,HERMES,JUDGEMENT,10,7,7,3,17,10,3,3-4,0
AF019300926,MEMENTO,LEGEND,24,7,10,6,34,13,17,15+,0
AF019310526,LEO,OFFICER,7,14,7,7,14,21,-7,5-7,0
AF020010526,ANVIL,SEEKER,7,7,8,10,15,17,0,level,2
AF020010626,PHOENIX,VALIANT,14,14,7,0,21,14,0,level,0
AF020010726,VALIANT,OVERDRIVE,3,6,6,7,9,13,-3,3-4,0
AF020010826,SENTINEL,VALIANT,7,7,3,7,10,14,0,level,1
AF020010926,GENIUS,PSYCHIC,3,14,8,0,11,14,-11,11-14,0
AF020020726,DESTINY,ROMAN,0,14,14,21,14,35,-14,11-14,0
AF020020826,DON,ROMAN,10,3,2,7,12,10,7,5-7,0
AF020020926,SHARK,STRIDER,7,3,0,7,7,10,4,3-4,1
AF020021026,ACE,OVERDRIVE,8,3,10,9,18,12,5,5-7,0
AF020030526,PSYCHIC,PHOENIX,0,14,0,3,0,17,-14,11-14,0
AF020030626,SPARK,ENFORCER,3,3,7,0,10,3,0,level,0
AF020030826,WARRIOR,DON,7,6,14,6,21,12,1,1-2,0
AF020031026,GENIUS,MIMIC,0,10,14,0,14,10,-10,8-10,1
AF020040526,LUNA,OCTANE,21,0,7,15,28,15,21,15+,0
AF020040626,KRAKEN,ANVIL,10,14,7,7,17,21,-4,3-4,2
AF020040726,SENTINEL,PSYCHIC,7,14,0,7,7,21,-7,5-7,0
AF020040826,ROMAN,DON,7,6,7,1,14,7,1,1-2,0
AF020040926,MIMIC,SUMMIT,14,9,7,22,21,31,5,5-7,1
AF020041026,WARRIOR,HURRICANE,14,0,7,16,21,16,14,11-14,0
AF020050626,VALIANT,NEON,7,0,6,20,13,20,7,5-7,1
AF020050726,PSYCHIC,PHOENIX,14,7,7,0,21,7,7,5-7,0
AF020050826,MONSTER,MIMIC,21,10,14,7,35,17,11,11-14,0
AF020051026,OVERDRIVE,HURRICANE,0,14,8,0,8,14,-14,11-14,0
AF020060626,SUMMIT,GENIUS,0,3,7,0,7,3,-3,3-4,1
AF020060726,PSYCHIC,LUNA,14,7,3,14,17,21,7,5-7,1
AF020060826,ROMAN,DON,10,7,8,13,18,20,3,3-4,3
AF020070526,KRAKEN,SHROUD,10,0,7,6,17,6,10,8-10,0
AF020070626,KRAKEN,IMPERIAL,17,0,7,7,24,7,17,15+,0
AF020070726,BLAZE,DON,0,1,0,3,0,4,-1,1-2,0
AF020070826,KRAKEN,SUMMIT,7,7,7,17,14,24,0,level,0
AF020070926,STRIDER,SHARK,0,3,3,3,3,6,-3,3-4,0
AF020080626,METEOR,PATHFINDER,14,7,7,15,21,22,7,5-7,1
AF020080726,SORCERER,GENIUS,3,14,8,7,11,21,-11,11-14,0
AF020080826,VALIANT,IMPERIAL,14,21,8,0,22,21,-7,5-7,1
AF020080926,IMPERIAL,HURRICANE,17,7,0,0,17,7,10,8-10,0
AF020090626,MONSTER,SUMMIT,7,10,10,6,17,16,-3,3-4,1
AF020090726,ANVIL,SUMMIT,14,7,0,13,14,20,7,5-7,1
AF020090826,CRYSTAL,LUNA,10,7,7,0,17,7,3,3-4,0
AF020100626,UNICORN,GENIUS,10,10,8,15,18,25,0,level,2
AF020100726,SHARK,DON,14,7,7,7,21,14,7,5-7,0
AF020100826,HURRICANE,KRAKEN,17,0,0,21,17,21,17,15+,1
AF020100926,RELIC,SAGE,7,10,10,0,17,10,-3,3-4,1
AF020110626,SEEKER,OCTANE,7,14,10,0,17,14,-7,5-7,1
AF020110726,CRYSTAL,SUMMIT,0,0,7,6,7,6,0,level,1
AF020120626,SEEKER,ANVIL,9,7,7,0,16,7,2,1-2,0
AF020120726,PSYCHIC,LUNA,7,7,3,0,10,7,0,level,0
AF020120826,GENIUS,UNICORN,7,7,7,6,14,13,0,level,0
AF020120926,METEOR,LUNA,0,3,7,7,7,10,-3,3-4,2
AF020130626,SENTINEL,PSYCHIC,10,7,14,0,24,7,3,3-4,0
AF020130726,MONSTER,VALIANT,7,7,7,0,14,7,0,level,0
AF020130926,PHOENIX,KRAKEN,7,14,7,3,14,17,-7,5-7,0
AF020140626,PSYCHIC,KRAKEN,7,3,13,0,20,3,4,3-4,0
AF020140726,ACE,SHARK,10,7,0,7,10,14,3,3-4,1
AF020140826,OCTANE,ROCKET,17,14,7,7,24,21,3,3-4,2
AF020150626,PSYCHIC,KRAKEN,0,14,0,0,0,14,-14,11-14,0
AF020150726,ANVIL,SORCERER,7,7,8,15,15,22,0,level,2
AF020150826,SENTINEL,MONSTER,14,10,7,13,21,23,4,3-4,1
AF020150926,LEO,JUDGEMENT,14,0,10,10,24,10,14,11-14,0
AF020160626,KATANA,SUMMIT,0,0,3,0,3,0,0,level,0
AF020160726,DON,ACE,0,7,7,7,7,14,-7,5-7,0
AF020160926,SHROUD,HURRICANE,0,14,15,6,15,20,-14,11-14,0
AF020170626,ANVIL,MONSTER,14,0,0,12,14,12,14,11-14,0
AF020170726,ANVIL,SEEKER,8,13,6,0,14,13,-5,5-7,1
AF020170826,GENIUS,LUNA,7,21,3,0,10,21,-14,11-14,0
AF020170926,MIMIC,UNICORN,3,7,7,0,10,7,-4,3-4,1
AF020180726,ROMAN,SHARK,14,3,7,14,21,17,11,11-14,2
AF020180826,MONSTER,UNICORN,14,3,7,7,21,10,11,11-14,0
AF020180926,SAGE,LUNA,6,3,7,14,13,17,3,3-4,3
AF020190526,GENIUS,MONSTER,3,7,0,0,3,7,-4,3-4,0
AF020190726,IMPERIAL,VALIANT,27,6,0,6,27,12,21,15+,0
AF020190826,SUMMIT,GENIUS,14,7,7,8,21,15,7,5-7,0
AF020200526,ROCKET,ANVIL,0,3,10,0,10,3,-3,3-4,1
AF020200726,VALIANT,GENIUS,10,14,0,10,10,24,-4,3-4,0
AF020200826,DON,MIDAS,9,0,7,23,16,23,9,8-10,1
AF020210726,ACE,DAME,14,14,17,7,31,21,0,level,0
AF020210826,SHARK,WARRIOR,3,7,6,7,9,14,-4,3-4,0
AF020220626,KRAKEN,LUNA,10,10,10,7,20,17,0,level,1
AF020220826,PSYCHIC,MIMIC,7,7,6,7,13,14,0,level,0
AF020230726,DAME,ACE,3,14,3,3,6,17,-11,11-14,0
AF020240826,VALIANT,HURRICANE,7,9,10,0,17,9,-2,1-2,1
AF020240926,HURRICANE,ASTRONAUT,7,7,7,8,14,15,0,level,1
AF020250526,ROCKET,LUNA,14,0,8,15,22,15,14,11-14,2
AF020250626,OCTANE,CRYSTAL,0,7,0,6,0,13,-7,5-7,0
AF020250826,SHARK,STRIDER,7,10,0,7,7,17,-3,3-4,0
AF020250926,PSYCHIC,SABRE,0,7,7,7,7,14,-7,5-7,0
AF020260526,PHOENIX,GENIUS,0,3,0,0,0,3,-3,3-4,0
AF020260626,LUNA,KATANA,10,7,14,7,24,14,3,3-4,2
AF020260726,SHARK,WARRIOR,10,7,7,0,17,7,3,3-4,0
AF020270526,GENIUS,SUMMIT,7,3,0,7,7,10,4,3-4,1
AF020270626,PSYCHIC,ROCKET,0,14,0,3,0,17,-14,11-14,0
AF020270826,ROMAN,SHARK,10,14,8,7,18,21,-4,3-4,0
AF020280426,NEON,MONSTER,14,0,14,14,28,14,14,11-14,0
AF020280526,SEEKER,GENIUS,16,7,7,6,23,13,9,8-10,0
AF020280626,OVERDRIVE,IMPERIAL,14,3,14,29,28,32,11,11-14,3
AF020280726,STRIDER,DESTINY,7,7,7,0,14,7,0,level,0
AF020280826,PSYCHIC,JUDGEMENT,0,7,0,7,0,14,-7,5-7,0
AF020280926,PSYCHIC,SHARK,10,0,0,7,10,7,10,8-10,0
AF020290426,SAGE,LUNA,7,7,3,13,10,20,0,level,1
AF020290526,SAGE,LUNA,10,7,7,0,17,7,3,3-4,0
AF020290626,LUNA,OCTANE,17,7,7,8,24,15,10,8-10,0
AF020290726,DESTINY,ROMAN,17,7,7,7,24,14,10,8-10,0
AF020290826,PHOENIX,VALIANT,7,0,3,14,10,14,7,5-7,1
AF020290926,PSYCHIC,KATANA,7,10,3,3,10,13,-3,3-4,0
AF020300426,GENIUS,SUMMIT,15,15,9,6,24,21,0,level,0
AF020300526,ANVIL,UNICORN,0,3,7,7,7,10,-3,3-4,0
AF020300626,UNICORN,LUNA,3,0,7,7,10,7,3,3-4,2
AF020300726,DAME,SHARK,0,7,0,0,0,7,-7,5-7,0
AF020300826,VALIANT,KRAKEN,13,7,6,0,19,7,6,5-7,0
AF020300926,SAGE,SABRE,0,14,0,7,0,21,-14,11-14,0
AF020310526,LUNA,IMPERIAL,7,7,7,0,14,7,0,level,0
AF020310726,UNICORN,LUNA,0,14,15,7,15,21,-14,11-14,0
AF020310826,KRAKEN,ROCKET,21,14,7,6,28,20,7,5-7,0
AF021010626,PRECISION,METEOR,14,3,3,13,17,16,11,11-14,0
AF021010826,OVERDRIVE,RELIC,12,7,6,21,18,28,5,5-7,3
AF021010926,LEGEND,ASTRONAUT,7,21,14,31,21,52,-14,11-14,0
AF021011026,FUSE,NIGHTMARE,14,24,14,7,28,31,-10,8-10,0
AF021020726,ANVIL,SUMMIT,7,14,13,7,20,21,-7,5-7,0
AF021020826,OVERDRIVE,SHROUD,14,7,21,8,35,15,7,5-7,0
AF021020926,ROCKET,SABRE,14,7,20,14,34,21,7,5-7,0
AF021021026,MISSILE,NIRVANA,7,14,0,0,7,14,-7,5-7,0
AF021030526,SPLINTER,CRYSTAL,3,7,7,14,10,21,-4,3-4,0
AF021030626,NIGHTMARE,FENRIR,14,16,0,7,14,23,-2,1-2,0
AF021030726,LAZARUS,JUDGEMENT,3,7,0,7,3,14,-4,3-4,0
AF021030826,ASTRONAUT,LAZARUS,0,0,17,21,17,21,0,level,5
AF021030926,HURRICANE,PSYCHIC,0,7,7,7,7,14,-7,5-7,0
AF021031026,NIGHTMARE,FUSE,6,7,8,10,14,17,-1,1-2,2
AF021040526,METEOR,OVERDRIVE,14,14,7,14,21,28,0,level,0
AF021040726,LAZARUS,CRYSTAL,7,4,7,14,14,18,3,3-4,3
AF021040826,GENIUS,MONSTER,6,7,14,14,20,21,-1,1-2,0
AF021050626,SHROUD,PHOENIX,7,7,3,0,10,7,0,level,0
AF021050726,VALIANT,HURRICANE,7,10,0,0,7,10,-3,3-4,0
AF021050826,JUDGEMENT,SAGE,7,6,10,8,17,14,1,1-2,0
AF021051026,SHROUD,ACE,7,14,21,22,28,36,-7,5-7,2
AF021060626,IMPERIAL,HURRICANE,7,14,14,14,21,28,-7,5-7,2
AF021060726,HURRICANE,METEOR,3,7,0,0,3,7,-4,3-4,0
AF021060826,UNICORN,GENIUS,7,14,6,0,13,14,-7,5-7,0
AF021061026,PRECISION,KEVLAR,14,17,7,0,21,17,-3,3-4,1
AF021070526,PRECISION,VALIANT,14,14,7,0,21,14,0,level,0
AF021070726,SENTINEL,SUMMIT,14,7,9,6,23,13,7,5-7,0
AF021070926,KATANA,ACE,7,12,6,7,13,19,-5,5-7,0
AF021080626,LAZARUS,SENTRY,7,0,3,7,10,7,7,5-7,0
AF021080726,KATANA,JUDGEMENT,14,14,0,3,14,17,0,level,0
AF021080826,ROCKET,CRYSTAL,14,0,3,14,17,14,14,11-14,0
AF021090626,ROCKET,METEOR,6,14,17,7,23,21,-8,8-10,1
AF021090726,LAZARUS,ROCKET,14,14,14,13,28,27,0,level,0
AF021090826,JUDGEMENT,SHROUD,14,0,0,12,14,12,14,11-14,0
AF021090926,KATANA,ROCKET,7,14,15,21,22,35,-7,5-7,0
AF021100626,PHOENIX,PATHFINDER,14,7,7,15,21,22,7,5-7,1
AF021100726,LUNA,VALIANT,0,0,7,6,7,6,0,level,0
AF021100826,LUNA,RELIC,7,10,21,6,28,16,-3,3-4,1
AF021100926,SABRE,METEOR,3,14,7,10,10,24,-11,11-14,0
AF021110626,SHROUD,VALIANT,7,10,7,0,14,10,-3,3-4,1
AF021110826,ACE,PATHFINDER,14,0,7,7,21,7,14,11-14,0
AF021110926,ASTRONAUT,SABRE,14,14,24,14,38,28,0,level,0
AF021120626,SAGE,HURRICANE,17,7,3,0,20,7,10,8-10,0
AF021120726,LAZARUS,KRAKEN,14,0,7,7,21,7,14,11-14,0
AF021120826,HERMES,ROCKET,14,14,7,6,21,20,0,level,0
AF021120926,GADGET,REGRET,14,7,14,0,28,7,7,5-7,0
AF021130726,PHOENIX,KATANA,21,14,7,8,28,22,7,5-7,0
AF021130826,KRAKEN,METEOR,9,6,0,17,9,23,3,3-4,1
AF021130926,VALIANT,HURRICANE,0,10,7,3,7,13,-10,8-10,0
AF021140626,LAZARUS,OVERDRIVE,7,7,14,15,21,22,0,level,1
AF021140726,SABRE,LAZARUS,14,7,9,14,23,21,7,5-7,0
AF021140826,JUDGEMENT,CRYSTAL,14,7,7,7,21,14,7,5-7,0
AF021150626,VALIANT,KATANA,0,7,7,3,7,10,-7,5-7,0
AF021150726,OCTANE,KATANA,7,14,7,3,14,17,-7,5-7,0
AF021150826,LUNA,PHOENIX,7,0,9,0,16,0,7,5-7,0
AF021150926,SHURIKEN,MIRAGE,28,7,3,13,31,20,21,15+,0
AF021160726,CRYSTAL,JUDGEMENT,7,0,3,7,10,7,7,5-7,0
AF021170626,ROCKET,OCTANE,0,7,3,0,3,7,-7,5-7,0
AF021170726,HERMES,SABRE,7,14,13,7,20,21,-7,5-7,0
AF021170826,LEO,LAZARUS,6,5,6,11,12,16,1,1-2,1
AF021170926,LIZARD,GADGET,7,6,14,8,21,14,1,1-2,0
AF021180626,HURRICANE,KATANA,7,17,7,0,14,17,-10,8-10,0
AF021180726,MONSTER,VALIANT,7,7,17,14,24,21,0,level,3
AF021180926,FENRIR,FUSE,14,7,0,3,14,10,7,5-7,0
AF021190526,SUMMIT,UNICORN,7,7,15,0,22,7,0,level,0
AF021190726,OVERDRIVE,SHROUD,14,7,0,14,14,21,7,5-7,1
AF021190826,SAGE,CRYSTAL,0,14,3,7,3,21,-14,11-14,0
AF021200526,VALIANT,OCTANE,14,10,0,0,14,10,4,3-4,0
AF021200726,OCTANE,KATANA,3,7,0,0,3,7,-4,3-4,0
AF021200826,JUDGEMENT,ASTRONAUT,7,0,17,14,24,14,7,5-7,0
AF021200926,PSYCHIC,HURRICANE,14,14,14,7,28,21,0,level,0
AF021210726,LUNA,MONSTER,14,10,10,7,24,17,4,3-4,0
AF021210826,LUNA,ASTRONAUT,21,10,7,0,28,10,11,11-14,0
AF021210926,FENRIR,HEADHUNTER,7,0,9,7,16,7,7,5-7,0
AF021220626,VALIANT,OVERDRIVE,0,7,15,10,15,17,-7,5-7,0
AF021220726,OCTANE,KRAKEN,14,21,31,28,45,49,-7,5-7,8
AF021220826,IMPERIAL,LUNA,7,10,7,7,14,17,-3,3-4,2
AF021220926,FENRIR,FUSE,0,6,0,6,0,12,-6,5-7,0
AF021230626,SCHOLAR,SPARK,7,7,0,7,7,14,0,level,0
AF021230726,CRYSTAL,KRAKEN,7,10,7,7,14,17,-3,3-4,0
AF021230926,SAGE,HURRICANE,7,7,0,10,7,17,0,level,0
AF021240826,METEOR,ACE,7,6,14,0,21,6,1,1-2,0
AF021250626,OVERDRIVE,METEOR,5,13,7,14,12,27,-8,8-10,0
AF021250726,HEADHUNTER,LIZARD,7,21,8,3,15,24,-14,11-14,0
AF021250826,LEO,UNICORN,14,0,7,7,21,7,14,11-14,0
AF021250926,NIRVANA,MAVERICK,7,7,8,15,15,22,0,level,2
AF021260526,OVERDRIVE,CRYSTAL,3,0,0,7,3,7,3,3-4,1
AF021260626,SAGE,LAZARUS,7,7,3,0,10,7,0,level,0
AF021260726,CRYSTAL,VALIANT,7,7,7,10,14,17,0,level,2
AF021260826,SABRE,SAGE,14,14,14,0,28,14,0,level,0
AF021260926,FENRIR,FUSE,21,0,10,0,31,0,21,15+,0
AF021270626,PHOENIX,KATANA,7,7,10,7,17,14,0,level,1
AF021270726,HERMES,METEOR,7,14,10,0,17,14,-7,5-7,1
AF021270826,PHOENIX,IMPERIAL,3,6,16,14,19,20,-3,3-4,2
AF021270926,LIZARD,FUSE,10,0,3,0,13,0,10,8-10,0
AF021280426,OVERDRIVE,SPLINTER,10,7,3,7,13,14,3,3-4,1
AF021280526,ROCKET,METEOR,7,10,13,7,20,17,-3,3-4,1
AF021280626,WARRIOR,CRYSTAL,0,3,0,7,0,10,-3,3-4,0
AF021280726,MONSTER,KATANA,7,14,0,7,7,21,-7,5-7,0
AF021280826,LAZARUS,ACE,7,7,10,7,17,14,0,level,2
AF021280926,DON,ROMAN,14,14,3,0,17,14,0,level,0
AF021290426,VALIANT,PRECISION,7,14,8,7,15,21,-7,5-7,0
AF021290526,VALIANT,CRYSTAL,7,14,0,7,7,21,-7,5-7,0
AF021290626,ROCKET,OVERDRIVE,7,14,10,7,17,21,-7,5-7,2
AF021290726,PSYCHIC,CRYSTAL,0,7,0,7,0,14,-7,5-7,0
AF021290826,SHROUD,ASTRONAUT,14,0,10,7,24,7,14,11-14,0
AF021300426,CRYSTAL,HURRICANE,0,14,7,3,7,17,-14,11-14,0
AF021300626,SENTRY,LEO,10,7,0,14,10,21,3,3-4,1
AF021300826,CRYSTAL,ROCKET,0,0,13,17,13,17,0,level,2
AF021310826,PRECISION,LAZARUS,7,14,7,7,14,21,-7,5-7,0
AF022010626,CLASH,OFFICER,7,14,7,3,14,17,-7,5-7,0
AF022010726,PRECISION,LEGEND,7,14,0,3,7,17,-7,5-7,0
AF022010826,HERMES,OFFICER,7,0,14,14,21,14,7,5-7,0
AF022010926,CLASH,KEVLAR,17,3,14,3,31,6,14,11-14,0
AF022011026,ENFORCER,MINDFLAYER,7,7,10,8,17,15,0,level,2
AF022020526,HERMES,LEGEND,7,0,7,0,14,0,7,5-7,0
AF022020626,MEMENTO,LYNX,21,7,10,21,31,28,14,11-14,0
AF022020726,JUDGEMENT,OCTANE,14,7,6,14,20,21,7,5-7,1
AF022020826,PATHFINDER,LYNX,14,0,14,0,28,0,14,11-14,0
AF022020926,PINNACLE,MERCENARY,14,14,3,0,17,14,0,level,0
AF022021026,CLOCKWORK,DON,14,14,0,17,14,31,0,level,0
AF022030526,LAZARUS,OFFICER,7,14,6,7,13,21,-7,5-7,0
AF022030626,NIRVANA,SHURIKEN,14,7,9,14,23,21,7,5-7,2
AF022030726,MERCENARY,PRECISION,7,7,21,14,28,21,0,level,0
AF022030826,ACE,PINNACLE,0,14,14,3,14,17,-14,11-14,0
AF022030926,LEGEND,METEOR,14,21,17,7,31,28,-7,5-7,1
AF022031026,NIRVANA,MISSILE,0,7,12,10,12,17,-7,5-7,0
AF022040526,CLASH,LEGEND,0,0,7,9,7,9,0,level,1
AF022040626,PRECISION,MEMENTO,21,14,17,22,38,36,7,5-7,0
AF022040726,PRECISION,OFFICER,7,14,14,6,21,20,-7,5-7,1
AF022040826,MERCENARY,SABRE,17,2,0,9,17,11,15,15+,0
AF022040926,LYNX,MEMENTO,24,7,10,8,34,15,17,15+,0
AF022041026,NIRVANA,SHURIKEN,0,6,7,3,7,9,-6,5-7,2
AF022050626,ASTRONAUT,HERMES,14,21,0,7,14,28,-7,5-7,0
AF022050726,OVERDRIVE,SHROUD,14,7,7,12,21,19,7,5-7,0
AF022050826,PRECISION,PINNACLE,21,28,17,6,38,34,-7,5-7,1
AF022050926,MEMENTO,PRECISION,10,14,14,0,24,14,-4,3-4,1
AF022051026,HURRICANE,ACE,7,6,10,8,17,14,1,1-2,0
AF022060626,PINNACLE,LAZARUS,7,7,10,7,17,14,0,level,0
AF022060726,OFFICER,PATHFINDER,7,7,7,14,14,21,0,level,0
AF022060826,LEO,METEOR,0,17,12,6,12,23,-17,15+,0
AF022060926,PRECISION,HERMES,7,13,7,10,14,23,-6,5-7,0
AF022070626,OFFICER,PINNACLE,7,10,21,16,28,26,-3,3-4,1
AF022070726,CRYSTAL,KRAKEN,7,0,3,7,10,7,7,5-7,0
AF022070826,LEGEND,AVATAR,7,17,21,7,28,24,-10,8-10,3
AF022080626,CLASH,PINNACLE,14,7,3,7,17,14,7,5-7,0
AF022080726,LEGEND,OFFICER,7,7,8,21,15,28,0,level,0
AF022080826,LAZARUS,SENTRY,21,7,8,21,29,28,14,11-14,2
AF022090626,CLASH,SENTRY,0,7,11,7,11,14,-7,5-7,0
AF022090726,MEMENTO,AVATAR,7,7,9,6,16,13,0,level,0
AF022090826,OFFICER,PRECISION,7,7,19,17,26,24,0,level,1
AF022090926,ACE,JUDGEMENT,14,0,7,14,21,14,14,11-14,0
AF022100626,AVATAR,JUDGEMENT,7,14,10,0,17,14,-7,5-7,1
AF022100726,AVATAR,HERMES,10,14,14,14,24,28,-4,3-4,4
AF022100826,CLASH,PRECISION,7,7,6,10,13,17,0,level,0
AF022110626,KEVLAR,LEGEND,0,7,13,7,13,14,-7,5-7,0
AF022110726,MEMENTO,AVATAR,10,0,7,7,17,7,10,8-10,0
AF022110826,LEGEND,PINNACLE,7,7,17,21,24,28,0,level,5
AF022110926,SABRE,LUNA,14,14,17,15,31,29,0,level,2
AF022120626,PINNACLE,LEGEND,7,14,10,0,17,14,-7,5-7,1
AF022120726,SENTRY,PRECISION,14,21,6,0,20,21,-7,5-7,0
AF022120926,MINDFLAYER,DREAD,10,7,3,0,13,7,3,3-4,0
AF022130626,MEMENTO,OFFICER,7,7,10,7,17,14,0,level,2
AF022130826,PATHFINDER,HERMES,3,0,7,7,10,7,3,3-4,0
AF022130926,KRAKEN,HURRICANE,3,7,7,7,10,14,-4,3-4,0
AF022140626,SENTRY,PRECISION,10,10,7,10,17,20,0,level,0
AF022140726,KEVLAR,AVATAR,17,7,3,7,20,14,10,8-10,0
AF022140826,LAZARUS,PRECISION,3,28,14,3,17,31,-25,15+,0
AF022150626,OFFICER,LAZARUS,7,7,8,7,15,14,0,level,1
AF022150726,CLASH,METEOR,8,17,21,8,29,25,-9,8-10,3
AF022150926,SPARK,PURSUIT,7,3,14,7,21,10,4,3-4,2
AF022160626,MEMENTO,SENTRY,14,14,7,0,21,14,0,level,0
AF022160726,LYNX,MEMENTO,3,7,7,6,10,13,-4,3-4,2
AF022160826,OFFICER,JUDGEMENT,7,7,20,21,27,28,0,level,0
AF022160926,AVATAR,PRECISION,28,7,3,7,31,14,21,15+,0
AF022170626,CLASH,CRYSTAL,7,10,7,0,14,10,-3,3-4,1
AF022170726,KEVLAR,PRECISION,13,14,11,7,24,21,-1,1-2,1
AF022170826,NIGHTMARE,HEADHUNTER,10,14,7,10,17,24,-4,3-4,0
AF022170926,MERCURY,MINDFLAYER,14,7,20,15,34,22,7,5-7,0
AF022180526,ENFORCER,SPARK,0,14,3,0,3,14,-14,11-14,0
AF022180626,PATHFINDER,HERMES,14,0,7,0,21,0,14,11-14,0
AF022180726,MERCENARY,HERMES,7,6,3,3,10,9,1,1-2,0
AF022180826,PRECISION,LYNX,10,0,7,7,17,7,10,8-10,0
AF022180926,CLOCKWORK,ENFORCER,7,10,14,7,21,17,-3,3-4,3
AF022190526,CLASH,LEGEND,14,7,10,0,24,7,7,5-7,0
AF022190726,MERCENARY,SENTRY,10,14,7,7,17,21,-4,3-4,2
AF022190826,HERMES,PRECISION,7,21,17,6,24,27,-14,11-14,0
AF022200526,ASTRONAUT,LYNX,0,10,0,0,0,10,-10,8-10,0
AF022200726,CLASH,ASTRONAUT,7,7,10,7,17,14,0,level,1
AF022200826,ACE,HERMES,7,14,3,0,10,14,-7,5-7,0
AF022200926,KRAKEN,HURRICANE,17,14,3,7,20,21,3,3-4,1
AF022210726,LEGEND,MEMENTO,7,14,0,10,7,24,-7,5-7,0
AF022210826,PRECISION,MERCENARY,14,7,6,17,20,24,7,5-7,1
AF022210926,ENFORCER,MERCURY,7,0,7,9,14,9,7,5-7,0
AF022220726,SABRE,MEMENTO,10,21,0,14,10,35,-11,11-14,0
AF022220826,SENTRY,MEMENTO,7,14,0,0,7,14,-7,5-7,0
AF022220926,NIRVANA,SHURIKEN,0,14,0,6,0,20,-14,11-14,0
AF022230726,KEVLAR,MERCENARY,7,10,14,6,21,16,-3,3-4,1
AF022230826,MERCENARY,LAZARUS,14,0,3,7,17,7,14,11-14,0
AF022230926,SAGE,KATANA,7,14,9,10,16,24,-7,5-7,0
AF022240626,MERCENARY,ACE,14,10,9,14,23,24,4,3-4,1
AF022240726,PINNACLE,HERMES,7,14,14,8,21,22,-7,5-7,2
AF022240826,MEMENTO,KEVLAR,7,7,14,0,21,7,0,level,0
AF022240926,MERCURY,MINDFLAYER,21,28,0,3,21,31,-7,5-7,0
AF022250526,PINNACLE,PRECISION,14,7,0,14,14,21,7,5-7,1
AF022250626,PATHFINDER,KEVLAR,7,21,7,7,14,28,-14,11-14,0
AF022250726,SCHOLAR,MAVERICK,17,0,14,13,31,13,17,15+,0
AF022250826,LEGEND,SENTRY,21,21,7,14,28,35,0,level,0
AF022250926,MINDFLAYER,ORIGINAL,0,10,9,7,9,17,-10,8-10,0
AF022260526,AVATAR,LAZARUS,14,21,18,10,32,31,-7,5-7,1
AF022260626,LEGEND,MEMENTO,14,14,0,3,14,17,0,level,0
AF022260726,JUDGEMENT,LEGEND,7,7,20,15,27,22,0,level,3
AF022260826,PRECISION,LEO,17,3,3,8,20,11,14,11-14,0
AF022260926,SPARK,SHURIKEN,0,14,18,0,18,14,-14,11-14,1
AF022270426,AVATAR,SABRE,14,10,0,7,14,17,4,3-4,1
AF022270526,ASTRONAUT,LYNX,0,27,7,3,7,30,-27,15+,0
AF022270626,OFFICER,HERMES,21,7,14,7,35,14,14,11-14,0
AF022270726,PINNACLE,MEMENTO,7,7,22,38,29,45,0,level,0
AF022270826,JUDGEMENT,HERMES,7,21,21,0,28,21,-14,11-14,1
AF022270926,NIRVANA,MISSILE,0,14,0,3,0,17,-14,11-14,0
AF022280426,MEMENTO,CLASH,0,10,0,0,0,10,-10,8-10,0
AF022280526,LAZARUS,MEMENTO,7,0,9,8,16,8,7,5-7,0
AF022280626,LEO,PATHFINDER,21,7,3,16,24,23,14,11-14,0
AF022280726,LEGEND,LYNX,17,7,0,0,17,7,10,8-10,0
AF022280826,KEVLAR,PRECISION,7,10,14,7,21,17,-3,3-4,1
AF022290426,LYNX,LAZARUS,7,7,6,10,13,17,0,level,0
AF022290526,LEGEND,LAZARUS,7,0,7,0,14,0,7,5-7,0
AF022290626,MERCENARY,HERMES,3,0,7,7,10,7,3,3-4,0
AF022290726,LEGEND,AVATAR,0,17,0,7,0,24,-17,15+,0
AF022290826,OFFICER,PATHFINDER,7,7,7,6,14,13,0,level,0
AF022290926,MERCURY,MINDFLAYER,14,7,0,0,14,7,7,5-7,0
AF022300426,LAZARUS,KEVLAR,6,7,7,7,13,14,-1,1-2,0
AF022300626,PATHFINDER,LEGEND,3,0,19,0,22,0,3,3-4,0
AF022300726,PRECISION,METEOR,17,24,0,14,17,38,-7,5-7,0
AF022300826,OFFICER,HERMES,7,7,14,3,21,10,0,level,0
AF022300926,ORIGINAL,ENFORCER,14,7,7,13,21,20,7,5-7,0
AF022310726,AVATAR,SENTRY,7,10,7,0,14,10,-3,3-4,1
AF022310826,PINNACLE,HERMES,17,7,7,14,24,21,10,8-10,2
AF023010526,SAGE,KRAKEN,7,10,7,7,14,17,-3,3-4,2
AF023010626,LUNA,KRAKEN,10,7,7,7,17,14,3,3-4,2
AF023010726,LUNA,ANVIL,21,7,0,8,21,15,14,11-14,0
AF023010926,JUDGEMENT,LUNA,21,21,10,0,31,21,0,level,0
AF023011026,MERLIN,FENRIR,7,14,7,7,14,21,-7,5-7,0
AF023020526,METEOR,HURRICANE,0,6,7,3,7,9,-6,5-7,2
AF023020626,MONSTER,NEON,7,3,0,0,7,3,4,3-4,0
AF023020726,ACE,SHARK,3,7,7,7,10,14,-4,3-4,2
AF023020826,WARRIOR,SHARK,7,7,7,6,14,13,0,level,0
AF023021026,MAVERICK,SHURIKEN,14,14,7,10,21,24,0,level,0
AF023030526,IMPERIAL,SHROUD,10,0,21,0,31,0,10,8-10,0
AF023030626,FENRIR,FUSE,21,7,14,22,35,29,14,11-14,0
AF023030726,SAGE,CRYSTAL,3,3,3,0,6,3,0,level,0
AF023030826,ROMAN,SHARK,7,7,3,10,10,17,0,level,1
AF023030926,UNICORN,ROMAN,3,7,0,14,3,21,-4,3-4,0
AF023031026,MERLIN,FENRIR,0,10,14,7,14,17,-10,8-10,2
AF023040526,HURRICANE,PRECISION,7,17,0,0,7,17,-10,8-10,0
AF023040726,VALIANT,PHOENIX,7,14,6,7,13,21,-7,5-7,0
AF023040826,ROMAN,SHARK,7,14,0,0,7,14,-7,5-7,0
AF023040926,HURRICANE,LUNA,14,14,0,7,14,21,0,level,0
AF023041026,FENRIR,NIGHTMARE,21,7,21,7,42,14,14,11-14,0
AF023050626,KRAKEN,UNICORN,10,3,7,0,17,3,7,5-7,0
AF023050726,CRYSTAL,LUNA,14,7,3,7,17,14,7,5-7,0
AF023050826,SUMMIT,OCTANE,7,0,8,10,15,10,7,5-7,2
AF023051026,OVERDRIVE,ACE,14,7,7,8,21,15,7,5-7,0
AF023060626,SUMMIT,PSYCHIC,13,7,8,6,21,13,6,5-7,0
AF023060726,VALIANT,ROCKET,7,0,0,10,7,10,7,5-7,1
AF023060926,PHOENIX,LUNA,7,6,7,15,14,21,1,1-2,1
AF023061026,HERMES,KEVLAR,14,10,6,7,20,17,4,3-4,0
AF023070626,HURRICANE,PHOENIX,14,3,10,7,24,10,11,11-14,0
AF023070726,ROMAN,ACE,3,3,7,10,10,13,0,level,0
AF023070826,HURRICANE,CRYSTAL,7,6,3,3,10,9,1,1-2,2
AF023080626,LEO,SHROUD,14,7,0,14,14,21,7,5-7,1
AF023080726,SEEKER,LUNA,3,3,6,7,9,10,0,level,0
AF023080826,PSYCHIC,HURRICANE,21,21,0,7,21,28,0,level,0
AF023080926,ROCKET,PHOENIX,21,0,0,7,21,7,21,15+,0
AF023090626,GENIUS,SEEKER,3,14,0,7,3,21,-11,11-14,0
AF023090726,SENTINEL,LUNA,3,3,0,10,3,13,0,level,0
AF023090826,VALIANT,OVERDRIVE,14,7,17,0,31,7,7,5-7,0
AF023100626,VALIANT,ROCKET,0,0,7,6,7,6,0,level,1
AF023100726,DAME,ACE,0,7,17,11,17,18,-7,5-7,2
AF023100826,IMPERIAL,PHOENIX,14,7,3,0,17,7,7,5-7,0
AF023100926,KRAKEN,PHOENIX,14,7,14,14,28,21,7,5-7,0
AF023110626,SAGE,KRAKEN,7,0,3,6,10,6,7,5-7,0
AF023110826,SAGE,MONSTER,21,14,20,15,41,29,7,5-7,0
AF023110926,ASTRONAUT,ACE,10,7,10,7,20,14,3,3-4,0
AF023120626,SEEKER,SUMMIT,7,7,14,0,21,7,0,level,0
AF023120726,IMPERIAL,MONSTER,14,7,9,13,23,20,7,5-7,0
AF023120826,MIMIC,MONSTER,3,14,7,14,10,28,-11,11-14,0
AF023120926,HEADHUNTER,REGRET,10,10,3,7,13,17,0,level,1
AF023130626,SEEKER,PHOENIX,6,7,8,14,14,21,-1,1-2,2
AF023130726,SORCERER,PSYCHIC,0,14,0,20,0,34,-14,11-14,0
AF023130826,SHARK,DON,0,17,14,3,14,20,-17,15+,0
AF023130926,PHOENIX,HURRICANE,14,7,10,21,24,28,7,5-7,1
AF023140626,CRYSTAL,HURRICANE,10,0,0,7,10,7,10,8-10,0
AF023140726,ACE,WARRIOR,7,13,7,8,14,21,-6,5-7,2
AF023140926,SPARK,PRISMATIC,7,7,7,10,14,17,0,level,1
AF023150626,SUMMIT,ROCKET,7,7,15,13,22,20,0,level,1
AF023150726,UNICORN,GENIUS,0,7,8,3,8,10,-7,5-7,2
AF023150926,MAVERICK,PRISMATIC,21,7,0,7,21,14,14,11-14,0
AF023160626,SENTINEL,MONSTER,10,14,2,7,12,21,-4,3-4,0
AF023160726,BLAZE,MIDAS,0,17,7,14,7,31,-17,15+,0
AF023160926,LYNX,AVATAR,14,7,9,14,23,21,7,5-7,2
AF023170626,GENIUS,SEEKER,7,10,7,7,14,17,-3,3-4,0
AF023170726,KRAKEN,SAGE,0,10,0,7,0,17,-10,8-10,0
AF023170826,SCHOLAR,PURSUIT,21,17,14,3,35,20,4,3-4,0
AF023170926,HEADHUNTER,REGRET,10,14,0,10,10,24,-4,3-4,0
AF023180526,KILLJOY,NIGHTMARE,14,14,21,6,35,20,0,level,0
AF023180626,OCTANE,ROCKET,6,14,8,3,14,17,-8,8-10,0
AF023180726,DAME,WARRIOR,0,14,14,10,14,24,-14,11-14,0
AF023180826,IMPERIAL,GENIUS,14,0,3,7,17,7,14,11-14,0
AF023180926,KILLJOY,MERLIN,0,7,3,3,3,10,-7,5-7,0
AF023190526,NEON,SEEKER,0,14,0,6,0,20,-14,11-14,0
AF023190726,PHOENIX,LUNA,7,10,7,7,14,17,-3,3-4,2
AF023190826,SUMMIT,KRAKEN,17,21,14,7,31,28,-4,3-4,3
AF023190926,KRAKEN,LUNA,10,0,14,7,24,7,10,8-10,0
AF023200526,LUNA,SAGE,7,3,0,3,7,6,4,3-4,0
AF023200726,HURRICANE,CRYSTAL,10,7,7,14,17,21,3,3-4,3
AF023200826,WARRIOR,STRIDER,10,10,7,10,17,20,0,level,0
AF023200926,HURRICANE,KRAKEN,14,10,7,14,21,24,4,3-4,3
AF023210726,STRIDER,GENIUS,14,3,10,12,24,15,11,11-14,0
AF023210826,MIDAS,ROMAN,14,21,7,3,21,24,-7,5-7,0
AF023210926,GADGET,REGRET,7,14,7,3,14,17,-7,5-7,0
AF023220626,GADGET,REGRET,10,7,7,14,17,21,3,3-4,3
AF023220726,GENIUS,ACE,3,14,13,7,16,21,-11,11-14,0
AF023220826,MONSTER,KRAKEN,21,7,3,21,24,28,14,11-14,1
AF023220926,KILLJOY,MERLIN,7,10,3,3,10,13,-3,3-4,0
AF023230626,SPARK,SHURIKEN,17,7,7,7,24,14,10,8-10,0
AF023230726,DAME,DESTINY,17,0,3,0,20,0,17,15+,0
AF023230826,PSYCHIC,PHOENIX,0,7,7,14,7,21,-7,5-7,0
AF023230926,HURRICANE,KATANA,7,14,14,6,21,20,-7,5-7,1
AF023240726,ACE,WARRIOR,7,7,7,13,14,20,0,level,1
AF023240926,HEADHUNTER,GADGET,0,7,14,0,14,7,-7,5-7,1
AF023250626,LUNA,ROMAN,21,10,7,8,28,18,11,11-14,0
AF023250726,LIZARD,MERLIN,3,10,14,10,17,20,-7,5-7,0
AF023250826,MIDAS,ROMAN,14,14,8,10,22,24,0,level,2
AF023250926,SHURIKEN,SCHOLAR,10,3,10,8,20,11,7,5-7,0
AF023260526,MONSTER,SEEKER,14,6,0,0,14,6,8,8-10,0
AF023260626,ROMAN,ANVIL,7,0,10,7,17,7,7,5-7,0
AF023260726,DAME,ROMAN,10,10,7,6,17,16,0,level,1
AF023260826,SUMMIT,MONSTER,0,24,39,14,39,38,-24,15+,1
AF023260926,MERLIN,NIGHTMARE,14,3,7,15,21,18,11,11-14,0
AF023270426,SHURIKEN,MAVERICK,10,3,7,7,17,10,7,5-7,0
AF023270526,KRAKEN,UNICORN,14,7,14,0,28,7,7,5-7,0
AF023270626,MONSTER,VALIANT,21,7,0,0,21,7,14,11-14,0
AF023270826,MIDAS,DESTINY,0,7,21,16,21,23,-7,5-7,2
AF023270926,NIGHTMARE,FENRIR,10,14,13,6,23,20,-4,3-4,1
AF023280426,UNICORN,SEEKER,0,6,10,3,10,9,-6,5-7,3
AF023280526,OCTANE,LUNA,7,7,14,7,21,14,0,level,0
AF023280626,PHOENIX,LUNA,14,0,6,8,20,8,14,11-14,0
AF023280726,SHARK,DON,7,7,17,0,24,7,0,level,0
AF023280826,UNICORN,LUNA,3,7,7,7,10,14,-4,3-4,2
AF023280926,PSYCHIC,ROMAN,7,14,0,3,7,17,-7,5-7,0
AF023290426,UNICORN,OCTANE,10,7,7,13,17,20,3,3-4,3
AF023290626,PSYCHIC,PHOENIX,7,3,7,0,14,3,4,3-4,0
AF023290726,WARRIOR,SHARK,14,0,3,14,17,14,14,11-14,0
AF023290826,MONSTER,LUNA,14,14,8,14,22,28,0,level,0
AF023290926,HEADHUNTER,NIGHTMARE,7,14,10,7,17,21,-7,5-7,2
AF023300426,ROCKET,KRAKEN,7,0,14,12,21,12,7,5-7,0
AF023300626,SORCERER,SHARK,7,0,10,14,17,14,7,5-7,0
AF023300726,ROMAN,WARRIOR,14,10,13,15,27,25,4,3-4,4
AF023300826,RELIC,LUNA,10,10,15,14,25,24,0,level,1
AF023300926,MAVERICK,SCHOLAR,0,0,7,8,7,8,0,level,1
AF023310826,LUNA,VALIANT,7,7,0,14,7,21,0,level,0
AF024010626,ASTRONAUT,LEO,0,21,34,35,34,56,-21,15+,0
AF024010726,PATHFINDER,CRYSTAL,14,28,7,7,21,35,-14,11-14,0
AF024010826,OVERDRIVE,KRAKEN,7,6,10,6,17,12,1,1-2,0
AF024010926,PRECISION,SABRE,14,21,7,17,21,38,-7,5-7,0
AF024011026,MERCURY,DON,7,7,0,7,7,14,0,level,0
AF024020526,MEMENTO,JUDGEMENT,7,10,7,0,14,10,-3,3-4,1
AF024020626,PRECISION,PATHFINDER,14,10,7,0,21,10,4,3-4,0
AF024020726,PHOENIX,KRAKEN,7,14,7,7,14,21,-7,5-7,0
AF024020826,JUDGEMENT,LEO,21,17,7,14,28,31,4,3-4,3
AF024021026,MERCURY,ORIGINAL,7,17,16,7,23,24,-10,8-10,0
AF024030526,PRECISION,SENTRY,3,10,0,10,3,20,-7,5-7,0
AF024030626,SHURIKEN,ENFORCER,0,7,8,3,8,10,-7,5-7,0
AF024030726,LEGEND,LYNX,14,0,0,7,14,7,14,11-14,0
AF024030826,CRYSTAL,KATANA,7,0,6,7,13,7,7,5-7,0
AF024040526,LEO,SENTRY,10,7,14,7,24,14,3,3-4,0
AF024040626,METEOR,HURRICANE,17,14,0,20,17,34,3,3-4,1
AF024040826,OCTANE,PHOENIX,7,0,3,7,10,7,7,5-7,0
AF024040926,ACE,RELIC,7,7,3,6,10,13,0,level,0
AF024041026,MISSILE,MIRAGE,10,0,0,14,10,14,10,8-10,1
AF024050626,PATHFINDER,SAGE,7,3,10,7,17,10,4,3-4,0
AF024050726,LAZARUS,KRAKEN,7,7,7,6,14,13,0,level,0
AF024050826,CRYSTAL,ACE,7,7,7,9,14,16,0,level,1
AF024050926,JUDGEMENT,ACE,6,7,7,9,13,16,-1,1-2,0
AF024051026,ACE,SHROUD,14,17,7,0,21,17,-3,3-4,1
AF024060626,SHROUD,OVERDRIVE,24,10,0,0,24,10,14,11-14,0
AF024060726,LEO,SENTRY,7,14,10,0,17,14,-7,5-7,1
AF024060826,IMPERIAL,SORCERER,17,14,3,7,20,21,3,3-4,1
AF024060926,JUDGEMENT,SHROUD,10,14,7,0,17,14,-4,3-4,1
AF024061026,PRECISION,KEVLAR,10,7,7,14,17,21,3,3-4,3
AF024070626,HERMES,ASTRONAUT,3,0,17,3,20,3,3,3-4,0
AF024070726,UNICORN,PHOENIX,3,7,7,7,10,14,-4,3-4,2
AF024070826,HERMES,LUNA,7,7,0,3,7,10,0,level,0
AF024080626,KEVLAR,MEMENTO,7,14,11,14,18,28,-7,5-7,0
AF024080726,OCTANE,CRYSTAL,14,14,15,17,29,31,0,level,2
AF024080826,ACE,LUNA,10,7,7,7,17,14,3,3-4,2
AF024090626,HERMES,LEO,7,14,7,17,14,31,-7,5-7,0
AF024090726,SAGE,KEVLAR,7,7,10,8,17,15,0,level,0
AF024090826,PATHFINDER,LAZARUS,14,31,14,7,28,38,-17,15+,0
AF024100626,SHROUD,HERMES,14,14,10,14,24,28,0,level,3
AF024100726,LAZARUS,CRYSTAL,14,10,7,9,21,19,4,3-4,0
AF024100826,HERMES,ACE,14,7,14,15,28,22,7,5-7,0
AF024110626,METEOR,PATHFINDER,0,7,9,0,9,7,-7,5-7,1
AF024110826,ACE,HERMES,0,7,7,3,7,10,-7,5-7,0
AF024110926,LUNA,SABRE,7,7,13,7,20,14,0,level,0
AF024120626,OVERDRIVE,HERMES,10,7,3,10,13,17,3,3-4,1
AF024120726,KRAKEN,SHROUD,21,14,6,0,27,14,7,5-7,0
AF024120826,METEOR,SABRE,7,14,14,3,21,17,-7,5-7,1
AF024120926,MERCURY,RICOCHET,7,0,7,0,14,0,7,5-7,0
AF024130726,OVERDRIVE,METEOR,17,6,14,8,31,14,11,11-14,0
AF024130826,METEOR,HURRICANE,14,17,7,10,21,27,-3,3-4,0
AF024140626,JUDGEMENT,PATHFINDER,7,7,7,0,14,7,0,level,0
AF024140726,SENTRY,HERMES,7,3,12,7,19,10,4,3-4,0
AF024140826,KRAKEN,ASTRONAUT,14,7,7,7,21,14,7,5-7,0
AF024140926,DREAD,MERCURY,28,14,7,0,35,14,14,11-14,0
AF024150626,METEOR,PATHFINDER,6,7,3,0,9,7,-1,1-2,1
AF024150926,STEEL,SCHOLAR,7,7,14,6,21,13,0,level,0
AF024160626,HERMES,LYNX,14,0,3,0,17,0,14,11-14,0
AF024160726,LUNA,HERMES,7,14,8,14,15,28,-7,5-7,0
AF024160826,ACE,SHROUD,7,3,10,0,17,3,4,3-4,0
AF024160926,JUDGEMENT,AVATAR,6,14,0,3,6,17,-8,8-10,0
AF024170626,LUNA,HURRICANE,14,7,14,0,28,7,7,5-7,0
AF024170726,LEO,MEMENTO,7,17,24,17,31,34,-10,8-10,0
AF024170826,NIGHTMARE,GADGET,14,7,10,7,24,14,7,5-7,0
AF024170926,CLOCKWORK,ENFORCER,0,9,3,10,3,19,-9,8-10,0
AF024180526,FUSE,KILLJOY,10,3,10,8,20,11,7,5-7,0
AF024180626,OVERDRIVE,JUDGEMENT,13,0,3,19,16,19,13,11-14,1
AF024180726,LUNA,PHOENIX,3,7,6,7,9,14,-4,3-4,0
AF024180826,CRYSTAL,ACE,10,7,7,7,17,14,3,3-4,2
AF024180926,MERCURY,RICOCHET,14,0,14,9,28,9,14,11-14,0
AF024190526,METEOR,LEO,7,14,3,7,10,21,-7,5-7,0
AF024190726,JUDGEMENT,AVATAR,0,3,10,10,10,13,-3,3-4,0
AF024190826,OCTANE,LAZARUS,7,21,14,8,21,29,-14,11-14,0
AF024190926,LUNA,PHOENIX,14,14,10,14,24,28,0,level,3
AF024200526,CRYSTAL,SHROUD,7,14,0,3,7,17,-7,5-7,0
AF024200826,SABRE,METEOR,6,21,8,10,14,31,-15,15+,0
AF024200926,KRAKEN,PSYCHIC,17,3,0,6,17,9,14,11-14,0
AF024210726,HERMES,PSYCHIC,14,7,6,6,20,13,7,5-7,0
AF024210826,SABRE,CRYSTAL,7,7,3,7,10,14,0,level,1
AF024220726,ROCKET,SAGE,7,17,7,10,14,27,-10,8-10,0
AF024220826,JUDGEMENT,ROCKET,14,0,7,0,21,0,14,11-14,0
AF024220926,SPARK,SHURIKEN,7,0,0,17,7,17,7,5-7,1
AF024230626,PRISMATIC,MIRAGE,14,7,7,21,21,28,7,5-7,1
AF024230726,ASTRONAUT,SABRE,14,14,14,17,28,31,0,level,0
AF024230826,OVERDRIVE,PRECISION,0,14,0,7,0,21,-14,11-14,0
AF024230926,KATANA,HURRICANE,7,3,7,7,14,10,4,3-4,0
AF024240626,KATANA,JUDGEMENT,3,10,14,0,17,10,-7,5-7,1
AF024240726,LUNA,HURRICANE,10,7,14,14,24,21,3,3-4,4
AF024240926,ENFORCER,ORIGINAL,7,7,7,3,14,10,0,level,1
AF024250526,HURRICANE,PATHFINDER,0,7,13,7,13,14,-7,5-7,0
AF024250626,METEOR,PHOENIX,7,0,3,0,10,0,7,5-7,0
AF024250726,MAVERICK,ORIGINAL,0,21,0,7,0,28,-21,15+,0
AF024250826,HERMES,OCTANE,7,14,14,10,21,24,-7,5-7,0
AF024250926,CLOCKWORK,MERCURY,7,7,0,3,7,10,0,level,0
AF024260526,SHROUD,LEO,7,7,10,7,17,14,0,level,0
AF024260726,LAZARUS,LUNA,7,0,10,8,17,8,7,5-7,0
AF024260826,METEOR,ASTRONAUT,14,14,0,7,14,21,0,level,0
AF024260926,SCHOLAR,MAVERICK,3,14,6,7,9,21,-11,11-14,0
AF024270426,AVATAR,REGRET,7,14,7,3,14,17,-7,5-7,0
AF024270526,VALIANT,LAZARUS,7,7,6,7,13,14,0,level,0
AF024270626,KRAKEN,SHROUD,10,8,7,0,17,8,2,1-2,0
AF024270726,SENTRY,PATHFINDER,0,3,10,6,10,9,-3,3-4,1
AF024270826,HURRICANE,MIMIC,14,0,7,3,21,3,14,11-14,0
AF024270926,ORIGINAL,SHURIKEN,0,7,7,7,7,14,-7,5-7,0
AF024280526,SHROUD,OVERDRIVE,7,21,8,11,15,32,-14,11-14,0
AF024280626,SHROUD,LAZARUS,0,7,9,0,9,7,-7,5-7,1
AF024280726,KRAKEN,OCTANE,10,7,14,16,24,23,3,3-4,2
AF024280926,SHARK,DON,2,0,7,0,9,0,2,1-2,0
AF024290426,MEMENTO,LEO,7,14,7,7,14,21,-7,5-7,0
AF024290526,OVERDRIVE,PATHFINDER,0,14,0,6,0,20,-14,11-14,0
AF024290626,CRYSTAL,LEO,7,7,0,10,7,17,0,level,0
AF024290726,SAGE,OVERDRIVE,3,13,0,7,3,20,-10,8-10,0
AF024290826,OVERDRIVE,ACE,7,0,10,7,17,7,7,5-7,0
AF024290926,DREAD,ORIGINAL,7,0,7,13,14,13,7,5-7,0
AF024300426,METEOR,OVERDRIVE,3,7,6,7,9,14,-4,3-4,0
AF024300526,JUDGEMENT,ASTRONAUT,10,17,6,7,16,24,-7,5-7,0
AF024300626,CRYSTAL,KRAKEN,17,0,3,7,20,7,17,15+,0
AF024300726,RELIC,OVERDRIVE,10,14,7,0,17,14,-4,3-4,1
AF024300826,JUDGEMENT,SHROUD,17,7,3,6,20,13,10,8-10,0
AF024300926,CLOCKWORK,RICOCHET,7,10,7,6,14,16,-3,3-4,0
AF024310526,SHROUD,VALIANT,7,0,3,0,10,0,7,5-7,0
AF024310726,LEO,LEGEND,7,10,6,7,13,17,-3,3-4,0
AF024310826,PRECISION,MEMENTO,0,7,22,17,22,24,-7,5-7,2
AF025010626,PINNACLE,OFFICER,7,14,17,17,24,31,-7,5-7,0
AF025010726,CLASH,LEGEND,7,0,10,14,17,14,7,5-7,0
AF025010826,ACE,MEMENTO,10,21,0,7,10,28,-11,11-14,0
AF025010926,MERCENARY,KEVLAR,10,0,3,0,13,0,10,8-10,0
AF025011026,FENRIR,NIGHTMARE,14,21,0,7,14,28,-7,5-7,0
AF025020526,LAZARUS,LEGEND,3,7,7,0,10,7,-4,3-4,1
AF025020626,CLASH,LYNX,7,7,7,8,14,15,0,level,1
AF025020726,METEOR,OCTANE,21,0,0,7,21,7,21,15+,0
AF025020926,LEO,MERCENARY,15,24,0,0,15,24,-9,8-10,0
AF025021026,SHURIKEN,NIRVANA,7,14,10,0,17,14,-7,5-7,1
AF025030626,NIGHTMARE,KILLJOY,3,10,0,10,3,20,-7,5-7,0
AF025030726,KEVLAR,PRECISION,7,7,7,14,14,21,0,level,1
AF025030826,CLASH,PINNACLE,14,7,7,8,21,15,7,5-7,0
AF025030926,HERMES,METEOR,14,7,14,7,28,14,7,5-7,0
AF025031026,FENRIR,FUSE,14,7,14,20,28,27,7,5-7,0
AF025040526,KEVLAR,LEGEND,7,7,7,3,14,10,0,level,1
AF025040626,KEVLAR,MEMENTO,7,17,14,0,21,17,-10,8-10,1
AF025040726,PATHFINDER,OFFICER,7,10,0,7,7,17,-3,3-4,0
AF025040926,LEGEND,MEMENTO,14,7,0,8,14,15,7,5-7,1
AF025041026,NIGHTMARE,HEADHUNTER,14,3,0,6,14,9,11,11-14,0
AF025050626,AVATAR,HERMES,7,14,3,0,10,14,-7,5-7,0
AF025050726,PRECISION,SHROUD,7,7,7,0,14,7,0,level,0
AF025050826,LAZARUS,PINNACLE,7,7,6,13,13,20,0,level,0
AF025050926,HERMES,PRECISION,10,14,13,6,23,20,-4,3-4,1
AF025051026,MERLIN,FUSE,14,21,7,3,21,24,-7,5-7,0
AF025060726,LEGEND,PATHFINDER,7,7,0,7,7,14,0,level,0
AF025060826,HERMES,METEOR,7,3,7,0,14,3,4,3-4,0
AF025060926,MEMENTO,HERMES,21,14,14,7,35,21,7,5-7,0
AF025061026,HERMES,PRECISION,17,14,10,3,27,17,3,3-4,0
AF025070626,AVATAR,PINNACLE,0,7,0,6,0,13,-7,5-7,0
AF025070726,OVERDRIVE,KRAKEN,10,21,3,0,13,21,-11,11-14,0
AF025070826,MERCENARY,AVATAR,21,7,3,0,24,7,14,11-14,0
AF025070926,CLASH,OFFICER,7,14,8,0,15,14,-7,5-7,1
AF025080626,OFFICER,PINNACLE,14,7,3,7,17,14,7,5-7,0
AF025080726,HERMES,OFFICER,0,17,14,3,14,20,-17,15+,0
AF025080826,OFFICER,SENTRY,21,0,14,3,35,3,21,15+,0
AF025090626,LEGEND,SENTRY,17,14,7,21,24,35,3,3-4,1
AF025090726,PRECISION,AVATAR,7,17,21,0,28,17,-10,8-10,1
AF025090826,SENTRY,PRECISION,7,7,10,7,17,14,0,level,0
AF025090926,METEOR,JUDGEMENT,0,0,0,7,0,7,0,level,0
AF025100626,LYNX,JUDGEMENT,7,0,3,14,10,14,7,5-7,1
AF025100726,SABRE,HERMES,14,21,15,10,29,31,-7,5-7,2
AF025100826,LEGEND,PRECISION,3,17,0,6,3,23,-14,11-14,0
AF025110626,MEMENTO,LEGEND,0,14,6,0,6,14,-14,11-14,0
AF025110826,MERCENARY,PINNACLE,24,7,3,7,27,14,17,15+,0
AF025110926,LUNA,ASTRONAUT,7,14,13,14,20,28,-7,5-7,0
AF025120626,AVATAR,LEGEND,3,14,7,6,10,20,-11,11-14,0
AF025120726,MEMENTO,PRECISION,14,7,0,10,14,17,7,5-7,1
AF025120926,REGRET,GADGET,14,14,7,14,21,28,0,level,0
AF025130626,LYNX,OFFICER,14,7,8,21,22,28,7,5-7,1
AF025130726,OFFICER,PRECISION,7,7,0,7,7,14,0,level,0
AF025130826,MEMENTO,HERMES,8,17,6,14,14,31,-9,8-10,0
AF025140626,OFFICER,PRECISION,7,21,6,3,13,24,-14,11-14,0
AF025140726,MERCENARY,AVATAR,3,3,17,14,20,17,0,level,4
AF025140826,AVATAR,PRECISION,10,7,6,10,16,17,3,3-4,3
AF025140926,SCHOLAR,MIRAGE,7,10,10,8,17,18,-3,3-4,2
AF025150626,PRECISION,LAZARUS,7,7,3,0,10,7,0,level,0
AF025150726,LEO,METEOR,0,14,16,3,16,17,-14,11-14,0
AF025150826,LEGEND,OVERDRIVE,14,9,3,6,17,15,5,5-7,2
AF025150926,PRISMATIC,MIRAGE,10,17,3,7,13,24,-7,5-7,0
AF025160626,LEGEND,SENTRY,7,7,3,0,10,7,0,level,0
AF025160726,PATHFINDER,MEMENTO,7,0,14,14,21,14,7,5-7,0
AF025160826,SENTRY,JUDGEMENT,14,14,8,14,22,28,0,level,2
AF025160926,PRECISION,AVATAR,17,7,21,30,38,37,10,8-10,2
AF025170626,SAGE,CRYSTAL,10,7,0,7,10,14,3,3-4,1
AF025170726,MERCENARY,PRECISION,10,0,7,7,17,7,10,8-10,0
AF025170826,SCHOLAR,SPARK,14,14,14,13,28,27,0,level,1
AF025170926,REGRET,GADGET,10,7,14,21,24,28,3,3-4,5
AF025180526,SCHOLAR,ENFORCER,7,3,7,13,14,16,4,3-4,3
AF025180626,MEMENTO,HERMES,6,10,7,0,13,10,-4,3-4,1
AF025180726,LEO,HERMES,7,7,8,7,15,14,0,level,1
AF025180826,CLASH,LYNX,14,0,10,7,24,7,14,11-14,0
AF025180926,MERLIN,FUSE,6,14,7,24,13,38,-8,8-10,0
AF025190526,AVATAR,LEGEND,3,7,7,6,10,13,-4,3-4,0
AF025190726,MEMENTO,SENTRY,7,7,10,7,17,14,0,level,0
AF025190826,LYNX,PRECISION,3,10,21,7,24,17,-7,5-7,1
AF025190926,PHOENIX,KRAKEN,10,6,7,14,17,20,4,3-4,1
AF025200526,LEGEND,LYNX,7,10,6,0,13,10,-3,3-4,1
AF025200826,LEGEND,HERMES,14,10,7,7,21,17,4,3-4,2
AF025200926,PSYCHIC,HURRICANE,7,7,0,14,7,21,0,level,0
AF025210726,CLASH,MEMENTO,21,7,16,0,37,7,14,11-14,0
AF025210826,LEGEND,MERCENARY,7,7,3,6,10,13,0,level,0
AF025210926,REGRET,HEADHUNTER,14,14,31,32,45,46,0,level,6
AF025220626,GADGET,FUSE,7,14,0,17,7,31,-7,5-7,0
AF025220826,HERMES,MEMENTO,7,21,0,7,7,28,-14,11-14,0
AF025220926,MERLIN,FUSE,21,14,3,7,24,21,7,5-7,0
AF025230626,SCHOLAR,REGRET,13,0,0,7,13,7,13,11-14,0
AF025230726,LYNX,MERCENARY,3,6,10,0,13,6,-3,3-4,1
AF025230926,SAGE,HURRICANE,14,14,7,10,21,24,0,level,0
AF025240626,PRECISION,ACE,14,0,0,7,14,7,14,11-14,0
AF025240726,PATHFINDER,HERMES,7,3,3,8,10,11,4,3-4,1
AF025240826,OFFICER,KEVLAR,0,7,7,7,7,14,-7,5-7,0
AF025250526,MEMENTO,PRECISION,14,3,6,8,20,11,11,11-14,0
AF025250626,CLASH,KEVLAR,7,7,8,13,15,20,0,level,2
AF025250726,HEADHUNTER,FENRIR,0,14,16,6,16,20,-14,11-14,0
AF025250826,PINNACLE,SENTRY,14,3,17,7,31,10,11,11-14,0
AF025250926,SCHOLAR,MAVERICK,14,8,0,7,14,15,6,5-7,1
AF025260526,PATHFINDER,LAZARUS,26,14,14,0,40,14,12,11-14,0
AF025260626,HERMES,MEMENTO,7,7,7,14,14,21,0,level,0
AF025260726,SENTRY,LEGEND,10,3,0,8,10,11,7,5-7,1
AF025260826,MEMENTO,LEO,17,17,14,7,31,24,0,level,0
AF025260926,NIGHTMARE,FUSE,21,7,10,0,31,7,14,11-14,0
AF025270426,SHURIKEN,SPARK,7,7,7,3,14,10,0,level,1
AF025270526,KEVLAR,LYNX,3,14,13,7,16,21,-11,11-14,0
AF025270626,SENTRY,HERMES,7,24,14,7,21,31,-17,15+,0
AF025270726,PRECISION,MEMENTO,7,17,14,17,21,34,-10,8-10,0
AF025270826,MEMENTO,HERMES,3,10,15,10,18,20,-7,5-7,2
AF025270926,FENRIR,FUSE,14,7,17,14,31,21,7,5-7,0
AF025280426,LEGEND,CLASH,7,7,0,7,7,14,0,level,0
AF025280526,LEGEND,MEMENTO,14,7,0,8,14,15,7,5-7,1
AF025280626,SENTRY,PATHFINDER,3,7,7,14,10,21,-4,3-4,0
AF025280726,KEVLAR,LYNX,3,14,7,6,10,20,-11,11-14,0
AF025280826,HERMES,PRECISION,7,14,0,7,7,21,-7,5-7,0
AF025280926,PSYCHIC,DON,14,0,3,14,17,14,14,11-14,0
AF025290426,CLASH,LAZARUS,14,0,3,8,17,8,14,11-14,0
AF025290526,ASTRONAUT,LAZARUS,0,0,10,7,10,7,0,level,0
AF025290626,CLASH,HERMES,21,7,7,7,28,14,14,11-14,0
AF025290726,LEO,AVATAR,21,14,3,7,24,21,7,5-7,0
AF025290826,MEMENTO,PATHFINDER,3,7,3,0,6,7,-4,3-4,0
AF025290926,NIGHTMARE,LIZARD,7,13,10,7,17,20,-6,5-7,0
AF025300426,LEGEND,KEVLAR,10,7,7,0,17,7,3,3-4,0
AF025300626,MEMENTO,LEGEND,0,10,0,7,0,17,-10,8-10,0
AF025300726,JUDGEMENT,METEOR,7,14,10,0,17,14,-7,5-7,1
AF025300826,LEGEND,HERMES,14,14,3,7,17,21,0,level,1
AF025300926,SCHOLAR,SPARK,7,0,7,15,14,15,7,5-7,1
AF025310726,MERCENARY,SENTRY,3,7,0,3,3,10,-4,3-4,0
AF025310826,CLASH,HERMES,7,3,21,21,28,24,4,3-4,0
AF026010526,SEEKER,KRAKEN,10,0,0,14,10,14,10,8-10,1
AF026010626,VALIANT,KRAKEN,13,7,15,20,28,27,6,5-7,4
AF026010726,OVERDRIVE,ANVIL,14,0,22,16,36,16,14,11-14,0
AF026010926,PSYCHIC,LUNA,14,17,0,0,14,17,-3,3-4,0
AF026011026,DON,MINDFLAYER,7,9,7,7,14,16,-2,1-2,0
AF026020526,PRECISION,HURRICANE,7,0,7,7,14,7,7,5-7,0
AF026020726,ROMAN,SHARK,7,10,7,14,14,24,-3,3-4,0
AF026020826,ROMAN,SHARK,3,10,15,15,18,25,-7,5-7,0
AF026021026,ORIGINAL,DON,14,7,3,7,17,14,7,5-7,0
AF026030526,PHOENIX,SHROUD,0,3,3,7,3,10,-3,3-4,0
AF026030626,NIRVANA,SPARK,7,21,15,0,22,21,-14,11-14,1
AF026030726,ROCKET,CRYSTAL,7,0,7,10,14,10,7,5-7,2
AF026030826,DON,SHARK,6,14,6,0,12,14,-8,8-10,0
AF026030926,MIDAS,ROMAN,17,10,7,6,24,16,7,5-7,0
AF026040526,OCTANE,PRECISION,14,7,3,7,17,14,7,5-7,0
AF026040726,PSYCHIC,PHOENIX,7,7,7,6,14,13,0,level,0
AF026040826,DON,SHARK,3,0,10,0,13,0,3,3-4,0
AF026040926,SUMMIT,LUNA,7,14,10,7,17,21,-7,5-7,2
AF026041026,MIRAGE,SHURIKEN,7,14,10,0,17,14,-7,5-7,1
AF026050626,NEON,UNICORN,0,0,0,7,0,7,0,level,0
AF026050726,PHOENIX,LUNA,0,10,7,0,7,10,-10,8-10,0
AF026050826,MIMIC,OCTANE,7,7,7,6,14,13,0,level,0
AF026050926,IMPERIAL,VALIANT,14,3,0,8,14,11,11,11-14,0
AF026051026,MERCURY,ENFORCER,21,0,7,6,28,6,21,15+,0
AF026060626,GENIUS,PSYCHIC,14,7,8,8,22,15,7,5-7,2
AF026060826,DON,SHARK,10,3,3,7,13,10,7,5-7,0
AF026061026,KEVLAR,HERMES,7,7,7,0,14,7,0,level,0
AF026070626,IMPERIAL,PHOENIX,7,0,6,0,13,0,7,5-7,0
AF026070726,DON,ACE,7,7,10,14,17,21,0,level,1
AF026070826,SUMMIT,CRYSTAL,0,7,8,7,8,14,-7,5-7,0
AF026070926,SHARK,WARRIOR,7,21,3,6,10,27,-14,11-14,0
AF026080626,PATHFINDER,SHROUD,0,3,11,0,11,3,-3,3-4,1
AF026080726,GENIUS,LUNA,15,6,0,0,15,6,9,8-10,0
AF026080826,IMPERIAL,HURRICANE,7,14,13,3,20,17,-7,5-7,1
AF026080926,HURRICANE,PHOENIX,7,10,7,3,14,13,-3,3-4,1
AF026090626,SUMMIT,SEEKER,3,3,6,7,9,10,0,level,1
AF026090726,SUMMIT,LUNA,3,7,15,10,18,17,-4,3-4,1
AF026090826,LUNA,OVERDRIVE,7,7,14,21,21,28,0,level,1
AF026100626,GENIUS,ROCKET,0,14,8,7,8,21,-14,11-14,0
AF026100726,DON,ACE,0,7,7,14,7,21,-7,5-7,0
AF026100826,KRAKEN,PHOENIX,10,3,7,13,17,16,7,5-7,0
AF026100926,SAGE,PHOENIX,3,0,7,7,10,7,3,3-4,0
AF026110626,OCTANE,KRAKEN,7,7,10,6,17,13,0,level,0
AF026110726,SUMMIT,MONSTER,3,14,7,14,10,28,-11,11-14,0
AF026110826,GENIUS,MONSTER,10,7,14,14,24,21,3,3-4,0
AF026110926,LUNA,ACE,7,0,7,15,14,15,7,5-7,1
AF026120626,ANVIL,SUMMIT,14,14,7,0,21,14,0,level,0
AF026120726,LUNA,MONSTER,7,10,7,14,14,24,-3,3-4,0
AF026120826,UNICORN,MONSTER,17,7,6,0,23,7,10,8-10,0
AF026120926,RICOCHET,DREAD,7,7,10,7,17,14,0,level,0
AF026130626,PSYCHIC,PHOENIX,7,10,0,0,7,10,-3,3-4,0
AF026130726,VALIANT,PSYCHIC,7,3,7,0,14,3,4,3-4,0
AF026130826,ROMAN,DON,17,6,0,3,17,9,11,11-14,0
AF026130926,MIRAGE,SHURIKEN,0,14,0,7,0,21,-14,11-14,0
AF026140626,KRAKEN,HURRICANE,7,7,7,10,14,17,0,level,2
AF026140726,SHARK,WARRIOR,0,9,0,14,0,23,-9,8-10,0
AF026140926,ENFORCER,RICOCHET,0,7,17,3,17,10,-7,5-7,1
AF026150626,KRAKEN,ROCKET,0,0,17,13,17,13,0,level,2
AF026150726,SORCERER,GENIUS,7,3,7,14,14,17,4,3-4,1
AF026150826,MONSTER,PSYCHIC,7,14,0,3,7,17,-7,5-7,0
AF026150926,SCHOLAR,PURSUIT,10,7,7,14,17,21,3,3-4,3
AF026160626,SUMMIT,MONSTER,7,0,9,11,16,11,7,5-7,2
AF026160726,ACE,MIDAS,6,7,9,20,15,27,-1,1-2,0
AF026160926,NIGHTMARE,MERLIN,7,7,10,7,17,14,0,level,0
AF026170626,MONSTER,SEEKER,3,0,13,14,16,14,3,3-4,4
AF026170726,SEEKER,SAGE,3,7,0,6,3,13,-4,3-4,0
AF026170826,LIZARD,HEADHUNTER,10,7,10,6,20,13,3,3-4,0
AF026170926,ENFORCER,MINDFLAYER,7,0,14,15,21,15,7,5-7,0
AF026180526,NIGHTMARE,FUSE,14,17,21,14,35,31,-3,3-4,1
AF026180626,KRAKEN,ROCKET,14,0,3,11,17,11,14,11-14,0
AF026180726,SHARK,WARRIOR,7,7,0,10,7,17,0,level,0
AF026180826,UNICORN,GENIUS,0,21,0,14,0,35,-21,15+,0
AF026180926,RICOCHET,ENFORCER,7,24,6,7,13,31,-17,15+,0
AF026190526,MONSTER,SEEKER,21,7,3,15,24,22,14,11-14,0
AF026190726,VALIANT,LUNA,14,7,3,7,17,14,7,5-7,0
AF026190826,KRAKEN,GENIUS,0,13,14,3,14,16,-13,11-14,2
AF026190926,KRAKEN,PHOENIX,21,12,6,7,27,19,9,8-10,0
AF026200526,ANVIL,SAGE,7,14,8,7,15,21,-7,5-7,0
AF026200826,MIDAS,STRIDER,10,17,12,7,22,24,-7,5-7,0
AF026200926,HURRICANE,PSYCHIC,0,14,14,10,14,24,-14,11-14,0
AF026210726,DAME,GENIUS,7,10,7,7,14,17,-3,3-4,2
AF026210826,WARRIOR,ROMAN,7,7,14,7,21,14,0,level,1
AF026210926,ORIGINAL,MERCURY,0,7,21,8,21,15,-7,5-7,1
AF026220626,FENRIR,MERLIN,7,7,7,10,14,17,0,level,0
AF026220826,MIMIC,KRAKEN,10,10,0,10,10,20,0,level,0
AF026220926,NIRVANA,SHURIKEN,10,0,10,8,20,8,10,8-10,0
AF026230726,DESTINY,ACE,14,7,0,14,14,21,7,5-7,1
AF026230826,HURRICANE,PHOENIX,3,3,7,6,10,9,0,level,0
AF026240726,SHARK,WARRIOR,7,14,14,6,21,20,-7,5-7,1
AF026240826,HURRICANE,OCTANE,14,10,0,7,14,17,4,3-4,1
AF026240926,ORIGINAL,MINDFLAYER,7,3,0,14,7,17,4,3-4,1
AF026250526,LUNA,CRYSTAL,0,7,7,3,7,10,-7,5-7,0
AF026250626,CRYSTAL,ROMAN,14,7,7,8,21,15,7,5-7,0
AF026250826,STRIDER,ROMAN,14,10,7,6,21,16,4,3-4,0
AF026250926,MERCURY,ORIGINAL,7,14,0,0,7,14,-7,5-7,0
AF026260526,GENIUS,SEEKER,7,7,7,0,14,7,0,level,0
AF026260626,KATANA,ANVIL,3,7,0,7,3,14,-4,3-4,0
AF026260726,WARRIOR,ROMAN,7,7,3,0,10,7,0,level,0
AF026260826,KRAKEN,MONSTER,14,3,7,12,21,15,11,11-14,0
AF026260926,MAVERICK,SHURIKEN,7,14,14,0,21,14,-7,5-7,1
AF026270426,AVATAR,GADGET,7,7,0,14,7,21,0,level,0
AF026270626,ROCKET,VALIANT,14,10,3,0,17,10,4,3-4,0
AF026270826,SHARK,DESTINY,6,0,6,10,12,10,6,5-7,0
AF026270926,SHURIKEN,MISSILE,7,3,7,0,14,3,4,3-4,0
AF026280426,MONSTER,SEEKER,3,7,0,10,3,17,-4,3-4,0
AF026280526,GENIUS,LUNA,7,14,7,3,14,17,-7,5-7,0
AF026280626,IMPERIAL,LUNA,14,6,10,11,24,17,8,8-10,2
AF026280726,DESTINY,DON,0,14,7,3,7,17,-14,11-14,0
AF026280826,JUDGEMENT,LUNA,7,7,10,9,17,16,0,level,3
AF026280926,ROMAN,DON,13,3,7,14,20,17,10,8-10,0
AF026290426,LUNA,OCTANE,17,7,0,7,17,14,10,8-10,0
AF026290526,LUNA,ROCKET,13,0,7,17,20,17,13,11-14,2
AF026290626,OCTANE,PHOENIX,10,14,0,7,10,21,-4,3-4,0
AF026290726,ROMAN,SHARK,7,14,6,7,13,21,-7,5-7,0
AF026290826,VALIANT,LUNA,7,7,8,7,15,14,0,level,1
AF026300426,SUMMIT,KRAKEN,13,14,13,0,26,14,-1,1-2,1
AF026300626,LUNA,SHARK,21,0,0,7,21,7,21,15+,0
AF026300726,SHARK,WARRIOR,10,7,3,3,13,10,3,3-4,0
AF026300826,KRAKEN,LUNA,10,7,0,7,10,14,3,3-4,1
AF026300926,RICOCHET,ENFORCER,3,0,10,7,13,7,3,3-4,0
AF026310726,LUNA,CRYSTAL,7,7,7,6,14,13,0,level,0
AF027010626,METEOR,LEO,3,10,7,3,10,13,-7,5-7,0
AF027010826,LAZARUS,RELIC,14,7,3,7,17,14,7,5-7,0
AF027010926,ASTRONAUT,SABRE,10,7,0,7,10,14,3,3-4,1
AF027011026,MERLIN,FUSE,10,10,10,7,20,17,0,level,1
AF027020526,OVERDRIVE,JUDGEMENT,14,14,10,7,24,21,0,level,0
AF027020726,SUMMIT,KRAKEN,7,7,6,7,13,14,0,level,0
AF027020926,SABRE,CRYSTAL,7,3,14,7,21,10,4,3-4,0
AF027021026,MAVERICK,MISSILE,7,28,8,3,15,31,-21,15+,0
AF027030526,CRYSTAL,SENTRY,7,7,8,13,15,20,0,level,0
AF027030626,FUSE,FENRIR,7,3,6,8,13,11,4,3-4,2
AF027030726,JUDGEMENT,LYNX,7,0,3,0,10,0,7,5-7,0
AF027030826,LAZARUS,KATANA,14,10,7,6,21,16,4,3-4,0
AF027031026,MERLIN,NIGHTMARE,21,14,14,0,35,14,7,5-7,0
AF027040526,OVERDRIVE,SENTRY,14,14,7,8,21,22,0,level,1
AF027040626,VALIANT,HURRICANE,0,3,7,0,7,3,-3,3-4,1
AF027040726,CRYSTAL,SAGE,7,3,3,6,10,9,4,3-4,0
AF027040826,MONSTER,PHOENIX,0,10,0,3,0,13,-10,8-10,0
AF027041026,FENRIR,LIZARD,14,7,17,21,31,28,7,5-7,0
AF027050626,PHOENIX,SAGE,3,3,7,6,10,9,0,level,0
AF027050726,HURRICANE,KRAKEN,14,0,0,7,14,7,14,11-14,0
AF027050826,SAGE,ACE,0,10,7,10,7,20,-10,8-10,0
AF027050926,ROCKET,ACE,10,10,0,7,10,17,0,level,0
AF027051026,NIGHTMARE,KILLJOY,10,35,7,3,17,38,-25,15+,0
AF027060626,HURRICANE,OVERDRIVE,0,13,14,6,14,19,-13,11-14,0
AF027060726,METEOR,SENTRY,7,0,10,6,17,6,7,5-7,0
AF027060826,GENIUS,SORCERER,0,10,7,0,7,10,-10,8-10,0
AF027061026,KILLJOY,MERLIN,10,0,0,0,10,0,10,8-10,0
AF027070726,SUMMIT,PHOENIX,7,13,7,8,14,21,-6,5-7,2
AF027070826,SAGE,LUNA,7,0,6,7,13,7,7,5-7,0
AF027070926,ACE,HURRICANE,7,7,10,7,17,14,0,level,0
AF027080626,SENTRY,MEMENTO,7,7,15,16,22,23,0,level,2
AF027080826,CRYSTAL,LUNA,7,10,7,7,14,17,-3,3-4,2
AF027080926,METEOR,ACE,0,10,14,7,14,17,-10,8-10,0
AF027090626,METEOR,LEO,0,3,0,7,0,10,-3,3-4,0
AF027090726,ROCKET,KEVLAR,3,17,7,7,10,24,-14,11-14,0
AF027090826,SHROUD,LAZARUS,14,7,7,9,21,16,7,5-7,0
AF027100826,RELIC,ACE,14,14,13,14,27,28,0,level,0
AF027110626,VALIANT,PATHFINDER,0,7,0,7,0,14,-7,5-7,0
AF027110826,HERMES,PATHFINDER,0,6,7,8,7,14,-6,5-7,2
AF027110926,SABRE,ASTRONAUT,7,7,7,10,14,17,0,level,0
AF027120626,HURRICANE,HERMES,7,7,0,7,7,14,0,level,0
AF027120726,LAZARUS,SHROUD,14,14,7,10,21,24,0,level,0
AF027120826,ROCKET,SABRE,10,7,6,14,16,21,3,3-4,1
AF027120926,HEADHUNTER,GADGET,0,10,14,6,14,16,-10,8-10,2
AF027130726,KATANA,METEOR,0,7,3,3,3,10,-7,5-7,0
AF027130926,FENRIR,NIGHTMARE,0,10,7,0,7,10,-10,8-10,0
AF027140626,OVERDRIVE,PATHFINDER,0,0,7,12,7,12,0,level,2
AF027140726,LAZARUS,HERMES,0,14,7,3,7,17,-14,11-14,0
AF027140826,CRYSTAL,ASTRONAUT,7,0,10,10,17,10,7,5-7,0
AF027140926,SPARK,MIRAGE,14,7,3,7,17,14,7,5-7,0
AF027150626,KATANA,PATHFINDER,0,7,14,14,14,21,-7,5-7,0
AF027150726,KATANA,ASTRONAUT,3,7,14,0,17,7,-4,3-4,1
AF027150926,MAVERICK,SHURIKEN,7,7,7,20,14,27,0,level,0
AF027160626,PATHFINDER,LYNX,0,7,10,0,10,7,-7,5-7,1
AF027160726,JUDGEMENT,HERMES,17,0,0,21,17,21,17,15+,1
AF027160826,ASTRONAUT,SHROUD,0,10,13,0,13,10,-10,8-10,1
AF027160926,NIRVANA,MIRAGE,10,21,7,7,17,28,-11,11-14,0
AF027170626,OCTANE,HURRICANE,3,3,7,6,10,9,0,level,0
AF027170726,SABRE,MEMENTO,14,10,7,14,21,24,4,3-4,3
AF027170826,REGRET,PURSUIT,3,10,17,7,20,17,-7,5-7,1
AF027170926,HEADHUNTER,LIZARD,14,7,10,14,24,21,7,5-7,0
AF027180526,SCHOLAR,SPARK,7,7,14,7,21,14,0,level,1
AF027180626,KATANA,JUDGEMENT,0,0,7,10,7,10,0,level,2
AF027180726,VALIANT,PHOENIX,0,7,7,7,7,14,-7,5-7,0
AF027180826,KATANA,ACE,7,3,3,10,10,13,4,3-4,1
AF027180926,KILLJOY,FENRIR,17,10,0,14,17,24,7,5-7,1
AF027190526,UNICORN,LEO,21,7,5,0,26,7,14,11-14,0
AF027190726,SHROUD,AVATAR,14,7,14,15,28,22,7,5-7,0
AF027190826,CRYSTAL,LAZARUS,7,14,0,7,7,21,-7,5-7,0
AF027190926,FENRIR,HEADHUNTER,10,14,15,16,25,30,-4,3-4,2
AF027200526,OCTANE,SHROUD,0,0,7,10,7,10,0,level,0
AF027200826,ASTRONAUT,METEOR,3,7,0,10,3,17,-4,3-4,0
AF027200926,LIZARD,HEADHUNTER,7,7,13,16,20,23,0,level,0
AF027210726,MONSTER,PSYCHIC,0,21,7,14,7,35,-21,15+,0
AF027210826,ASTRONAUT,CRYSTAL,7,7,0,7,7,14,0,level,0
AF027210926,GADGET,FENRIR,14,7,10,15,24,22,7,5-7,0
AF027220626,HEADHUNTER,REGRET,14,7,21,14,35,21,7,5-7,0
AF027220826,LUNA,ROCKET,7,14,7,3,14,17,-7,5-7,0
AF027220926,KILLJOY,FENRIR,6,10,0,7,6,17,-4,3-4,0
AF027230626,SHURIKEN,SPARK,17,7,7,7,24,14,10,8-10,0
AF027230726,KRAKEN,SABRE,10,14,13,7,23,21,-4,3-4,3
AF027240626,LYNX,JUDGEMENT,0,14,0,10,0,24,-14,11-14,0
AF027240726,CRYSTAL,HURRICANE,7,7,11,10,18,17,0,level,3
AF027240926,HEADHUNTER,REGRET,7,7,10,8,17,15,0,level,2
AF027250526,LEO,PATHFINDER,10,7,0,23,10,30,3,3-4,1
AF027250626,OVERDRIVE,PHOENIX,14,3,14,0,28,3,11,11-14,0
AF027250726,MERLIN,LIZARD,21,14,7,3,28,17,7,5-7,0
AF027250826,UNICORN,OCTANE,0,0,0,10,0,10,0,level,0
AF027250926,SHURIKEN,NIRVANA,7,10,10,9,17,19,-3,3-4,2
AF027260526,CRYSTAL,LEO,14,7,7,0,21,7,7,5-7,0
AF027260726,VALIANT,LUNA,7,3,0,7,7,10,4,3-4,1
AF027260826,SAGE,ASTRONAUT,14,13,7,7,21,20,1,1-2,2
AF027260926,MERLIN,FENRIR,14,0,7,0,21,0,14,11-14,0
AF027270426,SHURIKEN,ENFORCER,0,0,10,0,10,0,0,level,0
AF027270626,KATANA,SHROUD,3,7,0,0,3,7,-4,3-4,0
AF027270726,METEOR,PATHFINDER,10,7,3,3,13,10,3,3-4,0
AF027270826,IMPERIAL,MIMIC,10,0,10,14,20,14,10,8-10,0
AF027280426,SPLINTER,SHROUD,10,0,7,13,17,13,10,8-10,0
AF027280526,METEOR,OVERDRIVE,10,7,7,0,17,7,3,3-4,0
AF027280626,CRYSTAL,LAZARUS,14,14,7,10,21,24,0,level,1
AF027280726,KATANA,OCTANE,14,7,0,10,14,17,7,5-7,1
AF027280926,FUSE,KILLJOY,21,7,21,14,42,21,14,11-14,0
AF027290426,PRECISION,LEO,7,21,6,0,13,21,-14,11-14,0
AF027290526,CRYSTAL,PATHFINDER,14,7,7,8,21,15,7,5-7,0
AF027290626,OVERDRIVE,LEO,14,7,0,10,14,17,7,5-7,1
AF027290726,CRYSTAL,OVERDRIVE,17,14,7,15,24,29,3,3-4,1
AF027290826,ASTRONAUT,ACE,0,17,6,6,6,23,-17,15+,0
AF027290926,HEADHUNTER,FENRIR,3,7,7,10,10,17,-4,3-4,2
AF027300426,HURRICANE,OVERDRIVE,7,0,3,7,10,7,7,5-7,0
AF027300526,LEO,ASTRONAUT,7,3,0,21,7,24,4,3-4,1
AF027300626,LEO,KRAKEN,14,7,7,15,21,22,7,5-7,3
AF027300726,SUMMIT,OVERDRIVE,7,14,0,10,7,24,-7,5-7,0
AF027300826,ROCKET,SHROUD,0,14,8,7,8,21,-14,11-14,0
AF027300926,MAVERICK,SPARK,7,7,14,17,21,24,0,level,0
AF027310726,LYNX,LEGEND,0,7,9,3,9,10,-7,5-7,2
AF027310826,LAZARUS,MEMENTO,7,24,8,21,15,45,-17,15+,0
AF028010726,KEVLAR,PRECISION,21,0,10,22,31,22,21,15+,0
AF028010826,OFFICER,MEMENTO,21,28,15,13,36,41,-7,5-7,0
AF028010926,SENTRY,CLASH,0,14,7,3,7,17,-14,11-14,0
AF028011026,MERCURY,ENFORCER,7,10,16,7,23,17,-3,3-4,1
AF028020526,OFFICER,HERMES,10,14,14,7,24,21,-4,3-4,1
AF028020726,HERMES,JUDGEMENT,14,14,7,3,21,17,0,level,1
AF028020826,OFFICER,PATHFINDER,0,14,15,0,15,14,-14,11-14,1
AF028020926,PRECISION,PINNACLE,14,24,14,7,28,31,-10,8-10,0
AF028030526,LEGEND,LAZARUS,10,6,7,0,17,6,4,3-4,0
AF028030626,ENFORCER,SHURIKEN,3,0,0,7,3,7,3,3-4,1
AF028030726,CLASH,MERCENARY,0,14,6,7,6,21,-14,11-14,0
AF028030826,SENTRY,ACE,17,14,13,2,30,16,3,3-4,0
AF028030926,KEVLAR,LEGEND,7,14,14,6,21,20,-7,5-7,1
AF028031026,SHURIKEN,NIRVANA,14,14,7,10,21,24,0,level,1
AF028040526,PINNACLE,CLASH,7,7,7,10,14,17,0,level,0
AF028040626,LEGEND,PRECISION,7,7,3,7,10,14,0,level,1
AF028040726,SENTRY,PRECISION,10,14,7,7,17,21,-4,3-4,2
AF028040826,MEMENTO,MERCENARY,0,10,18,10,18,20,-10,8-10,2
AF028040926,HERMES,LYNX,7,17,7,7,14,24,-10,8-10,0
AF028041026,MISSILE,NIRVANA,6,3,14,14,20,17,3,3-4,4
AF028050626,LAZARUS,ASTRONAUT,0,0,3,0,3,0,0,level,0
AF028050726,OFFICER,OVERDRIVE,13,2,0,6,13,8,11,11-14,0
AF028050826,MEMENTO,PRECISION,17,21,3,7,20,28,-4,3-4,0
AF028050926,LEGEND,MEMENTO,14,6,7,0,21,6,8,8-10,0
AF028051026,MINDFLAYER,DON,7,10,7,14,14,24,-3,3-4,0
AF028060626,LEGEND,PINNACLE,7,3,10,17,17,20,4,3-4,3
AF028060726,PRECISION,OFFICER,14,7,14,14,28,21,7,5-7,0
AF028060826,LAZARUS,LEO,14,14,7,10,21,24,0,level,2
AF028060926,SENTRY,PRECISION,7,14,0,3,7,17,-7,5-7,0
AF028061026,MAVERICK,NIRVANA,7,14,9,0,16,14,-7,5-7,1
AF028070626,PRECISION,OFFICER,21,14,10,15,31,29,7,5-7,2
AF028070726,LEO,CRYSTAL,14,7,3,7,17,14,7,5-7,0
AF028070826,LYNX,LEGEND,7,10,7,0,14,10,-3,3-4,1
AF028070926,PINNACLE,LEGEND,17,14,22,14,39,28,3,3-4,0
AF028080626,PRECISION,CLASH,7,0,0,0,7,0,7,5-7,0
AF028080726,LYNX,LEGEND,7,7,0,7,7,14,0,level,0
AF028080826,LEGEND,LAZARUS,13,7,0,7,13,14,6,5-7,1
AF028080926,SENTRY,KEVLAR,10,7,6,14,16,21,3,3-4,1
AF028090626,PRECISION,CLASH,7,7,7,10,14,17,0,level,0
AF028090726,CLASH,MEMENTO,3,0,10,0,13,0,3,3-4,0
AF028090826,AVATAR,OFFICER,14,0,7,8,21,8,14,11-14,0
AF028090926,HERMES,ACE,7,3,17,11,24,14,4,3-4,2
AF028100626,KEVLAR,AVATAR,21,14,0,3,21,17,7,5-7,0
AF028100726,KEVLAR,AVATAR,10,0,11,0,21,0,10,8-10,0
AF028100826,MEMENTO,CLASH,0,14,6,3,6,17,-14,11-14,0
AF028110626,LAZARUS,KEVLAR,7,7,11,14,18,21,0,level,1
AF028110826,LAZARUS,LEGEND,14,14,7,14,21,28,0,level,0
AF028110926,ACE,ASTRONAUT,0,3,10,6,10,9,-3,3-4,3
AF028120626,MEMENTO,PINNACLE,14,14,6,10,20,24,0,level,0
AF028120726,MEMENTO,SENTRY,0,14,14,3,14,17,-14,11-14,0
AF028120926,MERCURY,MINDFLAYER,3,7,0,14,3,21,-4,3-4,0
AF028130626,SENTRY,MEMENTO,7,7,3,7,10,14,0,level,1
AF028130726,CLASH,MERCENARY,7,7,7,6,14,13,0,level,0
AF028130826,LEO,PATHFINDER,17,14,7,0,24,14,3,3-4,0
AF028130926,SPARK,PRISMATIC,3,0,6,7,9,7,3,3-4,2
AF028140626,MEMENTO,SENTRY,0,14,12,0,12,14,-14,11-14,0
AF028140726,MEMENTO,KEVLAR,0,3,7,7,7,10,-3,3-4,0
AF028140826,LYNX,LAZARUS,10,14,10,0,20,14,-4,3-4,1
AF028140926,DREAD,RICOCHET,14,17,0,6,14,23,-3,3-4,0
AF028150626,CLASH,OFFICER,14,0,3,0,17,0,14,11-14,0
AF028150726,MEMENTO,CLASH,17,7,0,0,17,7,10,8-10,0
AF028150826,AVATAR,METEOR,7,7,0,13,7,20,0,level,0
AF028150926,STEEL,SPARK,7,14,8,14,15,28,-7,5-7,0
AF028160626,PINNACLE,MEMENTO,7,0,0,14,7,14,7,5-7,1
AF028160726,LEO,LYNX,7,10,7,7,14,17,-3,3-4,0
AF028160826,PRECISION,OFFICER,21,28,0,7,21,35,-7,5-7,0
AF028160926,KILLJOY,FUSE,3,6,21,17,24,23,-3,3-4,3
AF028170626,LEGEND,CLASH,7,10,10,13,17,23,-3,3-4,2
AF028170726,LEGEND,KEVLAR,7,14,6,7,13,21,-7,5-7,0
AF028170826,GADGET,HEADHUNTER,7,0,7,17,14,17,7,5-7,1
AF028170926,CLOCKWORK,MERCURY,10,3,3,7,13,10,7,5-7,0
AF028180526,NIGHTMARE,KILLJOY,14,14,15,36,29,50,0,level,0
AF028180626,PRECISION,PATHFINDER,14,7,9,18,23,25,7,5-7,1
AF028180726,OFFICER,MERCENARY,0,17,8,8,8,25,-17,15+,0
AF028180826,LEO,PRECISION,7,10,14,7,21,17,-3,3-4,3
AF028180926,MERCURY,CLOCKWORK,7,7,7,10,14,17,0,level,2
AF028190526,KEVLAR,CLASH,3,7,0,7,3,14,-4,3-4,0
AF028190726,OFFICER,MERCENARY,7,10,14,8,21,18,-3,3-4,1
AF028190826,LEGEND,HERMES,14,7,0,16,14,23,7,5-7,1
AF028200526,LEO,ASTRONAUT,7,7,10,8,17,15,0,level,2
AF028200826,MEMENTO,ACE,10,7,6,7,16,14,3,3-4,2
AF028200926,SPARK,MAVERICK,7,7,7,13,14,20,0,level,0
AF028210726,AVATAR,LEGEND,20,14,8,7,28,21,6,5-7,0
AF028210826,LEO,PRECISION,15,21,7,15,22,36,-6,5-7,0
AF028220626,NIGHTMARE,MERLIN,14,7,16,21,30,28,7,5-7,4
AF028220726,PINNACLE,SABRE,17,14,7,7,24,21,3,3-4,2
AF028220826,LEO,SENTRY,17,7,7,14,24,21,10,8-10,0
AF028220926,SPARK,NIRVANA,14,21,15,10,29,31,-7,5-7,2
AF028230626,MIRAGE,PRISMATIC,7,0,6,7,13,7,7,5-7,0
AF028230726,MEMENTO,KEVLAR,0,7,7,7,7,14,-7,5-7,0
AF028230826,PINNACLE,MERCENARY,7,14,7,10,14,24,-7,5-7,0
AF028240626,MEMENTO,MERCENARY,0,14,0,0,0,14,-14,11-14,0
AF028240726,LEO,PINNACLE,14,14,0,3,14,17,0,level,0
AF028240826,LAZARUS,MEMENTO,14,14,9,14,23,28,0,level,1
AF028240926,ENFORCER,MERCURY,7,7,7,10,14,17,0,level,0
AF028250526,OFFICER,PINNACLE,0,14,0,3,0,17,-14,11-14,0
AF028250626,LAZARUS,PATHFINDER,0,13,7,0,7,13,-13,11-14,0
AF028250726,ORIGINAL,MAVERICK,0,7,0,7,0,14,-7,5-7,0
AF028250826,LAZARUS,LEGEND,21,7,10,8,31,15,14,11-14,0
AF028250926,CLOCKWORK,MINDFLAYER,10,14,6,7,16,21,-4,3-4,0
AF028260526,CLASH,AVATAR,7,0,7,11,14,11,7,5-7,0
AF028260626,JUDGEMENT,LEGEND,14,7,7,7,21,14,7,5-7,0
AF028260726,SHROUD,JUDGEMENT,14,7,7,6,21,13,7,5-7,0
AF028260826,LEGEND,PRECISION,24,0,0,7,24,7,24,15+,0
AF028260926,SCHOLAR,SPARK,0,10,7,0,7,10,-10,8-10,0
AF028270426,SABRE,REGRET,10,7,7,7,17,14,3,3-4,0
AF028270526,MEMENTO,ASTRONAUT,7,3,7,3,14,6,4,3-4,0
AF028270726,KEVLAR,PINNACLE,14,7,10,7,24,14,7,5-7,0
AF028270826,SAGE,JUDGEMENT,3,7,14,7,17,14,-4,3-4,3
AF028270926,ORIGINAL,NIRVANA,21,14,3,7,24,21,7,5-7,0
AF028280426,PRECISION,MEMENTO,14,3,7,8,21,11,11,11-14,0
AF028280526,HURRICANE,LAZARUS,14,0,0,0,14,0,14,11-14,0
AF028280626,ACE,LEO,14,7,7,15,21,22,7,5-7,1
AF028280726,MERCENARY,LEGEND,7,14,17,0,24,14,-7,5-7,1
AF028280826,CLASH,KEVLAR,7,7,6,10,13,17,0,level,0
AF028280926,REGRET,GADGET,7,14,3,3,10,17,-7,5-7,0
AF028290426,OFFICER,LYNX,21,0,14,0,35,0,21,15+,0
AF028290526,HERMES,LEGEND,0,14,7,0,7,14,-14,11-14,0
AF028290626,OFFICER,MERCENARY,14,14,7,14,21,28,0,level,0
AF028290726,ACE,LEGEND,13,0,10,8,23,8,13,11-14,0
AF028290826,LYNX,OFFICER,10,0,10,7,20,7,10,8-10,0
AF028290926,DREAD,MERCURY,7,7,15,17,22,24,0,level,2
AF028300426,PRECISION,LAZARUS,14,21,7,3,21,24,-7,5-7,0
AF028300526,OFFICER,LYNX,7,7,14,7,21,14,0,level,0
AF028300726,HERMES,PRECISION,21,0,0,7,21,7,21,15+,0
AF028300826,LAZARUS,OFFICER,7,10,14,13,21,23,-3,3-4,4
AF028300926,CLOCKWORK,ORIGINAL,10,14,7,7,17,21,-4,3-4,2
AF028310726,PINNACLE,AVATAR,7,21,0,3,7,24,-14,11-14,0
AF028310826,KEVLAR,PINNACLE,3,7,7,0,10,7,-4,3-4,1
AF029010526,ANVIL,SAGE,7,7,0,6,7,13,0,level,0
AF029010626,PHOENIX,LUNA,3,7,0,7,3,14,-4,3-4,0
AF029010726,VALIANT,LUNA,7,7,8,13,15,20,0,level,2
AF029010826,SUMMIT,VALIANT,21,0,7,13,28,13,21,15+,0
AF029010926,GENIUS,JUDGEMENT,10,10,8,23,18,33,0,level,0
AF029011026,MERLIN,NIGHTMARE,17,7,7,6,24,13,10,8-10,0
AF029020626,VALIANT,MONSTER,0,10,9,0,9,10,-10,8-10,0
AF029020726,DESTINY,ACE,7,21,7,3,14,24,-14,11-14,0
AF029020826,DON,WARRIOR,0,3,7,3,7,6,-3,3-4,1
AF029020926,SHARK,MIDAS,3,0,14,13,17,13,3,3-4,0
AF029021026,MAVERICK,NIRVANA,7,7,14,10,21,17,0,level,2
AF029030526,PSYCHIC,IMPERIAL,10,7,7,7,17,14,3,3-4,0
AF029030626,FENRIR,KILLJOY,14,10,10,6,24,16,4,3-4,0
AF029030826,WARRIOR,ROMAN,21,14,10,7,31,21,7,5-7,0
AF029031026,MERLIN,FUSE,21,10,7,14,28,24,11,11-14,2
AF029040526,LUNA,HURRICANE,0,0,7,8,7,8,0,level,1
AF029040626,ANVIL,KRAKEN,14,14,7,8,21,22,0,level,1
AF029040726,SENTINEL,VALIANT,14,14,9,7,23,21,0,level,2
AF029040826,DON,ROMAN,14,3,7,11,21,14,11,11-14,0
AF029040926,MIMIC,HURRICANE,7,10,10,3,17,13,-3,3-4,1
AF029041026,FENRIR,HEADHUNTER,10,0,14,7,24,7,10,8-10,0
AF029050626,VALIANT,KRAKEN,7,17,0,7,7,24,-10,8-10,0
AF029050726,PSYCHIC,CRYSTAL,7,0,3,7,10,7,7,5-7,0
AF029050826,MONSTER,SUMMIT,6,7,6,10,12,17,-1,1-2,0
AF029051026,KILLJOY,FUSE,14,14,7,0,21,14,0,level,0
AF029060726,PSYCHIC,VALIANT,10,7,7,0,17,7,3,3-4,0
AF029060926,KRAKEN,PHOENIX,3,7,7,7,10,14,-4,3-4,0
AF029070626,KRAKEN,HURRICANE,7,0,7,7,14,7,7,5-7,0
AF029070726,BLAZE,ROMAN,14,10,10,21,24,31,4,3-4,1
AF029070826,KRAKEN,HURRICANE,7,14,14,10,21,24,-7,5-7,0
AF029080626,METEOR,LEO,3,0,0,7,3,7,3,3-4,1
AF029080726,SORCERER,SEEKER,7,7,0,14,7,21,0,level,0
AF029080826,VALIANT,PSYCHIC,14,7,0,6,14,13,7,5-7,0
AF029080926,IMPERIAL,ROCKET,0,7,7,3,7,10,-7,5-7,0
AF029090626,MONSTER,GENIUS,0,7,0,0,0,7,-7,5-7,0
AF029090726,ANVIL,SENTINEL,7,7,7,10,14,17,0,level,1
AF029090826,CRYSTAL,VALIANT,7,0,3,6,10,6,7,5-7,0
AF029100626,UNICORN,VALIANT,6,0,3,0,9,0,6,5-7,0
AF029100726,SHARK,DAME,10,0,7,0,17,0,10,8-10,0
AF029100826,HURRICANE,IMPERIAL,7,3,0,7,7,10,4,3-4,1
AF029100926,RELIC,KRAKEN,0,10,14,17,14,27,-10,8-10,0
AF029110626,SEEKER,SAGE,0,17,0,0,0,17,-17,15+,0
AF029110926,LUNA,SABRE,7,0,17,27,24,27,7,5-7,5
AF029120626,ANVIL,SEEKER,7,7,6,7,13,14,0,level,0
AF029120726,PSYCHIC,IMPERIAL,0,7,6,0,6,7,-7,5-7,0
AF029120826,UNICORN,MIMIC,17,7,11,7,28,14,10,8-10,0
AF029120926,HEADHUNTER,REGRET,10,3,7,10,17,13,7,5-7,2
AF029130626,SENTINEL,SEEKER,3,14,14,0,17,14,-11,11-14,1
AF029130726,MONSTER,SORCERER,10,0,7,0,17,0,10,8-10,0
AF029130926,NIGHTMARE,LIZARD,7,21,15,14,22,35,-14,11-14,0
AF029140626,PSYCHIC,CRYSTAL,3,14,6,0,9,14,-11,11-14,0
AF029140726,SHARK,ACE,7,7,7,13,14,20,0,level,0
AF029140926,SCHOLAR,PRISMATIC,3,14,15,0,18,14,-11,11-14,1
AF029150626,PSYCHIC,SUMMIT,0,7,6,3,6,10,-7,5-7,0
AF029150726,ANVIL,UNICORN,0,7,0,7,0,14,-7,5-7,0
AF029150826,SENTINEL,VALIANT,7,7,7,10,14,17,0,level,0
AF029150926,MAVERICK,MIRAGE,21,21,14,13,35,34,0,level,1
AF029160626,KATANA,SENTINEL,0,0,10,0,10,0,0,level,0
AF029160726,DON,BLAZE,0,3,6,7,6,10,-3,3-4,2
AF029160926,SHURIKEN,MAVERICK,3,13,14,7,17,20,-10,8-10,2
AF029170626,ANVIL,GENIUS,14,7,0,13,14,20,7,5-7,1
AF029170726,ANVIL,KRAKEN,7,28,7,14,14,42,-21,15+,0
AF029170826,SPARK,PURSUIT,7,21,8,10,15,31,-14,11-14,0
AF029170926,HEADHUNTER,GADGET,7,24,7,7,14,31,-17,15+,0
AF029180526,MINDFLAYER,ENFORCER,0,7,18,7,18,14,-7,5-7,1
AF029180726,ROMAN,DAME,7,14,7,13,14,27,-7,5-7,0
AF029180826,MONSTER,IMPERIAL,10,14,0,17,10,31,-4,3-4,0
AF029180926,KILLJOY,FUSE,17,0,10,14,27,14,17,15+,0
AF029190526,GENIUS,NEON,7,3,7,0,14,3,4,3-4,0
AF029190726,IMPERIAL,PHOENIX,6,14,16,7,22,21,-8,8-10,1
AF029190826,GENIUS,KRAKEN,14,10,16,21,30,31,4,3-4,1
AF029190926,KILLJOY,NIGHTMARE,14,6,10,0,24,6,8,8-10,0
AF029200526,ROCKET,LUNA,3,7,6,7,9,14,-4,3-4,0
AF029200826,DON,WARRIOR,3,0,7,7,10,7,3,3-4,2
AF029200926,FENRIR,NIGHTMARE,21,0,13,7,34,7,21,15+,0
AF029210726,ACE,STRIDER,14,10,10,0,24,10,4,3-4,0
AF029210826,SHARK,MIDAS,17,0,7,0,24,0,17,15+,0
AF029210926,GADGET,HEADHUNTER,7,13,14,16,21,29,-6,5-7,0
AF029220626,FUSE,REGRET,3,3,14,7,17,10,0,level,1
AF029220726,DESTINY,GENIUS,3,10,12,7,15,17,-7,5-7,0
AF029220826,PSYCHIC,MONSTER,0,21,7,3,7,24,-21,15+,0
AF029220926,KILLJOY,FUSE,7,14,38,32,45,46,-7,5-7,2
AF029230626,SPARK,REGRET,0,7,8,7,8,14,-7,5-7,0
AF029230726,ACE,DESTINY,3,7,7,0,10,7,-4,3-4,1
AF029230826,VALIANT,PSYCHIC,0,7,3,0,3,7,-7,5-7,0
AF029230926,SHURIKEN,SCHOLAR,21,7,8,26,29,33,14,11-14,3
AF029240626,LUNA,SORCERER,7,7,14,6,21,13,0,level,0
AF029240726,MIDAS,ACE,0,17,7,3,7,20,-17,15+,0
AF029250526,ROCKET,PHOENIX,10,14,7,7,17,21,-4,3-4,2
AF029250626,OCTANE,LUNA,7,7,7,14,14,21,0,level,0
AF029250726,LIZARD,FENRIR,7,21,14,3,21,24,-14,11-14,0
AF029250926,SHURIKEN,MAVERICK,7,7,10,7,17,14,0,level,1
AF029260526,PHOENIX,MONSTER,7,10,10,6,17,16,-3,3-4,1
AF029260626,LUNA,ROMAN,14,0,3,8,17,8,14,11-14,0
AF029260726,SHARK,DAME,7,10,14,14,21,24,-3,3-4,0
AF029260826,HURRICANE,SUMMIT,10,14,9,6,19,20,-4,3-4,2
AF029260926,MERLIN,FUSE,10,3,6,0,16,3,7,5-7,0
AF029270426,MAVERICK,SPARK,3,7,7,7,10,14,-4,3-4,2
AF029270526,GENIUS,KRAKEN,10,7,0,0,10,7,3,3-4,0
AF029270626,PSYCHIC,MONSTER,14,7,7,0,21,7,7,5-7,0
AF029270826,ROMAN,MIDAS,3,5,0,14,3,19,-2,1-2,0
AF029270926,NIGHTMARE,FUSE,17,10,13,14,30,24,7,5-7,0
AF029280426,NEON,UNICORN,7,0,3,6,10,6,7,5-7,0
AF029280526,SEEKER,OCTANE,3,0,3,9,6,9,3,3-4,1
AF029280626,OVERDRIVE,PHOENIX,7,0,3,7,10,7,7,5-7,0
AF029280726,STRIDER,SHARK,0,3,14,0,14,3,-3,3-4,1
AF029280826,PSYCHIC,UNICORN,3,3,7,6,10,9,0,level,0
AF029280926,MERLIN,NIGHTMARE,0,14,3,0,3,14,-14,11-14,0
AF029290426,SAGE,UNICORN,7,14,13,7,20,21,-7,5-7,0
AF029290626,LUNA,PSYCHIC,7,3,7,3,14,6,4,3-4,0
AF029290726,DESTINY,WARRIOR,0,14,14,10,14,24,-14,11-14,0
AF029290826,PHOENIX,MONSTER,17,10,7,6,24,16,7,5-7,0
AF029290926,HEADHUNTER,LIZARD,21,7,7,16,28,23,14,11-14,0
AF029300426,GENIUS,ROCKET,10,15,7,10,17,25,-5,5-7,0
AF029300726,DAME,ROMAN,7,21,10,6,17,27,-14,11-14,0
AF029300826,VALIANT,RELIC,0,14,3,0,3,14,-14,11-14,0
AF029300926,MAVERICK,SCHOLAR,7,7,0,7,7,14,0,level,0
AF029310826,KRAKEN,LUNA,7,3,10,6,17,9,4,3-4,0
AF030010626,PRECISION,ASTRONAUT,7,3,3,0,10,3,4,3-4,0
AF030010726,JUDGEMENT,PATHFINDER,3,3,7,8,10,11,0,level,1
AF030010826,KRAKEN,RELIC,10,7,14,15,24,22,3,3-4,0
AF030011026,MERCURY,MINDFLAYER,21,10,0,8,21,18,11,11-14,0
AF030020726,ANVIL,PHOENIX,0,24,0,14,0,38,-24,15+,0
AF030020826,OVERDRIVE,JUDGEMENT,7,0,16,20,23,20,7,5-7,2
AF030021026,MERCURY,DON,10,7,0,0,10,7,3,3-4,0
AF030030526,SPLINTER,PRECISION,0,10,3,0,3,10,-10,8-10,0
AF030030626,SHURIKEN,SPARK,7,14,6,7,13,21,-7,5-7,0
AF030030726,LAZARUS,LEGEND,7,14,0,3,7,17,-7,5-7,0
AF030030826,ASTRONAUT,CRYSTAL,0,0,10,7,10,7,0,level,0
AF030031026,SHURIKEN,MISSILE,7,0,10,0,17,0,7,5-7,0
AF030040526,METEOR,LEO,7,10,0,0,7,10,-3,3-4,0
AF030040726,LAZARUS,HURRICANE,9,7,3,0,12,7,2,1-2,0
AF030040826,GENIUS,OCTANE,0,7,10,0,10,7,-7,5-7,1
AF030041026,MISSILE,SHURIKEN,7,7,7,10,14,17,0,level,0
AF030050626,SHROUD,PATHFINDER,7,0,14,0,21,0,7,5-7,0
AF030050726,VALIANT,LAZARUS,3,0,7,0,10,0,3,3-4,0
AF030050826,JUDGEMENT,CRYSTAL,7,3,7,6,14,9,4,3-4,0
AF030050926,PHOENIX,JUDGEMENT,7,14,10,0,17,14,-7,5-7,1
AF030051026,DON,ENFORCER,14,7,0,21,14,28,7,5-7,1
AF030060626,IMPERIAL,SHROUD,0,7,17,7,17,14,-7,5-7,1
AF030060726,HURRICANE,LEO,16,14,0,7,16,21,2,1-2,1
AF030060826,UNICORN,IMPERIAL,14,10,0,7,14,17,4,3-4,1
AF030061026,SCHOLAR,SHURIKEN,10,3,17,15,27,18,7,5-7,0
AF030070626,OVERDRIVE,HERMES,21,7,0,0,21,7,14,11-14,0
AF030070726,SENTINEL,UNICORN,7,17,0,14,7,31,-10,8-10,0
AF030070926,KATANA,ROCKET,14,14,6,7,20,21,0,level,0
AF030080626,LAZARUS,KEVLAR,3,14,0,7,3,21,-11,11-14,0
AF030080726,KATANA,OCTANE,7,7,7,6,14,13,0,level,0
AF030080826,ROCKET,ACE,3,7,0,7,3,14,-4,3-4,0
AF030080926,ACE,METEOR,0,21,0,0,0,21,-21,15+,0
AF030090626,ROCKET,HERMES,14,21,7,3,21,24,-7,5-7,0
AF030090726,LAZARUS,SAGE,7,0,0,3,7,3,7,5-7,0
AF030090826,JUDGEMENT,PATHFINDER,7,28,7,7,14,35,-21,15+,0
AF030090926,KATANA,SAGE,7,7,7,14,14,21,0,level,0
AF030100626,PHOENIX,SHROUD,7,7,7,0,14,7,0,level,0
AF030100726,LUNA,LAZARUS,7,10,10,6,17,16,-3,3-4,1
AF030100826,LUNA,HERMES,3,14,15,7,18,21,-11,11-14,2
AF030100926,SABRE,JUDGEMENT,3,17,8,0,11,17,-14,11-14,0
AF030110626,SHROUD,METEOR,7,10,0,0,7,10,-3,3-4,0
AF030110826,PATHFINDER,HERMES,10,7,3,10,13,17,3,3-4,1
AF030110926,SHURIKEN,SCHOLAR,14,0,0,6,14,6,14,11-14,0
AF030120626,SAGE,OVERDRIVE,10,7,7,7,17,14,3,3-4,2
AF030120726,LAZARUS,KRAKEN,7,0,7,3,14,3,7,5-7,0
AF030120826,HERMES,METEOR,3,14,14,10,17,24,-11,11-14,0
AF030120926,MERCURY,DREAD,21,14,7,15,28,29,7,5-7,1
AF030130726,PHOENIX,OVERDRIVE,17,7,3,0,20,7,10,8-10,0
AF030130826,KRAKEN,METEOR,7,35,0,0,7,35,-28,15+,0
AF030130926,PRISMATIC,SHURIKEN,14,0,7,7,21,7,14,11-14,0
AF030140626,LAZARUS,JUDGEMENT,6,3,7,7,13,10,3,3-4,0
AF030140726,SABRE,SENTRY,0,7,0,3,0,10,-7,5-7,0
AF030140826,JUDGEMENT,KRAKEN,7,7,13,10,20,17,0,level,0
AF030140926,ENFORCER,MERCURY,7,7,0,10,7,17,0,level,0
AF030150626,VALIANT,METEOR,7,3,0,0,7,3,4,3-4,0
AF030150826,LUNA,ROCKET,3,6,7,14,10,20,-3,3-4,2
AF030150926,STEEL,PURSUIT,13,3,7,0,20,3,10,8-10,0
AF030160726,CRYSTAL,LUNA,6,7,16,14,22,21,-1,1-2,1
AF030160926,FUSE,MERLIN,7,14,14,10,21,24,-7,5-7,0
AF030170626,ROCKET,LUNA,7,14,14,0,21,14,-7,5-7,1
AF030170726,HERMES,LEO,0,14,7,14,7,28,-14,11-14,0
AF030170826,GADGET,LIZARD,14,0,3,0,17,0,14,11-14,0
AF030170926,CLOCKWORK,MINDFLAYER,7,7,6,7,13,14,0,level,1
AF030180526,FUSE,KILLJOY,14,7,3,7,17,14,7,5-7,0
AF030180626,HURRICANE,OVERDRIVE,7,7,6,7,13,14,0,level,1
AF030180726,MONSTER,LUNA,10,14,7,0,17,14,-4,3-4,1
AF030180826,SAGE,CRYSTAL,14,7,7,0,21,7,7,5-7,0
AF030180926,MERCURY,ENFORCER,7,3,14,0,21,3,4,3-4,0
AF030190526,SUMMIT,METEOR,0,7,0,0,0,7,-7,5-7,0
AF030190726,OVERDRIVE,JUDGEMENT,7,0,3,7,10,7,7,5-7,0
AF030190826,SAGE,OCTANE,7,7,10,14,17,21,0,level,3
AF030200526,VALIANT,CRYSTAL,7,7,0,3,7,10,0,level,0
AF030200826,JUDGEMENT,SABRE,7,14,15,10,22,24,-7,5-7,2
AF030200926,NIRVANA,SHURIKEN,14,7,6,10,20,17,7,5-7,0
AF030210726,LUNA,HERMES,0,7,7,3,7,10,-7,5-7,0
AF030210826,LUNA,SABRE,0,10,7,7,7,17,-10,8-10,0
AF030220626,NIGHTMARE,FENRIR,7,24,6,21,13,45,-17,15+,0
AF030220726,OCTANE,ROCKET,7,7,10,7,17,14,0,level,2
AF030220826,IMPERIAL,JUDGEMENT,7,21,0,6,7,27,-14,11-14,0
AF030220926,SPARK,SHURIKEN,14,7,3,7,17,14,7,5-7,0
AF030230626,PRISMATIC,ENFORCER,14,21,15,14,29,35,-7,5-7,0
AF030230726,CRYSTAL,ASTRONAUT,3,0,3,0,6,0,3,3-4,0
AF030230826,SHROUD,OVERDRIVE,14,14,3,0,17,14,0,level,0
AF030230926,ENFORCER,MERCURY,10,7,0,14,10,21,3,3-4,1
AF030240726,UNICORN,LUNA,7,14,0,7,7,21,-7,5-7,0
AF030240826,METEOR,HERMES,14,7,7,10,21,17,7,5-7,2
AF030250526,SHROUD,HURRICANE,7,14,7,3,14,17,-7,5-7,0
AF030250626,OVERDRIVE,METEOR,2,13,7,7,9,20,-11,11-14,0
AF030250826,LEO,HERMES,8,14,8,10,16,24,-6,5-7,0
AF030250926,CLOCKWORK,ORIGINAL,14,7,14,13,28,20,7,5-7,0
AF030260526,OVERDRIVE,SHROUD,10,7,7,0,17,7,3,3-4,0
AF030260726,CRYSTAL,LAZARUS,7,14,6,2,13,16,-7,5-7,0
AF030260826,SABRE,METEOR,0,10,8,14,8,24,-10,8-10,0
AF030260926,SCHOLAR,SHURIKEN,0,10,17,0,17,10,-10,8-10,1
AF030270426,GADGET,REGRET,14,14,0,24,14,38,0,level,0
AF030270526,SAGE,VALIANT,10,0,0,0,10,0,10,8-10,0
AF030270626,PHOENIX,KRAKEN,7,0,3,0,10,0,7,5-7,0
AF030270726,HERMES,SENTRY,7,6,10,6,17,12,1,1-2,0
AF030270826,PHOENIX,HURRICANE,0,7,8,7,8,14,-7,5-7,0
AF030270926,ORIGINAL,MISSILE,7,14,14,17,21,31,-7,5-7,0
AF030280526,ROCKET,SHROUD,7,7,3,7,10,14,0,level,1
AF030280626,WARRIOR,SHROUD,14,7,14,7,28,14,7,5-7,0
AF030280726,MONSTER,KRAKEN,13,14,6,7,19,21,-1,1-2,0
AF030280926,HEADHUNTER,LIZARD,14,7,7,13,21,20,7,5-7,0
AF030290426,VALIANT,MEMENTO,3,3,14,0,17,3,0,level,0
AF030290526,VALIANT,OVERDRIVE,7,14,23,20,30,34,-7,5-7,2
AF030290626,ROCKET,CRYSTAL,0,7,0,3,0,10,-7,5-7,0
AF030290726,PSYCHIC,SAGE,7,7,8,10,15,17,0,level,0
AF030290926,DREAD,MINDFLAYER,10,7,11,0,21,7,3,3-4,0
AF030300426,CRYSTAL,METEOR,0,14,0,3,0,17,-14,11-14,0
AF030300726,ANVIL,RELIC,7,7,7,0,14,7,0,level,0
AF030300826,CRYSTAL,JUDGEMENT,7,7,10,7,17,14,0,level,0
AF030300926,CLOCKWORK,ENFORCER,14,21,9,3,23,24,-7,5-7,0
AF030310526,CRYSTAL,SHROUD,0,7,7,7,7,14,-7,5-7,0
AF030310726,PATHFINDER,LEO,3,17,0,7,3,24,-14,11-14,0
AF031010526,SHURIKEN,AVATAR,7,10,14,9,21,19,-3,3-4,1
AF031010726,NIGHTMARE,LIZARD,7,3,7,0,14,3,4,3-4,0
AF031010826,SPARK,PRISMATIC,14,7,8,14,22,21,7,5-7,2
AF031010926,PRISMATIC,MINDFLAYER,7,10,7,6,14,16,-3,3-4,2
AF031011026,FENRIR,FUSE,14,14,10,7,24,21,0,level,0
AF031020526,MEMENTO,OVERDRIVE,21,7,13,7,34,14,14,11-14,0
AF031020626,NEON,ROCKET,7,14,14,13,21,27,-7,5-7,0
AF031020726,GADGET,FUSE,17,14,7,7,24,21,3,3-4,2
AF031020826,FUSE,NIGHTMARE,14,21,17,7,31,28,-7,5-7,3
AF031020926,FENRIR,MERLIN,14,0,5,18,19,18,14,11-14,2
AF031030526,SHURIKEN,HEADHUNTER,14,10,0,3,14,13,4,3-4,0
AF031030626,FUSE,NIGHTMARE,3,7,0,7,3,14,-4,3-4,0
AF031030726,SAGE,ROCKET,7,7,10,7,17,14,0,level,2
AF031030826,SPARK,PURSUIT,21,0,3,0,24,0,21,15+,0
AF031030926,CRYSTAL,PSYCHIC,14,14,7,10,21,24,0,level,0
AF031031026,FENRIR,NIGHTMARE,7,21,13,7,20,28,-14,11-14,0
AF031040526,REGRET,FENRIR,7,14,7,10,14,24,-7,5-7,0
AF031040626,HEADHUNTER,GADGET,14,0,3,0,17,0,14,11-14,0
AF031040726,LIZARD,HEADHUNTER,1,26,0,0,1,26,-25,15+,0
AF031040826,FENRIR,KILLJOY,7,0,3,14,10,14,7,5-7,1
AF031040926,FENRIR,MERLIN,0,10,24,0,24,10,-10,8-10,1
AF031041026,NIGHTMARE,LIZARD,14,13,10,6,24,19,1,1-2,0
AF031050626,HEADHUNTER,SHURIKEN,14,7,7,7,21,14,7,5-7,0
AF031050726,REGRET,SPARK,7,7,8,7,15,14,0,level,1
AF031050826,REGRET,MERLIN,7,14,3,7,10,21,-7,5-7,0
AF031050926,GADGET,LIZARD,17,7,0,14,17,21,10,8-10,1
AF031051026,NIGHTMARE,MERLIN,14,10,7,14,21,24,4,3-4,3
AF031060626,LAZARUS,AVATAR,14,21,8,3,22,24,-7,5-7,0
AF031060726,NIGHTMARE,FUSE,7,7,14,17,21,24,0,level,0
AF031060826,SHARK,DON,17,0,3,0,20,0,17,15+,0
AF031060926,LUNA,KRAKEN,7,10,14,7,21,17,-3,3-4,3
AF031061026,NIGHTMARE,MERLIN,7,3,17,6,24,9,4,3-4,0
AF031070526,LAZARUS,KEVLAR,7,7,7,14,14,21,0,level,0
AF031070626,MERCENARY,FENRIR,3,5,10,6,13,11,-2,1-2,3
AF031070726,GADGET,REGRET,7,3,14,14,21,17,4,3-4,4
AF031070826,HERMES,SAGE,14,7,0,0,14,7,7,5-7,0
AF031070926,FUSE,NIGHTMARE,7,0,21,9,28,9,7,5-7,0
AF031080626,NIGHTMARE,LIZARD,14,14,3,7,17,21,0,level,1
AF031080726,FENRIR,KILLJOY,7,10,10,0,17,10,-3,3-4,1
AF031080826,FUSE,KILLJOY,10,7,14,14,24,21,3,3-4,2
AF031080926,MERCENARY,KEVLAR,17,0,3,14,20,14,17,15+,0
AF031090626,SHURIKEN,GADGET,10,7,10,10,20,17,3,3-4,0
AF031090726,FENRIR,MERLIN,0,21,0,3,0,24,-21,15+,0
AF031090826,NIGHTMARE,HEADHUNTER,13,21,8,7,21,28,-8,8-10,0
AF031090926,ROMAN,SAGE,7,7,7,10,14,17,0,level,2
AF031100626,NIRVANA,REGRET,21,3,0,13,21,16,18,15+,0
AF031100726,FENRIR,FUSE,14,10,6,7,20,17,4,3-4,0
AF031100826,MERLIN,FENRIR,0,21,7,7,7,28,-21,15+,0
AF031100926,REGRET,GADGET,17,10,7,11,24,21,7,5-7,0
AF031110626,MERLIN,KILLJOY,14,14,14,10,28,24,0,level,2
AF031110726,AVATAR,HERMES,17,21,13,21,30,42,-4,3-4,0
AF031110826,PURSUIT,REGRET,0,6,17,6,17,12,-6,5-7,1
AF031110926,DREAD,CLOCKWORK,7,3,18,14,25,17,4,3-4,0
AF031120626,MERCENARY,HEADHUNTER,7,14,10,0,17,14,-7,5-7,1
AF031120726,NIRVANA,MAVERICK,7,10,14,7,21,17,-3,3-4,3
AF031120826,LEGEND,CLASH,10,14,7,7,17,21,-4,3-4,2
AF031120926,REGRET,GADGET,7,7,14,15,21,22,0,level,1
AF031130626,HERMES,LAZARUS,7,14,0,3,7,17,-7,5-7,0
AF031130726,GADGET,MERLIN,7,10,17,15,24,25,-3,3-4,4
AF031130826,SHURIKEN,MIRAGE,13,7,8,7,21,14,6,5-7,2
AF031130926,FENRIR,HEADHUNTER,7,0,7,17,14,17,7,5-7,3
AF031140626,PRISMATIC,MERCURY,14,7,3,7,17,14,7,5-7,0
AF031140726,MINDFLAYER,REGRET,3,10,0,17,3,27,-7,5-7,0
AF031140826,FENRIR,FUSE,14,7,3,7,17,14,7,5-7,0
AF031140926,PRISMATIC,MIRAGE,7,14,9,7,16,21,-7,5-7,0
AF031150626,KILLJOY,FENRIR,10,7,7,11,17,18,3,3-4,1
AF031150726,LIZARD,FENRIR,17,7,7,0,24,7,10,8-10,0
AF031150926,PRISMATIC,SHURIKEN,21,0,7,7,28,7,21,15+,0
AF031160626,MERLIN,FENRIR,7,24,7,7,14,31,-17,15+,0
AF031160726,SHURIKEN,HEADHUNTER,7,3,10,8,17,11,4,3-4,0
AF031160826,PHOENIX,VALIANT,7,10,7,0,14,10,-3,3-4,1
AF031160926,MAVERICK,MIRAGE,7,21,14,14,21,35,-14,11-14,0
AF031170626,FUSE,NIGHTMARE,7,7,14,17,21,24,0,level,1
AF031170826,SPARK,REGRET,0,14,0,7,0,21,-14,11-14,0
AF031170926,REGRET,LIZARD,28,21,0,14,28,35,7,5-7,1
AF031180526,SPARK,ENFORCER,28,0,0,7,28,7,28,15+,0
AF031180626,MERCURY,MAVERICK,20,7,0,7,20,14,13,11-14,0
AF031180726,KILLJOY,FUSE,21,7,10,7,31,14,14,11-14,0
AF031180826,FUSE,GADGET,3,14,21,11,24,25,-11,11-14,2
AF031180926,MERLIN,FENRIR,14,7,3,8,17,15,7,5-7,0
AF031190526,PURSUIT,SPARK,17,3,3,0,20,3,14,11-14,0
AF031190726,HEADHUNTER,LIZARD,14,3,10,3,24,6,11,11-14,0
AF031190826,PURSUIT,SPARK,7,21,0,3,7,24,-14,11-14,0
AF031190926,NIGHTMARE,HEADHUNTER,7,14,17,0,24,14,-7,5-7,1
AF031200526,NIGHTMARE,HEADHUNTER,13,7,3,0,16,7,6,5-7,0
AF031200726,SHURIKEN,SPARK,7,14,7,7,14,21,-7,5-7,0
AF031200826,HEADHUNTER,REGRET,0,7,0,0,0,7,-7,5-7,0
AF031200926,NIGHTMARE,HEADHUNTER,7,10,10,0,17,10,-3,3-4,1
AF031210726,FUSE,GADGET,14,7,14,8,28,15,7,5-7,0
AF031210826,SHURIKEN,REGRET,7,10,0,3,7,13,-3,3-4,0
AF031210926,REGRET,FENRIR,0,14,7,7,7,21,-14,11-14,0
AF031220626,FUSE,HEADHUNTER,14,14,10,3,24,17,0,level,0
AF031220726,NIGHTMARE,FENRIR,0,7,7,3,7,10,-7,5-7,0
AF031220826,HEADHUNTER,GADGET,3,21,15,0,18,21,-18,15+,0
AF031220926,MERLIN,FENRIR,14,7,3,0,17,7,7,5-7,0
AF031230626,SHURIKEN,SCHOLAR,7,0,0,10,7,10,7,5-7,1
AF031230726,SPARK,GADGET,14,14,10,16,24,30,0,level,3
AF031230926,SHURIKEN,NIRVANA,0,3,14,14,14,17,-3,3-4,0
AF031240626,HEADHUNTER,GADGET,7,7,14,7,21,14,0,level,0
AF031240726,MERCURY,SHURIKEN,7,17,6,0,13,17,-10,8-10,0
AF031240826,NIGHTMARE,FUSE,14,14,7,14,21,28,0,level,0
AF031240926,GADGET,REGRET,21,7,6,7,27,14,14,11-14,0
AF031250526,KILLJOY,NIGHTMARE,24,10,3,7,27,17,14,11-14,0
AF031250726,MERLIN,HEADHUNTER,21,14,10,15,31,29,7,5-7,0
AF031250826,NIGHTMARE,GADGET,7,3,10,6,17,9,4,3-4,0
AF031250926,SCHOLAR,NIRVANA,3,14,7,7,10,21,-11,11-14,0
AF031260526,SPARK,SHURIKEN,3,3,10,7,13,10,0,level,1
AF031260626,KRAKEN,LAZARUS,10,14,0,7,10,21,-4,3-4,0
AF031260726,MERLIN,NIGHTMARE,14,14,7,10,21,24,0,level,1
AF031260826,GADGET,LIZARD,6,14,17,14,23,28,-8,8-10,0
AF031260926,NIGHTMARE,FENRIR,14,9,7,8,21,17,5,5-7,2
AF031270426,ENFORCER,SPARK,0,14,7,0,7,14,-14,11-14,0
AF031270526,HEADHUNTER,KILLJOY,14,10,3,8,17,18,4,3-4,1
AF031270626,NIGHTMARE,GADGET,13,14,10,0,23,14,-1,1-2,1
AF031270726,LAZARUS,VALIANT,21,14,0,3,21,17,7,5-7,0
AF031270826,HEADHUNTER,GADGET,10,3,10,7,20,10,7,5-7,0
AF031270926,FENRIR,LIZARD,3,7,13,14,16,21,-4,3-4,2
AF031280426,SHROUD,SPLINTER,14,10,10,17,24,27,4,3-4,3
AF031280526,HEADHUNTER,REGRET,10,3,7,0,17,3,7,5-7,0
AF031280626,PRISMATIC,MERCURY,14,10,14,0,28,10,4,3-4,0
AF031280726,SCHOLAR,MIRAGE,13,0,7,7,20,7,13,11-14,0
AF031280826,REGRET,MAVERICK,14,7,0,0,14,7,7,5-7,0
AF031280926,NIGHTMARE,KILLJOY,14,7,10,11,24,18,7,5-7,0
AF031290426,GADGET,HEADHUNTER,14,7,7,24,21,31,7,5-7,1
AF031290526,ROCKET,LUNA,0,10,8,3,8,13,-10,8-10,0
AF031290626,GADGET,SABRE,14,0,0,17,14,17,14,11-14,1
AF031290726,NIGHTMARE,LIZARD,14,28,14,3,28,31,-14,11-14,0
AF031290826,FENRIR,MERLIN,3,7,14,0,17,7,-4,3-4,1
AF031290926,NIGHTMARE,FENRIR,17,7,7,7,24,14,10,8-10,0
AF031300426,SABRE,GADGET,14,0,14,14,28,14,14,11-14,0
AF031300526,HERMES,LYNX,7,3,7,14,14,17,4,3-4,3
AF031300626,MIRAGE,MISSILE,14,0,10,0,24,0,14,11-14,0
AF031300726,SHURIKEN,GADGET,7,21,18,7,25,28,-14,11-14,0
AF031300826,MERLIN,FENRIR,7,7,3,0,10,7,0,level,0
AF031300926,SCHOLAR,SPARK,6,7,3,3,9,10,-1,1-2,2
AF031310526,PRECISION,OFFICER,7,14,18,10,25,24,-7,5-7,1
AF031310726,FENRIR,KILLJOY,7,13,7,7,14,20,-6,5-7,0
AF031310826,HEADHUNTER,GADGET,10,0,7,0,17,0,10,8-10,0
AF032010526,NIRVANA,PRISMATIC,7,3,14,21,21,24,4,3-4,1
AF032010626,TOMBSTONE,ORIGINAL,14,0,3,14,17,14,14,11-14,0
AF032010726,ENFORCER,SCHOLAR,3,0,7,18,10,18,3,3-4,1
AF032010826,MINDFLAYER,SCHOLAR,0,0,7,6,7,6,0,level,0
AF032010926,DREAD,MISSILE,0,10,7,7,7,17,-10,8-10,0
AF032011026,DON,ENFORCER,7,7,7,10,14,17,0,level,0
AF032020526,JUDGEMENT,MEMENTO,3,7,7,7,10,14,-4,3-4,2
AF032020726,MISSILE,MERCURY,7,14,7,3,14,17,-7,5-7,0
AF032020826,SHURIKEN,PRISMATIC,7,14,6,7,13,21,-7,5-7,0
AF032020926,ENFORCER,ORIGINAL,7,21,0,0,7,21,-14,11-14,0
AF032021026,ORIGINAL,CLOCKWORK,3,7,10,3,13,10,-4,3-4,1
AF032030526,MINDFLAYER,PRISMATIC,14,7,14,13,28,20,7,5-7,0
AF032030626,ENFORCER,NIRVANA,14,7,10,15,24,22,7,5-7,2
AF032030826,MERCURY,MISSILE,21,7,3,0,24,7,14,11-14,0
AF032030926,UNICORN,MONSTER,0,14,13,7,13,21,-14,11-14,0
AF032040526,ENFORCER,SPARK,10,7,9,7,19,14,3,3-4,2
AF032040626,STEEL,TOMBSTONE,0,14,6,14,6,28,-14,11-14,0
AF032040726,SPARK,REGRET,14,9,7,0,21,9,5,5-7,0
AF032040826,MINDFLAYER,STEEL,14,7,14,6,28,13,7,5-7,0
AF032040926,CLOCKWORK,MERCURY,14,14,7,5,21,19,0,level,1
AF032041026,MIRAGE,NIRVANA,10,14,10,3,20,17,-4,3-4,1
AF032050626,MAVERICK,SCHOLAR,7,10,14,7,21,17,-3,3-4,1
AF032050726,MIRAGE,STEEL,14,0,7,6,21,6,14,11-14,0
AF032050826,ENFORCER,DREAD,14,10,7,0,21,10,4,3-4,0
AF032050926,SCHOLAR,SPARK,14,7,17,7,31,14,7,5-7,0
AF032060626,PINNACLE,AVATAR,3,7,7,6,10,13,-4,3-4,0
AF032060726,SCHOLAR,SPARK,3,3,14,6,17,9,0,level,0
AF032060826,SHARK,ROMAN,17,14,14,8,31,22,3,3-4,0
AF032061026,SHURIKEN,NIRVANA,7,14,7,3,14,17,-7,5-7,0
AF032070526,LAZARUS,OVERDRIVE,7,3,7,7,14,10,4,3-4,2
AF032070726,ENFORCER,MAVERICK,0,0,7,10,7,10,0,level,2
AF032070926,MIRAGE,SCHOLAR,14,6,7,0,21,6,8,8-10,0
AF032080626,MERLIN,SHURIKEN,24,7,3,7,27,14,17,15+,0
AF032080726,SCHOLAR,ENFORCER,10,0,6,7,16,7,10,8-10,0
AF032080826,NIGHTMARE,HEADHUNTER,7,0,3,7,10,7,7,5-7,0
AF032080926,MERCENARY,PINNACLE,17,7,7,15,24,22,10,8-10,0
AF032090626,PRISMATIC,TOMBSTONE,0,0,3,0,3,0,0,level,0
AF032090726,MIRAGE,PRISMATIC,10,14,7,0,17,14,-4,3-4,1
AF032090826,MIRAGE,MAVERICK,7,10,10,10,17,20,-3,3-4,0
AF032090926,ROMAN,ROCKET,14,7,14,7,28,14,7,5-7,0
AF032100626,MERCURY,CLOCKWORK,10,7,7,7,17,14,3,3-4,2
AF032100726,MIRAGE,PRISMATIC,0,14,14,14,14,28,-14,11-14,0
AF032100826,SCHOLAR,MIRAGE,0,14,10,7,10,21,-14,11-14,0
AF032100926,MERCURY,ORIGINAL,3,14,8,7,11,21,-11,11-14,0
AF032110626,SCHOLAR,REGRET,3,10,8,3,11,13,-7,5-7,2
AF032110726,MONSTER,IMPERIAL,7,7,10,8,17,15,0,level,2
AF032110826,MERCURY,MISSILE,10,14,7,7,17,21,-4,3-4,2
AF032110926,PURSUIT,MISSILE,7,6,7,7,14,13,1,1-2,2
AF032120626,TOMBSTONE,DREAD,21,7,14,0,35,7,14,11-14,0
AF032120826,MERCENARY,CLASH,13,14,9,0,22,14,-1,1-2,1
AF032120926,RICOCHET,MINDFLAYER,3,7,7,0,10,7,-4,3-4,1
AF032130626,LEO,LAZARUS,21,7,7,0,28,7,14,11-14,0
AF032130726,RICOCHET,MISSILE,7,10,3,7,10,17,-3,3-4,0
AF032130826,ORIGINAL,SCHOLAR,10,7,7,7,17,14,3,3-4,0
AF032130926,SPARK,MIRAGE,7,13,10,0,17,13,-6,5-7,1
AF032140626,DREAD,MIRAGE,7,10,0,14,7,24,-3,3-4,0
AF032140726,MIRAGE,ENFORCER,10,10,0,3,10,13,0,level,0
AF032140826,DREAD,CLOCKWORK,14,3,10,3,24,6,11,11-14,0
AF032140926,MERCURY,RICOCHET,14,3,7,6,21,9,11,11-14,0
AF032150626,SPARK,SHURIKEN,0,10,16,7,16,17,-10,8-10,0
AF032150926,SCHOLAR,SPARK,0,10,7,0,7,10,-10,8-10,0
AF032160626,ENFORCER,SHURIKEN,7,10,7,7,14,17,-3,3-4,2
AF032160726,ORIGINAL,MIRAGE,0,14,0,3,0,17,-14,11-14,0
AF032160826,PSYCHIC,VALIANT,0,3,0,9,0,12,-3,3-4,0
AF032160926,KILLJOY,NIGHTMARE,7,6,7,17,14,23,1,1-2,1
AF032170626,PRISMATIC,MERCURY,21,0,14,0,35,0,21,15+,0
AF032170726,DREAD,CLOCKWORK,21,7,7,7,28,14,14,11-14,0
AF032170826,HEADHUNTER,NIGHTMARE,21,21,8,7,29,28,0,level,1
AF032170926,ENFORCER,MERCURY,6,7,0,13,6,20,-1,1-2,0
AF032180526,FUSE,NIGHTMARE,0,10,14,9,14,19,-10,8-10,0
AF032180626,ENFORCER,STEEL,10,7,14,14,24,21,3,3-4,2
AF032180726,STEEL,PRISMATIC,21,7,14,14,35,21,14,11-14,0
AF032180826,DREAD,STEEL,17,14,14,14,31,28,3,3-4,4
AF032180926,RICOCHET,CLOCKWORK,7,14,7,3,14,17,-7,5-7,0
AF032190826,MIRAGE,ORIGINAL,0,14,7,3,7,17,-14,11-14,0
AF032200526,REGRET,SPARK,10,7,0,7,10,14,3,3-4,1
AF032200726,PRISMATIC,ENFORCER,7,9,7,1,14,10,-2,1-2,1
AF032200826,MERCURY,STEEL,7,14,7,7,14,21,-7,5-7,0
AF032200926,SHURIKEN,MAVERICK,28,13,10,6,38,19,15,15+,0
AF032210726,PRISMATIC,MERCURY,7,7,10,7,17,14,0,level,0
AF032210826,MERCURY,CLOCKWORK,7,7,7,10,14,17,0,level,0
AF032210926,ORIGINAL,ENFORCER,10,7,7,0,17,7,3,3-4,0
AF032220626,MERLIN,KILLJOY,14,14,15,14,29,28,0,level,1
AF032220726,NIRVANA,SPARK,7,14,15,7,22,21,-7,5-7,1
AF032220826,PRISMATIC,MAVERICK,7,7,3,0,10,7,0,level,0
AF032220926,SPARK,NIRVANA,7,14,7,3,14,17,-7,5-7,0
AF032230726,ENFORCER,ORIGINAL,7,10,0,10,7,20,-3,3-4,0
AF032230826,RICOCHET,MIRAGE,10,7,7,14,17,21,3,3-4,3
AF032230926,ENFORCER,ORIGINAL,3,0,0,21,3,21,3,3-4,1
AF032240626,MERCURY,CLOCKWORK,7,0,7,15,14,15,7,5-7,1
AF032240726,RICOCHET,MISSILE,3,21,0,7,3,28,-18,15+,0
AF032240826,MERCURY,SHURIKEN,7,10,7,6,14,16,-3,3-4,2
AF032240926,ORIGINAL,MERCURY,17,0,7,0,24,0,17,15+,0
AF032250526,ENFORCER,SPARK,3,7,8,7,11,14,-4,3-4,0
AF032250726,ORIGINAL,SCHOLAR,3,14,13,14,16,28,-11,11-14,0
AF032250826,PRISMATIC,SPARK,14,0,14,17,28,17,14,11-14,0
AF032250926,MERCURY,MINDFLAYER,7,14,14,6,21,20,-7,5-7,1
AF032260526,MINDFLAYER,ENFORCER,21,7,10,0,31,7,14,11-14,0
AF032260626,SAGE,LAZARUS,3,7,6,3,9,10,-4,3-4,0
AF032260726,TOMBSTONE,MIRAGE,7,3,0,14,7,17,4,3-4,1
AF032260826,ENFORCER,RICOCHET,7,10,14,0,21,10,-3,3-4,1
AF032260926,MAVERICK,SPARK,7,7,14,7,21,14,0,level,0
AF032270426,GADGET,SABRE,7,14,6,7,13,21,-7,5-7,0
AF032270526,ENFORCER,NIRVANA,0,3,0,7,0,10,-3,3-4,0
AF032270626,MERCURY,PRISMATIC,21,7,0,6,21,13,14,11-14,0
AF032270726,VALIANT,OCTANE,7,3,0,0,7,3,4,3-4,0
AF032270826,SPARK,SCHOLAR,0,10,7,10,7,20,-10,8-10,0
AF032270926,SHURIKEN,NIRVANA,14,3,0,0,14,3,11,11-14,0
AF032280426,SHROUD,OVERDRIVE,6,21,6,7,12,28,-15,15+,0
AF032280526,ENFORCER,STEEL,21,7,3,14,24,21,14,11-14,0
AF032280626,DREAD,MIRAGE,7,14,0,7,7,21,-7,5-7,0
AF032280726,MERCURY,MINDFLAYER,10,0,8,14,18,14,10,8-10,2
AF032280826,CLOCKWORK,MERCURY,7,14,0,7,7,21,-7,5-7,0
AF032280926,LIZARD,GADGET,10,13,16,7,26,20,-3,3-4,3
AF032290426,NIRVANA,ENFORCER,0,6,0,3,0,9,-6,5-7,0
AF032290526,ROCKET,SAGE,3,3,0,7,3,10,0,level,0
AF032290626,ENFORCER,SCHOLAR,6,14,6,0,12,14,-8,8-10,0
AF032290726,PURSUIT,SPARK,10,14,14,7,24,21,-4,3-4,1
AF032290826,STEEL,MINDFLAYER,7,10,7,14,14,24,-3,3-4,0
AF032290926,ORIGINAL,MERCURY,7,14,20,14,27,28,-7,5-7,0
AF032300526,JUDGEMENT,LEO,10,14,0,0,10,14,-4,3-4,0
AF032300626,REGRET,PURSUIT,24,24,3,6,27,30,0,level,0
AF032300726,RICOCHET,DREAD,10,14,8,14,18,28,-4,3-4,0
AF032300826,ORIGINAL,STEEL,21,7,14,7,35,14,14,11-14,0
AF032300926,RICOCHET,ORIGINAL,3,7,6,10,9,17,-4,3-4,0
AF032310526,LEO,OFFICER,7,7,8,7,15,14,0,level,1
AF032310726,MISSILE,CLOCKWORK,7,0,3,7,10,7,7,5-7,0
AF032310826,RICOCHET,ENFORCER,6,14,0,7,6,21,-8,8-10,0
AF033010526,HEADHUNTER,REGRET,14,14,14,7,28,21,0,level,0
AF033010626,FUSE,FENRIR,10,7,7,7,17,14,3,3-4,0
AF033010726,KILLJOY,MERLIN,7,7,14,0,21,7,0,level,0
AF033010826,HEADHUNTER,REGRET,10,9,10,8,20,17,1,1-2,0
AF033011026,NIGHTMARE,FUSE,10,14,14,14,24,28,-4,3-4,4
AF033020526,OVERDRIVE,JUDGEMENT,24,14,7,7,31,21,10,8-10,0
AF033020626,MONSTER,ROCKET,14,14,3,7,17,21,0,level,1
AF033020726,HEADHUNTER,REGRET,28,14,3,14,31,28,14,11-14,0
AF033020826,FENRIR,MERLIN,17,7,0,7,17,14,10,8-10,0
AF033020926,NIGHTMARE,GADGET,17,7,7,0,24,7,10,8-10,0
AF033021026,NIRVANA,MISSILE,7,10,7,7,14,17,-3,3-4,2
AF033030626,FUSE,KILLJOY,10,3,7,0,17,3,7,5-7,0
AF033030726,ROCKET,CRYSTAL,7,6,7,0,14,6,1,1-2,0
AF033030826,PRISMATIC,MIRAGE,21,14,3,7,24,21,7,5-7,0
AF033030926,HURRICANE,PSYCHIC,21,7,0,15,21,22,14,11-14,1
AF033031026,FUSE,NIGHTMARE,7,7,14,0,21,7,0,level,0
AF033040526,GADGET,AVATAR,13,17,16,14,29,31,-4,3-4,0
AF033040626,FUSE,MERCENARY,14,0,7,10,21,10,14,11-14,0
AF033040726,FENRIR,NIGHTMARE,17,21,7,3,24,24,-4,3-4,0
AF033040826,FUSE,MERLIN,14,7,14,0,28,7,7,5-7,0
AF033040926,FUSE,MERLIN,7,14,14,10,21,24,-7,5-7,0
AF033041026,HEADHUNTER,LIZARD,7,14,21,20,28,34,-7,5-7,2
AF033050626,REGRET,NIRVANA,7,7,21,12,28,19,0,level,0
AF033050726,MAVERICK,NIRVANA,8,7,14,17,22,24,1,1-2,5
AF033050826,NIGHTMARE,LIZARD,7,3,9,14,16,17,4,3-4,1
AF033050926,HEADHUNTER,REGRET,13,7,21,3,34,10,6,5-7,0
AF033051026,NIGHTMARE,FUSE,14,0,3,21,17,21,14,11-14,1
AF033060626,LEGEND,AVATAR,7,7,10,7,17,14,0,level,1
AF033060726,KILLJOY,MERLIN,21,21,10,7,31,28,0,level,0
AF033060826,ROMAN,DON,7,7,14,15,21,22,0,level,1
AF033061026,FENRIR,KILLJOY,7,3,6,14,13,17,4,3-4,1
AF033070526,OVERDRIVE,KEVLAR,3,14,8,0,11,14,-11,11-14,0
AF033070626,NIGHTMARE,HEADHUNTER,14,7,7,7,21,14,7,5-7,0
AF033070726,MERLIN,LIZARD,14,7,10,14,24,21,7,5-7,0
AF033070826,SAGE,LUNA,10,0,17,14,27,14,10,8-10,0
AF033070926,KILLJOY,MERLIN,9,14,15,9,24,23,-5,5-7,1
AF033080626,KILLJOY,FENRIR,21,7,3,6,24,13,14,11-14,0
AF033080826,FENRIR,MERLIN,7,3,3,16,10,19,4,3-4,1
AF033080926,SENTRY,MERCENARY,0,10,10,3,10,13,-10,8-10,0
AF033090626,HEADHUNTER,SABRE,14,10,10,0,24,10,4,3-4,0
AF033090726,LIZARD,HEADHUNTER,7,14,14,0,21,14,-7,5-7,1
AF033090826,FENRIR,FUSE,14,10,10,7,24,17,4,3-4,2
AF033090926,KATANA,ROMAN,7,0,17,8,24,8,7,5-7,0
AF033100626,SABRE,SPARK,14,14,7,6,21,20,0,level,0
AF033100726,FENRIR,MERLIN,14,14,14,0,28,14,0,level,0
AF033100826,FENRIR,FUSE,17,7,9,21,26,28,10,8-10,1
AF033100926,HEADHUNTER,LIZARD,7,7,21,22,28,29,0,level,1
AF033110626,FENRIR,FUSE,7,14,0,10,7,24,-7,5-7,0
AF033110726,IMPERIAL,CRYSTAL,21,21,8,10,29,31,0,level,2
AF033110826,SHURIKEN,SPARK,14,7,7,13,21,20,7,5-7,0
AF033110926,RICOCHET,MERCURY,9,3,3,7,12,10,6,5-7,2
AF033120626,SHURIKEN,REGRET,7,10,10,0,17,10,-3,3-4,1
AF033120726,PRISMATIC,MINDFLAYER,14,7,7,15,21,22,7,5-7,1
AF033120826,CLASH,MERCENARY,3,3,6,14,9,17,0,level,0
AF033130626,LAZARUS,LEO,7,7,7,0,14,7,0,level,0
AF033130726,FUSE,HEADHUNTER,13,0,6,14,19,14,13,11-14,0
AF033130826,REGRET,SPARK,7,14,0,3,7,17,-7,5-7,0
AF033130926,FENRIR,LIZARD,7,14,7,14,14,28,-7,5-7,0
AF033140626,MINDFLAYER,ORIGINAL,7,7,7,10,14,17,0,level,1
AF033140726,MAVERICK,SCHOLAR,7,14,7,14,14,28,-7,5-7,0
AF033140826,KILLJOY,MERLIN,7,7,10,7,17,14,0,level,0
AF033140926,SCHOLAR,SPARK,7,3,7,7,14,10,4,3-4,2
AF033150626,MERLIN,NIGHTMARE,7,14,7,7,14,21,-7,5-7,0
AF033150726,KILLJOY,NIGHTMARE,7,7,7,0,14,7,0,level,0
AF033150926,MIRAGE,SHURIKEN,14,14,28,29,42,43,0,level,3
AF033160626,GADGET,FUSE,17,7,7,10,24,17,10,8-10,0
AF033160726,GADGET,REGRET,10,10,7,14,17,24,0,level,0
AF033160926,SHURIKEN,NIRVANA,3,7,10,3,13,10,-4,3-4,1
AF033170626,KILLJOY,FENRIR,17,7,3,7,20,14,10,8-10,0
AF033170826,PURSUIT,SCHOLAR,14,21,7,10,21,31,-7,5-7,0
AF033170926,GADGET,REGRET,7,10,7,10,14,20,-3,3-4,0
AF033180526,SPARK,MINDFLAYER,0,3,0,14,0,17,-3,3-4,0
AF033180626,SCHOLAR,ORIGINAL,17,0,3,14,20,14,17,15+,0
AF033180726,MERLIN,FENRIR,17,14,14,14,31,28,3,3-4,2
AF033180826,FENRIR,MERLIN,14,3,3,9,17,12,11,11-14,0
AF033180926,FUSE,FENRIR,14,14,14,7,28,21,0,level,0
AF033190526,HEADHUNTER,SHURIKEN,14,0,7,10,21,10,14,11-14,0
AF033190726,FENRIR,NIGHTMARE,14,7,10,14,24,21,7,5-7,0
AF033190926,KILLJOY,FENRIR,10,0,3,0,13,0,10,8-10,0
AF033200526,KILLJOY,FUSE,9,0,10,14,19,14,9,8-10,0
AF033200726,SHURIKEN,GADGET,10,0,7,14,17,14,10,8-10,0
AF033200826,LIZARD,GADGET,21,7,7,10,28,17,14,11-14,0
AF033200926,FENRIR,LIZARD,14,10,20,7,34,17,4,3-4,0
AF033210726,MERLIN,KILLJOY,0,10,14,10,14,20,-10,8-10,0
AF033210826,PRISMATIC,SCHOLAR,7,17,14,14,21,31,-10,8-10,0
AF033210926,HEADHUNTER,FENRIR,7,14,0,7,7,21,-7,5-7,0
AF033220626,REGRET,GADGET,7,14,14,8,21,22,-7,5-7,2
AF033220726,KILLJOY,FUSE,3,13,13,0,16,13,-10,8-10,1
AF033220826,MERLIN,FENRIR,10,10,0,10,10,20,0,level,0
AF033220926,FUSE,FENRIR,14,17,14,18,28,35,-3,3-4,2
AF033230626,SHURIKEN,REGRET,7,7,0,7,7,14,0,level,0
AF033230726,SHURIKEN,REGRET,7,21,0,6,7,27,-14,11-14,0
AF033230826,FENRIR,NIGHTMARE,28,7,7,14,35,21,21,15+,0
AF033230926,MAVERICK,SCHOLAR,8,14,8,15,16,29,-6,5-7,0
AF033240726,PRISMATIC,MINDFLAYER,0,7,13,7,13,14,-7,5-7,0
AF033240826,MERLIN,FENRIR,10,14,13,7,23,21,-4,3-4,3
AF033250526,FENRIR,GADGET,7,17,8,7,15,24,-10,8-10,0
AF033250626,FENRIR,FUSE,7,7,14,17,21,24,0,level,2
AF033250726,MERLIN,FENRIR,14,14,22,15,36,29,0,level,2
AF033250826,MERLIN,FUSE,3,7,14,7,17,14,-4,3-4,3
AF033250926,MAVERICK,NIRVANA,21,10,7,6,28,16,11,11-14,0
AF033260526,REGRET,PURSUIT,7,10,14,7,21,17,-3,3-4,3
AF033260626,LAZARUS,SAGE,7,7,0,3,7,10,0,level,0
AF033260726,FENRIR,LIZARD,0,14,7,3,7,17,-14,11-14,0
AF033260826,HEADHUNTER,NIGHTMARE,10,7,14,14,24,21,3,3-4,4
AF033270426,ENFORCER,MAVERICK,14,7,7,7,21,14,7,5-7,0
AF033270526,NIGHTMARE,FENRIR,14,10,16,14,30,24,4,3-4,4
AF033270626,KILLJOY,LIZARD,7,10,7,14,14,24,-3,3-4,0
AF033270726,LAZARUS,RELIC,17,10,10,6,27,16,7,5-7,0
AF033270926,FUSE,LIZARD,3,6,3,3,6,9,-3,3-4,0
AF033280426,OVERDRIVE,SPLINTER,7,14,14,0,21,14,-7,5-7,1
AF033280526,FUSE,MERCENARY,17,3,7,7,24,10,14,11-14,0
AF033280626,MAVERICK,NIRVANA,7,0,0,21,7,21,7,5-7,1
AF033280726,PRISMATIC,MAVERICK,21,7,3,15,24,22,14,11-14,0
AF033280826,SCHOLAR,PURSUIT,21,10,3,7,24,17,11,11-14,0
AF033280926,MERLIN,FUSE,10,7,7,7,17,14,3,3-4,2
AF033290426,REGRET,NIGHTMARE,3,28,14,10,17,38,-25,15+,0
AF033290526,SAGE,LUNA,0,14,6,0,6,14,-14,11-14,0
AF033290626,FUSE,HEADHUNTER,7,14,10,0,17,14,-7,5-7,1
AF033290726,KILLJOY,LIZARD,3,0,3,0,6,0,3,3-4,0
AF033290826,HEADHUNTER,FUSE,7,21,13,7,20,28,-14,11-14,0
AF033290926,LIZARD,FENRIR,19,14,14,14,33,28,5,5-7,0
AF033300426,MERCENARY,AVATAR,10,14,14,7,24,21,-4,3-4,3
AF033300526,HERMES,MEMENTO,7,14,13,15,20,29,-7,5-7,0
AF033300626,MERCURY,RICOCHET,17,7,7,0,24,7,10,8-10,0
AF033300726,HEADHUNTER,REGRET,14,10,0,7,14,17,4,3-4,1
AF033300826,NIGHTMARE,LIZARD,7,10,10,10,17,20,-3,3-4,0
AF033300926,MAVERICK,SPARK,7,14,0,10,7,24,-7,5-7,0
AF033310526,OFFICER,LEO,14,7,0,14,14,21,7,5-7,1
AF033310726,MERLIN,FUSE,28,7,7,7,35,14,21,15+,0
AF033310826,FENRIR,FUSE,14,3,17,23,31,26,11,11-14,0
AF034010526,MINDFLAYER,TOMBSTONE,10,0,7,7,17,7,10,8-10,0
AF034010626,RICOCHET,ENFORCER,6,3,7,7,13,10,3,3-4,2
AF034010726,CLOCKWORK,MINDFLAYER,14,7,7,21,21,28,7,5-7,1
AF034010826,SHURIKEN,MAVERICK,10,7,14,14,24,21,3,3-4,0
AF034010926,ENFORCER,MERCURY,0,7,7,7,7,14,-7,5-7,0
AF034011026,MINDFLAYER,ENFORCER,7,7,7,14,14,21,0,level,1
AF034020526,MEMENTO,OVERDRIVE,14,7,21,30,35,37,7,5-7,5
AF034020626,PRECISION,PATHFINDER,14,21,10,0,24,21,-7,5-7,1
AF034020826,MINDFLAYER,NIRVANA,3,0,7,7,10,7,3,3-4,0
AF034020926,DREAD,STEEL,7,21,6,7,13,28,-14,11-14,0
AF034021026,DON,CLOCKWORK,7,7,10,6,17,13,0,level,0
AF034030526,TOMBSTONE,SCHOLAR,0,10,14,7,14,17,-10,8-10,0
AF034030626,ENFORCER,SPARK,7,17,0,10,7,27,-10,8-10,0
AF034030726,SAGE,ROCKET,0,7,7,3,7,10,-7,5-7,0
AF034030826,DREAD,ORIGINAL,7,6,7,3,14,9,1,1-2,2
AF034030926,MONSTER,UNICORN,17,7,0,7,17,14,10,8-10,0
AF034031026,MISSILE,NIRVANA,14,14,7,6,21,20,0,level,0
AF034040526,SCHOLAR,SHURIKEN,0,10,6,14,6,24,-10,8-10,0
AF034040626,SCHOLAR,ORIGINAL,14,7,7,3,21,10,7,5-7,0
AF034040826,MERCURY,MIRAGE,10,0,14,14,24,14,10,8-10,0
AF034040926,RICOCHET,MINDFLAYER,14,3,7,15,21,18,11,11-14,0
AF034041026,SHURIKEN,NIRVANA,7,3,7,8,14,11,4,3-4,0
AF034050626,PRISMATIC,MERCURY,7,17,7,14,14,31,-10,8-10,0
AF034050726,TOMBSTONE,PRISMATIC,7,10,14,6,21,16,-3,3-4,1
AF034050826,TOMBSTONE,RICOCHET,0,7,21,15,21,22,-7,5-7,2
AF034050926,SHURIKEN,PURSUIT,10,0,0,7,10,7,10,8-10,0
AF034051026,MINDFLAYER,ENFORCER,14,14,10,7,24,21,0,level,0
AF034060726,PRISMATIC,MIRAGE,7,7,10,7,17,14,0,level,0
AF034060826,SHARK,DON,7,3,0,3,7,6,4,3-4,0
AF034060926,KRAKEN,LUNA,10,7,7,14,17,21,3,3-4,1
AF034061026,SCHOLAR,MAVERICK,3,14,15,7,18,21,-11,11-14,0
AF034070526,LAZARUS,KEVLAR,14,14,6,7,20,21,0,level,0
AF034070626,PRISMATIC,ORIGINAL,14,0,14,7,28,7,14,11-14,0
AF034070726,SPARK,SCHOLAR,7,7,7,0,14,7,0,level,0
AF034070826,HERMES,SAGE,7,7,7,6,14,13,0,level,1
AF034070926,PRISMATIC,PURSUIT,14,14,0,7,14,21,0,level,0
AF034080626,GADGET,SPARK,0,7,17,7,17,14,-7,5-7,1
AF034080726,STEEL,PRISMATIC,3,17,0,14,3,31,-14,11-14,0
AF034080826,LIZARD,GADGET,17,21,3,7,20,28,-4,3-4,0
AF034080926,KEVLAR,MERCENARY,17,14,7,14,24,28,3,3-4,3
AF034090626,RICOCHET,ORIGINAL,7,14,0,3,7,17,-7,5-7,0
AF034090726,TOMBSTONE,STEEL,14,10,7,14,21,24,4,3-4,3
AF034090826,SHURIKEN,NIRVANA,14,7,3,7,17,14,7,5-7,0
AF034090926,SAGE,ROMAN,10,10,3,0,13,10,0,level,0
AF034100626,MAVERICK,MINDFLAYER,14,0,6,7,20,7,14,11-14,0
AF034100726,ORIGINAL,SCHOLAR,0,13,7,7,7,20,-13,11-14,0
AF034100826,MIRAGE,MAVERICK,14,9,13,0,27,9,5,5-7,0
AF034100926,MINDFLAYER,STEEL,7,7,0,7,7,14,0,level,0
AF034110626,SPARK,GADGET,3,7,7,6,10,13,-4,3-4,0
AF034110826,DREAD,ORIGINAL,0,3,7,7,7,10,-3,3-4,2
AF034110926,MISSILE,SCHOLAR,7,17,13,0,20,17,-10,8-10,1
AF034120626,ORIGINAL,CLOCKWORK,7,3,0,17,7,20,4,3-4,1
AF034120726,TOMBSTONE,ORIGINAL,3,0,0,14,3,14,3,3-4,1
AF034120826,MERCENARY,LEGEND,20,14,13,7,33,21,6,5-7,0
AF034120926,DREAD,MINDFLAYER,0,7,7,3,7,10,-7,5-7,0
AF034130726,MERCURY,DREAD,7,7,17,12,24,19,0,level,2
AF034130826,STEEL,MINDFLAYER,17,10,24,30,41,40,7,5-7,0
AF034130926,SPARK,SHURIKEN,14,10,7,8,21,18,4,3-4,0
AF034140626,TOMBSTONE,MISSILE,21,7,10,0,31,7,14,11-14,0
AF034140726,STEEL,TOMBSTONE,10,14,16,14,26,28,-4,3-4,0
AF034140826,RICOCHET,MERCURY,7,7,10,14,17,21,0,level,3
AF034140926,ENFORCER,DREAD,7,7,14,8,21,15,0,level,0
AF034150626,MERCURY,PURSUIT,14,10,16,14,30,24,4,3-4,2
AF034150726,REGRET,MINDFLAYER,7,0,13,14,20,14,7,5-7,0
AF034150926,PURSUIT,SPARK,14,7,10,7,24,14,7,5-7,0
AF034160626,SCHOLAR,SPARK,0,7,14,10,14,17,-7,5-7,0
AF034160726,MERCURY,PRISMATIC,14,7,0,14,14,21,7,5-7,1
AF034160826,PSYCHIC,PHOENIX,3,0,7,7,10,7,3,3-4,0
AF034160926,KILLJOY,MERLIN,7,10,7,6,14,16,-3,3-4,2
AF034170626,CLOCKWORK,TOMBSTONE,10,0,3,7,13,7,10,8-10,0
AF034170826,GADGET,NIGHTMARE,0,10,14,13,14,23,-10,8-10,0
AF034170926,MINDFLAYER,MERCURY,7,0,0,10,7,10,7,5-7,1
AF034180526,KILLJOY,NIGHTMARE,10,0,10,17,20,17,10,8-10,0
AF034180626,DREAD,MISSILE,14,0,7,22,21,22,14,11-14,1
AF034180726,ORIGINAL,SCHOLAR,0,14,7,0,7,14,-14,11-14,0
AF034180826,ENFORCER,MERCURY,3,7,14,14,17,21,-4,3-4,4
AF034180926,ENFORCER,CLOCKWORK,0,10,13,14,13,24,-10,8-10,0
AF034190526,MAVERICK,RICOCHET,7,0,7,16,14,16,7,5-7,1
AF034190726,MAVERICK,NIRVANA,7,14,14,9,21,23,-7,5-7,2
AF034190826,STEEL,ENFORCER,14,10,7,6,21,16,4,3-4,2
AF034190926,STEEL,ORIGINAL,0,14,7,3,7,17,-14,11-14,0
AF034200726,PRISMATIC,STEEL,14,14,10,7,24,21,0,level,1
AF034200926,NIRVANA,SPARK,7,0,3,7,10,7,7,5-7,0
AF034210726,MINDFLAYER,SCHOLAR,3,14,23,14,26,28,-11,11-14,0
AF034210826,ORIGINAL,DREAD,7,7,6,0,13,7,0,level,0
AF034210926,MERCURY,ENFORCER,3,3,7,0,10,3,0,level,0
AF034220626,NIGHTMARE,KILLJOY,7,14,3,7,10,21,-7,5-7,0
AF034220726,REGRET,PURSUIT,14,6,7,0,21,6,8,8-10,0
AF034220826,SHURIKEN,SCHOLAR,17,7,14,8,31,15,10,8-10,0
AF034220926,SHURIKEN,NIRVANA,7,3,7,0,14,3,4,3-4,0
AF034230626,MIRAGE,ENFORCER,24,7,7,22,31,29,17,15+,0
AF034230726,RICOCHET,STEEL,7,21,0,10,7,31,-14,11-14,0
AF034230826,MISSILE,PURSUIT,17,7,7,7,24,14,10,8-10,0
AF034230926,MINDFLAYER,MERCURY,7,17,13,14,20,31,-10,8-10,0
AF034240626,ENFORCER,SPARK,0,7,8,10,8,17,-7,5-7,0
AF034240826,MINDFLAYER,MIRAGE,7,5,0,7,7,12,2,1-2,1
AF034240926,MINDFLAYER,MERCURY,10,7,7,0,17,7,3,3-4,0
AF034250526,PRISMATIC,SHURIKEN,7,21,7,14,14,35,-14,11-14,0
AF034250826,MAVERICK,SCHOLAR,17,0,14,13,31,13,17,15+,0
AF034250926,ORIGINAL,MINDFLAYER,0,3,7,7,7,10,-3,3-4,0
AF034260526,SCHOLAR,MAVERICK,3,0,0,14,3,14,3,3-4,1
AF034260626,SAGE,KRAKEN,0,17,3,10,3,27,-17,15+,0
AF034260726,PRISMATIC,MINDFLAYER,14,3,14,7,28,10,11,11-14,0
AF034260826,DREAD,CLOCKWORK,10,7,7,14,17,21,3,3-4,3
AF034260926,SHURIKEN,SPARK,3,7,14,7,17,14,-4,3-4,1
AF034270426,REGRET,AVATAR,17,21,14,14,31,35,-4,3-4,4
AF034270526,RICOCHET,SHURIKEN,10,10,10,7,20,17,0,level,0
AF034270626,TOMBSTONE,MIRAGE,14,14,0,3,14,17,0,level,0
AF034270726,OCTANE,VALIANT,14,14,10,0,24,14,0,level,0
AF034270826,PRISMATIC,SHURIKEN,14,14,7,8,21,22,0,level,1
AF034270926,MISSILE,NIRVANA,10,21,0,7,10,28,-11,11-14,0
AF034280426,SHROUD,SPLINTER,10,7,7,0,17,7,3,3-4,0
AF034280526,TOMBSTONE,MINDFLAYER,14,7,14,15,28,22,7,5-7,0
AF034280626,TOMBSTONE,MISSILE,14,0,6,7,20,7,14,11-14,0
AF034280726,ENFORCER,STEEL,10,0,0,0,10,0,10,8-10,0
AF034280826,RICOCHET,MIRAGE,6,24,13,7,19,31,-18,15+,0
AF034280926,HEADHUNTER,REGRET,21,7,14,7,35,14,14,11-14,0
AF034290426,PRISMATIC,SHURIKEN,7,7,0,7,7,14,0,level,0
AF034290526,ROCKET,LUNA,0,13,0,6,0,19,-13,11-14,0
AF034290626,MERCURY,SPARK,7,7,7,10,14,17,0,level,0
AF034290726,SHURIKEN,HEADHUNTER,3,7,7,14,10,21,-4,3-4,0
AF034290826,MISSILE,MERCURY,14,7,14,6,28,13,7,5-7,0
AF034300426,STEEL,MINDFLAYER,21,7,7,11,28,18,14,11-14,0
AF034300526,ASTRONAUT,JUDGEMENT,7,7,0,21,7,28,0,level,0
AF034300626,PURSUIT,GADGET,7,7,7,0,14,7,0,level,0
AF034300726,ORIGINAL,MISSILE,14,14,10,7,24,21,0,level,2
AF034300826,MISSILE,SHURIKEN,7,14,0,7,7,21,-7,5-7,0
AF034300926,ENFORCER,ORIGINAL,28,14,7,7,35,21,14,11-14,0
AF034310526,LEO,PRECISION,7,7,7,3,14,10,0,level,1
AF034310726,RICOCHET,MERCURY,10,7,10,10,20,17,3,3-4,2
AF034310826,DREAD,MIRAGE,14,0,7,7,21,7,14,11-14,0
AF035010526,REGRET,AVATAR,7,7,10,17,17,24,0,level,1
AF035010626,FENRIR,NIGHTMARE,14,14,13,17,27,31,0,level,0
AF035010726,MERLIN,LIZARD,7,7,7,10,14,17,0,level,2
AF035010826,REGRET,PRISMATIC,14,7,7,3,21,10,7,5-7,0
AF035010926,SPARK,MINDFLAYER,21,7,10,9,31,16,14,11-14,0
AF035011026,NIGHTMARE,FENRIR,28,14,0,8,28,22,14,11-14,0
AF035020526,OVERDRIVE,MEMENTO,15,13,14,14,29,27,2,1-2,2
AF035020626,VALIANT,ROCKET,10,0,7,0,17,0,10,8-10,0
AF035020826,MERLIN,NIGHTMARE,0,3,17,11,17,14,-3,3-4,1
AF035020926,GADGET,MERLIN,10,7,3,0,13,7,3,3-4,0
AF035021026,NIRVANA,SHURIKEN,17,7,7,14,24,21,10,8-10,0
AF035030526,NIGHTMARE,HEADHUNTER,21,14,7,10,28,24,7,5-7,2
AF035030626,FENRIR,NIGHTMARE,7,0,14,14,21,14,7,5-7,0
AF035030726,ROCKET,SAGE,14,14,0,3,14,17,0,level,0
AF035030826,MIRAGE,PURSUIT,10,14,7,0,17,14,-4,3-4,1
AF035030926,MONSTER,ROMAN,7,14,8,7,15,21,-7,5-7,0
AF035031026,FUSE,FENRIR,17,3,8,16,25,19,14,11-14,0
AF035040526,AVATAR,FENRIR,7,7,13,24,20,31,0,level,0
AF035040626,MERCENARY,GADGET,10,7,7,7,17,14,3,3-4,0
AF035040726,NIGHTMARE,HEADHUNTER,14,0,3,6,17,6,14,11-14,0
AF035040826,MERLIN,KILLJOY,14,14,0,7,14,21,0,level,0
AF035040926,MERLIN,FENRIR,28,14,3,15,31,29,14,11-14,2
AF035041026,HEADHUNTER,NIGHTMARE,7,10,0,9,7,19,-3,3-4,0
AF035050626,NIRVANA,SHURIKEN,10,10,21,14,31,24,0,level,2
AF035050726,NIRVANA,SPARK,11,0,7,7,18,7,11,11-14,0
AF035050826,LIZARD,MERLIN,7,14,7,3,14,17,-7,5-7,0
AF035050926,REGRET,LIZARD,10,14,0,7,10,21,-4,3-4,0
AF035051026,KILLJOY,MERLIN,10,0,14,9,24,9,10,8-10,0
AF035060626,FENRIR,NIGHTMARE,10,24,6,7,16,31,-14,11-14,0
AF035060726,MERLIN,FUSE,7,14,13,14,20,28,-7,5-7,0
AF035060826,ROMAN,SHARK,0,14,8,3,8,17,-14,11-14,0
AF035060926,REGRET,NIGHTMARE,7,7,10,7,17,14,0,level,0
AF035061026,FENRIR,MERLIN,21,3,0,3,21,6,18,15+,0
AF035070626,HEADHUNTER,FENRIR,7,14,14,10,21,24,-7,5-7,0
AF035070726,LIZARD,REGRET,7,0,14,0,21,0,7,5-7,0
AF035070826,SAGE,HERMES,3,7,7,6,10,13,-4,3-4,0
AF035070926,MERLIN,NIGHTMARE,7,7,0,7,7,14,0,level,0
AF035080626,FENRIR,LIZARD,21,14,0,14,21,28,7,5-7,1
AF035080726,LIZARD,KILLJOY,7,10,7,7,14,17,-3,3-4,2
AF035080826,MERLIN,KILLJOY,7,7,14,17,21,24,0,level,0
AF035080926,PINNACLE,MERCENARY,7,17,0,7,7,24,-10,8-10,0
AF035090626,SABRE,GADGET,14,3,16,0,30,3,11,11-14,0
AF035090726,HEADHUNTER,MERLIN,10,7,17,10,27,17,3,3-4,0
AF035090826,FUSE,HEADHUNTER,6,14,15,10,21,24,-8,8-10,0
AF035090926,ROCKET,ROMAN,14,14,8,7,22,21,0,level,1
AF035100626,SPARK,REGRET,7,14,13,7,20,21,-7,5-7,0
AF035100726,MERLIN,FUSE,10,10,0,7,10,17,0,level,0
AF035100826,MERLIN,NIGHTMARE,7,14,17,14,24,28,-7,5-7,2
AF035100926,LIZARD,GADGET,10,14,11,14,21,28,-4,3-4,0
AF035110626,FUSE,KILLJOY,3,14,15,7,18,21,-11,11-14,0
AF035110726,MEMENTO,HERMES,17,7,7,14,24,21,10,8-10,0
AF035110826,SPARK,REGRET,14,10,7,7,21,17,4,3-4,2
AF035110926,MERCURY,CLOCKWORK,7,7,7,21,14,28,0,level,2
AF035120626,REGRET,HEADHUNTER,14,0,3,7,17,7,14,11-14,0
AF035120726,MINDFLAYER,MAVERICK,10,7,7,14,17,21,3,3-4,3
AF035120826,LEGEND,CLASH,21,7,7,15,28,22,14,11-14,0
AF035120926,GADGET,REGRET,14,20,7,13,21,33,-6,5-7,0
AF035130626,HERMES,LAZARUS,7,0,0,0,7,0,7,5-7,0
AF035130726,HEADHUNTER,MERLIN,21,21,7,10,28,31,0,level,0
AF035130826,SPARK,MIRAGE,14,7,7,7,21,14,7,5-7,0
AF035130926,NIGHTMARE,HEADHUNTER,0,10,3,7,3,17,-10,8-10,0
AF035140626,ORIGINAL,MERCURY,14,7,7,6,21,13,7,5-7,0
AF035140726,SCHOLAR,REGRET,14,14,14,0,28,14,0,level,0
AF035140826,MERLIN,FUSE,17,10,3,7,20,17,7,5-7,0
AF035140926,MIRAGE,PRISMATIC,7,0,17,15,24,15,7,5-7,0
AF035150626,NIGHTMARE,FENRIR,14,2,0,7,14,9,12,11-14,0
AF035150926,MIRAGE,PRISMATIC,3,21,23,6,26,27,-18,15+,0
AF035160626,FUSE,FENRIR,7,7,7,14,14,21,0,level,0
AF035160726,REGRET,HEADHUNTER,10,7,14,14,24,21,3,3-4,2
AF035160826,PHOENIX,VALIANT,3,0,0,7,3,7,3,3-4,1
AF035160926,SHURIKEN,MIRAGE,3,7,18,10,21,17,-4,3-4,1
AF035170626,FENRIR,NIGHTMARE,7,14,20,10,27,24,-7,5-7,1
AF035170826,SPARK,SCHOLAR,7,10,7,21,14,31,-3,3-4,0
AF035170926,GADGET,LIZARD,14,14,3,0,17,14,0,level,0
AF035180526,ENFORCER,SCHOLAR,14,3,14,22,28,25,11,11-14,0
AF035180626,ORIGINAL,MAVERICK,0,14,0,7,0,21,-14,11-14,0
AF035180726,FENRIR,FUSE,14,14,10,0,24,14,0,level,0
AF035180826,MERLIN,GADGET,13,17,15,7,28,24,-4,3-4,1
AF035180926,FUSE,MERLIN,10,3,17,14,27,17,7,5-7,0
AF035190526,SHURIKEN,SPARK,10,10,8,7,18,17,0,level,1
AF035190726,NIGHTMARE,LIZARD,21,28,10,7,31,35,-7,5-7,2
AF035190826,PRISMATIC,SPARK,3,0,14,0,17,0,3,3-4,0
AF035190926,KILLJOY,HEADHUNTER,7,7,7,3,14,10,0,level,1
AF035200526,FUSE,HEADHUNTER,14,21,15,13,29,34,-7,5-7,0
AF035200726,REGRET,SPARK,7,7,10,7,17,14,0,level,0
AF035200826,GADGET,REGRET,0,10,7,7,7,17,-10,8-10,0
AF035200926,FENRIR,HEADHUNTER,17,10,0,3,17,13,7,5-7,0
AF035210726,KILLJOY,GADGET,7,0,7,6,14,6,7,5-7,0
AF035210826,SCHOLAR,REGRET,7,7,8,14,15,21,0,level,0
AF035210926,HEADHUNTER,REGRET,14,17,14,3,28,20,-3,3-4,1
AF035220626,FUSE,GADGET,10,7,7,7,17,14,3,3-4,2
AF035220726,FUSE,FENRIR,14,10,3,14,17,24,4,3-4,1
AF035220826,FENRIR,GADGET,7,10,14,14,21,24,-3,3-4,4
AF035220926,FUSE,MERLIN,17,7,0,14,17,21,10,8-10,1
AF035230626,SPARK,SCHOLAR,7,10,7,7,14,17,-3,3-4,0
AF035230726,REGRET,GADGET,0,0,14,7,14,7,0,level,0
AF035230926,NIRVANA,SCHOLAR,14,0,10,13,24,13,14,11-14,0
AF035240626,NIGHTMARE,GADGET,7,0,8,14,15,14,7,5-7,2
AF035240726,MINDFLAYER,SHURIKEN,0,10,8,7,8,17,-10,8-10,0
AF035240826,FENRIR,FUSE,14,14,0,7,14,21,0,level,0
AF035250526,GADGET,NIGHTMARE,3,7,0,17,3,24,-4,3-4,0
AF035250626,FUSE,GADGET,21,21,3,0,24,21,0,level,0
AF035250726,LIZARD,HEADHUNTER,10,0,7,12,17,12,10,8-10,0
AF035250826,FUSE,GADGET,7,17,25,14,32,31,-10,8-10,1
AF035250926,MAVERICK,SCHOLAR,7,0,17,15,24,15,7,5-7,0
AF035260526,PURSUIT,SHURIKEN,7,10,6,7,13,17,-3,3-4,2
AF035260626,KRAKEN,LAZARUS,24,21,0,0,24,21,3,3-4,0
AF035260726,LIZARD,NIGHTMARE,14,21,11,10,25,31,-7,5-7,0
AF035260826,NIGHTMARE,LIZARD,7,17,23,14,30,31,-10,8-10,2
AF035270426,SPARK,SHURIKEN,7,7,7,10,14,17,0,level,0
AF035270526,FENRIR,KILLJOY,14,14,7,0,21,14,0,level,0
AF035270626,LIZARD,GADGET,21,10,7,0,28,10,11,11-14,0
AF035270726,OCTANE,LAZARUS,0,14,6,3,6,17,-14,11-14,0
AF035270826,FUSE,GADGET,10,7,21,7,31,14,3,3-4,0
AF035280426,OVERDRIVE,SHROUD,7,14,22,17,29,31,-7,5-7,2
AF035280526,MERCENARY,REGRET,14,3,14,7,28,10,11,11-14,0
AF035280626,NIRVANA,MERCURY,7,10,7,7,14,17,-3,3-4,0
AF035280726,MAVERICK,MIRAGE,10,3,3,7,13,10,7,5-7,0
AF035280826,PURSUIT,MAVERICK,7,14,23,17,30,31,-7,5-7,0
AF035280926,MERLIN,KILLJOY,10,14,10,3,20,17,-4,3-4,1
AF035290426,NIGHTMARE,HEADHUNTER,3,7,10,3,13,10,-4,3-4,1
AF035290526,SAGE,ROCKET,14,14,0,14,14,28,0,level,0
AF035290626,HEADHUNTER,SABRE,14,14,14,7,28,21,0,level,0
AF035290726,NIGHTMARE,LIZARD,7,10,7,0,14,10,-3,3-4,1
AF035290826,FUSE,MERLIN,10,3,24,21,34,24,7,5-7,0
AF035290926,LIZARD,NIGHTMARE,21,14,3,7,24,21,7,5-7,0
AF035300426,AVATAR,GADGET,10,14,3,7,13,21,-4,3-4,0
AF035300526,OFFICER,HERMES,21,21,7,6,28,27,0,level,0
AF035300626,RICOCHET,MISSILE,17,14,0,7,17,21,3,3-4,1
AF035300726,REGRET,GADGET,7,7,7,8,14,15,0,level,1
AF035300826,LIZARD,FENRIR,10,7,14,14,24,21,3,3-4,2
AF035300926,SPARK,SCHOLAR,7,14,7,3,14,17,-7,5-7,0
AF035310526,PRECISION,OFFICER,14,10,3,10,17,20,4,3-4,1
AF035310726,FUSE,KILLJOY,17,7,6,7,23,14,10,8-10,0
AF035310826,FUSE,GADGET,14,17,24,20,38,37,-3,3-4,5
AF036010526,TOMBSTONE,PRISMATIC,17,7,0,14,17,21,10,8-10,1
AF036010626,ENFORCER,ORIGINAL,3,0,0,14,3,14,3,3-4,1
AF036010726,MINDFLAYER,SCHOLAR,7,7,6,14,13,21,0,level,0
AF036010826,MAVERICK,SCHOLAR,3,10,7,3,10,13,-7,5-7,0
AF036010926,MERCURY,MISSILE,7,7,10,14,17,21,0,level,3
AF036011026,MINDFLAYER,DON,0,3,7,0,7,3,-3,3-4,1
AF036020526,AVATAR,NIGHTMARE,0,21,16,3,16,24,-21,15+,0
AF036020726,MIRAGE,MERCURY,0,14,12,10,12,24,-14,11-14,0
AF036020826,NIRVANA,PRISMATIC,7,7,14,8,21,15,0,level,0
AF036020926,STEEL,ORIGINAL,7,7,7,13,14,20,0,level,0
AF036021026,DON,ORIGINAL,3,10,7,7,10,17,-7,5-7,0
AF036030526,SCHOLAR,PRISMATIC,7,10,21,7,28,17,-3,3-4,3
AF036030626,SHURIKEN,NIRVANA,0,7,3,7,3,14,-7,5-7,0
AF036030726,KILLJOY,FENRIR,14,13,10,8,24,21,1,1-2,2
AF036030826,ORIGINAL,MISSILE,14,17,7,7,21,24,-3,3-4,0
AF036030926,PSYCHIC,HURRICANE,28,14,6,15,34,29,14,11-14,0
AF036040526,SHURIKEN,SPARK,7,0,7,3,14,3,7,5-7,0
AF036040626,ORIGINAL,TOMBSTONE,14,0,0,6,14,6,14,11-14,0
AF036040726,GADGET,REGRET,7,7,15,14,22,21,0,level,2
AF036040826,MIRAGE,STEEL,3,7,7,14,10,21,-4,3-4,0
AF036040926,MINDFLAYER,MERCURY,7,7,14,10,21,17,0,level,1
AF036041026,SHURIKEN,MIRAGE,0,14,15,0,15,14,-14,11-14,1
AF036050626,MERCURY,SCHOLAR,7,17,0,3,7,20,-10,8-10,0
AF036050726,PRISMATIC,STEEL,20,21,3,0,23,21,-1,1-2,1
AF036050826,RICOCHET,DREAD,14,17,17,0,31,17,-3,3-4,1
AF036050926,PURSUIT,SPARK,7,14,10,7,17,21,-7,5-7,2
AF036051026,DON,MERCURY,7,7,13,16,20,23,0,level,2
AF036060626,SPARK,SHURIKEN,7,7,0,7,7,14,0,level,0
AF036060726,MIRAGE,SPARK,7,14,7,3,14,17,-7,5-7,0
AF036060826,DON,ROMAN,0,13,7,0,7,13,-13,11-14,0
AF036060926,MISSILE,PRISMATIC,0,14,14,10,14,24,-14,11-14,0
AF036061026,SCHOLAR,NIRVANA,14,7,17,14,31,21,7,5-7,0
AF036070626,ORIGINAL,MIRAGE,7,7,0,3,7,10,0,level,0
AF036070726,SCHOLAR,MAVERICK,7,14,17,14,24,28,-7,5-7,4
AF036070826,MAVERICK,PURSUIT,21,14,7,7,28,21,7,5-7,0
AF036070926,PURSUIT,SCHOLAR,7,13,14,9,21,22,-6,5-7,4
AF036080626,SPARK,SHURIKEN,7,3,10,7,17,10,4,3-4,0
AF036080726,PRISMATIC,ENFORCER,17,14,7,14,24,28,3,3-4,1
AF036080826,GADGET,HEADHUNTER,17,7,0,7,17,14,10,8-10,0
AF036080926,SPARK,GADGET,0,14,0,0,0,14,-14,11-14,0
AF036090626,ORIGINAL,TOMBSTONE,7,0,0,0,7,0,7,5-7,0
AF036090726,STEEL,PRISMATIC,10,7,14,14,24,21,3,3-4,4
AF036090826,NIRVANA,MAVERICK,0,7,10,0,10,7,-7,5-7,1
AF036090926,NIGHTMARE,KILLJOY,7,14,14,0,21,14,-7,5-7,1
AF036100626,MINDFLAYER,CLOCKWORK,7,3,6,7,13,10,4,3-4,0
AF036100726,SCHOLAR,PRISMATIC,14,7,7,13,21,20,7,5-7,0
AF036100826,SCHOLAR,STEEL,7,7,14,13,21,20,0,level,0
AF036100926,STEEL,ORIGINAL,14,7,3,7,17,14,7,5-7,0
AF036110626,GADGET,REGRET,14,14,10,14,24,28,0,level,3
AF036110826,ORIGINAL,MISSILE,7,14,14,10,21,24,-7,5-7,0
AF036110926,PURSUIT,SHURIKEN,14,14,7,8,21,22,0,level,1
AF036120626,CLOCKWORK,DREAD,3,21,3,3,6,24,-18,15+,0
AF036120726,ORIGINAL,STEEL,14,10,0,10,14,20,4,3-4,1
AF036120826,CLASH,LEGEND,14,14,3,0,17,14,0,level,0
AF036120926,DREAD,RICOCHET,14,7,10,23,24,30,7,5-7,1
AF036130726,DREAD,MISSILE,7,3,6,11,13,14,4,3-4,1
AF036130826,MINDFLAYER,SCHOLAR,7,21,11,0,18,21,-14,11-14,0
AF036130926,PRISMATIC,MIRAGE,10,21,0,0,10,21,-11,11-14,0
AF036140626,MISSILE,MIRAGE,7,7,7,21,14,28,0,level,0
AF036140726,TOMBSTONE,ENFORCER,14,7,0,0,14,7,7,5-7,0
AF036140826,MERCURY,CLOCKWORK,0,3,13,6,13,9,-3,3-4,3
AF036150626,PURSUIT,SHURIKEN,0,21,14,3,14,24,-21,15+,0
AF036150926,PURSUIT,SCHOLAR,7,14,7,10,14,24,-7,5-7,0
AF036160626,SPARK,SHURIKEN,7,0,14,17,21,17,7,5-7,2
AF036160726,PRISMATIC,MIRAGE,14,14,7,17,21,31,0,level,0
AF036160826,VALIANT,PHOENIX,3,0,0,0,3,0,3,3-4,0
AF036160926,FUSE,NIGHTMARE,14,3,28,14,42,17,11,11-14,0
AF036170626,TOMBSTONE,MERCURY,7,14,0,7,7,21,-7,5-7,0
AF036170826,HEADHUNTER,LIZARD,7,7,15,21,22,28,0,level,1
AF036170926,MINDFLAYER,ENFORCER,7,0,3,8,10,8,7,5-7,0
AF036180526,FUSE,KILLJOY,10,7,11,13,21,20,3,3-4,2
AF036180626,MISSILE,STEEL,21,7,10,10,31,17,14,11-14,0
AF036180726,SCHOLAR,PRISMATIC,14,17,8,7,22,24,-3,3-4,0
AF036180826,MERCURY,STEEL,10,14,3,14,13,28,-4,3-4,0
AF036180926,ENFORCER,RICOCHET,3,6,0,25,3,31,-3,3-4,0
AF036190826,ENFORCER,ORIGINAL,7,14,10,0,17,14,-7,5-7,1
AF036200526,NIRVANA,SPARK,0,21,0,7,0,28,-21,15+,0
AF036200726,MERCURY,ENFORCER,7,7,3,0,10,7,0,level,0
AF036200826,MIRAGE,STEEL,7,14,17,7,24,21,-7,5-7,1
AF036200926,NIRVANA,MAVERICK,7,7,3,0,10,7,0,level,0
AF036210726,SCHOLAR,MERCURY,0,10,11,7,11,17,-10,8-10,0
AF036210826,DREAD,CLOCKWORK,7,7,0,17,7,24,0,level,0
AF036210926,MERCURY,ORIGINAL,7,14,6,0,13,14,-7,5-7,0
AF036220626,MERLIN,FENRIR,14,3,3,6,17,9,11,11-14,0
AF036220726,PURSUIT,SPARK,3,14,18,10,21,24,-11,11-14,0
AF036220826,SCHOLAR,MAVERICK,14,0,10,29,24,29,14,11-14,1
AF036220926,SHURIKEN,SPARK,14,14,0,3,14,17,0,level,0
AF036230726,STEEL,ORIGINAL,7,7,7,10,14,17,0,level,1
AF036230826,PURSUIT,MIRAGE,14,17,0,7,14,24,-3,3-4,0
AF036230926,ORIGINAL,MERCURY,7,3,14,6,21,9,4,3-4,0
AF036240526,MAVERICK,PRISMATIC,14,7,14,7,28,14,7,5-7,0
AF036240626,SPARK,CLOCKWORK,7,3,7,0,14,3,4,3-4,0
AF036240826,MIRAGE,SHURIKEN,6,0,7,3,13,3,6,5-7,0
AF036240926,MINDFLAYER,ORIGINAL,7,7,3,0,10,7,0,level,0
AF036250526,SHURIKEN,SPARK,3,6,14,14,17,20,-3,3-4,4
AF036250726,MAVERICK,SCHOLAR,7,7,0,7,7,14,0,level,0
AF036250826,SCHOLAR,SPARK,21,0,3,14,24,14,21,15+,0
AF036250926,ORIGINAL,MERCURY,7,7,6,7,13,14,0,level,0
AF036260526,MAVERICK,ENFORCER,7,3,7,6,14,9,4,3-4,0
AF036260626,LAZARUS,KRAKEN,7,14,6,0,13,14,-7,5-7,0
AF036260726,MINDFLAYER,MIRAGE,0,21,0,7,0,28,-21,15+,0
AF036260826,CLOCKWORK,RICOCHET,3,7,3,3,6,10,-4,3-4,0
AF036260926,SHURIKEN,MAVERICK,7,7,14,0,21,7,0,level,0
AF036270426,GADGET,AVATAR,21,14,14,14,35,28,7,5-7,0
AF036270526,SHURIKEN,NIRVANA,0,7,6,0,6,7,-7,5-7,0
AF036270626,MIRAGE,PRISMATIC,7,0,7,7,14,7,7,5-7,0
AF036270726,OCTANE,RELIC,7,6,7,6,14,12,1,1-2,0
AF036270826,SHURIKEN,SCHOLAR,7,14,8,7,15,21,-7,5-7,0
AF036270926,MISSILE,SHURIKEN,0,10,0,6,0,16,-10,8-10,0
AF036280426,SPLINTER,OVERDRIVE,14,10,9,0,23,10,4,3-4,0
AF036280526,MINDFLAYER,STEEL,14,10,10,8,24,18,4,3-4,0
AF036280626,MISSILE,MIRAGE,10,14,0,0,10,14,-4,3-4,0
AF036280726,STEEL,MINDFLAYER,0,10,0,0,0,10,-10,8-10,0
AF036280826,MIRAGE,MERCURY,21,7,6,0,27,7,14,11-14,0
AF036280926,HEADHUNTER,GADGET,14,0,10,14,24,14,14,11-14,0
AF036290426,SHURIKEN,ENFORCER,0,3,14,7,14,10,-3,3-4,3
AF036290526,LUNA,SAGE,7,0,7,3,14,3,7,5-7,0
AF036290626,SPARK,SCHOLAR,14,7,0,0,14,7,7,5-7,0
AF036290726,HEADHUNTER,SPARK,7,7,7,10,14,17,0,level,2
AF036290826,MERCURY,MINDFLAYER,7,7,6,7,13,14,0,level,0
AF036300526,LEO,ASTRONAUT,14,0,10,21,24,21,14,11-14,0
AF036300626,REGRET,PRISMATIC,21,14,7,8,28,22,7,5-7,0
AF036300726,MISSILE,DREAD,7,7,6,7,13,14,0,level,0
AF036300826,SHURIKEN,STEEL,7,3,6,7,13,10,4,3-4,0
AF036300926,ENFORCER,RICOCHET,3,7,7,10,10,17,-4,3-4,2
AF036310526,OFFICER,PRECISION,7,21,22,3,29,24,-14,11-14,3
AF036310726,MERCURY,CLOCKWORK,7,0,10,0,17,0,7,5-7,0
AF036310826,MIRAGE,ENFORCER,17,14,7,3,24,17,3,3-4,0
AF037010526,HEADHUNTER,SHURIKEN,7,17,7,0,14,17,-10,8-10,0
AF037010626,FUSE,KILLJOY,7,14,20,10,27,24,-7,5-7,3
AF037010726,KILLJOY,NIGHTMARE,14,7,3,0,17,7,7,5-7,0
AF037010826,HEADHUNTER,SPARK,7,10,7,0,14,10,-3,3-4,1
AF037011026,FUSE,MERLIN,10,7,9,7,19,14,3,3-4,0
AF037020526,GADGET,SPARK,7,7,10,7,17,14,0,level,0
AF037020626,ROCKET,NEON,6,10,7,0,13,10,-4,3-4,1
AF037020726,HEADHUNTER,GADGET,7,14,6,7,13,21,-7,5-7,0
AF037020826,FENRIR,FUSE,7,14,16,10,23,24,-7,5-7,2
AF037020926,NIGHTMARE,FENRIR,7,0,14,7,21,7,7,5-7,0
AF037021026,MISSILE,MAVERICK,14,14,7,10,21,24,0,level,0
AF037030526,FENRIR,SHURIKEN,14,7,7,7,21,14,7,5-7,0
AF037030626,KILLJOY,NIGHTMARE,9,0,7,0,16,0,9,8-10,0
AF037030726,CLOCKWORK,MERCURY,14,14,7,12,21,26,0,level,2
AF037030826,PRISMATIC,SPARK,35,28,0,10,35,38,7,5-7,1
AF037030926,MONSTER,MIDAS,3,13,3,13,6,26,-10,8-10,0
AF037031026,NIGHTMARE,MERLIN,14,10,10,21,24,31,4,3-4,3
AF037040526,GADGET,REGRET,7,7,7,0,14,7,0,level,0
AF037040626,FUSE,HEADHUNTER,13,21,8,9,21,30,-8,8-10,0
AF037040726,FENRIR,LIZARD,14,7,7,7,21,14,7,5-7,0
AF037040826,FUSE,FENRIR,0,7,17,7,17,14,-7,5-7,3
AF037041026,LIZARD,FENRIR,14,7,7,7,21,14,7,5-7,0
AF037050626,REGRET,HEADHUNTER,3,14,12,21,15,35,-11,11-14,0
AF037050726,MAVERICK,REGRET,3,7,16,14,19,21,-4,3-4,0
AF037050826,NIGHTMARE,REGRET,7,0,14,7,21,7,7,5-7,0
AF037050926,HEADHUNTER,GADGET,7,0,3,7,10,7,7,5-7,0
AF037051026,FUSE,MERLIN,21,0,14,0,35,0,21,15+,0
AF037060626,LIZARD,KILLJOY,0,3,7,10,7,13,-3,3-4,0
AF037060726,KILLJOY,NIGHTMARE,7,21,0,3,7,24,-14,11-14,0
AF037060826,SCHOLAR,SHURIKEN,3,7,14,7,17,14,-4,3-4,3
AF037060926,FUSE,HEADHUNTER,10,14,19,14,29,28,-4,3-4,1
AF037061026,NIGHTMARE,KILLJOY,7,10,7,7,14,17,-3,3-4,2
AF037070526,REGRET,SABRE,17,10,7,15,24,25,7,5-7,1
AF037070626,NIGHTMARE,MERCENARY,7,10,14,3,21,13,-3,3-4,1
AF037070726,MERLIN,GADGET,14,0,3,0,17,0,14,11-14,0
AF037070826,RICOCHET,MISSILE,7,7,7,17,14,24,0,level,0
AF037070926,KILLJOY,FUSE,17,7,7,7,24,14,10,8-10,0
AF037080626,KILLJOY,NIGHTMARE,7,17,7,3,14,20,-10,8-10,0
AF037080726,NIGHTMARE,FENRIR,7,10,10,10,17,20,-3,3-4,2
AF037080826,FENRIR,FUSE,6,7,6,7,12,14,-1,1-2,0
AF037080926,STEEL,MINDFLAYER,0,10,14,14,14,24,-10,8-10,0
AF037090626,HEADHUNTER,SHURIKEN,7,3,6,0,13,3,4,3-4,0
AF037090726,LIZARD,FENRIR,14,7,7,0,21,7,7,5-7,0
AF037090826,FENRIR,NIGHTMARE,7,6,8,11,15,17,1,1-2,3
AF037090926,ENFORCER,RICOCHET,10,6,7,0,17,6,4,3-4,0
AF037100626,SABRE,NIRVANA,21,7,7,7,28,14,14,11-14,0
AF037100726,FENRIR,MERLIN,10,17,7,3,17,20,-7,5-7,0
AF037100826,MERLIN,FUSE,0,7,7,3,7,10,-7,5-7,0
AF037100926,HEADHUNTER,REGRET,7,14,11,6,18,20,-7,5-7,2
AF037110626,FENRIR,MERLIN,7,7,14,0,21,7,0,level,0
AF037110826,SHURIKEN,PURSUIT,3,7,14,7,17,14,-4,3-4,3
AF037110926,RICOCHET,DREAD,20,8,3,13,23,21,12,11-14,2
AF037120626,SHURIKEN,MERCENARY,3,10,9,7,12,17,-7,5-7,0
AF037120726,PRISMATIC,NIRVANA,14,14,10,7,24,21,0,level,1
AF037120826,GADGET,LIZARD,14,17,10,14,24,31,-3,3-4,0
AF037120926,REGRET,HEADHUNTER,7,7,7,17,14,24,0,level,2
AF037130626,HEADHUNTER,FENRIR,21,7,7,20,28,27,14,11-14,0
AF037130726,FUSE,GADGET,17,7,21,0,38,7,10,8-10,0
AF037130826,REGRET,SHURIKEN,3,3,13,14,16,17,0,level,0
AF037130926,LIZARD,HEADHUNTER,5,0,11,12,16,12,5,5-7,2
AF037140626,MINDFLAYER,PRISMATIC,14,17,7,7,21,24,-3,3-4,2
AF037140726,MAVERICK,MINDFLAYER,13,7,10,0,23,7,6,5-7,0
AF037140826,KILLJOY,FENRIR,14,14,7,10,21,24,0,level,0
AF037140926,PRISMATIC,SPARK,0,7,0,7,0,14,-7,5-7,0
AF037150626,MERLIN,KILLJOY,14,10,3,10,17,20,4,3-4,1
AF037150826,REGRET,LIZARD,0,7,7,10,7,17,-7,5-7,0
AF037150926,SHURIKEN,MAVERICK,10,7,7,13,17,20,3,3-4,3
AF037160626,GADGET,MERLIN,3,14,3,3,6,17,-11,11-14,0
AF037160726,GADGET,SHURIKEN,7,7,7,21,14,28,0,level,0
AF037160826,PRISMATIC,NIRVANA,7,7,7,14,14,21,0,level,0
AF037160926,MAVERICK,NIRVANA,7,10,7,7,14,17,-3,3-4,0
AF037170626,KILLJOY,FUSE,14,3,7,13,21,16,11,11-14,0
AF037170826,PURSUIT,REGRET,7,14,7,14,14,28,-7,5-7,0
AF037170926,LIZARD,HEADHUNTER,14,7,7,7,21,14,7,5-7,0
AF037180626,SCHOLAR,MERCURY,3,3,8,17,11,20,0,level,0
AF037180726,MERLIN,KILLJOY,21,14,14,7,35,21,7,5-7,0
AF037180826,FENRIR,FUSE,0,7,8,7,8,14,-7,5-7,0
AF037180926,FENRIR,KILLJOY,14,10,7,7,21,17,4,3-4,2
AF037190526,HEADHUNTER,PURSUIT,14,14,7,3,21,17,0,level,1
AF037190726,FENRIR,HEADHUNTER,7,3,7,6,14,9,4,3-4,0
AF037190826,NIRVANA,PURSUIT,21,14,7,7,28,21,7,5-7,0
AF037190926,NIGHTMARE,FENRIR,3,14,0,7,3,21,-11,11-14,0
AF037200526,KILLJOY,NIGHTMARE,7,17,8,10,15,27,-10,8-10,0
AF037200726,GADGET,SPARK,21,0,0,7,21,7,21,15+,0
AF037200826,LIZARD,HEADHUNTER,21,17,0,21,21,38,4,3-4,1
AF037200926,NIGHTMARE,LIZARD,21,17,10,3,31,20,4,3-4,0
AF037210726,MERLIN,FUSE,10,10,7,10,17,20,0,level,0
AF037210826,PRISMATIC,SHURIKEN,10,7,14,7,24,14,3,3-4,0
AF037210926,FENRIR,GADGET,14,7,3,3,17,10,7,5-7,0
AF037220626,REGRET,HEADHUNTER,14,3,10,15,24,18,11,11-14,0
AF037220726,KILLJOY,NIGHTMARE,21,17,7,8,28,25,4,3-4,0
AF037220826,MERLIN,HEADHUNTER,14,14,7,21,21,35,0,level,0
AF037220926,FENRIR,KILLJOY,7,14,14,3,21,17,-7,5-7,1
AF037230626,REGRET,SCHOLAR,7,21,7,7,14,28,-14,11-14,0
AF037230726,SHURIKEN,SPARK,0,7,14,14,14,21,-7,5-7,0
AF037230826,FENRIR,LIZARD,17,7,11,7,28,14,10,8-10,0
AF037230926,NIRVANA,MAVERICK,0,0,7,14,7,14,0,level,0
AF037240526,FENRIR,HEADHUNTER,14,3,7,17,21,20,11,11-14,0
AF037240726,PRISMATIC,MERCURY,21,14,0,6,21,20,7,5-7,0
AF037240826,MERLIN,NIGHTMARE,21,17,14,14,35,31,4,3-4,4
AF037250526,FENRIR,KILLJOY,14,17,7,7,21,24,-3,3-4,2
AF037250626,FENRIR,HEADHUNTER,14,0,0,0,14,0,14,11-14,0
AF037250726,FENRIR,HEADHUNTER,0,7,8,7,8,14,-7,5-7,2
AF037250826,MERLIN,NIGHTMARE,17,7,10,9,27,16,10,8-10,0
AF037250926,NIRVANA,SHURIKEN,7,14,6,2,13,16,-7,5-7,0
AF037260526,REGRET,SPARK,0,14,7,6,7,20,-14,11-14,0
AF037260626,REGRET,LIZARD,14,10,7,8,21,18,4,3-4,0
AF037260726,FENRIR,MERLIN,21,21,7,0,28,21,0,level,0
AF037260826,HEADHUNTER,GADGET,10,7,7,13,17,20,3,3-4,3
AF037260926,FENRIR,MERLIN,7,21,0,7,7,28,-14,11-14,0
AF037270426,ENFORCER,SHURIKEN,14,0,3,7,17,7,14,11-14,0
AF037270526,NIGHTMARE,HEADHUNTER,14,7,0,0,14,7,7,5-7,0
AF037270626,KILLJOY,NIGHTMARE,7,14,24,14,31,28,-7,5-7,3
AF037270726,VALIANT,LAZARUS,0,21,15,16,15,37,-21,15+,0
AF037270926,LIZARD,NIGHTMARE,7,7,20,17,27,24,0,level,0
AF037280426,AVATAR,GADGET,14,7,10,20,24,27,7,5-7,3
AF037280526,FUSE,HEADHUNTER,14,14,10,7,24,21,0,level,1
AF037280626,MAVERICK,PRISMATIC,7,7,14,7,21,14,0,level,0
AF037280726,PRISMATIC,SCHOLAR,14,10,8,14,22,24,4,3-4,1
AF037280826,SCHOLAR,REGRET,10,10,7,10,17,20,0,level,0
AF037280926,NIGHTMARE,FUSE,17,14,0,7,17,21,3,3-4,1
AF037290426,REGRET,GADGET,14,14,10,7,24,21,0,level,0
AF037290526,REGRET,NIRVANA,3,7,14,7,17,14,-4,3-4,1
AF037290626,FUSE,GADGET,14,7,10,14,24,21,7,5-7,0
AF037290726,KILLJOY,NIGHTMARE,10,14,9,14,19,28,-4,3-4,2
AF037290826,HEADHUNTER,FENRIR,14,14,10,0,24,14,0,level,0
AF037290926,FENRIR,HEADHUNTER,17,14,9,0,26,14,3,3-4,0
AF037300426,MERCENARY,SABRE,14,0,10,7,24,7,14,11-14,0
AF037300526,JUDGEMENT,LEO,10,10,21,14,31,24,0,level,1
AF037300626,MERCURY,MIRAGE,3,0,7,7,10,7,3,3-4,0
AF037300726,HEADHUNTER,SHURIKEN,7,7,10,7,17,14,0,level,2
AF037300826,NIGHTMARE,MERLIN,14,14,7,10,21,24,0,level,1
AF037310526,MERCENARY,GADGET,17,7,0,7,17,14,10,8-10,0
AF037310726,MERLIN,FENRIR,7,10,7,0,14,10,-3,3-4,1
AF037310826,FENRIR,HEADHUNTER,14,7,14,24,28,31,7,5-7,1
AF038010526,MINDFLAYER,NIRVANA,3,14,15,10,18,24,-11,11-14,0
AF038010626,RICOCHET,TOMBSTONE,7,7,10,7,17,14,0,level,0
AF038010726,CLOCKWORK,ENFORCER,21,14,0,10,21,24,7,5-7,1
AF038010826,SHURIKEN,MINDFLAYER,0,7,6,0,6,7,-7,5-7,0
AF038010926,ENFORCER,DREAD,7,10,0,3,7,13,-3,3-4,0
AF038011026,ENFORCER,MERCURY,9,7,7,10,16,17,2,1-2,3
AF038020526,FENRIR,LIZARD,7,0,10,7,17,7,7,5-7,0
AF038020826,MINDFLAYER,SHURIKEN,0,7,0,10,0,17,-7,5-7,0
AF038020926,DREAD,ENFORCER,14,14,13,14,27,28,0,level,1
AF038021026,CLOCKWORK,MERCURY,17,7,17,21,34,28,10,8-10,0
AF038030526,TOMBSTONE,MINDFLAYER,3,7,8,14,11,21,-4,3-4,0
AF038030626,SPARK,NIRVANA,10,7,10,0,20,7,3,3-4,0
AF038030726,MERLIN,FUSE,7,14,21,10,28,24,-7,5-7,3
AF038030826,DREAD,MERCURY,7,14,0,7,7,21,-7,5-7,0
AF038030926,HURRICANE,CRYSTAL,10,0,7,7,17,7,10,8-10,0
AF038031026,NIRVANA,SHURIKEN,7,14,7,3,14,17,-7,5-7,0
AF038040526,SCHOLAR,ENFORCER,10,10,9,17,19,27,0,level,0
AF038040626,SCHOLAR,STEEL,14,14,14,13,28,27,0,level,0
AF038040826,MERCURY,MINDFLAYER,0,7,8,3,8,10,-7,5-7,0
AF038040926,RICOCHET,CLOCKWORK,10,17,6,14,16,31,-7,5-7,0
AF038050626,PRISMATIC,MAVERICK,7,21,7,14,14,35,-14,11-14,0
AF038050726,TOMBSTONE,MIRAGE,7,7,13,7,20,14,0,level,1
AF038050826,TOMBSTONE,ENFORCER,7,7,0,7,7,14,0,level,0
AF038050926,SHURIKEN,SCHOLAR,7,10,10,0,17,10,-3,3-4,1
AF038051026,ENFORCER,MERCURY,3,14,3,21,6,35,-11,11-14,0
AF038060626,REGRET,GADGET,7,14,7,7,14,21,-7,5-7,0
AF038060726,PRISMATIC,SCHOLAR,7,7,13,6,20,13,0,level,0
AF038060826,ENFORCER,STEEL,3,7,8,21,11,28,-4,3-4,0
AF038060926,MIRAGE,STEEL,14,14,7,14,21,28,0,level,0
AF038070526,SPARK,ENFORCER,0,14,7,7,7,21,-14,11-14,0
AF038070626,PRISMATIC,MAVERICK,7,21,29,14,36,35,-14,11-14,1
AF038070726,SPARK,ENFORCER,8,3,10,0,18,3,5,5-7,0
AF038070826,REGRET,NIRVANA,14,7,6,3,20,10,7,5-7,0
AF038070926,PRISMATIC,MIRAGE,7,14,13,7,20,21,-7,5-7,0
AF038080626,GADGET,MERLIN,7,7,0,14,7,21,0,level,0
AF038080726,STEEL,SCHOLAR,7,17,21,7,28,24,-10,8-10,1
AF038080826,LIZARD,NIGHTMARE,3,7,7,7,10,14,-4,3-4,2
AF038080926,REGRET,MAVERICK,0,7,18,7,18,14,-7,5-7,1
AF038090626,RICOCHET,PRISMATIC,3,7,21,14,24,21,-4,3-4,1
AF038090726,TOMBSTONE,MIRAGE,7,14,14,10,21,24,-7,5-7,0
AF038090826,SHURIKEN,MIRAGE,14,0,7,7,21,7,14,11-14,0
AF038090926,MERLIN,FUSE,7,7,10,7,17,14,0,level,0
AF038100626,MAVERICK,MERCURY,7,7,10,8,17,15,0,level,2
AF038100726,ORIGINAL,MIRAGE,10,7,7,14,17,21,3,3-4,1
AF038100826,SCHOLAR,MAVERICK,7,7,10,13,17,20,0,level,2
AF038100926,MINDFLAYER,MERCURY,14,7,3,8,17,15,7,5-7,0
AF038110626,SPARK,SCHOLAR,3,14,7,7,10,21,-11,11-14,0
AF038110826,DREAD,MERCURY,7,14,8,10,15,24,-7,5-7,0
AF038110926,PURSUIT,SCHOLAR,14,7,10,6,24,13,7,5-7,0
AF038120626,ORIGINAL,TOMBSTONE,14,7,7,0,21,7,7,5-7,0
AF038120726,TOMBSTONE,MISSILE,10,7,7,0,17,7,3,3-4,0
AF038120826,RICOCHET,CLOCKWORK,7,0,10,14,17,14,7,5-7,0
AF038120926,MINDFLAYER,MERCURY,14,0,0,6,14,6,14,11-14,0
AF038130626,MERCURY,SCHOLAR,0,0,7,3,7,3,0,level,1
AF038130726,MERCURY,RICOCHET,7,3,14,3,21,6,4,3-4,0
AF038130826,STEEL,ORIGINAL,7,7,8,7,15,14,0,level,1
AF038130926,SHURIKEN,MIRAGE,7,7,7,10,14,17,0,level,2
AF038140626,TOMBSTONE,DREAD,14,0,14,0,28,0,14,11-14,0
AF038140726,STEEL,MIRAGE,21,7,0,7,21,14,14,11-14,0
AF038140826,RICOCHET,DREAD,7,7,10,7,17,14,0,level,1
AF038140926,MERCURY,DREAD,14,0,3,15,17,15,14,11-14,0
AF038150626,MERCURY,SPARK,7,10,7,7,14,17,-3,3-4,2
AF038150826,KILLJOY,NIGHTMARE,21,17,10,0,31,17,4,3-4,0
AF038150926,SPARK,STEEL,7,7,0,7,7,14,0,level,0
AF038160626,SCHOLAR,ENFORCER,21,14,3,3,24,17,7,5-7,0
AF038160726,MERCURY,ORIGINAL,14,7,7,6,21,13,7,5-7,0
AF038160826,ORIGINAL,SHURIKEN,7,7,7,10,14,17,0,level,0
AF038160926,MERLIN,NIGHTMARE,10,0,10,0,20,0,10,8-10,0
AF038170626,CLOCKWORK,PRISMATIC,21,14,7,15,28,29,7,5-7,1
AF038170726,RICOCHET,DREAD,3,7,0,7,3,14,-4,3-4,0
AF038170826,LIZARD,NIGHTMARE,10,7,7,13,17,20,3,3-4,1
AF038170926,MERCURY,CLOCKWORK,10,0,7,7,17,7,10,8-10,0
AF038180526,KILLJOY,NIGHTMARE,24,7,21,20,45,27,17,15+,0
AF038180626,DREAD,ENFORCER,0,14,21,3,21,17,-14,11-14,1
AF038180726,ORIGINAL,STEEL,7,7,7,6,14,13,0,level,0
AF038180826,ENFORCER,DREAD,6,14,0,0,6,14,-8,8-10,0
AF038180926,CLOCKWORK,MERCURY,0,7,14,10,14,17,-7,5-7,0
AF038190526,MAVERICK,ENFORCER,7,17,14,0,21,17,-10,8-10,1
AF038190726,MAVERICK,MINDFLAYER,3,14,12,0,15,14,-11,11-14,1
AF038190826,STEEL,MIRAGE,3,0,17,14,20,14,3,3-4,0
AF038190926,PURSUIT,ORIGINAL,7,10,0,6,7,16,-3,3-4,0
AF038200526,SHURIKEN,REGRET,7,10,7,0,14,10,-3,3-4,1
AF038200726,STEEL,ENFORCER,10,7,0,7,10,14,3,3-4,1
AF038200826,ORIGINAL,MERCURY,10,7,6,7,16,14,3,3-4,2
AF038200926,SHURIKEN,SPARK,3,10,15,7,18,17,-7,5-7,1
AF038210726,MINDFLAYER,PRISMATIC,10,14,21,0,31,14,-4,3-4,1
AF038210826,ORIGINAL,MERCURY,3,7,20,10,23,17,-4,3-4,3
AF038220626,FENRIR,KILLJOY,14,10,7,14,21,24,4,3-4,3
AF038220726,REGRET,NIRVANA,24,7,7,0,31,7,17,15+,0
AF038220826,SHURIKEN,PRISMATIC,3,10,22,21,25,31,-7,5-7,0
AF038220926,NIRVANA,SPARK,7,17,7,0,14,17,-10,8-10,0
AF038230726,RICOCHET,ENFORCER,7,7,7,0,14,7,0,level,0
AF038230826,MISSILE,RICOCHET,14,3,3,3,17,6,11,11-14,0
AF038230926,ORIGINAL,MINDFLAYER,7,7,7,6,14,13,0,level,0
AF038240526,RICOCHET,ORIGINAL,0,7,0,3,0,10,-7,5-7,0
AF038240626,ENFORCER,MERCURY,7,7,10,8,17,15,0,level,2
AF038240726,DREAD,RICOCHET,7,3,10,11,17,14,4,3-4,0
AF038240826,MINDFLAYER,MERCURY,0,10,15,7,15,17,-10,8-10,0
AF038240926,MERCURY,ENFORCER,7,7,17,0,24,7,0,level,0
AF038250526,PRISMATIC,ENFORCER,7,21,6,0,13,21,-14,11-14,0
AF038250626,ORIGINAL,ENFORCER,7,14,0,3,7,17,-7,5-7,0
AF038250826,MAVERICK,PRISMATIC,14,7,13,7,27,14,7,5-7,0
AF038250926,MINDFLAYER,CLOCKWORK,10,10,0,14,10,24,0,level,0
AF038260526,SCHOLAR,MINDFLAYER,10,7,10,0,20,7,3,3-4,0
AF038260726,PRISMATIC,TOMBSTONE,14,7,14,7,28,14,7,5-7,0
AF038260826,DREAD,ENFORCER,7,6,0,21,7,27,1,1-2,1
AF038260926,SPARK,SCHOLAR,14,17,14,7,28,24,-3,3-4,3
AF038270426,REGRET,SABRE,14,7,3,14,17,21,7,5-7,1
AF038270526,RICOCHET,ENFORCER,14,3,3,6,17,9,11,11-14,0
AF038270626,TOMBSTONE,MERCURY,7,7,7,9,14,16,0,level,2
AF038270826,PRISMATIC,SPARK,7,10,7,7,14,17,-3,3-4,2
AF038270926,NIRVANA,ORIGINAL,7,10,7,7,14,17,-3,3-4,2
AF038280426,SPARK,PURSUIT,7,7,7,11,14,18,0,level,1
AF038280526,TOMBSTONE,ENFORCER,3,7,14,7,17,14,-4,3-4,3
AF038280626,TOMBSTONE,DREAD,14,0,14,7,28,7,14,11-14,0
AF038280726,ENFORCER,MERCURY,7,7,10,6,17,13,0,level,0
AF038280826,RICOCHET,CLOCKWORK,7,24,8,7,15,31,-17,15+,0
AF038280926,LIZARD,REGRET,14,7,10,0,24,7,7,5-7,0
AF038290426,PRISMATIC,NIRVANA,21,21,7,6,28,27,0,level,0
AF038290526,MAVERICK,TOMBSTONE,14,0,7,7,21,7,14,11-14,0
AF038290626,MERCURY,ENFORCER,7,7,3,7,10,14,0,level,1
AF038290726,SHURIKEN,PURSUIT,7,7,10,7,17,14,0,level,0
AF038290826,MISSILE,STEEL,21,17,14,14,35,31,4,3-4,4
AF038290926,MERCURY,DREAD,17,14,0,7,17,21,3,3-4,1
AF038300526,LYNX,HERMES,14,14,3,0,17,14,0,level,0
AF038300626,REGRET,GADGET,7,7,7,6,14,13,0,level,0
AF038300726,ORIGINAL,RICOCHET,14,7,9,3,23,10,7,5-7,0
AF038300826,MISSILE,ORIGINAL,17,7,7,14,24,21,10,8-10,0
AF038300926,ORIGINAL,CLOCKWORK,14,7,10,14,24,21,7,5-7,2
AF038310526,RICOCHET,NIRVANA,7,7,10,0,17,7,0,level,0
AF038310726,RICOCHET,MISSILE,7,21,11,10,18,31,-14,11-14,0
AF038310826,DREAD,RICOCHET,0,10,11,7,11,17,-10,8-10,0
AF039010526,HEADHUNTER,AVATAR,17,0,0,7,17,7,17,15+,0
AF039010626,FUSE,NIGHTMARE,21,7,7,15,28,22,14,11-14,0
AF039010726,KILLJOY,LIZARD,7,7,7,6,14,13,0,level,0
AF039010826,HEADHUNTER,PRISMATIC,17,14,6,7,23,21,3,3-4,2
AF039011026,NIGHTMARE,MERLIN,9,14,15,14,24,28,-5,5-7,4
AF039020526,SHURIKEN,SCHOLAR,7,10,7,0,14,10,-3,3-4,1
AF039020626,HEADHUNTER,GADGET,17,14,14,14,31,28,3,3-4,4
AF039020726,HEADHUNTER,FUSE,10,14,11,0,21,14,-4,3-4,1
AF039020826,FENRIR,NIGHTMARE,14,0,7,7,21,7,14,11-14,0
AF039020926,NIGHTMARE,MERLIN,7,7,7,0,14,7,0,level,0
AF039021026,NIRVANA,MAVERICK,7,0,10,9,17,9,7,5-7,0
AF039030526,FENRIR,NIGHTMARE,7,14,7,14,14,28,-7,5-7,0
AF039030626,FUSE,FENRIR,7,3,3,0,10,3,4,3-4,0
AF039030726,MISSILE,MERCURY,7,14,7,14,14,28,-7,5-7,0
AF039030826,PRISMATIC,PURSUIT,7,17,0,7,7,24,-10,8-10,0
AF039030926,CRYSTAL,PSYCHIC,0,0,10,8,10,8,0,level,0
AF039031026,FUSE,MERLIN,21,7,14,0,35,7,14,11-14,0
AF039040526,GADGET,FENRIR,7,14,0,7,7,21,-7,5-7,0
AF039040626,FUSE,GADGET,14,14,21,24,35,38,0,level,3
AF039040726,FENRIR,HEADHUNTER,21,8,8,8,29,16,13,11-14,0
AF039040826,FUSE,KILLJOY,7,17,7,0,14,17,-10,8-10,0
AF039040926,FUSE,MERLIN,14,7,10,10,24,17,7,5-7,0
AF039050626,REGRET,SHURIKEN,10,14,14,0,24,14,-4,3-4,1
AF039050726,MAVERICK,SPARK,7,14,14,14,21,28,-7,5-7,0
AF039050826,NIGHTMARE,MERLIN,7,0,21,21,28,21,7,5-7,0
AF039050926,HEADHUNTER,LIZARD,14,17,14,13,28,30,-3,3-4,4
AF039051026,FUSE,KILLJOY,3,17,14,3,17,20,-14,11-14,0
AF039060626,KILLJOY,NIGHTMARE,7,10,7,0,14,10,-3,3-4,1
AF039060726,KILLJOY,FUSE,9,3,3,7,12,10,6,5-7,2
AF039060826,MIRAGE,SPARK,7,14,14,10,21,24,-7,5-7,0
AF039060926,HEADHUNTER,NIGHTMARE,7,3,7,0,14,3,4,3-4,0
AF039070526,HEADHUNTER,GADGET,7,14,0,10,7,24,-7,5-7,0
AF039070626,NIGHTMARE,FENRIR,7,10,21,14,28,24,-3,3-4,3
AF039070726,MERLIN,REGRET,10,0,7,14,17,14,10,8-10,0
AF039070826,TOMBSTONE,ORIGINAL,10,0,3,14,13,14,10,8-10,1
AF039070926,KILLJOY,NIGHTMARE,21,14,6,7,27,21,7,5-7,0
AF039080626,KILLJOY,LIZARD,14,10,3,6,17,16,4,3-4,2
AF039080726,NIGHTMARE,KILLJOY,7,14,10,0,17,14,-7,5-7,1
AF039080826,FENRIR,KILLJOY,0,7,3,3,3,10,-7,5-7,0
AF039080926,ORIGINAL,ENFORCER,7,7,10,0,17,7,0,level,0
AF039090626,HEADHUNTER,GADGET,7,14,7,3,14,17,-7,5-7,0
AF039090726,LIZARD,MERLIN,7,7,7,21,14,28,0,level,0
AF039090826,FENRIR,HEADHUNTER,7,0,14,10,21,10,7,5-7,0
AF039090926,DREAD,CLOCKWORK,0,9,21,15,21,24,-9,8-10,4
AF039100626,SABRE,REGRET,21,10,0,3,21,13,11,11-14,0
AF039100726,FENRIR,FUSE,20,14,26,15,46,29,6,5-7,2
AF039100826,FENRIR,NIGHTMARE,7,7,14,17,21,24,0,level,2
AF039100926,HEADHUNTER,GADGET,21,7,0,9,21,16,14,11-14,0
AF039110626,FENRIR,KILLJOY,24,14,10,14,34,28,10,8-10,0
AF039110726,AVATAR,HERMES,14,7,10,14,24,21,7,5-7,0
AF039110826,SHURIKEN,REGRET,7,0,0,6,7,6,7,5-7,0
AF039110926,RICOCHET,CLOCKWORK,14,14,7,10,21,24,0,level,0
AF039120626,SHURIKEN,HEADHUNTER,3,21,6,6,9,27,-18,15+,0
AF039120726,PRISMATIC,MAVERICK,0,10,7,10,7,20,-10,8-10,0
AF039120826,NIGHTMARE,HEADHUNTER,10,0,10,17,20,17,10,8-10,2
AF039120926,GADGET,HEADHUNTER,3,0,14,16,17,16,3,3-4,2
AF039130626,FUSE,NIGHTMARE,14,7,7,9,21,16,7,5-7,0
AF039130726,FUSE,MERLIN,7,14,14,10,21,24,-7,5-7,0
AF039130826,REGRET,MIRAGE,10,17,15,7,25,24,-7,5-7,1
AF039130926,LIZARD,NIGHTMARE,0,10,6,6,6,16,-10,8-10,0
AF039140626,MINDFLAYER,MERCURY,3,0,0,0,3,0,3,3-4,0
AF039140726,MAVERICK,REGRET,0,7,6,10,6,17,-7,5-7,0
AF039140826,KILLJOY,FUSE,21,21,13,7,34,28,0,level,0
AF039140926,MIRAGE,SCHOLAR,17,14,3,0,20,14,3,3-4,0
AF039150626,MERLIN,FENRIR,21,7,7,0,28,7,14,11-14,0
AF039150726,LIZARD,KILLJOY,7,10,0,0,7,10,-3,3-4,0
AF039150826,GADGET,HEADHUNTER,0,10,7,0,7,10,-10,8-10,0
AF039150926,MIRAGE,MAVERICK,21,14,3,7,24,21,7,5-7,0
AF039160626,GADGET,FENRIR,21,7,10,7,31,14,14,11-14,0
AF039160726,GADGET,HEADHUNTER,7,0,3,7,10,7,7,5-7,0
AF039160826,SPARK,MAVERICK,3,7,14,17,17,24,-4,3-4,4
AF039160926,MIRAGE,NIRVANA,17,7,0,3,17,10,10,8-10,0
AF039170626,KILLJOY,NIGHTMARE,17,7,10,7,27,14,10,8-10,0
AF039170826,REGRET,SCHOLAR,7,3,6,7,13,10,4,3-4,0
AF039170926,GADGET,HEADHUNTER,7,3,7,0,14,3,4,3-4,0
AF039180526,ENFORCER,MINDFLAYER,7,14,7,3,14,17,-7,5-7,0
AF039180726,MERLIN,FUSE,17,14,0,7,17,21,3,3-4,1
AF039180826,FENRIR,GADGET,21,7,7,13,28,20,14,11-14,0
AF039180926,FUSE,KILLJOY,14,10,10,7,24,17,4,3-4,0
AF039190526,HEADHUNTER,SPARK,10,7,3,7,13,14,3,3-4,1
AF039190726,FENRIR,LIZARD,7,3,7,8,14,11,4,3-4,0
AF039190826,NIRVANA,SPARK,10,7,7,7,17,14,3,3-4,0
AF039190926,HEADHUNTER,FENRIR,21,0,0,12,21,12,21,15+,0
AF039200526,KILLJOY,HEADHUNTER,7,3,7,8,14,11,4,3-4,0
AF039200726,GADGET,REGRET,14,14,14,10,28,24,0,level,3
AF039200826,LIZARD,REGRET,7,10,7,6,14,16,-3,3-4,2
AF039200926,HEADHUNTER,LIZARD,7,7,7,10,14,17,0,level,0
AF039210726,MERLIN,GADGET,14,14,7,6,21,20,0,level,1
AF039210826,PRISMATIC,REGRET,7,14,9,10,16,24,-7,5-7,0
AF039210926,HEADHUNTER,GADGET,7,10,3,3,10,13,-3,3-4,0
AF039220626,HEADHUNTER,GADGET,7,7,17,14,24,21,0,level,2
AF039220726,KILLJOY,FENRIR,21,14,3,7,24,21,7,5-7,0
AF039220826,MERLIN,GADGET,7,0,3,7,10,7,7,5-7,0
AF039230626,SHURIKEN,SPARK,3,0,7,7,10,7,3,3-4,0
AF039230726,SHURIKEN,GADGET,7,7,8,10,15,17,0,level,0
AF039230926,SCHOLAR,SHURIKEN,10,10,7,10,17,20,0,level,0
AF039240526,FENRIR,NIGHTMARE,21,14,3,7,24,21,7,5-7,0
AF039240726,PRISMATIC,SHURIKEN,7,7,7,0,14,7,0,level,0
AF039240826,MERLIN,FUSE,7,7,14,10,21,17,0,level,1
AF039250526,FENRIR,NIGHTMARE,21,7,7,15,28,22,14,11-14,0
AF039250626,FENRIR,GADGET,14,14,16,6,30,20,0,level,1
AF039250726,MERLIN,LIZARD,10,10,14,10,24,20,0,level,1
AF039250826,MERLIN,GADGET,7,7,10,7,17,14,0,level,1
AF039250926,MAVERICK,SHURIKEN,0,3,7,0,7,3,-3,3-4,1
AF039260526,REGRET,SHURIKEN,7,14,0,7,7,21,-7,5-7,0
AF039260626,MERLIN,HEADHUNTER,14,7,7,11,21,18,7,5-7,0
AF039260726,FENRIR,NIGHTMARE,7,21,21,10,28,31,-14,11-14,0
AF039260826,HEADHUNTER,LIZARD,7,10,7,7,14,17,-3,3-4,0
AF039260926,FUSE,MERLIN,13,14,3,7,16,21,-1,1-2,2
AF039270426,SPARK,MAVERICK,14,0,3,0,17,0,14,11-14,0
AF039270526,NIGHTMARE,KILLJOY,14,7,6,8,20,15,7,5-7,0
AF039270626,KILLJOY,GADGET,21,10,9,0,30,10,11,11-14,0
AF039270726,OCTANE,VALIANT,7,0,10,0,17,0,7,5-7,0
AF039280426,SABRE,HEADHUNTER,14,7,0,3,14,10,7,5-7,0
AF039280526,FUSE,REGRET,7,14,21,0,28,14,-7,5-7,1
AF039280626,MAVERICK,MERCURY,3,0,14,0,17,0,3,3-4,0
AF039280726,PRISMATIC,MIRAGE,7,10,17,6,24,16,-3,3-4,1
AF039280826,SCHOLAR,MAVERICK,21,7,3,15,24,22,14,11-14,0
AF039290426,REGRET,HEADHUNTER,7,7,7,10,14,17,0,level,1
AF039290526,HEADHUNTER,SHURIKEN,0,7,7,7,7,14,-7,5-7,0
AF039290626,FUSE,SABRE,10,10,14,0,24,10,0,level,0
AF039290726,KILLJOY,LIZARD,7,0,3,7,10,7,7,5-7,0
AF039290826,HEADHUNTER,MERLIN,10,7,7,0,17,7,3,3-4,0
AF039290926,LIZARD,HEADHUNTER,7,10,21,28,28,38,-3,3-4,0
AF039300426,MERCENARY,GADGET,10,7,11,3,21,10,3,3-4,0
AF039300526,MEMENTO,HERMES,0,3,3,3,3,6,-3,3-4,0
AF039300626,MERCURY,MISSILE,3,14,0,0,3,14,-11,11-14,0
AF039300726,HEADHUNTER,GADGET,7,14,0,7,7,21,-7,5-7,0
AF039300826,NIGHTMARE,FENRIR,7,7,7,9,14,16,0,level,0
AF039310526,NIGHTMARE,FENRIR,7,10,7,7,14,17,-3,3-4,2
AF039310726,MERLIN,KILLJOY,7,7,17,14,24,21,0,level,0
AF039310826,FENRIR,GADGET,14,14,21,7,35,21,0,level,0
AF040010526,MINDFLAYER,PRISMATIC,13,21,2,6,15,27,-8,8-10,0
AF040010626,RICOCHET,ORIGINAL,7,14,7,10,14,24,-7,5-7,0
AF040010726,CLOCKWORK,SCHOLAR,14,7,0,17,14,24,7,5-7,1
AF040010826,SHURIKEN,SCHOLAR,7,0,0,10,7,10,7,5-7,1
AF040010926,ENFORCER,MISSILE,14,7,7,17,21,24,7,5-7,1
AF040011026,MINDFLAYER,MERCURY,0,7,15,15,15,22,-7,5-7,2
AF040020526,LIZARD,NIGHTMARE,10,0,3,0,13,0,10,8-10,0
AF040020626,MINDFLAYER,SCHOLAR,7,0,7,7,14,7,7,5-7,0
AF040020826,MINDFLAYER,PRISMATIC,0,7,3,7,3,14,-7,5-7,0
AF040020926,DREAD,ORIGINAL,10,0,0,0,10,0,10,8-10,0
AF040021026,DON,MERCURY,7,7,17,6,24,13,0,level,0
AF040030526,TOMBSTONE,PRISMATIC,14,14,10,8,24,22,0,level,2
AF040030726,FUSE,FENRIR,14,10,7,8,21,18,4,3-4,0
AF040030826,DREAD,MISSILE,10,10,3,0,13,10,0,level,0
AF040030926,MONSTER,UNICORN,7,7,0,7,7,14,0,level,0
AF040040526,SCHOLAR,SPARK,3,7,0,7,3,14,-4,3-4,0
AF040040626,SCHOLAR,TOMBSTONE,0,21,7,7,7,28,-21,15+,0
AF040040826,MERCURY,STEEL,10,0,8,21,18,21,10,8-10,1
AF040040926,RICOCHET,MERCURY,0,10,7,7,7,17,-10,8-10,0
AF040041026,SHURIKEN,MISSILE,3,0,7,0,10,0,3,3-4,0
AF040050626,PRISMATIC,SCHOLAR,7,7,0,7,7,14,0,level,0
AF040050726,TOMBSTONE,STEEL,14,21,15,7,29,28,-7,5-7,1
AF040050826,TOMBSTONE,DREAD,0,7,3,7,3,14,-7,5-7,0
AF040050926,SHURIKEN,SPARK,3,3,10,7,13,10,0,level,0
AF040051026,ENFORCER,DON,6,7,7,0,13,7,-1,1-2,1
AF040060626,GADGET,SHURIKEN,21,7,10,10,31,17,14,11-14,0
AF040060726,PRISMATIC,SPARK,9,7,10,14,19,21,2,1-2,3
AF040060826,ORIGINAL,MINDFLAYER,7,7,7,10,14,17,0,level,0
AF040060926,STEEL,PRISMATIC,7,14,24,15,31,29,-7,5-7,3
AF040070526,STEEL,MINDFLAYER,14,21,13,14,27,35,-7,5-7,0
AF040070626,PRISMATIC,MIRAGE,21,7,7,7,28,14,14,11-14,0
AF040070726,SPARK,MAVERICK,14,7,3,7,17,14,7,5-7,0
AF040070826,NIRVANA,PURSUIT,17,7,6,23,23,30,10,8-10,1
AF040070926,PRISMATIC,SCHOLAR,7,7,7,10,14,17,0,level,0
AF040080626,GADGET,SHURIKEN,14,0,3,14,17,14,14,11-14,0
AF040080726,STEEL,ENFORCER,1,10,7,0,8,10,-9,8-10,0
AF040080826,LIZARD,HEADHUNTER,3,21,22,10,25,31,-18,15+,0
AF040080926,MAVERICK,GADGET,7,10,7,14,14,24,-3,3-4,2
AF040090626,RICOCHET,TOMBSTONE,3,13,3,14,6,27,-10,8-10,0
AF040090726,TOMBSTONE,PRISMATIC,7,14,0,3,7,17,-7,5-7,0
AF040090826,SHURIKEN,MAVERICK,7,7,0,10,7,17,0,level,0
AF040090926,FUSE,KILLJOY,0,10,7,3,7,13,-10,8-10,0
AF040100626,MAVERICK,CLOCKWORK,14,21,7,6,21,27,-7,5-7,0
AF040100726,ORIGINAL,PRISMATIC,7,14,7,7,14,21,-7,5-7,0
AF040100826,MIRAGE,STEEL,17,7,0,7,17,14,10,8-10,0
AF040100926,MINDFLAYER,ORIGINAL,0,7,0,3,0,10,-7,5-7,0
AF040110626,SPARK,REGRET,3,7,0,0,3,7,-4,3-4,0
AF040110726,IMPERIAL,SUMMIT,10,14,15,8,25,22,-4,3-4,3
AF040110826,DREAD,MISSILE,7,7,13,7,20,14,0,level,0
AF040110926,MISSILE,SHURIKEN,0,3,21,13,21,16,-3,3-4,1
AF040120626,ORIGINAL,DREAD,14,14,7,0,21,14,0,level,0
AF040120726,TOMBSTONE,STEEL,21,7,14,14,35,21,14,11-14,0
AF040120826,DREAD,ENFORCER,7,7,10,7,17,14,0,level,1
AF040120926,DREAD,MERCURY,10,7,7,6,17,13,3,3-4,0
AF040130626,MISSILE,MAVERICK,14,10,0,14,14,24,4,3-4,1
AF040130726,MERCURY,MISSILE,0,13,6,3,6,16,-13,11-14,0
AF040130826,STEEL,SCHOLAR,7,21,21,10,28,31,-14,11-14,0
AF040130926,SHURIKEN,PRISMATIC,17,0,0,0,17,0,17,15+,0
AF040140626,TOMBSTONE,MIRAGE,3,0,7,9,10,9,3,3-4,0
AF040140726,STEEL,ENFORCER,14,10,10,0,24,10,4,3-4,0
AF040140826,RICOCHET,CLOCKWORK,14,10,7,3,21,13,4,3-4,0
AF040140926,RICOCHET,ENFORCER,7,0,0,0,7,0,7,5-7,0
AF040150626,MERCURY,SHURIKEN,7,7,10,7,17,14,0,level,0
AF040150726,GADGET,REGRET,10,14,14,3,24,17,-4,3-4,1
AF040150826,NIGHTMARE,FUSE,21,7,0,7,21,14,14,11-14,0
AF040150926,PURSUIT,STEEL,17,21,6,14,23,35,-4,3-4,0
AF040160626,SCHOLAR,SHURIKEN,10,14,8,13,18,27,-4,3-4,0
AF040160726,MERCURY,MIRAGE,7,17,8,0,15,17,-10,8-10,0
AF040160826,STEEL,MIRAGE,0,10,7,7,7,17,-10,8-10,0
AF040160926,MERLIN,FUSE,0,14,3,14,3,28,-14,11-14,0
AF040170626,CLOCKWORK,MERCURY,7,7,10,13,17,20,0,level,2
AF040170726,RICOCHET,CLOCKWORK,0,6,10,7,10,13,-6,5-7,0
AF040170826,HEADHUNTER,GADGET,7,3,17,22,24,25,4,3-4,5
AF040170926,MINDFLAYER,CLOCKWORK,7,14,14,8,21,22,-7,5-7,2
AF040180526,NIGHTMARE,FUSE,7,17,18,7,25,24,-10,8-10,1
AF040180726,ORIGINAL,PRISMATIC,17,14,7,7,24,21,3,3-4,2
AF040180826,ENFORCER,STEEL,21,17,14,14,35,31,4,3-4,4
AF040190826,STEEL,ORIGINAL,0,10,15,13,15,23,-10,8-10,0
AF040200526,SHURIKEN,SPARK,3,0,7,0,10,0,3,3-4,0
AF040200726,STEEL,MERCURY,10,14,8,7,18,21,-4,3-4,0
AF040200826,ORIGINAL,STEEL,24,14,0,0,24,14,10,8-10,0
AF040200926,MAVERICK,SPARK,7,17,0,3,7,20,-10,8-10,0
AF040210726,MINDFLAYER,MERCURY,7,14,15,7,22,21,-7,5-7,1
AF040210826,ORIGINAL,CLOCKWORK,14,3,14,10,28,13,11,11-14,0
AF040220726,REGRET,SPARK,7,0,7,13,14,13,7,5-7,0
AF040220826,SHURIKEN,MAVERICK,0,14,7,7,7,21,-14,11-14,0
AF040220926,SHURIKEN,SPARK,14,7,10,14,24,21,7,5-7,0
AF040230726,RICOCHET,ORIGINAL,6,7,13,14,19,21,-1,1-2,0
AF040230826,MISSILE,MIRAGE,21,10,7,7,28,17,11,11-14,0
AF040230926,MERCURY,ENFORCER,7,7,14,3,21,10,0,level,1
AF040240526,RICOCHET,PRISMATIC,7,7,16,7,23,14,0,level,2
AF040240626,ENFORCER,CLOCKWORK,7,3,7,0,14,3,4,3-4,0
AF040240726,DREAD,MISSILE,7,7,0,14,7,21,0,level,0
AF040240826,MINDFLAYER,SHURIKEN,7,14,8,3,15,17,-7,5-7,0
AF040240926,MINDFLAYER,ENFORCER,7,17,15,14,22,31,-10,8-10,0
AF040250526,PRISMATIC,SPARK,0,7,9,7,9,14,-7,5-7,0
AF040250626,ORIGINAL,SCHOLAR,10,10,7,10,17,20,0,level,1
AF040250726,ORIGINAL,MAVERICK,0,14,24,7,24,21,-14,11-14,1
AF040250826,MAVERICK,SPARK,7,0,0,10,7,10,7,5-7,1
AF040250926,ORIGINAL,CLOCKWORK,7,7,7,0,14,7,0,level,0
AF040260526,SCHOLAR,ENFORCER,7,7,7,10,14,17,0,level,1
AF040260626,MERCURY,NIRVANA,7,7,14,13,21,20,0,level,0
AF040260726,PRISMATIC,MIRAGE,14,14,7,14,21,28,0,level,0
AF040260826,DREAD,RICOCHET,7,10,14,7,21,17,-3,3-4,3
AF040260926,SHURIKEN,SCHOLAR,3,7,7,10,10,17,-4,3-4,0
AF040270426,SABRE,AVATAR,7,13,3,0,10,13,-6,5-7,0
AF040270526,RICOCHET,NIRVANA,3,21,6,0,9,21,-18,15+,0
AF040270626,TOMBSTONE,PRISMATIC,10,14,21,18,31,32,-4,3-4,4
AF040270726,FUSE,NIGHTMARE,0,19,14,7,14,26,-19,15+,0
AF040270826,PRISMATIC,SCHOLAR,14,7,10,18,24,25,7,5-7,1
AF040270926,MISSILE,ORIGINAL,7,7,14,7,21,14,0,level,1
AF040280426,ENFORCER,REGRET,7,14,0,3,7,17,-7,5-7,0
AF040280526,TOMBSTONE,STEEL,14,7,7,3,21,10,7,5-7,0
AF040280626,TOMBSTONE,MIRAGE,0,14,7,7,7,21,-14,11-14,0
AF040280726,ENFORCER,MINDFLAYER,14,10,0,0,14,10,4,3-4,0
AF040280826,RICOCHET,MERCURY,0,10,7,7,7,17,-10,8-10,0
AF040280926,GADGET,REGRET,13,10,11,17,24,27,3,3-4,1
AF040290426,PRISMATIC,ENFORCER,7,7,10,7,17,14,0,level,0
AF040290526,SCHOLAR,ORIGINAL,10,7,0,10,10,17,3,3-4,1
AF040290626,MERCURY,SCHOLAR,7,7,10,7,17,14,0,level,0
AF040290726,SHURIKEN,SPARK,7,7,7,10,14,17,0,level,0
AF040290826,MISSILE,MINDFLAYER,3,10,13,7,16,17,-7,5-7,0
AF040290926,MINDFLAYER,DREAD,21,3,0,14,21,17,18,15+,0
AF040300526,LEO,JUDGEMENT,7,10,0,3,7,13,-3,3-4,0
AF040300626,PURSUIT,PRISMATIC,14,7,10,15,24,22,7,5-7,0
AF040300726,ORIGINAL,DREAD,14,7,7,0,21,7,7,5-7,0
AF040300826,MISSILE,STEEL,21,21,14,17,35,38,0,level,1
AF040310526,ORIGINAL,MAVERICK,10,7,0,7,10,14,3,3-4,1
AF040310726,RICOCHET,CLOCKWORK,14,7,14,10,28,17,7,5-7,0
AF040310826,DREAD,ENFORCER,7,14,6,14,13,28,-7,5-7,0
AF041010526,REGRET,SHURIKEN,10,7,0,14,10,21,3,3-4,1
AF041010626,FENRIR,KILLJOY,17,7,10,7,27,14,10,8-10,0
AF041010726,MERLIN,NIGHTMARE,14,14,0,10,14,24,0,level,0
AF041010826,REGRET,SPARK,17,0,7,14,24,14,17,15+,0
AF041010926,SPARK,PRISMATIC,10,7,7,17,17,24,3,3-4,3
AF041011026,FUSE,FENRIR,10,7,7,13,17,20,3,3-4,3
AF041020526,SCHOLAR,SPARK,7,7,7,8,14,15,0,level,1
AF041020626,REGRET,SHURIKEN,7,6,10,14,17,20,1,1-2,3
AF041020726,REGRET,GADGET,14,24,0,0,14,24,-10,8-10,0
AF041020826,MERLIN,FUSE,21,24,14,14,35,38,-3,3-4,2
AF041020926,GADGET,FENRIR,7,21,7,3,14,24,-14,11-14,0
AF041021026,MISSILE,SHURIKEN,3,13,0,3,3,16,-10,8-10,0
AF041030526,SHURIKEN,HEADHUNTER,14,7,0,10,14,17,7,5-7,1
AF041030626,LYNX,SHROUD,3,7,7,7,10,14,-4,3-4,2
AF041030726,CLOCKWORK,MERCURY,7,7,8,10,15,17,0,level,0
AF041030826,MIRAGE,SPARK,0,10,3,0,3,10,-10,8-10,0
AF041030926,PSYCHIC,CRYSTAL,7,7,13,8,20,15,0,level,2
AF041031026,NIGHTMARE,FENRIR,7,14,14,6,21,20,-7,5-7,1
AF041040526,AVATAR,REGRET,14,7,3,0,17,7,7,5-7,0
AF041040626,MERCENARY,HEADHUNTER,10,7,7,7,17,14,3,3-4,2
AF041040726,NIGHTMARE,LIZARD,0,0,10,7,10,7,0,level,1
AF041040826,MERLIN,FENRIR,7,14,7,3,14,17,-7,5-7,0
AF041040926,MERLIN,FENRIR,14,24,21,21,35,45,-10,8-10,2
AF041041026,LIZARD,NIGHTMARE,3,10,17,13,20,23,-7,5-7,0
AF041050626,NIRVANA,HEADHUNTER,17,7,17,14,34,21,10,8-10,0
AF041050726,NIRVANA,REGRET,17,0,0,0,17,0,17,15+,0
AF041050826,LIZARD,REGRET,24,7,0,0,24,7,17,15+,0
AF041050926,REGRET,GADGET,14,10,0,7,14,17,4,3-4,1
AF041051026,MERLIN,NIGHTMARE,21,7,7,7,28,14,14,11-14,0
AF041060626,LIZARD,FENRIR,13,14,7,7,20,21,-1,1-2,2
AF041060726,MERLIN,NIGHTMARE,7,10,21,21,28,31,-3,3-4,0
AF041060826,SPARK,SHURIKEN,7,7,0,3,7,10,0,level,0
AF041060926,FUSE,REGRET,7,24,21,6,28,30,-17,15+,2
AF041061026,MERLIN,NIGHTMARE,10,14,7,0,17,14,-4,3-4,1
AF041070526,GADGET,SABRE,7,0,7,13,14,13,7,5-7,0
AF041070626,HEADHUNTER,MERCENARY,3,14,0,3,3,17,-11,11-14,0
AF041070726,LIZARD,GADGET,7,0,7,7,14,7,7,5-7,0
AF041070826,ORIGINAL,MISSILE,7,7,10,8,17,15,0,level,2
AF041070926,MERLIN,FUSE,0,14,0,17,0,31,-14,11-14,0
AF041080626,FENRIR,NIGHTMARE,3,10,7,3,10,13,-7,5-7,0
AF041080726,LIZARD,FENRIR,10,21,15,7,25,28,-11,11-14,2
AF041080826,MERLIN,FUSE,14,7,7,7,21,14,7,5-7,0
AF041080926,ENFORCER,MINDFLAYER,10,14,3,10,13,24,-4,3-4,0
AF041090626,SABRE,SHURIKEN,14,10,0,7,14,17,4,3-4,1
AF041090726,HEADHUNTER,FENRIR,14,21,13,7,27,28,-7,5-7,2
AF041090826,FUSE,NIGHTMARE,14,7,14,7,28,14,7,5-7,0
AF041090926,CLOCKWORK,RICOCHET,7,10,10,14,17,24,-3,3-4,2
AF041100626,SPARK,NIRVANA,7,7,10,14,17,21,0,level,1
AF041100726,MERLIN,FENRIR,7,21,14,14,21,35,-14,11-14,0
AF041100826,FUSE,NIGHTMARE,7,14,10,6,17,20,-7,5-7,0
AF041100926,LIZARD,REGRET,17,7,3,3,20,10,10,8-10,0
AF041110626,FUSE,MERLIN,17,21,14,13,31,34,-4,3-4,0
AF041110826,SPARK,PURSUIT,10,7,7,7,17,14,3,3-4,0
AF041110926,MERCURY,DREAD,7,7,3,7,10,14,0,level,1
AF041120626,REGRET,MERCENARY,0,7,17,14,17,21,-7,5-7,2
AF041120726,MINDFLAYER,NIRVANA,3,3,0,10,3,13,0,level,0
AF041120826,HEADHUNTER,LIZARD,7,7,6,7,13,14,0,level,0
AF041120926,GADGET,REGRET,7,10,10,10,17,20,-3,3-4,0
AF041130626,NIGHTMARE,FENRIR,13,7,3,0,16,7,6,5-7,0
AF041130726,HEADHUNTER,GADGET,0,14,14,3,14,17,-14,11-14,0
AF041130826,SPARK,SHURIKEN,21,7,3,7,24,14,14,11-14,0
AF041130926,HEADHUNTER,FENRIR,0,0,17,7,17,7,0,level,0
AF041140626,ORIGINAL,PRISMATIC,17,7,7,14,24,21,10,8-10,0
AF041140726,SCHOLAR,MINDFLAYER,7,14,7,7,14,21,-7,5-7,0
AF041140826,MERLIN,FENRIR,10,0,7,14,17,14,10,8-10,2
AF041140926,MIRAGE,SPARK,14,7,10,7,24,14,7,5-7,0
AF041150626,NIGHTMARE,KILLJOY,21,7,13,7,34,14,14,11-14,0
AF041150726,FENRIR,KILLJOY,7,10,0,10,7,20,-3,3-4,0
AF041150826,HEADHUNTER,LIZARD,3,3,21,14,24,17,0,level,0
AF041150926,SHURIKEN,PRISMATIC,3,7,7,0,10,7,-4,3-4,1
AF041160626,FUSE,MERLIN,6,0,7,10,13,10,6,5-7,0
AF041160726,REGRET,SHURIKEN,14,0,10,14,24,14,14,11-14,0
AF041160826,MAVERICK,NIRVANA,0,14,14,7,14,21,-14,11-14,0
AF041160926,MIRAGE,MAVERICK,7,7,14,12,21,19,0,level,0
AF041170626,FENRIR,FUSE,16,7,14,14,30,21,9,8-10,0
AF041170926,LIZARD,REGRET,14,14,7,0,21,14,0,level,0
AF041180526,MINDFLAYER,SCHOLAR,7,14,15,7,22,21,-7,5-7,1
AF041180726,FENRIR,KILLJOY,14,10,14,6,28,16,4,3-4,0
AF041180826,MERLIN,FUSE,14,7,7,10,21,17,7,5-7,2
AF041180926,FENRIR,MERLIN,13,0,8,7,21,7,13,11-14,0
AF041190526,SHURIKEN,PURSUIT,14,7,14,0,28,7,7,5-7,0
AF041190726,NIGHTMARE,HEADHUNTER,7,7,14,10,21,17,0,level,1
AF041190826,PRISMATIC,PURSUIT,17,7,7,14,24,21,10,8-10,0
AF041190926,HEADHUNTER,NIGHTMARE,3,10,8,7,11,17,-7,5-7,0
AF041200526,FUSE,NIGHTMARE,10,10,10,14,20,24,0,level,1
AF041200726,SPARK,SHURIKEN,7,7,7,3,14,10,0,level,1
AF041200826,GADGET,HEADHUNTER,14,0,8,8,22,8,14,11-14,0
AF041200926,HEADHUNTER,NIGHTMARE,0,7,15,14,15,21,-7,5-7,2
AF041210726,KILLJOY,FUSE,17,10,3,7,20,17,7,5-7,0
AF041210826,SCHOLAR,SHURIKEN,3,7,8,7,11,14,-4,3-4,0
AF041210926,FENRIR,REGRET,7,9,10,0,17,9,-2,1-2,1
AF041220626,REGRET,FUSE,6,14,0,20,6,34,-8,8-10,0
AF041220726,FUSE,NIGHTMARE,7,0,14,17,21,17,7,5-7,0
AF041220826,FENRIR,HEADHUNTER,14,7,14,24,28,31,7,5-7,1
AF041220926,FENRIR,MERLIN,10,7,7,14,17,21,3,3-4,3
AF041230626,PRECISION,SENTRY,21,13,7,6,28,19,8,8-10,0
AF041230726,REGRET,SPARK,10,0,14,0,24,0,10,8-10,0
AF041230826,NIGHTMARE,LIZARD,7,14,0,3,7,17,-7,5-7,0
AF041230926,NIRVANA,SHURIKEN,10,14,7,7,17,21,-4,3-4,2
AF041240526,LIZARD,HEADHUNTER,3,14,0,6,3,20,-11,11-14,0
AF041240626,NIGHTMARE,HEADHUNTER,3,3,10,7,13,10,0,level,0
AF041240726,MINDFLAYER,MERCURY,7,0,10,0,17,0,7,5-7,0
AF041240826,FENRIR,NIGHTMARE,7,10,14,7,21,17,-3,3-4,3
AF041240926,REGRET,GADGET,7,14,21,7,28,21,-7,5-7,1
AF041250526,GADGET,KILLJOY,0,10,3,7,3,17,-10,8-10,0
AF041250626,FUSE,HEADHUNTER,0,14,8,3,8,17,-14,11-14,0
AF041250726,PATHFINDER,OFFICER,7,14,17,7,24,21,-7,5-7,1
AF041250826,FUSE,NIGHTMARE,0,7,18,10,18,17,-7,5-7,1
AF041260526,PURSUIT,SPARK,7,7,3,7,10,14,0,level,0
AF041260626,HEADHUNTER,LIZARD,14,7,10,8,24,15,7,5-7,0
AF041260726,LIZARD,MERLIN,14,3,10,9,24,12,11,11-14,0
AF041260826,NIGHTMARE,GADGET,14,3,14,7,28,10,11,11-14,0
AF041260926,FENRIR,NIGHTMARE,21,17,21,17,42,34,4,3-4,2
AF041270426,MAVERICK,SHURIKEN,7,14,0,0,7,14,-7,5-7,0
AF041270526,FENRIR,HEADHUNTER,0,7,10,0,10,7,-7,5-7,1
AF041270626,LIZARD,NIGHTMARE,7,14,7,7,14,21,-7,5-7,0
AF041270726,SCHOLAR,PURSUIT,7,14,18,14,25,28,-7,5-7,2
AF041270826,FUSE,HEADHUNTER,14,7,10,0,24,7,7,5-7,0
AF041270926,LIZARD,FENRIR,14,7,7,7,21,14,7,5-7,0
AF041280426,HEADHUNTER,GADGET,14,7,10,7,24,14,7,5-7,0
AF041280526,MERCENARY,HEADHUNTER,10,3,8,14,18,17,7,5-7,2
AF041280626,NIRVANA,PRISMATIC,14,10,7,6,21,16,4,3-4,0
AF041280726,MAVERICK,SCHOLAR,7,7,14,10,21,17,0,level,1
AF041280826,PURSUIT,REGRET,7,10,7,6,14,16,-3,3-4,2
AF041280926,KILLJOY,NIGHTMARE,28,24,17,24,45,48,4,3-4,5
AF041290426,NIGHTMARE,GADGET,21,0,10,3,31,3,21,15+,0
AF041290526,SHURIKEN,NIRVANA,0,13,0,3,0,16,-13,11-14,0
AF041290626,HEADHUNTER,GADGET,0,14,13,7,13,21,-14,11-14,0
AF041290726,KILLJOY,NIGHTMARE,0,14,2,3,2,17,-14,11-14,0
AF041290826,FUSE,FENRIR,14,14,8,14,22,28,0,level,0
AF041290926,FENRIR,NIGHTMARE,7,14,10,0,17,14,-7,5-7,1
AF041300426,AVATAR,SABRE,21,14,14,15,35,29,7,5-7,2
AF041300526,GADGET,KILLJOY,7,7,7,3,14,10,0,level,1
AF041300626,RICOCHET,MIRAGE,3,7,8,7,11,14,-4,3-4,0
AF041300726,REGRET,SHURIKEN,3,0,3,3,6,3,3,3-4,0
AF041300826,LIZARD,MERLIN,0,28,7,0,7,28,-28,15+,0
AF041300926,SPARK,SCHOLAR,3,0,0,0,3,0,3,3-4,0
AF041310526,FENRIR,GADGET,10,7,7,7,17,14,3,3-4,2
AF041310726,FUSE,FENRIR,7,14,13,9,20,23,-7,5-7,0
AF041310826,FUSE,HEADHUNTER,14,3,14,6,28,9,11,11-14,0
AF042010526,TOMBSTONE,NIRVANA,14,0,7,20,21,20,14,11-14,0
AF042010626,ENFORCER,TOMBSTONE,7,14,0,7,7,21,-7,5-7,0
AF042010726,MINDFLAYER,ENFORCER,14,24,20,7,34,31,-10,8-10,1
AF042010826,MAVERICK,MINDFLAYER,3,3,21,8,24,11,0,level,0
AF042010926,MERCURY,DREAD,7,7,17,8,24,15,0,level,0
AF042011026,ENFORCER,DON,10,0,3,7,13,7,10,8-10,0
AF042020526,FENRIR,AVATAR,7,10,14,0,21,10,-3,3-4,1
AF042020626,ENFORCER,MAVERICK,7,21,7,7,14,28,-14,11-14,0
AF042020726,MIRAGE,MISSILE,3,10,7,3,10,13,-7,5-7,0
AF042020826,NIRVANA,SHURIKEN,10,0,0,7,10,7,10,8-10,0
AF042020926,STEEL,ENFORCER,7,14,7,3,14,17,-7,5-7,0
AF042021026,CLOCKWORK,ORIGINAL,7,14,8,14,15,28,-7,5-7,0
AF042030526,SCHOLAR,MINDFLAYER,10,7,0,7,10,14,3,3-4,1
AF042030626,SENTINEL,GENIUS,3,14,8,0,11,14,-11,11-14,0
AF042030726,MERLIN,KILLJOY,14,14,14,7,28,21,0,level,0
AF042030826,ORIGINAL,MERCURY,0,2,7,9,7,11,-2,1-2,2
AF042030926,FENRIR,MERLIN,7,0,7,6,14,6,7,5-7,0
AF042040526,SHURIKEN,ENFORCER,3,3,7,0,10,3,0,level,0
AF042040626,ORIGINAL,STEEL,3,14,14,7,17,21,-11,11-14,0
AF042040726,GADGET,SPARK,14,3,0,7,14,10,11,11-14,0
AF042040826,MIRAGE,MINDFLAYER,21,7,6,8,27,15,14,11-14,0
AF042040926,MINDFLAYER,CLOCKWORK,0,7,0,7,0,14,-7,5-7,0
AF042050626,MERCURY,MAVERICK,0,17,7,0,7,17,-17,15+,0
AF042050726,PRISMATIC,MIRAGE,7,7,0,7,7,14,0,level,0
AF042050926,PURSUIT,SCHOLAR,24,0,10,28,34,28,24,15+,0
AF042051026,MERCURY,MINDFLAYER,7,10,7,7,14,17,-3,3-4,2
AF042060526,MINDFLAYER,SCHOLAR,7,13,7,0,14,13,-6,5-7,1
AF042060626,REGRET,SPARK,7,14,13,7,20,21,-7,5-7,0
AF042060726,MIRAGE,SCHOLAR,5,7,3,7,8,14,-2,1-2,0
AF042060826,MINDFLAYER,STEEL,21,7,0,12,21,19,14,11-14,0
AF042060926,MIRAGE,MISSILE,7,13,7,7,14,20,-6,5-7,0
AF042061026,NIRVANA,SHURIKEN,3,7,17,7,20,14,-4,3-4,1
AF042070526,MINDFLAYER,ENFORCER,17,3,7,3,24,6,14,11-14,0
AF042070626,ORIGINAL,MAVERICK,14,14,7,8,21,22,0,level,1
AF042070726,SCHOLAR,ENFORCER,6,14,11,0,17,14,-8,8-10,1
AF042070826,REGRET,MAVERICK,7,7,6,7,13,14,0,level,0
AF042070926,PURSUIT,MIRAGE,7,10,7,7,14,17,-3,3-4,0
AF042080626,SPARK,MERLIN,14,14,0,10,14,24,0,level,0
AF042080726,PRISMATIC,SCHOLAR,21,0,7,7,28,7,21,15+,0
AF042080826,GADGET,NIGHTMARE,14,7,14,15,28,22,7,5-7,0
AF042080926,REGRET,SPARK,7,7,7,0,14,7,0,level,0
AF042090626,ORIGINAL,PRISMATIC,10,7,0,7,10,14,3,3-4,1
AF042090726,STEEL,MIRAGE,14,21,14,10,28,31,-7,5-7,0
AF042090826,NIRVANA,MIRAGE,14,7,7,0,21,7,7,5-7,0
AF042090926,MERLIN,NIGHTMARE,10,3,14,28,24,31,7,5-7,1
AF042100626,MINDFLAYER,MERCURY,14,14,10,7,24,21,0,level,0
AF042100726,SCHOLAR,MIRAGE,3,7,20,14,23,21,-4,3-4,3
AF042100826,MAVERICK,STEEL,10,0,7,0,17,0,10,8-10,0
AF042100926,STEEL,MERCURY,14,10,14,7,28,17,4,3-4,2
AF042110626,GADGET,SCHOLAR,7,14,14,10,21,24,-7,5-7,0
AF042110726,HERMES,MEMENTO,10,14,7,14,17,28,-4,3-4,0
AF042110826,ORIGINAL,MERCURY,14,14,7,0,21,14,0,level,0
AF042110926,SCHOLAR,SHURIKEN,7,7,31,26,38,33,0,level,0
AF042120626,CLOCKWORK,TOMBSTONE,7,14,0,7,7,21,-7,5-7,0
AF042120726,ORIGINAL,MISSILE,14,7,14,7,28,14,7,5-7,0
AF042120826,ENFORCER,CLOCKWORK,10,0,3,10,13,10,10,8-10,0
AF042120926,MINDFLAYER,RICOCHET,14,13,3,0,17,13,1,1-2,0
AF042130626,MAVERICK,SCHOLAR,7,14,21,3,28,17,-7,5-7,1
AF042130726,DREAD,RICOCHET,0,0,14,0,14,0,0,level,0
AF042130826,MINDFLAYER,ORIGINAL,14,6,0,3,14,9,8,8-10,0
AF042130926,MIRAGE,SPARK,3,7,8,7,11,14,-4,3-4,0
AF042140626,MISSILE,DREAD,21,14,10,0,31,14,7,5-7,0
AF042140726,TOMBSTONE,MIRAGE,7,14,6,10,13,24,-7,5-7,0
AF042140826,MERCURY,DREAD,14,3,7,14,21,17,11,11-14,0
AF042140926,RICOCHET,DREAD,14,7,17,6,31,13,7,5-7,0
AF042150626,PURSUIT,SPARK,3,0,7,11,10,11,3,3-4,1
AF042150726,NIRVANA,REGRET,7,14,3,7,10,21,-7,5-7,0
AF042150826,KILLJOY,FENRIR,10,7,7,7,17,14,3,3-4,2
AF042150926,SPARK,SCHOLAR,7,0,0,10,7,10,7,5-7,1
AF042160626,SPARK,ENFORCER,14,7,10,14,24,21,7,5-7,0
AF042160726,PRISMATIC,ORIGINAL,7,21,15,3,22,24,-14,11-14,2
AF042160826,MIRAGE,SHURIKEN,7,14,7,3,14,17,-7,5-7,0
AF042160926,NIGHTMARE,KILLJOY,14,14,17,14,31,28,0,level,4
AF042170626,TOMBSTONE,PRISMATIC,7,10,14,0,21,10,-3,3-4,1
AF042170826,NIGHTMARE,LIZARD,6,3,8,17,14,20,3,3-4,1
AF042170926,MERCURY,ENFORCER,0,17,0,3,0,20,-17,15+,0
AF042180526,KILLJOY,FUSE,17,17,0,7,17,24,0,level,0
AF042180626,MISSILE,ENFORCER,13,7,3,10,16,17,6,5-7,1
AF042180726,SCHOLAR,STEEL,7,0,17,8,24,8,7,5-7,0
AF042180826,MERCURY,DREAD,14,17,11,7,25,24,-3,3-4,1
AF042180926,CLOCKWORK,RICOCHET,17,14,14,14,31,28,3,3-4,4
AF042190526,RICOCHET,ENFORCER,10,7,7,0,17,7,3,3-4,0
AF042190726,NIRVANA,MINDFLAYER,7,7,3,7,10,14,0,level,1
AF042190826,ENFORCER,MIRAGE,14,7,7,21,21,28,7,5-7,1
AF042200526,NIRVANA,REGRET,3,14,12,3,15,17,-11,11-14,0
AF042200726,ENFORCER,PRISMATIC,14,14,8,10,22,24,0,level,2
AF042200826,MIRAGE,MERCURY,10,10,7,6,17,16,0,level,0
AF042210726,SCHOLAR,PRISMATIC,0,0,0,10,0,10,0,level,0
AF042210826,DREAD,MERCURY,7,10,3,10,10,20,-3,3-4,0
AF042220626,KILLJOY,FENRIR,7,10,6,7,13,17,-3,3-4,0
AF042220726,PURSUIT,NIRVANA,0,14,7,3,7,17,-14,11-14,0
AF042220826,SCHOLAR,PRISMATIC,7,7,3,7,10,14,0,level,1
AF042220926,NIRVANA,SHURIKEN,10,7,0,7,10,14,3,3-4,1
AF042230626,KRAKEN,MONSTER,10,0,10,7,20,7,10,8-10,0
AF042230726,STEEL,ENFORCER,7,10,14,10,21,20,-3,3-4,3
AF042230826,PURSUIT,RICOCHET,14,10,14,0,28,10,4,3-4,0
AF042230926,ORIGINAL,ENFORCER,0,7,3,10,3,17,-7,5-7,0
AF042240526,MAVERICK,ORIGINAL,7,3,7,14,14,17,4,3-4,3
AF042240626,SPARK,MERCURY,7,7,3,0,10,7,0,level,0
AF042240726,CLOCKWORK,RICOCHET,14,3,7,6,21,9,11,11-14,0
AF042240826,MIRAGE,MERCURY,3,7,15,14,18,21,-4,3-4,0
AF042240926,MERCURY,ORIGINAL,7,10,0,7,7,17,-3,3-4,0
AF042250526,SHURIKEN,ENFORCER,7,3,0,3,7,6,4,3-4,0
AF042250726,WARRIOR,DAME,10,10,0,3,10,13,0,level,0
AF042250826,SCHOLAR,PRISMATIC,14,17,13,7,27,24,-3,3-4,3
AF042250926,MINDFLAYER,MERCURY,14,14,6,7,20,21,0,level,0
AF042260526,MAVERICK,MINDFLAYER,7,7,0,3,7,10,0,level,0
AF042260626,NIRVANA,CLOCKWORK,17,14,8,14,25,28,3,3-4,1
AF042260726,MINDFLAYER,TOMBSTONE,21,7,0,0,21,7,14,11-14,0
AF042260826,CLOCKWORK,ENFORCER,3,10,0,0,3,10,-7,5-7,0
AF042260926,SPARK,MAVERICK,0,7,0,3,0,10,-7,5-7,0
AF042270426,REGRET,GADGET,0,0,10,0,10,0,0,level,0
AF042270526,SHURIKEN,ENFORCER,0,7,10,0,10,7,-7,5-7,1
AF042270626,MIRAGE,MERCURY,7,14,3,3,10,17,-7,5-7,0
AF042270726,HEADHUNTER,GADGET,10,17,8,7,18,24,-7,5-7,0
AF042270826,SHURIKEN,SPARK,0,0,8,7,8,7,0,level,1
AF042270926,NIRVANA,SHURIKEN,9,14,8,7,17,21,-5,5-7,2
AF042280426,REGRET,PURSUIT,28,21,7,11,35,32,7,5-7,2
AF042280526,MINDFLAYER,ENFORCER,10,7,6,10,16,17,3,3-4,1
AF042280626,MISSILE,DREAD,10,14,7,14,17,28,-4,3-4,0
AF042280726,STEEL,MERCURY,14,21,7,13,21,34,-7,5-7,0
AF042280826,MIRAGE,CLOCKWORK,14,10,14,8,28,18,4,3-4,0
AF042280926,GADGET,LIZARD,0,7,13,7,13,14,-7,5-7,0
AF042290426,SHURIKEN,NIRVANA,0,7,15,7,15,14,-7,5-7,1
AF042290526,ORIGINAL,TOMBSTONE,7,7,7,14,14,21,0,level,0
AF042290626,SPARK,ENFORCER,10,10,8,7,18,17,0,level,1
AF042290726,HEADHUNTER,PURSUIT,10,7,7,3,17,10,3,3-4,0
AF042290826,MERCURY,STEEL,14,14,0,14,14,28,0,level,0
AF042290926,MERCURY,ORIGINAL,0,7,10,0,10,7,-7,5-7,1
AF042300526,SCHOLAR,MINDFLAYER,17,7,10,7,27,14,10,8-10,0
AF042300626,GADGET,PRISMATIC,10,21,13,7,23,28,-11,11-14,0
AF042300726,MISSILE,RICOCHET,0,13,14,3,14,16,-13,11-14,2
AF042300826,SHURIKEN,ORIGINAL,0,21,7,0,7,21,-21,15+,0
AF042300926,ORIGINAL,RICOCHET,0,3,7,0,7,3,-3,3-4,1
AF042310526,MAVERICK,NIRVANA,7,0,17,0,24,0,7,5-7,0
AF042310726,MERCURY,MISSILE,14,14,8,10,22,24,0,level,2
AF043010526,AVATAR,SHURIKEN,10,10,7,10,17,20,0,level,0
AF043010626,NIGHTMARE,KILLJOY,14,10,7,0,21,10,4,3-4,0
AF043010726,LIZARD,NIGHTMARE,7,14,14,13,21,27,-7,5-7,0
AF043010826,PRISMATIC,SPARK,14,7,7,7,21,14,7,5-7,0
AF043010926,MINDFLAYER,PRISMATIC,7,17,23,15,30,32,-10,8-10,0
AF043011026,FENRIR,MERLIN,7,7,7,0,14,7,0,level,0
AF043020526,SHURIKEN,GADGET,7,7,16,18,23,25,0,level,4
AF043020626,SHURIKEN,GADGET,14,17,7,7,21,24,-3,3-4,0
AF043020826,NIGHTMARE,FUSE,10,31,9,14,19,45,-21,15+,0
AF043020926,MERLIN,FENRIR,14,0,14,3,28,3,14,11-14,0
AF043021026,SHURIKEN,MAVERICK,17,14,7,0,24,14,3,3-4,0
AF043030526,HEADHUNTER,SHURIKEN,7,7,8,7,15,14,0,level,1
AF043030626,SAGE,PHOENIX,14,13,6,8,20,21,1,1-2,1
AF043030726,MISSILE,CLOCKWORK,7,7,3,0,10,7,0,level,0
AF043030826,PURSUIT,SPARK,3,21,15,0,18,21,-18,15+,0
AF043030926,PRISMATIC,SHURIKEN,7,7,6,7,13,14,0,level,0
AF043031026,FENRIR,MERLIN,10,7,7,14,17,21,3,3-4,3
AF043040526,FENRIR,REGRET,21,7,7,9,28,16,14,11-14,0
AF043040626,GADGET,HEADHUNTER,7,3,7,17,14,20,4,3-4,1
AF043040726,HEADHUNTER,LIZARD,7,3,10,12,17,15,4,3-4,0
AF043040826,KILLJOY,FENRIR,7,7,10,7,17,14,0,level,0
AF043040926,FUSE,FENRIR,10,13,16,10,26,23,-3,3-4,3
AF043041026,NIGHTMARE,FENRIR,0,28,14,17,14,45,-28,15+,0
AF043050626,SHURIKEN,HEADHUNTER,7,10,7,7,14,17,-3,3-4,2
AF043050726,SPARK,REGRET,14,24,7,0,21,24,-10,8-10,0
AF043050926,LIZARD,GADGET,14,7,3,7,17,14,7,5-7,0
AF043060526,GADGET,MERCENARY,10,10,0,7,10,17,0,level,0
AF043060626,LIZARD,NIGHTMARE,7,3,0,10,7,13,4,3-4,1
AF043060726,FUSE,NIGHTMARE,7,0,14,0,21,0,7,5-7,0
AF043060826,MIRAGE,SCHOLAR,21,7,10,16,31,23,14,11-14,0
AF043060926,FUSE,NIGHTMARE,7,14,15,10,22,24,-7,5-7,0
AF043061026,KILLJOY,FENRIR,0,21,7,10,7,31,-21,15+,0
AF043070526,HEADHUNTER,REGRET,3,7,14,7,17,14,-4,3-4,3
AF043070626,FENRIR,MERCENARY,7,0,7,7,14,7,7,5-7,0
AF043070726,REGRET,GADGET,10,7,14,20,24,27,3,3-4,1
AF043070826,TOMBSTONE,RICOCHET,3,14,0,0,3,14,-11,11-14,0
AF043070926,NIGHTMARE,FUSE,3,7,0,0,3,7,-4,3-4,0
AF043080726,KILLJOY,FENRIR,14,14,8,17,22,31,0,level,0
AF043080826,KILLJOY,FUSE,17,21,8,7,25,28,-4,3-4,0
AF043080926,ORIGINAL,STEEL,17,7,6,14,23,21,10,8-10,2
AF043090626,GADGET,SHURIKEN,14,14,11,10,25,24,0,level,1
AF043090726,MERLIN,FENRIR,10,7,8,14,18,21,3,3-4,1
AF043090826,HEADHUNTER,NIGHTMARE,21,20,6,8,27,28,1,1-2,1
AF043090926,DREAD,ENFORCER,7,10,7,0,14,10,-3,3-4,1
AF043100626,REGRET,NIRVANA,17,7,10,0,27,7,10,8-10,0
AF043100726,MERLIN,FUSE,24,28,7,7,31,35,-4,3-4,0
AF043100826,FUSE,FENRIR,14,7,3,8,17,15,7,5-7,2
AF043100926,GADGET,REGRET,10,7,21,20,31,27,3,3-4,6
AF043110626,KILLJOY,MERLIN,7,14,15,10,22,24,-7,5-7,2
AF043110826,REGRET,PURSUIT,0,3,14,7,14,10,-3,3-4,3
AF043110926,CLOCKWORK,DREAD,14,7,14,22,28,29,7,5-7,1
AF043120626,HEADHUNTER,MERCENARY,10,7,21,7,31,14,3,3-4,0
AF043120726,MAVERICK,NIRVANA,7,7,14,13,21,20,0,level,0
AF043120826,NIGHTMARE,GADGET,10,14,14,7,24,21,-4,3-4,3
AF043120926,REGRET,HEADHUNTER,7,10,7,7,14,17,-3,3-4,0
AF043130626,FUSE,HEADHUNTER,14,12,21,16,35,28,2,1-2,2
AF043130726,MERLIN,GADGET,7,0,7,6,14,6,7,5-7,0
AF043130826,MIRAGE,SHURIKEN,0,10,7,0,7,10,-10,8-10,0
AF043140626,MERCURY,PRISMATIC,3,14,22,14,25,28,-11,11-14,2
AF043140726,REGRET,MINDFLAYER,21,14,3,8,24,22,7,5-7,0
AF043140826,FUSE,FENRIR,14,17,17,21,31,38,-3,3-4,0
AF043150626,FENRIR,KILLJOY,17,14,8,14,25,28,3,3-4,1
AF043150726,LIZARD,NIGHTMARE,0,10,14,10,14,20,-10,8-10,0
AF043150826,GADGET,REGRET,7,7,7,0,14,7,0,level,0
AF043150926,PRISMATIC,MAVERICK,7,7,0,3,7,10,0,level,0
AF043160626,FENRIR,MERLIN,7,7,0,14,7,21,0,level,0
AF043160726,HEADHUNTER,SHURIKEN,21,7,3,7,24,14,14,11-14,0
AF043160826,SPARK,PRISMATIC,7,0,3,7,10,7,7,5-7,0
AF043160926,NIRVANA,SHURIKEN,7,7,0,7,7,14,0,level,0
AF043170626,NIGHTMARE,FUSE,17,14,3,3,20,17,3,3-4,0
AF043170826,SCHOLAR,REGRET,7,7,3,7,10,14,0,level,1
AF043170926,REGRET,HEADHUNTER,10,3,3,7,13,10,7,5-7,0
AF043180526,ENFORCER,SPARK,10,7,3,3,13,10,3,3-4,0
AF043180726,FUSE,KILLJOY,7,7,10,7,17,14,0,level,0
AF043180826,GADGET,FUSE,14,14,14,24,28,38,0,level,2
AF043180926,MERLIN,FENRIR,17,14,10,0,27,14,3,3-4,0
AF043190526,SPARK,PURSUIT,14,17,14,7,28,24,-3,3-4,3
AF043190726,LIZARD,HEADHUNTER,14,21,24,14,38,35,-7,5-7,5
AF043190926,FENRIR,KILLJOY,10,3,3,14,13,17,7,5-7,1
AF043200726,GADGET,SHURIKEN,21,0,3,7,24,7,21,15+,0
AF043200826,REGRET,HEADHUNTER,7,7,14,6,21,13,0,level,0
AF043200926,LIZARD,FENRIR,7,7,3,0,10,7,0,level,0
AF043210726,GADGET,FUSE,14,3,0,15,14,18,11,11-14,1
AF043210826,REGRET,SHURIKEN,14,0,10,7,24,7,14,11-14,0
AF043220626,GADGET,HEADHUNTER,7,14,7,10,14,24,-7,5-7,0
AF043220726,FENRIR,NIGHTMARE,10,7,14,10,24,17,3,3-4,2
AF043220826,GADGET,HEADHUNTER,7,10,14,7,21,17,-3,3-4,3
AF043230626,LYNX,SAGE,7,7,0,3,7,10,0,level,0
AF043230726,GADGET,SPARK,7,7,6,7,13,14,0,level,0
AF043230926,SCHOLAR,MAVERICK,7,21,17,7,24,28,-14,11-14,2
AF043240526,NIGHTMARE,HEADHUNTER,26,14,3,7,29,21,12,11-14,0
AF043240626,GADGET,HEADHUNTER,7,0,13,17,20,17,7,5-7,2
AF043240726,SHURIKEN,MERCURY,7,7,10,6,17,13,0,level,0
AF043240826,FUSE,NIGHTMARE,14,3,3,0,17,3,11,11-14,0
AF043240926,GADGET,HEADHUNTER,10,6,3,6,13,12,4,3-4,0
AF043250526,NIGHTMARE,KILLJOY,3,10,21,7,24,17,-7,5-7,1
AF043250626,GADGET,HEADHUNTER,17,7,0,7,17,14,10,8-10,0
AF043250726,OVERDRIVE,PHOENIX,10,21,14,7,24,28,-11,11-14,0
AF043250826,GADGET,NIGHTMARE,14,21,15,7,29,28,-7,5-7,1
AF043260526,SHURIKEN,SPARK,3,14,6,0,9,14,-11,11-14,0
AF043260626,MERLIN,REGRET,14,7,21,7,35,14,7,5-7,0
AF043260726,NIGHTMARE,MERLIN,14,21,21,7,35,28,-7,5-7,1
AF043260826,LIZARD,GADGET,7,3,14,6,21,9,4,3-4,0
AF043260926,NIGHTMARE,MERLIN,14,21,7,3,21,24,-7,5-7,0
AF043270426,SPARK,ENFORCER,14,7,7,7,21,14,7,5-7,0
AF043270626,GADGET,NIGHTMARE,7,7,0,3,7,10,0,level,0
AF043270726,SHURIKEN,SPARK,14,0,3,14,17,14,14,11-14,0
AF043270926,FENRIR,NIGHTMARE,27,0,14,7,41,7,27,15+,0
AF043280426,SABRE,AVATAR,14,24,6,14,20,38,-10,8-10,0
AF043280626,MERCURY,PRISMATIC,3,10,8,7,11,17,-7,5-7,0
AF043280726,MIRAGE,SCHOLAR,21,14,14,7,35,21,7,5-7,0
AF043280826,MAVERICK,REGRET,10,0,0,7,10,7,10,8-10,0
AF043280926,FUSE,MERLIN,3,7,31,7,34,14,-4,3-4,1
AF043290426,GADGET,REGRET,7,10,10,14,17,24,-3,3-4,2
AF043290526,HEADHUNTER,REGRET,14,3,21,8,35,11,11,11-14,0
AF043290626,SABRE,GADGET,14,17,14,7,28,24,-3,3-4,3
AF043290726,LIZARD,NIGHTMARE,10,3,17,21,27,24,7,5-7,0
AF043290826,MERLIN,FENRIR,10,7,7,7,17,14,3,3-4,2
AF043290926,FENRIR,HEADHUNTER,10,7,0,7,10,14,3,3-4,1
AF043300426,GADGET,SABRE,7,3,10,0,17,3,4,3-4,0
AF043300526,NIGHTMARE,FENRIR,14,20,14,9,28,29,-6,5-7,4
AF043300626,MISSILE,MIRAGE,7,10,14,14,21,24,-3,3-4,4
AF043300726,GADGET,SHURIKEN,14,7,10,11,24,18,7,5-7,0
AF043300826,FENRIR,MERLIN,7,21,7,17,14,38,-14,11-14,0
AF043300926,SCHOLAR,MAVERICK,7,7,17,14,24,21,0,level,0
AF043310526,NIGHTMARE,MERCENARY,7,10,7,7,14,17,-3,3-4,0
AF043310726,KILLJOY,FENRIR,14,10,7,7,21,17,4,3-4,2
AF044010526,PRISMATIC,NIRVANA,10,10,8,14,18,24,0,level,0
AF044010626,ORIGINAL,TOMBSTONE,7,13,7,6,14,19,-6,5-7,2
AF044010726,SCHOLAR,ENFORCER,0,7,24,0,24,7,-7,5-7,1
AF044010826,SCHOLAR,MINDFLAYER,14,3,10,8,24,11,11,11-14,0
AF044010926,MISSILE,DREAD,17,7,14,16,31,23,10,8-10,0
AF044020526,FENRIR,NIGHTMARE,0,7,6,7,6,14,-7,5-7,0
AF044020626,MAVERICK,SCHOLAR,7,7,0,7,7,14,0,level,0
AF044020826,PRISMATIC,SHURIKEN,7,10,0,10,7,20,-3,3-4,0
AF044020926,ORIGINAL,ENFORCER,7,0,3,7,10,7,7,5-7,0
AF044021026,ORIGINAL,MERCURY,14,0,0,3,14,3,14,11-14,0
AF044030526,PRISMATIC,MINDFLAYER,3,10,6,7,9,17,-7,5-7,0
AF044030626,SHROUD,AVATAR,14,14,7,17,21,31,0,level,1
AF044030726,MERLIN,FENRIR,7,7,7,9,14,16,0,level,2
AF044030826,MISSILE,MERCURY,13,7,10,9,23,16,6,5-7,0
AF044030926,HEADHUNTER,LIZARD,14,0,14,14,28,14,14,11-14,0
AF044040526,SPARK,ENFORCER,0,7,7,3,7,10,-7,5-7,0
AF044040626,TOMBSTONE,STEEL,21,14,7,0,28,14,7,5-7,0
AF044040726,REGRET,SPARK,10,7,6,7,16,14,3,3-4,2
AF044040826,STEEL,MINDFLAYER,7,17,17,0,24,17,-10,8-10,1
AF044040926,MERCURY,CLOCKWORK,7,0,0,0,7,0,7,5-7,0
AF044041026,MIRAGE,MISSILE,14,3,10,7,24,10,11,11-14,0
AF044050626,SCHOLAR,MAVERICK,17,21,7,7,24,28,-4,3-4,2
AF044050726,STEEL,MIRAGE,0,7,6,7,6,14,-7,5-7,0
AF044050926,SPARK,SCHOLAR,7,14,14,10,21,24,-7,5-7,0
AF044051026,ENFORCER,MINDFLAYER,7,14,0,6,7,20,-7,5-7,0
AF044060526,MINDFLAYER,TOMBSTONE,7,7,8,7,15,14,0,level,1
AF044060626,REGRET,SHURIKEN,7,7,7,6,14,13,0,level,0
AF044060726,SPARK,SCHOLAR,14,14,6,0,20,14,0,level,0
AF044060826,ORIGINAL,ENFORCER,0,14,14,14,14,28,-14,11-14,0
AF044060926,MIRAGE,PRISMATIC,7,3,7,8,14,11,4,3-4,0
AF044070526,STEEL,SPARK,10,14,0,10,10,24,-4,3-4,0
AF044070626,MIRAGE,MAVERICK,3,28,7,14,10,42,-25,15+,0
AF044070726,MAVERICK,ENFORCER,10,0,12,13,22,13,10,8-10,0
AF044070826,REGRET,PURSUIT,10,7,10,7,20,14,3,3-4,2
AF044070926,SCHOLAR,MIRAGE,3,0,7,14,10,14,3,3-4,3
AF044080626,SHURIKEN,MERLIN,10,10,8,10,18,20,0,level,2
AF044080726,ENFORCER,SCHOLAR,3,3,21,8,24,11,0,level,0
AF044080826,HEADHUNTER,NIGHTMARE,14,0,3,8,17,8,14,11-14,0
AF044080926,REGRET,GADGET,7,7,14,10,21,17,0,level,1
AF044090626,TOMBSTONE,PRISMATIC,7,0,10,15,17,15,7,5-7,0
AF044090726,PRISMATIC,MIRAGE,14,0,7,14,21,14,14,11-14,0
AF044090826,MAVERICK,MIRAGE,10,14,0,10,10,24,-4,3-4,0
AF044090926,MERLIN,KILLJOY,10,2,10,6,20,8,8,8-10,0
AF044100626,CLOCKWORK,MERCURY,7,21,14,14,21,35,-14,11-14,0
AF044100726,PRISMATIC,MIRAGE,10,14,14,21,24,35,-4,3-4,2
AF044100826,MAVERICK,MIRAGE,7,14,3,0,10,14,-7,5-7,0
AF044100926,ORIGINAL,MERCURY,7,7,7,10,14,17,0,level,2
AF044110626,REGRET,SCHOLAR,0,6,13,9,13,15,-6,5-7,4
AF044110726,MEMENTO,HERMES,7,21,15,7,22,28,-14,11-14,0
AF044110826,MISSILE,MERCURY,7,7,10,8,17,15,0,level,0
AF044110926,SCHOLAR,MISSILE,10,7,0,6,10,13,3,3-4,1
AF044120626,DREAD,TOMBSTONE,0,21,7,14,7,35,-21,15+,0
AF044120726,STEEL,MISSILE,14,7,21,7,35,14,7,5-7,0
AF044120826,DREAD,RICOCHET,7,35,9,7,16,42,-28,15+,0
AF044130626,MISSILE,MERCURY,14,0,7,0,21,0,14,11-14,0
AF044130726,MISSILE,RICOCHET,21,6,7,0,28,6,15,15+,0
AF044130826,SCHOLAR,ORIGINAL,7,14,10,7,17,21,-7,5-7,2
AF044130926,SHURIKEN,SPARK,0,3,14,7,14,10,-3,3-4,3
AF044140726,ENFORCER,MIRAGE,10,14,7,0,17,14,-4,3-4,1
AF044140826,CLOCKWORK,DREAD,6,3,3,2,9,5,3,3-4,0
AF044140926,MERCURY,ENFORCER,0,17,8,7,8,24,-17,15+,0
AF044150626,SHURIKEN,SPARK,0,7,13,3,13,10,-7,5-7,1
AF044150726,GADGET,MINDFLAYER,10,7,10,11,20,18,3,3-4,2
AF044150826,KILLJOY,FUSE,6,3,3,0,9,3,3,3-4,0
AF044150926,SCHOLAR,STEEL,17,0,17,14,34,14,17,15+,0
AF044160626,SHURIKEN,ENFORCER,3,0,7,7,10,7,3,3-4,0
AF044160726,MIRAGE,ORIGINAL,3,0,7,3,10,3,3,3-4,0
AF044160826,STEEL,ORIGINAL,10,7,7,7,17,14,3,3-4,0
AF044160926,MERLIN,KILLJOY,7,7,7,10,14,17,0,level,0
AF044170626,MERCURY,PRISMATIC,14,21,7,3,21,24,-7,5-7,0
AF044170726,CLOCKWORK,DREAD,3,3,0,7,3,10,0,level,0
AF044170826,LIZARD,GADGET,0,14,14,10,14,24,-14,11-14,0
AF044170926,ENFORCER,CLOCKWORK,7,14,7,3,14,17,-7,5-7,0
AF044180726,PRISMATIC,STEEL,28,21,7,21,35,42,7,5-7,1
AF044180826,STEEL,DREAD,28,14,7,0,35,14,14,11-14,0
AF044180926,RICOCHET,MERCURY,7,27,13,3,20,30,-20,15+,0
AF044200726,STEEL,PRISMATIC,7,0,7,8,14,8,7,5-7,0
AF044200826,STEEL,MERCURY,14,14,14,11,28,25,0,level,1
AF044200926,SPARK,NIRVANA,14,7,6,10,20,17,7,5-7,0
AF044210726,MERCURY,PRISMATIC,21,14,7,6,28,20,7,5-7,0
AF044210826,CLOCKWORK,MERCURY,7,6,0,6,7,12,1,1-2,1
AF044220626,FENRIR,NIGHTMARE,14,13,7,10,21,23,1,1-2,3
AF044220726,SPARK,NIRVANA,10,0,0,0,10,0,10,8-10,0
AF044220826,MAVERICK,PRISMATIC,0,14,15,10,15,24,-14,11-14,0
AF044220926,NIRVANA,SPARK,10,14,8,3,18,17,-4,3-4,1
AF044230626,SENTRY,AVATAR,7,10,22,18,29,28,-3,3-4,1
AF044230726,ORIGINAL,ENFORCER,7,3,3,10,10,13,4,3-4,1
AF044230826,MIRAGE,RICOCHET,7,10,10,3,17,13,-3,3-4,1
AF044240626,CLOCKWORK,MERCURY,14,7,10,8,24,15,7,5-7,0
AF044240826,SHURIKEN,MERCURY,0,7,21,10,21,17,-7,5-7,1
AF044240926,ORIGINAL,ENFORCER,7,7,3,14,10,21,0,level,1
AF044250526,SPARK,ENFORCER,0,0,0,3,0,3,0,level,0
AF044250626,SCHOLAR,ENFORCER,14,10,7,0,21,10,4,3-4,0
AF044250726,OFFICER,LYNX,17,14,14,7,31,21,3,3-4,0
AF044250826,SPARK,PRISMATIC,14,7,6,0,20,7,7,5-7,0
AF044250926,MERCURY,CLOCKWORK,0,14,8,14,8,28,-14,11-14,0
AF044260526,ENFORCER,MINDFLAYER,14,17,3,3,17,20,-3,3-4,0
AF044260626,MERCURY,MISSILE,10,14,8,7,18,21,-4,3-4,0
AF044260726,MIRAGE,TOMBSTONE,0,7,10,0,10,7,-7,5-7,1
AF044260826,RICOCHET,ENFORCER,7,3,0,10,7,13,4,3-4,1
AF044260926,MAVERICK,SCHOLAR,7,14,22,17,29,31,-7,5-7,0
AF044270426,AVATAR,SABRE,7,21,21,0,28,21,-14,11-14,1
AF044270626,PRISMATIC,MERCURY,17,3,17,8,34,11,14,11-14,0
AF044270726,GADGET,NIGHTMARE,14,14,17,14,31,28,0,level,4
AF044270926,SHURIKEN,ORIGINAL,0,6,7,7,7,13,-6,5-7,2
AF044280426,ENFORCER,SPARK,7,0,0,3,7,3,7,5-7,0
AF044280526,STEEL,ENFORCER,7,21,15,0,22,21,-14,11-14,1
AF044280626,MIRAGE,DREAD,7,0,10,0,17,0,7,5-7,0
AF044280726,MINDFLAYER,MERCURY,14,7,7,8,21,15,7,5-7,0
AF044280826,MERCURY,CLOCKWORK,7,14,14,8,21,22,-7,5-7,2
AF044280926,REGRET,HEADHUNTER,7,24,14,7,21,31,-17,15+,0
AF044290426,NIRVANA,PRISMATIC,10,7,14,7,24,14,3,3-4,0
AF044290526,SCHOLAR,MAVERICK,14,14,6,7,20,21,0,level,0
AF044290626,SCHOLAR,ENFORCER,7,14,13,7,20,21,-7,5-7,0
AF044290726,SPARK,PURSUIT,7,10,7,9,14,19,-3,3-4,0
AF044290826,MINDFLAYER,STEEL,7,14,7,21,14,35,-7,5-7,0
AF044290926,ORIGINAL,DREAD,7,10,7,7,14,17,-3,3-4,2
AF044300526,MAVERICK,REGRET,7,7,7,28,14,35,0,level,1
AF044300626,GADGET,PURSUIT,0,35,20,7,20,42,-35,15+,0
AF044300726,DREAD,RICOCHET,13,3,7,8,20,11,10,8-10,0
AF044300826,STEEL,ORIGINAL,14,0,3,0,17,0,14,11-14,0
AF044300926,RICOCHET,CLOCKWORK,7,21,8,7,15,28,-14,11-14,0
AF044310526,ORIGINAL,RICOCHET,7,0,7,17,14,17,7,5-7,1
AF044310726,CLOCKWORK,MISSILE,3,10,0,7,3,17,-7,5-7,0
AF045010626,NIGHTMARE,FENRIR,10,0,0,14,10,14,10,8-10,1
AF045010826,PRISMATIC,REGRET,24,17,6,14,30,31,7,5-7,1
AF045010926,MINDFLAYER,SPARK,7,0,3,7,10,7,7,5-7,0
AF045011026,FUSE,NIGHTMARE,10,14,8,10,18,24,-4,3-4,0
AF045020526,SHURIKEN,SPARK,7,0,10,13,17,13,7,5-7,0
AF045020626,REGRET,HEADHUNTER,7,7,7,10,14,17,0,level,0
AF045020826,NIGHTMARE,MERLIN,21,10,3,7,24,17,11,11-14,0
AF045020926,MERLIN,GADGET,21,3,7,0,28,3,18,15+,0
AF045021026,MISSILE,NIRVANA,10,7,7,7,17,14,3,3-4,2
AF045030526,HEADHUNTER,NIGHTMARE,0,10,7,0,7,10,-10,8-10,0
AF045030626,GENIUS,NEON,0,13,0,6,0,19,-13,11-14,0
AF045030726,MISSILE,MERCURY,0,0,8,10,8,10,0,level,2
AF045030826,PURSUIT,MIRAGE,6,10,7,7,13,17,-4,3-4,2
AF045030926,MIRAGE,SCHOLAR,14,7,7,3,21,10,7,5-7,0
AF045031026,NIGHTMARE,FUSE,10,7,7,7,17,14,3,3-4,0
AF045040526,FENRIR,AVATAR,14,10,7,7,21,17,4,3-4,2
AF045040626,GADGET,MERCENARY,0,17,11,7,11,24,-17,15+,0
AF045040726,HEADHUNTER,NIGHTMARE,0,7,7,3,7,10,-7,5-7,0
AF045040826,KILLJOY,MERLIN,0,10,16,9,16,19,-10,8-10,0
AF045040926,FENRIR,MERLIN,21,21,8,10,29,31,0,level,2
AF045050626,SHURIKEN,NIRVANA,14,7,3,0,17,7,7,5-7,0
AF045050726,SPARK,NIRVANA,17,8,7,7,24,15,9,8-10,0
AF045050926,LIZARD,REGRET,14,7,0,10,14,17,7,5-7,1
AF045051026,MERLIN,KILLJOY,0,14,10,7,10,21,-14,11-14,0
AF045060526,SABRE,NIGHTMARE,7,13,7,3,14,16,-6,5-7,0
AF045060626,KILLJOY,FENRIR,21,21,15,17,36,38,0,level,0
AF045060726,FUSE,MERLIN,7,14,8,3,15,17,-7,5-7,2
AF045060826,MIRAGE,SHURIKEN,7,14,7,3,14,17,-7,5-7,0
AF045060926,HEADHUNTER,REGRET,14,10,10,11,24,21,4,3-4,0
AF045061026,MERLIN,FENRIR,14,7,3,14,17,21,7,5-7,1
AF045070526,HEADHUNTER,SABRE,7,10,14,13,21,23,-3,3-4,4
AF045070626,FENRIR,HEADHUNTER,14,10,7,8,21,18,4,3-4,0
AF045070726,REGRET,LIZARD,7,14,7,7,14,21,-7,5-7,0
AF045070826,TOMBSTONE,MISSILE,14,17,7,9,21,26,-3,3-4,0
AF045080626,LIZARD,FENRIR,0,0,8,22,8,22,0,level,0
AF045080726,KILLJOY,LIZARD,14,14,10,14,24,28,0,level,1
AF045080826,KILLJOY,MERLIN,14,14,10,14,24,28,0,level,1
AF045080926,ORIGINAL,MINDFLAYER,7,14,10,0,17,14,-7,5-7,1
AF045090626,GADGET,SABRE,7,7,14,10,21,17,0,level,1
AF045090826,HEADHUNTER,FUSE,15,28,16,16,31,44,-13,11-14,0
AF045090926,DREAD,RICOCHET,7,7,14,7,21,14,0,level,1
AF045100626,REGRET,SPARK,14,0,7,14,21,14,14,11-14,0
AF045100726,FUSE,MERLIN,7,17,31,27,38,44,-10,8-10,2
AF045100826,NIGHTMARE,MERLIN,7,0,14,14,21,14,7,5-7,0
AF045100926,GADGET,LIZARD,7,13,0,15,7,28,-6,5-7,0
AF045110626,KILLJOY,FUSE,38,28,10,0,48,28,10,8-10,0
AF045110826,REGRET,SPARK,7,0,10,0,17,0,7,5-7,0
AF045110926,CLOCKWORK,MERCURY,17,7,0,8,17,15,10,8-10,0
AF045120626,HEADHUNTER,REGRET,7,7,17,14,24,21,0,level,0
AF045120726,MAVERICK,MINDFLAYER,7,7,3,0,10,7,0,level,0
AF045120826,NIGHTMARE,LIZARD,21,14,10,7,31,21,7,5-7,0
AF045120926,GADGET,HEADHUNTER,7,7,7,17,14,24,0,level,2
AF045130626,FUSE,FENRIR,28,8,14,0,42,8,20,15+,0
AF045130726,MERLIN,HEADHUNTER,14,17,14,17,28,34,-3,3-4,0
AF045130826,MIRAGE,SPARK,0,10,0,6,0,16,-10,8-10,0
AF045130926,HEADHUNTER,NIGHTMARE,14,14,0,3,14,17,0,level,0
AF045140626,MERCURY,ORIGINAL,0,7,9,10,9,17,-7,5-7,0
AF045140726,REGRET,SCHOLAR,10,3,3,7,13,10,7,5-7,0
AF045140926,SPARK,SCHOLAR,7,7,10,7,17,14,0,level,0
AF045150626,FENRIR,NIGHTMARE,21,10,3,0,24,10,11,11-14,0
AF045150726,NIGHTMARE,KILLJOY,14,7,10,14,24,21,7,5-7,2
AF045150826,GADGET,LIZARD,21,21,10,14,31,35,0,level,1
AF045150926,SHURIKEN,MIRAGE,3,7,16,13,19,20,-4,3-4,2
AF045160626,FENRIR,FUSE,3,0,14,7,17,7,3,3-4,0
AF045160726,HEADHUNTER,REGRET,21,14,7,7,28,21,7,5-7,0
AF045160826,SPARK,NIRVANA,14,0,3,6,17,6,14,11-14,0
AF045160926,MIRAGE,SHURIKEN,3,7,0,3,3,10,-4,3-4,0
AF045170626,NIGHTMARE,FENRIR,21,7,0,21,21,28,14,11-14,1
AF045170826,REGRET,SPARK,7,7,0,7,7,14,0,level,0
AF045170926,LIZARD,GADGET,14,14,9,7,23,21,0,level,2
AF045180526,SCHOLAR,MINDFLAYER,14,11,0,0,14,11,3,3-4,0
AF045180726,FUSE,FENRIR,14,14,11,10,25,24,0,level,1
AF045180826,GADGET,MERLIN,14,7,7,0,21,7,7,5-7,0
AF045180926,KILLJOY,FUSE,7,10,0,7,7,17,-3,3-4,0
AF045190526,SPARK,SHURIKEN,0,3,14,13,14,16,-3,3-4,4
AF045190726,LIZARD,NIGHTMARE,0,28,3,0,3,28,-28,15+,0
AF045190926,HEADHUNTER,KILLJOY,21,21,16,17,37,38,0,level,3
AF045200726,SPARK,REGRET,14,0,3,7,17,7,14,11-14,0
AF045200826,REGRET,GADGET,13,0,3,7,16,7,13,11-14,0
AF045210726,GADGET,KILLJOY,0,14,14,3,14,17,-14,11-14,0
AF045210826,REGRET,SCHOLAR,10,14,7,14,17,28,-4,3-4,2
AF045210926,FENRIR,GADGET,7,14,7,3,14,17,-7,5-7,0
AF045220626,HEADHUNTER,FUSE,3,24,0,0,3,24,-21,15+,0
AF045220726,FENRIR,FUSE,10,3,14,7,24,10,7,5-7,0
AF045220826,GADGET,FENRIR,21,28,14,35,35,63,-7,5-7,0
AF045220926,FENRIR,FUSE,7,14,7,9,14,23,-7,5-7,0
AF045230626,MONSTER,DAME,14,7,14,15,28,22,7,5-7,0
AF045230726,GADGET,REGRET,14,0,0,8,14,8,14,11-14,0
AF045230926,MAVERICK,SHURIKEN,0,10,0,7,0,17,-10,8-10,0
AF045240526,NIGHTMARE,LIZARD,21,10,0,0,21,10,11,11-14,0
AF045240626,GADGET,NIGHTMARE,14,7,16,6,30,13,7,5-7,0
AF045240826,FUSE,FENRIR,28,7,10,6,38,13,21,15+,0
AF045250526,NIGHTMARE,GADGET,7,17,7,14,14,31,-10,8-10,0
AF045250626,GADGET,FUSE,7,7,14,10,21,17,0,level,1
AF045250726,DAME,SHARK,7,7,3,0,10,7,0,level,0
AF045250826,GADGET,FUSE,10,17,7,10,17,27,-7,5-7,0
AF045260526,SHURIKEN,PURSUIT,10,14,15,13,25,27,-4,3-4,2
AF045260626,MERLIN,LIZARD,14,17,7,7,21,24,-3,3-4,0
AF045260726,NIGHTMARE,LIZARD,21,14,7,7,28,21,7,5-7,0
AF045260826,LIZARD,NIGHTMARE,7,10,10,10,17,20,-3,3-4,2
AF045260926,FENRIR,FUSE,7,6,8,6,15,12,1,1-2,2
AF045270426,SHURIKEN,MAVERICK,7,3,0,7,7,10,4,3-4,1
AF045270626,GADGET,LIZARD,14,7,14,14,28,21,7,5-7,0
AF045270726,SPARK,PURSUIT,0,0,15,14,15,14,0,level,1
AF045270926,LIZARD,FUSE,7,14,10,0,17,14,-7,5-7,1
AF045280426,SABRE,GADGET,10,14,6,3,16,17,-4,3-4,0
AF045280526,REGRET,MERCENARY,7,7,10,7,17,14,0,level,2
AF045280626,MERCURY,NIRVANA,7,3,7,14,14,17,4,3-4,3
AF045280726,MIRAGE,MAVERICK,0,21,7,7,7,28,-21,15+,0
AF045280826,MAVERICK,PURSUIT,14,14,17,10,31,24,0,level,1
AF045290426,HEADHUNTER,REGRET,0,7,0,7,0,14,-7,5-7,0
AF045290526,HEADHUNTER,NIRVANA,14,14,7,10,21,24,0,level,2
AF045290626,SABRE,HEADHUNTER,14,7,14,17,28,24,7,5-7,4
AF045290726,LIZARD,KILLJOY,9,0,7,13,16,13,9,8-10,0
AF045290826,MERLIN,HEADHUNTER,21,24,11,14,32,38,-3,3-4,0
AF045290926,NIGHTMARE,LIZARD,21,7,21,21,42,28,14,11-14,0
AF045300426,GADGET,AVATAR,14,7,14,7,28,14,7,5-7,0
AF045300526,FENRIR,KILLJOY,0,7,7,3,7,10,-7,5-7,0
AF045300626,MISSILE,RICOCHET,3,10,6,3,9,13,-7,5-7,0
AF045300726,GADGET,REGRET,7,3,7,7,14,10,4,3-4,2
AF045300826,FENRIR,LIZARD,14,21,7,3,21,24,-7,5-7,0
AF045310526,NIGHTMARE,GADGET,35,7,0,7,35,14,28,15+,0
AF045310726,KILLJOY,FUSE,7,24,14,3,21,27,-17,15+,0
AF046010626,ORIGINAL,ENFORCER,0,10,14,7,14,17,-10,8-10,0
AF046010826,SCHOLAR,MAVERICK,0,10,15,7,15,17,-10,8-10,0
AF046010926,MISSILE,MERCURY,14,7,3,7,17,14,7,5-7,0
AF046011026,ENFORCER,MINDFLAYER,14,3,0,5,14,8,11,11-14,0
AF046020526,LIZARD,AVATAR,10,14,10,3,20,17,-4,3-4,1
AF046020626,ENFORCER,MINDFLAYER,7,0,3,7,10,7,7,5-7,0
AF046020826,PRISMATIC,NIRVANA,21,7,10,22,31,29,14,11-14,2
AF046020926,ORIGINAL,STEEL,10,0,10,14,20,14,10,8-10,0
AF046021026,CLOCKWORK,DON,14,21,0,14,14,35,-7,5-7,0
AF046030526,PRISMATIC,SCHOLAR,14,17,14,7,28,24,-3,3-4,3
AF046030626,PHOENIX,OCTANE,10,7,7,0,17,7,3,3-4,0
AF046030726,FUSE,KILLJOY,21,3,3,0,24,3,18,15+,0
AF046030826,MISSILE,ORIGINAL,10,10,7,0,17,10,0,level,0
AF046030926,LIZARD,MERLIN,21,14,3,14,24,28,7,5-7,1
AF046040526,SPARK,SHURIKEN,7,7,10,7,17,14,0,level,0
AF046040626,TOMBSTONE,ORIGINAL,7,0,3,7,10,7,7,5-7,0
AF046040726,REGRET,GADGET,7,14,0,10,7,24,-7,5-7,0
AF046040826,STEEL,MIRAGE,14,7,6,21,20,28,7,5-7,1
AF046040926,MERCURY,MINDFLAYER,3,3,3,7,6,10,0,level,1
AF046041026,NIRVANA,SHURIKEN,10,7,7,0,17,7,3,3-4,0
AF046050626,SCHOLAR,MERCURY,14,7,0,10,14,17,7,5-7,1
AF046050726,STEEL,PRISMATIC,31,14,7,7,38,21,17,15+,0
AF046050926,SPARK,PURSUIT,0,7,14,17,14,24,-7,5-7,0
AF046051026,MERCURY,DON,7,14,0,3,7,17,-7,5-7,0
AF046060526,NIRVANA,SCHOLAR,0,3,7,17,7,20,-3,3-4,0
AF046060626,GADGET,SPARK,0,14,11,14,11,28,-14,11-14,0
AF046060726,SPARK,MIRAGE,14,3,7,7,21,10,11,11-14,0
AF046060826,ORIGINAL,STEEL,17,14,7,21,24,35,3,3-4,3
AF046060926,STEEL,MISSILE,7,7,24,25,31,32,0,level,3
AF046061026,NIRVANA,SCHOLAR,7,7,7,24,14,31,0,level,0
AF046070526,STEEL,ENFORCER,7,7,15,17,22,24,0,level,1
AF046070626,MIRAGE,ORIGINAL,7,14,7,3,14,17,-7,5-7,0
AF046070726,MAVERICK,SCHOLAR,7,3,7,3,14,6,4,3-4,0
AF046070826,NIRVANA,MAVERICK,14,10,7,14,21,24,4,3-4,1
AF046070926,SCHOLAR,PURSUIT,7,10,14,7,21,17,-3,3-4,3
AF046080626,SHURIKEN,SPARK,14,7,3,0,17,7,7,5-7,0
AF046080726,ENFORCER,PRISMATIC,17,28,13,14,30,42,-11,11-14,0
AF046080826,HEADHUNTER,GADGET,14,7,7,6,21,13,7,5-7,0
AF046080926,MAVERICK,SPARK,14,10,14,7,28,17,4,3-4,0
AF046090626,TOMBSTONE,ORIGINAL,7,3,10,0,17,3,4,3-4,0
AF046090726,PRISMATIC,STEEL,35,20,14,7,49,27,15,15+,0
AF046090826,MAVERICK,NIRVANA,7,0,10,7,17,7,7,5-7,0
AF046090926,FUSE,NIGHTMARE,3,10,7,14,10,24,-7,5-7,0
AF046100626,CLOCKWORK,MINDFLAYER,21,14,21,15,42,29,7,5-7,0
AF046100726,PRISMATIC,SCHOLAR,10,3,3,0,13,3,7,5-7,0
AF046100826,STEEL,SCHOLAR,10,17,7,7,17,24,-7,5-7,0
AF046100926,ORIGINAL,STEEL,0,7,14,10,14,17,-7,5-7,0
AF046110626,REGRET,GADGET,7,7,7,0,14,7,0,level,0
AF046110726,IMPERIAL,MONSTER,14,7,10,11,24,18,7,5-7,0
AF046110826,MISSILE,ORIGINAL,7,7,7,0,14,7,0,level,0
AF046110926,SHURIKEN,PURSUIT,3,7,7,13,10,20,-4,3-4,0
AF046120626,DREAD,CLOCKWORK,0,7,0,7,0,14,-7,5-7,0
AF046120726,STEEL,ORIGINAL,7,7,7,3,14,10,0,level,1
AF046120926,MINDFLAYER,DREAD,7,3,7,0,14,3,4,3-4,0
AF046130626,MISSILE,SCHOLAR,0,14,14,7,14,21,-14,11-14,0
AF046130726,MISSILE,DREAD,20,0,0,7,20,7,20,15+,0
AF046130826,SCHOLAR,MINDFLAYER,7,7,7,0,14,7,0,level,0
AF046130926,MIRAGE,PRISMATIC,10,14,6,7,16,21,-4,3-4,0
AF046140626,MIRAGE,MISSILE,7,6,3,10,10,16,1,1-2,1
AF046140726,ENFORCER,TOMBSTONE,7,7,2,14,9,21,0,level,0
AF046140826,CLOCKWORK,MERCURY,10,7,0,14,10,21,3,3-4,1
AF046150626,SHURIKEN,PURSUIT,10,7,7,14,17,21,3,3-4,3
AF046150726,MINDFLAYER,REGRET,0,14,6,10,6,24,-14,11-14,0
AF046150926,SPARK,PURSUIT,10,7,7,14,17,21,3,3-4,3
AF046160626,SHURIKEN,SPARK,7,7,3,0,10,7,0,level,0
AF046160726,MIRAGE,PRISMATIC,14,14,14,15,28,29,0,level,2
AF046160826,STEEL,SHURIKEN,0,6,0,3,0,9,-6,5-7,0
AF046160926,NIGHTMARE,FUSE,3,7,0,14,3,21,-4,3-4,0
AF046170626,MERCURY,TOMBSTONE,7,10,3,7,10,17,-3,3-4,0
AF046170826,NIGHTMARE,HEADHUNTER,14,3,0,8,14,11,11,11-14,0
AF046170926,MERCURY,MINDFLAYER,14,14,13,0,27,14,0,level,0
AF046180526,NIGHTMARE,FUSE,7,0,3,14,10,14,7,5-7,1
AF046180726,PRISMATIC,SCHOLAR,14,6,9,12,23,18,8,8-10,0
AF046180826,STEEL,MERCURY,6,14,16,9,22,23,-8,8-10,4
AF046200726,ENFORCER,MERCURY,3,10,6,14,9,24,-7,5-7,0
AF046200826,STEEL,MIRAGE,7,3,14,7,21,10,4,3-4,0
AF046200926,MAVERICK,NIRVANA,7,0,14,14,21,14,7,5-7,0
AF046210726,MERCURY,SCHOLAR,14,14,7,0,21,14,0,level,0
AF046210826,CLOCKWORK,DREAD,14,7,10,6,24,13,7,5-7,0
AF046210926,ENFORCER,MERCURY,7,7,7,3,14,10,0,level,1
AF046220626,KILLJOY,MERLIN,17,14,7,7,24,21,3,3-4,2
AF046220726,SPARK,PURSUIT,14,10,7,6,21,16,4,3-4,0
AF046220826,MAVERICK,SCHOLAR,14,7,3,7,17,14,7,5-7,0
AF046220926,NIRVANA,SHURIKEN,7,10,21,21,28,31,-3,3-4,0
AF046230626,SAGE,WARRIOR,7,7,3,0,10,7,0,level,0
AF046230726,ORIGINAL,STEEL,7,17,8,14,15,31,-10,8-10,0
AF046230826,MIRAGE,PURSUIT,17,17,7,17,24,34,0,level,0
AF046230926,MINDFLAYER,ENFORCER,0,21,0,7,0,28,-21,15+,0
AF046240526,PRISMATIC,MAVERICK,7,14,17,0,24,14,-7,5-7,1
AF046240626,CLOCKWORK,SPARK,7,7,0,7,7,14,0,level,0
AF046240826,SHURIKEN,MIRAGE,0,10,21,13,21,23,-10,8-10,4
AF046240926,MERCURY,MINDFLAYER,0,7,0,0,0,7,-7,5-7,0
AF046250726,PHOENIX,HERMES,10,7,0,7,10,14,3,3-4,1
AF046250826,SPARK,SCHOLAR,14,10,14,10,28,20,4,3-4,0
AF046250926,MINDFLAYER,ORIGINAL,14,7,10,7,24,14,7,5-7,0
AF046260526,ENFORCER,MAVERICK,7,6,0,13,7,19,1,1-2,1
AF046260626,MERCURY,CLOCKWORK,7,7,0,7,7,14,0,level,0
AF046260726,MIRAGE,MINDFLAYER,7,7,14,6,21,13,0,level,0
AF046260826,RICOCHET,CLOCKWORK,14,0,3,14,17,14,14,11-14,0
AF046260926,SPARK,SHURIKEN,0,10,14,7,14,17,-10,8-10,0
AF046270426,SABRE,GADGET,3,10,0,3,3,13,-7,5-7,0
AF046270626,PRISMATIC,MIRAGE,8,9,7,21,15,30,-1,1-2,0
AF046270726,HEADHUNTER,FUSE,14,14,7,10,21,24,0,level,0
AF046270926,NIRVANA,MISSILE,14,24,6,6,20,30,-10,8-10,0
AF046280426,ENFORCER,PURSUIT,14,7,13,10,27,17,7,5-7,0
AF046280526,STEEL,MINDFLAYER,14,7,10,15,24,22,7,5-7,0
AF046280726,MINDFLAYER,STEEL,17,14,0,14,17,28,3,3-4,1
AF046280826,MERCURY,MIRAGE,7,7,0,3,7,10,0,level,0
AF046290426,ENFORCER,PRISMATIC,3,7,7,0,10,7,-4,3-4,1
AF046290526,SCHOLAR,TOMBSTONE,3,7,11,13,14,20,-4,3-4,0
AF046290626,SCHOLAR,SPARK,3,14,15,14,18,28,-11,11-14,0
AF046290726,SPARK,HEADHUNTER,7,7,0,7,7,14,0,level,0
AF046290826,MINDFLAYER,MERCURY,7,14,15,7,22,21,-7,5-7,1
AF046290926,MERCURY,MINDFLAYER,7,14,6,7,13,21,-7,5-7,0
AF046300526,REGRET,MINDFLAYER,7,14,7,7,14,21,-7,5-7,0
AF046300626,PRISMATIC,REGRET,14,14,7,24,21,38,0,level,0
AF046300726,DREAD,MISSILE,14,10,0,7,14,17,4,3-4,1
AF046300826,STEEL,SHURIKEN,21,7,7,14,28,21,14,11-14,0
AF046300926,ORIGINAL,ENFORCER,10,21,7,7,17,28,-11,11-14,0
AF046310526,ORIGINAL,NIRVANA,7,14,8,7,15,21,-7,5-7,0
AF046310726,CLOCKWORK,MERCURY,3,7,3,3,6,10,-4,3-4,0
AF047010626,KILLJOY,FUSE,7,10,0,7,7,17,-3,3-4,0
AF047010826,SPARK,HEADHUNTER,7,7,10,8,17,15,0,level,2
AF047011026,MERLIN,FENRIR,14,7,15,21,29,28,7,5-7,2
AF047020526,SCHOLAR,GADGET,3,10,0,3,3,13,-7,5-7,0
AF047020626,REGRET,GADGET,7,7,7,14,14,21,0,level,0
AF047020726,GADGET,HEADHUNTER,17,21,12,10,29,31,-4,3-4,0
AF047020826,FUSE,FENRIR,14,14,14,13,28,27,0,level,0
AF047020926,FENRIR,NIGHTMARE,0,7,0,7,0,14,-7,5-7,0
AF047021026,MAVERICK,SHURIKEN,6,7,12,14,18,21,-1,1-2,0
AF047030526,SHURIKEN,FENRIR,21,7,3,7,24,14,14,11-14,0
AF047030626,LYNX,LEGEND,0,7,0,0,0,7,-7,5-7,0
AF047030726,MISSILE,CLOCKWORK,3,7,9,14,12,21,-4,3-4,0
AF047030826,SPARK,PRISMATIC,7,7,0,7,7,14,0,level,0
AF047030926,SCHOLAR,SHURIKEN,3,7,11,35,14,42,-4,3-4,0
AF047040526,REGRET,GADGET,7,7,0,7,7,14,0,level,0
AF047040626,HEADHUNTER,FUSE,7,3,7,14,14,17,4,3-4,3
AF047040726,LIZARD,FENRIR,24,17,0,14,24,31,7,5-7,1
AF047040826,FENRIR,FUSE,7,7,10,7,17,14,0,level,1
AF047040926,MERLIN,FUSE,10,21,14,10,24,31,-11,11-14,0
AF047041026,FENRIR,NIGHTMARE,27,7,10,7,37,14,20,15+,0
AF047050626,HEADHUNTER,REGRET,35,7,10,0,45,7,28,15+,0
AF047050726,REGRET,MAVERICK,7,14,10,0,17,14,-7,5-7,1
AF047050926,GADGET,HEADHUNTER,10,7,0,7,10,14,3,3-4,1
AF047060526,MERCENARY,NIGHTMARE,0,10,7,7,7,17,-10,8-10,0
AF047060626,NIGHTMARE,FENRIR,0,10,0,7,0,17,-10,8-10,0
AF047060726,NIGHTMARE,KILLJOY,14,14,7,3,21,17,0,level,1
AF047060826,SPARK,SCHOLAR,0,0,3,0,3,0,0,level,0
AF047060926,NIGHTMARE,REGRET,14,14,10,0,24,14,0,level,0
AF047061026,KILLJOY,NIGHTMARE,0,0,21,18,21,18,0,level,3
AF047070526,GADGET,REGRET,10,3,3,7,13,10,7,5-7,0
AF047070626,MERCENARY,NIGHTMARE,13,0,3,17,16,17,13,11-14,3
AF047070726,GADGET,MERLIN,10,14,6,7,16,21,-4,3-4,0
AF047070826,ORIGINAL,RICOCHET,14,0,3,18,17,18,14,11-14,3
AF047070926,FUSE,KILLJOY,21,17,16,21,37,38,4,3-4,1
AF047080626,NIGHTMARE,KILLJOY,0,7,13,7,13,14,-7,5-7,0
AF047080726,FENRIR,NIGHTMARE,14,21,8,10,22,31,-7,5-7,0
AF047080826,FUSE,FENRIR,7,14,8,10,15,24,-7,5-7,0
AF047080926,ENFORCER,STEEL,7,7,13,7,20,14,0,level,0
AF047090626,SHURIKEN,HEADHUNTER,7,14,13,7,20,21,-7,5-7,0
AF047090726,FENRIR,LIZARD,7,14,14,21,21,35,-7,5-7,0
AF047090826,NIGHTMARE,FENRIR,16,26,7,7,23,33,-10,8-10,0
AF047090926,CLOCKWORK,ENFORCER,3,3,7,9,10,12,0,level,1
AF047100626,NIRVANA,SABRE,21,21,7,10,28,31,0,level,0
AF047100826,FUSE,MERLIN,17,3,7,22,24,25,14,11-14,1
AF047100926,REGRET,HEADHUNTER,14,14,7,10,21,24,0,level,0
AF047110626,MERLIN,FENRIR,10,7,21,14,31,21,3,3-4,0
AF047110726,AVATAR,HERMES,7,17,14,0,21,17,-10,8-10,1
AF047110826,PURSUIT,SHURIKEN,7,7,14,6,21,13,0,level,0
AF047110926,DREAD,RICOCHET,3,7,13,10,16,17,-4,3-4,2
AF047120626,MERCENARY,SHURIKEN,10,7,21,13,31,20,3,3-4,0
AF047120726,NIRVANA,PRISMATIC,14,10,10,6,24,16,4,3-4,0
AF047120826,HEADHUNTER,GADGET,10,21,11,6,21,27,-11,11-14,0
AF047120926,HEADHUNTER,REGRET,7,14,0,7,7,21,-7,5-7,0
AF047130626,NIGHTMARE,HEADHUNTER,14,7,6,7,20,14,7,5-7,0
AF047130726,GADGET,FUSE,7,14,21,22,28,36,-7,5-7,0
AF047130826,SHURIKEN,REGRET,7,10,3,6,10,16,-3,3-4,0
AF047140626,PRISMATIC,MINDFLAYER,3,7,14,7,17,14,-4,3-4,1
AF047140726,MINDFLAYER,MAVERICK,10,24,12,7,22,31,-14,11-14,0
AF047140826,FENRIR,KILLJOY,14,17,9,7,23,24,-3,3-4,0
AF047150626,KILLJOY,MERLIN,7,7,0,7,7,14,0,level,0
AF047150726,LIZARD,FENRIR,7,7,10,14,17,21,0,level,1
AF047150926,MAVERICK,PRISMATIC,14,6,7,0,21,6,8,8-10,0
AF047160626,MERLIN,GADGET,10,14,15,7,25,21,-4,3-4,1
AF047160726,SHURIKEN,GADGET,0,10,10,3,10,13,-10,8-10,0
AF047160826,MAVERICK,PRISMATIC,7,7,10,7,17,14,0,level,0
AF047160926,NIRVANA,MAVERICK,7,7,10,7,17,14,0,level,0
AF047170626,FUSE,KILLJOY,21,7,0,7,21,14,14,11-14,0
AF047170826,SCHOLAR,PURSUIT,14,14,7,17,21,31,0,level,0
AF047180526,MINDFLAYER,SPARK,7,21,3,7,10,28,-14,11-14,0
AF047180626,MERCURY,SCHOLAR,0,10,0,0,0,10,-10,8-10,0
AF047180726,KILLJOY,MERLIN,14,21,14,0,28,21,-7,5-7,1
AF047180826,FUSE,FENRIR,14,6,21,0,35,6,8,8-10,0
AF047180926,KILLJOY,MERLIN,14,10,10,6,24,16,4,3-4,0
AF047190526,PURSUIT,HEADHUNTER,7,10,10,10,17,20,-3,3-4,0
AF047190726,HEADHUNTER,FENRIR,14,14,7,6,21,20,0,level,0
AF047190826,PURSUIT,NIRVANA,21,3,21,21,42,24,18,15+,0
AF047190926,FENRIR,NIGHTMARE,14,7,15,24,29,31,7,5-7,1
AF047200526,NIGHTMARE,KILLJOY,3,10,14,6,17,16,-7,5-7,1
AF047200726,REGRET,SHURIKEN,7,10,7,7,14,17,-3,3-4,2
AF047200826,HEADHUNTER,LIZARD,21,0,14,7,35,7,21,15+,0
AF047200926,LIZARD,NIGHTMARE,0,7,7,14,7,21,-7,5-7,0
AF047210726,FUSE,MERLIN,14,13,0,6,14,19,1,1-2,1
AF047210826,SHURIKEN,PRISMATIC,0,7,15,12,15,19,-7,5-7,2
AF047210926,GADGET,REGRET,7,14,10,10,17,24,-7,5-7,2
AF047220626,GADGET,REGRET,7,14,20,14,27,28,-7,5-7,0
AF047220726,NIGHTMARE,KILLJOY,10,14,7,7,17,21,-4,3-4,0
AF047220826,HEADHUNTER,MERLIN,7,10,7,0,14,10,-3,3-4,1
AF047230626,PRECISION,LEGEND,14,14,8,7,22,21,0,level,1
AF047230726,SPARK,SHURIKEN,14,7,7,0,21,7,7,5-7,0
AF047230926,SCHOLAR,NIRVANA,21,7,10,7,31,14,14,11-14,0
AF047240526,HEADHUNTER,FENRIR,14,0,3,7,17,7,14,11-14,0
AF047240926,HEADHUNTER,GADGET,10,0,7,14,17,14,10,8-10,2
AF047250526,KILLJOY,FENRIR,14,7,7,6,21,13,7,5-7,0
AF047250626,HEADHUNTER,FENRIR,14,10,14,15,28,25,4,3-4,0
AF047250726,PATHFINDER,METEOR,17,7,7,14,24,21,10,8-10,2
AF047250826,NIGHTMARE,MERLIN,10,7,10,14,20,21,3,3-4,1
AF047260526,SPARK,REGRET,0,3,7,14,7,17,-3,3-4,0
AF047260626,HEADHUNTER,REGRET,3,6,7,3,10,9,-3,3-4,1
AF047260726,MERLIN,FENRIR,7,7,7,0,14,7,0,level,0
AF047260826,GADGET,HEADHUNTER,7,17,7,7,14,24,-10,8-10,0
AF047260926,MERLIN,NIGHTMARE,7,7,14,0,21,7,0,level,0
AF047270426,MAVERICK,ENFORCER,14,0,0,7,14,7,14,11-14,0
AF047270626,NIGHTMARE,KILLJOY,10,7,6,7,16,14,3,3-4,2
AF047270726,SHURIKEN,SCHOLAR,7,14,6,3,13,17,-7,5-7,0
AF047270926,NIGHTMARE,FENRIR,17,21,8,14,25,35,-4,3-4,0
AF047280426,HEADHUNTER,AVATAR,10,7,7,7,17,14,3,3-4,2
AF047280526,HEADHUNTER,FUSE,7,21,15,0,22,21,-14,11-14,1
AF047280626,PRISMATIC,MAVERICK,3,9,21,21,24,30,-6,5-7,0
AF047280726,SCHOLAR,PRISMATIC,21,14,14,15,35,29,7,5-7,0
AF047280826,REGRET,SCHOLAR,7,14,7,3,14,17,-7,5-7,0
AF047280926,FUSE,NIGHTMARE,7,3,7,10,14,13,4,3-4,2
AF047290426,GADGET,NIGHTMARE,17,24,0,14,17,38,-7,5-7,0
AF047290526,SHURIKEN,REGRET,14,21,13,7,27,28,-7,5-7,0
AF047290626,GADGET,FUSE,0,10,14,7,14,17,-10,8-10,0
AF047290726,NIGHTMARE,KILLJOY,14,7,7,8,21,15,7,5-7,0
AF047290826,FENRIR,HEADHUNTER,0,3,14,7,14,10,-3,3-4,3
AF047290926,HEADHUNTER,NIGHTMARE,7,17,7,7,14,24,-10,8-10,0
AF047300426,SABRE,MERCENARY,7,10,0,14,7,24,-3,3-4,0
AF047300526,NIGHTMARE,GADGET,7,7,17,14,24,21,0,level,1
AF047300626,MIRAGE,MERCURY,7,17,7,15,14,32,-10,8-10,0
AF047300726,SHURIKEN,HEADHUNTER,3,7,6,7,9,14,-4,3-4,0
AF047300826,MERLIN,NIGHTMARE,7,7,14,7,21,14,0,level,0
AF047310526,FENRIR,MERCENARY,14,7,7,7,21,14,7,5-7,0
AF047310726,FENRIR,MERLIN,7,28,21,3,28,31,-21,15+,0
AF048010626,TOMBSTONE,RICOCHET,10,7,7,6,17,13,3,3-4,2
AF048010826,MINDFLAYER,SHURIKEN,7,7,7,10,14,17,0,level,1
AF048010926,DREAD,ENFORCER,21,7,21,0,42,7,14,11-14,0
AF048020526,NIGHTMARE,AVATAR,7,7,7,10,14,17,0,level,0
AF048020626,ENFORCER,SCHOLAR,7,14,7,17,14,31,-7,5-7,0
AF048020826,SHURIKEN,MINDFLAYER,0,19,15,2,15,21,-19,15+,0
AF048020926,ENFORCER,DREAD,13,8,10,0,23,8,5,5-7,0
AF048021026,MERCURY,ORIGINAL,14,0,10,7,24,7,14,11-14,0
AF048030526,MINDFLAYER,TOMBSTONE,7,7,0,7,7,14,0,level,0
AF048030626,SENTINEL,SEEKER,7,7,9,0,16,7,0,level,0
AF048030726,FENRIR,KILLJOY,7,7,7,0,14,7,0,level,0
AF048030826,MERCURY,DREAD,7,0,3,7,10,7,7,5-7,0
AF048030926,HEADHUNTER,FENRIR,10,7,10,17,20,24,3,3-4,3
AF048040526,ENFORCER,SCHOLAR,7,7,0,7,7,14,0,level,0
AF048040626,STEEL,SCHOLAR,7,17,7,7,14,24,-10,8-10,0
AF048040826,MINDFLAYER,MERCURY,14,10,0,0,14,10,4,3-4,0
AF048040926,CLOCKWORK,RICOCHET,7,21,7,0,14,21,-14,11-14,0
AF048041026,MISSILE,MIRAGE,7,21,3,3,10,24,-14,11-14,0
AF048050626,MAVERICK,PRISMATIC,0,7,7,3,7,10,-7,5-7,0
AF048050726,MIRAGE,TOMBSTONE,17,3,7,15,24,18,14,11-14,2
AF048050926,SCHOLAR,SHURIKEN,7,7,10,14,17,21,0,level,2
AF048051026,DON,MINDFLAYER,3,10,0,0,3,10,-7,5-7,0
AF048060526,TOMBSTONE,SCHOLAR,0,3,0,7,0,10,-3,3-4,0
AF048060626,SHURIKEN,SPARK,7,14,10,0,17,14,-7,5-7,1
AF048060726,SCHOLAR,PRISMATIC,14,3,7,8,21,11,11,11-14,0
AF048060826,MINDFLAYER,ENFORCER,7,7,14,7,21,14,0,level,0
AF048060926,PRISMATIC,MISSILE,7,21,21,10,28,31,-14,11-14,2
AF048070526,MINDFLAYER,SPARK,7,7,0,7,7,14,0,level,0
AF048070626,MAVERICK,PRISMATIC,0,7,14,10,14,17,-7,5-7,0
AF048070726,ENFORCER,SPARK,0,14,0,10,0,24,-14,11-14,0
AF048070826,PURSUIT,MAVERICK,17,21,14,14,31,35,-4,3-4,4
AF048070926,MIRAGE,PRISMATIC,21,7,13,14,34,21,14,11-14,0
AF048080626,MERLIN,GADGET,14,21,7,3,21,24,-7,5-7,0
AF048080726,SCHOLAR,STEEL,7,10,10,20,17,30,-3,3-4,2
AF048080826,NIGHTMARE,LIZARD,14,7,3,7,17,14,7,5-7,0
AF048080926,GADGET,SPARK,13,0,0,0,13,0,13,11-14,0
AF048090626,PRISMATIC,RICOCHET,17,14,7,7,24,21,3,3-4,0
AF048090726,MIRAGE,TOMBSTONE,14,14,15,14,29,28,0,level,1
AF048090826,MIRAGE,SHURIKEN,7,7,3,7,10,14,0,level,1
AF048090926,KILLJOY,NIGHTMARE,10,14,17,7,27,21,-4,3-4,1
AF048100626,MERCURY,MAVERICK,10,14,0,3,10,17,-4,3-4,0
AF048100826,MAVERICK,SCHOLAR,3,6,14,7,17,13,-3,3-4,3
AF048100926,MERCURY,MINDFLAYER,21,7,10,13,31,20,14,11-14,0
AF048110626,SCHOLAR,SPARK,7,14,15,10,22,24,-7,5-7,2
AF048110826,MERCURY,DREAD,3,14,8,0,11,14,-11,11-14,0
AF048110926,SCHOLAR,PURSUIT,7,3,7,8,14,11,4,3-4,0
AF048120626,TOMBSTONE,ORIGINAL,14,14,7,10,21,24,0,level,0
AF048120726,MISSILE,TOMBSTONE,10,14,7,7,17,21,-4,3-4,2
AF048120826,ENFORCER,RICOCHET,10,14,7,7,17,21,-4,3-4,2
AF048130626,MAVERICK,MERCURY,3,7,8,10,11,17,-4,3-4,0
AF048130826,ORIGINAL,STEEL,21,10,3,6,24,16,11,11-14,0
AF048130926,PRISMATIC,SPARK,7,14,14,3,21,17,-7,5-7,1
AF048140626,DREAD,TOMBSTONE,14,21,23,18,37,39,-7,5-7,4
AF048140826,DREAD,RICOCHET,0,10,7,10,7,20,-10,8-10,0
AF048140926,RICOCHET,MERCURY,3,21,14,7,17,28,-18,15+,0
AF048150626,SPARK,MERCURY,14,7,7,0,21,7,7,5-7,0
AF048150726,GADGET,NIRVANA,7,14,30,22,37,36,-7,5-7,1
AF048150826,FUSE,FENRIR,17,10,3,14,20,24,7,5-7,1
AF048150926,STEEL,SCHOLAR,7,17,21,14,28,31,-10,8-10,4
AF048160626,ENFORCER,SCHOLAR,10,6,7,7,17,13,4,3-4,2
AF048160726,ORIGINAL,MERCURY,7,7,7,8,14,15,0,level,1
AF048160826,MIRAGE,ORIGINAL,14,3,7,7,21,10,11,11-14,0
AF048160926,FUSE,KILLJOY,13,7,11,14,24,21,6,5-7,2
AF048170626,MERCURY,CLOCKWORK,14,24,8,3,22,27,-10,8-10,0
AF048170726,DREAD,RICOCHET,14,7,7,12,21,19,7,5-7,0
AF048170826,NIGHTMARE,GADGET,7,7,0,3,7,10,0,level,0
AF048170926,CLOCKWORK,ENFORCER,3,7,8,7,11,14,-4,3-4,0
AF048180526,FUSE,KILLJOY,21,10,14,10,35,20,11,11-14,0
AF048180626,ENFORCER,DREAD,14,14,13,11,27,25,0,level,3
AF048180726,STEEL,ORIGINAL,7,7,28,14,35,21,0,level,1
AF048180826,DREAD,ENFORCER,3,7,7,0,10,7,-4,3-4,1
AF048180926,MERCURY,RICOCHET,7,14,14,3,21,17,-7,5-7,1
AF048190826,MIRAGE,STEEL,0,7,18,10,18,17,-7,5-7,1
AF048190926,ORIGINAL,PURSUIT,17,21,10,14,27,35,-4,3-4,2
AF048200526,REGRET,SHURIKEN,3,7,14,0,17,7,-4,3-4,1
AF048200726,MERCURY,PRISMATIC,14,21,7,7,21,28,-7,5-7,0
AF048200926,SPARK,SHURIKEN,7,7,0,3,7,10,0,level,0
AF048210726,PRISMATIC,MINDFLAYER,7,7,3,0,10,7,0,level,0
AF048210826,MERCURY,ORIGINAL,3,7,6,21,9,28,-4,3-4,0
AF048220626,KILLJOY,NIGHTMARE,14,0,7,0,21,0,14,11-14,0
AF048220726,NIRVANA,REGRET,14,14,0,10,14,24,0,level,0
AF048220826,PRISMATIC,SHURIKEN,14,7,7,6,21,13,7,5-7,0
AF048220926,SPARK,SHURIKEN,7,7,10,7,17,14,0,level,0
AF048230626,KRAKEN,GENIUS,7,7,10,7,17,14,0,level,0
AF048230726,ENFORCER,RICOCHET,10,6,7,7,17,13,4,3-4,2
AF048230926,MERCURY,ORIGINAL,0,7,0,3,0,10,-7,5-7,0
AF048240626,MERCURY,ENFORCER,7,3,0,6,7,9,4,3-4,1
AF048240826,MERCURY,MINDFLAYER,7,7,8,7,15,14,0,level,1
AF048240926,ENFORCER,ORIGINAL,7,7,10,7,17,14,0,level,0
AF048250526,ENFORCER,PRISMATIC,7,0,3,14,10,14,7,5-7,1
AF048250626,ENFORCER,ORIGINAL,7,7,17,7,24,14,0,level,1
AF048250726,WARRIOR,ACE,7,10,7,7,14,17,-3,3-4,2
AF048250826,PRISMATIC,MAVERICK,7,7,22,6,29,13,0,level,0
AF048250926,CLOCKWORK,MERCURY,7,7,10,8,17,15,0,level,2
AF048260526,MINDFLAYER,SCHOLAR,10,10,17,7,27,17,0,level,0
AF048260626,NIRVANA,MISSILE,14,14,7,10,21,24,0,level,2
AF048260726,TOMBSTONE,PRISMATIC,0,0,7,10,7,10,0,level,0
AF048260826,ENFORCER,DREAD,10,7,3,0,13,7,3,3-4,0
AF048260926,SCHOLAR,MAVERICK,7,7,14,7,21,14,0,level,0
AF048270426,AVATAR,REGRET,7,10,7,3,14,13,-3,3-4,1
AF048270626,MERCURY,TOMBSTONE,7,14,14,6,21,20,-7,5-7,1
AF048270726,HEADHUNTER,NIGHTMARE,0,21,22,0,22,21,-21,15+,1
AF048270926,ORIGINAL,SHURIKEN,21,7,7,8,28,15,14,11-14,0
AF048280426,REGRET,SPARK,0,7,8,15,8,22,-7,5-7,0
AF048280526,ENFORCER,TOMBSTONE,7,0,7,0,14,0,7,5-7,0
AF048280726,MERCURY,ENFORCER,14,7,0,0,14,7,7,5-7,0
AF048280826,CLOCKWORK,RICOCHET,0,14,7,7,7,21,-14,11-14,0
AF048280926,REGRET,LIZARD,7,17,0,7,7,24,-10,8-10,0
AF048290426,NIRVANA,SHURIKEN,3,7,0,0,3,7,-4,3-4,0
AF048290526,ORIGINAL,MAVERICK,7,7,3,7,10,14,0,level,1
AF048290626,ENFORCER,MERCURY,3,7,8,7,11,14,-4,3-4,0
AF048290726,PURSUIT,SHURIKEN,7,13,10,7,17,20,-6,5-7,0
AF048290826,STEEL,MISSILE,17,6,3,7,20,13,11,11-14,0
AF048290926,DREAD,ORIGINAL,7,14,8,10,15,24,-7,5-7,0
AF048300526,MAVERICK,SCHOLAR,7,3,7,21,14,24,4,3-4,1
AF048300626,GADGET,REGRET,0,14,6,3,6,17,-14,11-14,0
AF048300726,RICOCHET,ORIGINAL,14,0,10,0,24,0,14,11-14,0
AF048300826,ORIGINAL,MISSILE,3,0,14,7,17,7,3,3-4,2
AF048300926,CLOCKWORK,RICOCHET,14,0,0,3,14,3,14,11-14,0
AF048310526,MAVERICK,RICOCHET,21,3,7,14,28,17,18,15+,0
AF048310726,MISSILE,RICOCHET,21,0,0,7,21,7,21,15+,0
AF048310826,RICOCHET,DREAD,14,10,7,8,21,18,4,3-4,0
AF049010526,AVATAR,HEADHUNTER,21,3,10,16,31,19,18,15+,0
AF049010626,NIGHTMARE,FUSE,3,7,6,16,9,23,-4,3-4,0
AF049010826,PRISMATIC,HEADHUNTER,7,7,7,10,14,17,0,level,0
AF049011026,FENRIR,NIGHTMARE,10,21,12,7,22,28,-11,11-14,2
AF049020526,SPARK,GADGET,7,3,0,7,7,10,4,3-4,1
AF049020626,SHURIKEN,HEADHUNTER,10,0,7,8,17,8,10,8-10,0
AF049020726,FUSE,HEADHUNTER,14,3,7,0,21,3,11,11-14,0
AF049020826,NIGHTMARE,FENRIR,0,7,28,8,28,15,-7,5-7,1
AF049020926,MERLIN,NIGHTMARE,20,0,3,0,23,0,20,15+,0
AF049021026,SHURIKEN,NIRVANA,7,7,14,10,21,17,0,level,3
AF049030526,HEADHUNTER,FENRIR,14,7,3,7,17,14,7,5-7,0
AF049030626,SAGE,ROCKET,3,14,0,7,3,21,-11,11-14,0
AF049030726,MERCURY,CLOCKWORK,7,3,6,7,13,10,4,3-4,0
AF049030826,PURSUIT,PRISMATIC,7,14,7,14,14,28,-7,5-7,0
AF049030926,MIRAGE,PRISMATIC,10,14,7,7,17,21,-4,3-4,2
AF049031026,FENRIR,FUSE,7,7,8,10,15,17,0,level,2
AF049040526,FENRIR,GADGET,14,7,10,14,24,21,7,5-7,0
AF049040626,GADGET,FUSE,0,7,31,28,31,35,-7,5-7,8
AF049040726,HEADHUNTER,FENRIR,3,21,14,0,17,21,-18,15+,0
AF049040826,KILLJOY,FUSE,10,10,14,7,24,17,0,level,0
AF049040926,FENRIR,FUSE,7,14,7,7,14,21,-7,5-7,0
AF049041026,NIGHTMARE,HEADHUNTER,16,21,6,3,22,24,-5,5-7,0
AF049050626,SHURIKEN,REGRET,14,0,7,7,21,7,14,11-14,0
AF049050726,SPARK,MAVERICK,14,10,7,7,21,17,4,3-4,0
AF049050826,MERLIN,NIGHTMARE,16,7,7,0,23,7,9,8-10,0
AF049050926,LIZARD,HEADHUNTER,7,0,6,10,13,10,7,5-7,0
AF049051026,MERLIN,FUSE,14,14,10,7,24,21,0,level,1
AF049060526,MERCENARY,SABRE,14,14,7,14,21,28,0,level,1
AF049060626,NIGHTMARE,KILLJOY,7,10,7,7,14,17,-3,3-4,0
AF049060726,FUSE,KILLJOY,14,35,15,0,29,35,-21,15+,0
AF049060826,SHURIKEN,SCHOLAR,7,7,7,0,14,7,0,level,0
AF049060926,NIGHTMARE,HEADHUNTER,7,7,3,14,10,21,0,level,1
AF049061026,NIGHTMARE,FENRIR,7,24,6,14,13,38,-17,15+,0
AF049070526,SABRE,REGRET,7,10,6,14,13,24,-3,3-4,0
AF049070626,FENRIR,NIGHTMARE,14,21,15,7,29,28,-7,5-7,1
AF049070726,REGRET,MERLIN,14,15,14,17,28,32,-1,1-2,0
AF049070826,MISSILE,RICOCHET,14,13,7,0,21,13,1,1-2,0
AF049070926,NIGHTMARE,KILLJOY,17,7,7,7,24,14,10,8-10,0
AF049080626,LIZARD,KILLJOY,7,14,8,3,15,17,-7,5-7,2
AF049080726,KILLJOY,NIGHTMARE,14,21,14,0,28,21,-7,5-7,1
AF049080926,MINDFLAYER,STEEL,0,14,15,7,15,21,-14,11-14,0
AF049090626,GADGET,HEADHUNTER,7,21,14,6,21,27,-14,11-14,0
AF049090726,MERLIN,LIZARD,10,7,3,3,13,10,3,3-4,0
AF049090826,HEADHUNTER,FENRIR,10,14,14,13,24,27,-4,3-4,0
AF049090926,RICOCHET,ENFORCER,3,7,3,10,6,17,-4,3-4,0
AF049100626,REGRET,SABRE,7,7,7,0,14,7,0,level,0
AF049100826,NIGHTMARE,FENRIR,7,10,7,7,14,17,-3,3-4,2
AF049100926,GADGET,HEADHUNTER,7,17,14,7,21,24,-10,8-10,0
AF049110626,KILLJOY,FENRIR,14,7,14,7,28,14,7,5-7,0
AF049110726,HERMES,AVATAR,9,3,7,7,16,10,6,5-7,0
AF049110826,REGRET,SHURIKEN,3,7,11,10,14,17,-4,3-4,0
AF049110926,CLOCKWORK,RICOCHET,10,14,0,7,10,21,-4,3-4,0
AF049120626,HEADHUNTER,SHURIKEN,7,14,14,0,21,14,-7,5-7,1
AF049120726,MAVERICK,PRISMATIC,14,21,14,10,28,31,-7,5-7,0
AF049120826,LIZARD,GADGET,31,7,17,6,48,13,24,15+,0
AF049120926,REGRET,GADGET,7,7,10,7,17,14,0,level,2
AF049130626,FENRIR,HEADHUNTER,7,0,14,10,21,10,7,5-7,0
AF049130726,MERLIN,FUSE,21,14,14,7,35,21,7,5-7,0
AF049130926,HEADHUNTER,LIZARD,17,10,21,14,38,24,7,5-7,0
AF049140626,MERCURY,MINDFLAYER,0,10,7,7,7,17,-10,8-10,0
AF049140726,REGRET,MAVERICK,0,0,0,3,0,3,0,level,0
AF049140826,FUSE,KILLJOY,28,14,0,6,28,20,14,11-14,0
AF049140926,MEMENTO,LEGEND,7,10,17,6,24,16,-3,3-4,1
AF049150626,FENRIR,MERLIN,0,21,0,0,0,21,-21,15+,0
AF049150726,KILLJOY,NIGHTMARE,14,17,14,7,28,24,-3,3-4,1
AF049150826,LIZARD,REGRET,7,7,10,0,17,7,0,level,0
AF049150926,PRISMATIC,MIRAGE,14,7,7,8,21,15,7,5-7,0
AF049160626,FENRIR,GADGET,10,7,7,7,17,14,3,3-4,0
AF049160726,HEADHUNTER,GADGET,7,10,7,0,14,10,-3,3-4,1
AF049170626,NIGHTMARE,KILLJOY,7,17,27,21,34,38,-10,8-10,0
AF049170826,SCHOLAR,SPARK,8,21,14,10,22,31,-13,11-14,0
AF049170926,REGRET,GADGET,3,7,6,7,9,14,-4,3-4,0
AF049180526,SCHOLAR,ENFORCER,7,0,6,10,13,10,7,5-7,0
AF049180626,MAVERICK,SCHOLAR,0,21,7,3,7,24,-21,15+,0
AF049180726,FUSE,MERLIN,21,21,3,10,24,31,0,level,0
AF049180826,GADGET,FENRIR,21,7,3,7,24,14,14,11-14,0
AF049180926,MERLIN,FUSE,14,14,0,10,14,24,0,level,0
AF049190526,SPARK,HEADHUNTER,7,7,3,6,10,13,0,level,1
AF049190726,LIZARD,FENRIR,10,17,6,13,16,30,-7,5-7,0
AF049190826,SPARK,NIRVANA,10,7,7,7,17,14,3,3-4,2
AF049190926,NIGHTMARE,KILLJOY,14,6,7,0,21,6,8,8-10,0
AF049200526,HEADHUNTER,KILLJOY,7,7,7,14,14,21,0,level,2
AF049200726,SPARK,GADGET,3,7,14,7,17,14,-4,3-4,1
AF049200926,NIGHTMARE,FENRIR,7,14,10,10,17,24,-7,5-7,2
AF049210726,GADGET,MERLIN,10,7,14,7,24,14,3,3-4,0
AF049210826,REGRET,PRISMATIC,21,10,10,6,31,16,11,11-14,0
AF049220626,GADGET,FUSE,0,21,14,14,14,35,-21,15+,0
AF049220726,FENRIR,KILLJOY,14,7,3,7,17,14,7,5-7,0
AF049220926,MERLIN,FUSE,14,14,17,13,31,27,0,level,1
AF049230626,LYNX,SHARK,21,0,3,8,24,8,21,15+,0
AF049230726,GADGET,SHURIKEN,14,7,0,0,14,7,7,5-7,0
AF049230926,SHURIKEN,MAVERICK,14,3,7,6,21,9,11,11-14,0
AF049240526,NIGHTMARE,FENRIR,7,10,17,7,24,17,-3,3-4,3
AF049240826,FUSE,MERLIN,10,6,7,3,17,9,4,3-4,0
AF049250526,NIGHTMARE,FENRIR,7,3,0,0,7,3,4,3-4,0
AF049250626,GADGET,FENRIR,0,21,6,0,6,21,-21,15+,0
AF049250726,OVERDRIVE,LUNA,17,7,0,7,17,14,10,8-10,0
AF049250826,GADGET,MERLIN,17,7,7,7,24,14,10,8-10,0
AF049260526,SHURIKEN,REGRET,7,7,13,3,20,10,0,level,0
AF049260626,LIZARD,REGRET,17,13,13,14,30,27,4,3-4,0
AF049260726,NIGHTMARE,FENRIR,7,7,7,6,14,13,0,level,0
AF049260826,LIZARD,HEADHUNTER,14,0,10,12,24,12,14,11-14,0
AF049270426,SHURIKEN,SPARK,7,7,7,3,14,10,0,level,1
AF049270526,KILLJOY,NIGHTMARE,0,0,7,10,7,10,0,level,0
AF049270626,GADGET,KILLJOY,3,7,14,14,17,21,-4,3-4,4
AF049270726,SHURIKEN,PURSUIT,14,14,10,3,24,17,0,level,0
AF049280426,GADGET,AVATAR,21,7,14,20,35,27,14,11-14,0
AF049280526,REGRET,FUSE,3,14,0,14,3,28,-11,11-14,0
AF049280626,MERCURY,MAVERICK,7,14,3,0,10,14,-7,5-7,0
AF049280726,MIRAGE,PRISMATIC,0,7,13,7,13,14,-7,5-7,0
AF049280826,MAVERICK,SCHOLAR,7,10,14,15,21,25,-3,3-4,2
AF049280926,NIGHTMARE,MERLIN,7,10,14,7,21,17,-3,3-4,3
AF049290426,NIGHTMARE,REGRET,7,0,14,14,21,14,7,5-7,2
AF049290526,NIRVANA,REGRET,14,21,13,9,27,30,-7,5-7,0
AF049290626,SABRE,FUSE,10,7,7,14,17,21,3,3-4,3
AF049290726,LIZARD,KILLJOY,10,7,7,6,17,13,3,3-4,0
AF049290826,MERLIN,FUSE,14,10,14,14,28,24,4,3-4,4
AF049290926,NIGHTMARE,LIZARD,20,14,15,0,35,14,6,5-7,0
AF049300426,GADGET,MERCENARY,10,21,15,9,25,30,-11,11-14,0
AF049300526,NIGHTMARE,KILLJOY,3,10,6,10,9,20,-7,5-7,0
AF049300626,MISSILE,MERCURY,3,14,14,17,17,31,-11,11-14,0
AF049300726,GADGET,HEADHUNTER,14,21,7,3,21,24,-7,5-7,0
AF049300926,SCHOLAR,SPARK,14,14,7,6,21,20,0,level,0
AF049310526,GADGET,MERCENARY,0,3,7,6,7,9,-3,3-4,2
AF049310726,KILLJOY,MERLIN,7,10,14,7,21,17,-3,3-4,3
AF049310826,GADGET,FENRIR,7,20,14,15,21,35,-13,11-14,0
AF050010526,PRISMATIC,MINDFLAYER,10,14,7,0,17,14,-4,3-4,1
AF050010726,SCHOLAR,CLOCKWORK,7,14,10,7,17,21,-7,5-7,2
AF050010826,SCHOLAR,SHURIKEN,10,7,0,8,10,15,3,3-4,1
AF050011026,DON,MINDFLAYER,7,7,0,3,7,10,0,level,0
AF050020526,NIGHTMARE,LIZARD,7,3,6,7,13,10,4,3-4,2
AF050020626,MAVERICK,MINDFLAYER,21,17,7,7,28,24,4,3-4,2
AF050020826,PRISMATIC,MINDFLAYER,7,7,13,10,20,17,0,level,3
AF050020926,ORIGINAL,DREAD,7,0,3,0,10,0,7,5-7,0
AF050021026,ORIGINAL,DON,0,14,7,0,7,14,-14,11-14,0
AF050030526,PRISMATIC,TOMBSTONE,0,17,0,7,0,24,-17,15+,0
AF050030626,AVATAR,SHROUD,10,0,3,0,13,0,10,8-10,0
AF050030726,FENRIR,FUSE,7,10,6,14,13,24,-3,3-4,0
AF050030826,MISSILE,DREAD,3,17,24,21,27,38,-14,11-14,0
AF050030926,HEADHUNTER,MERLIN,3,0,13,13,16,13,3,3-4,2
AF050040526,SPARK,SCHOLAR,7,3,10,0,17,3,4,3-4,0
AF050040626,TOMBSTONE,SCHOLAR,14,6,7,18,21,24,8,8-10,1
AF050040826,STEEL,MERCURY,14,17,14,7,28,24,-3,3-4,3
AF050040926,MERCURY,RICOCHET,7,7,0,7,7,14,0,level,0
AF050041026,MIRAGE,SHURIKEN,7,14,0,3,7,17,-7,5-7,0
AF050050626,SCHOLAR,PRISMATIC,24,17,6,0,30,17,7,5-7,0
AF050050726,STEEL,TOMBSTONE,3,14,13,7,16,21,-11,11-14,0
AF050050826,DREAD,TOMBSTONE,14,0,0,0,14,0,14,11-14,0
AF050050926,SPARK,SHURIKEN,0,7,7,7,7,14,-7,5-7,0
AF050051026,MERCURY,ENFORCER,7,10,14,7,21,17,-3,3-4,1
AF050060526,TOMBSTONE,NIRVANA,7,7,7,10,14,17,0,level,0
AF050060626,SHURIKEN,GADGET,0,7,15,7,15,14,-7,5-7,1
AF050060726,SPARK,PRISMATIC,7,14,7,3,14,17,-7,5-7,0
AF050060826,STEEL,ENFORCER,28,17,21,22,49,39,11,11-14,0
AF050060926,PRISMATIC,STEEL,14,7,21,8,35,15,7,5-7,0
AF050061026,SHURIKEN,SCHOLAR,7,14,8,3,15,17,-7,5-7,0
AF050070526,ENFORCER,SPARK,7,14,14,0,21,14,-7,5-7,1
AF050070626,MIRAGE,PRISMATIC,0,14,7,7,7,21,-14,11-14,0
AF050070726,MAVERICK,SPARK,7,4,11,14,18,18,3,3-4,1
AF050070826,PURSUIT,NIRVANA,14,10,28,8,42,18,4,3-4,0
AF050080626,SHURIKEN,GADGET,14,24,0,7,14,31,-10,8-10,0
AF050080726,ENFORCER,STEEL,10,7,3,3,13,10,3,3-4,0
AF050080926,GADGET,MAVERICK,10,0,21,28,31,28,10,8-10,4
AF050090626,TOMBSTONE,RICOCHET,14,24,0,0,14,24,-10,8-10,0
AF050090726,PRISMATIC,TOMBSTONE,42,7,7,14,49,21,35,15+,0
AF050090826,MAVERICK,SHURIKEN,0,10,8,13,8,23,-10,8-10,0
AF050090926,KILLJOY,FUSE,10,10,0,7,10,17,0,level,0
AF050100626,CLOCKWORK,MAVERICK,0,10,0,0,0,10,-10,8-10,0
AF050100826,STEEL,MIRAGE,10,7,11,7,21,14,3,3-4,2
AF050100926,ORIGINAL,MINDFLAYER,3,14,8,0,11,14,-11,11-14,0
AF050110626,REGRET,SPARK,7,14,14,3,21,17,-7,5-7,1
AF050110726,CRYSTAL,IMPERIAL,0,6,7,3,7,9,-6,5-7,2
AF050110826,MISSILE,DREAD,7,10,7,14,14,24,-3,3-4,2
AF050110926,SHURIKEN,MISSILE,3,7,7,14,10,21,-4,3-4,0
AF050120626,DREAD,ORIGINAL,7,7,0,7,7,14,0,level,0
AF050120726,STEEL,TOMBSTONE,7,7,17,14,24,21,0,level,1
AF050120826,CLOCKWORK,RICOCHET,0,14,0,0,0,14,-14,11-14,0
AF050120926,RICOCHET,DREAD,7,7,3,0,10,7,0,level,0
AF050130626,SCHOLAR,MERCURY,14,0,3,7,17,7,14,11-14,0
AF050130726,MISSILE,MERCURY,7,7,6,7,13,14,0,level,0
AF050130826,SCHOLAR,STEEL,14,0,7,0,21,0,14,11-14,0
AF050130926,MIRAGE,SHURIKEN,14,14,14,7,28,21,0,level,0
AF050140626,MIRAGE,TOMBSTONE,7,7,14,0,21,7,0,level,0
AF050140826,CLOCKWORK,RICOCHET,0,21,7,6,7,27,-21,15+,0
AF050140926,AVATAR,HERMES,7,10,7,7,14,17,-3,3-4,0
AF050150626,SHURIKEN,MERCURY,7,7,10,8,17,15,0,level,0
AF050150726,REGRET,MINDFLAYER,14,7,3,7,17,14,7,5-7,0
AF050150926,SCHOLAR,PURSUIT,14,14,7,3,21,17,0,level,1
AF050160626,SHURIKEN,SCHOLAR,0,3,0,14,0,17,-3,3-4,0
AF050160726,MIRAGE,MERCURY,14,10,0,7,14,17,4,3-4,1
AF050160926,NIGHTMARE,MERLIN,3,10,10,0,13,10,-7,5-7,1
AF050170626,PRISMATIC,CLOCKWORK,14,13,20,22,34,35,1,1-2,1
AF050170726,CLOCKWORK,RICOCHET,7,0,7,8,14,8,7,5-7,0
AF050170826,LIZARD,HEADHUNTER,7,7,17,14,24,21,0,level,0
AF050170926,ENFORCER,MINDFLAYER,10,3,10,6,20,9,7,5-7,0
AF050180526,NIGHTMARE,FUSE,14,10,0,0,14,10,4,3-4,0
AF050180626,STEEL,DREAD,7,14,14,14,21,28,-7,5-7,0
AF050180726,PRISMATIC,ORIGINAL,0,14,15,7,15,21,-14,11-14,0
AF050180826,STEEL,ENFORCER,21,14,14,7,35,21,7,5-7,0
AF050180926,RICOCHET,ENFORCER,3,10,0,10,3,20,-7,5-7,0
AF050190826,ORIGINAL,STEEL,0,7,15,7,15,14,-7,5-7,1
AF050190926,PURSUIT,STEEL,10,14,0,21,10,35,-4,3-4,0
AF050200526,SPARK,SHURIKEN,7,7,10,7,17,14,0,level,0
AF050200726,ENFORCER,STEEL,7,7,7,3,14,10,0,level,1
AF050200826,STEEL,ORIGINAL,7,14,0,14,7,28,-7,5-7,0
AF050200926,SHURIKEN,NIRVANA,0,7,14,3,14,10,-7,5-7,1
AF050210726,MERCURY,MINDFLAYER,7,14,8,3,15,17,-7,5-7,0
AF050210826,CLOCKWORK,ORIGINAL,10,14,3,7,13,21,-4,3-4,0
AF050210926,ORIGINAL,MERCURY,7,10,13,7,20,17,-3,3-4,3
AF050220626,FENRIR,MERLIN,7,14,7,14,14,28,-7,5-7,0
AF050220726,SPARK,REGRET,7,7,0,14,7,21,0,level,0
AF050220826,MAVERICK,SHURIKEN,7,7,0,7,7,14,0,level,0
AF050220926,NIRVANA,SHURIKEN,0,10,17,0,17,10,-10,8-10,1
AF050230626,AVATAR,SENTRY,7,0,7,17,14,17,7,5-7,1
AF050230726,ORIGINAL,RICOCHET,7,10,14,10,21,20,-3,3-4,1
AF050230826,MIRAGE,MISSILE,10,14,7,14,17,28,-4,3-4,0
AF050230926,ENFORCER,MINDFLAYER,7,14,7,7,14,21,-7,5-7,0
AF050240526,PRISMATIC,RICOCHET,7,3,7,7,14,10,4,3-4,2
AF050240626,CLOCKWORK,ENFORCER,7,7,10,7,17,14,0,level,0
AF050240926,ORIGINAL,MINDFLAYER,10,7,7,7,17,14,3,3-4,2
AF050250526,SPARK,PRISMATIC,21,14,7,13,28,27,7,5-7,0
AF050250626,SCHOLAR,ORIGINAL,7,7,14,17,21,24,0,level,0
AF050250726,LYNX,OFFICER,10,14,7,7,17,21,-4,3-4,0
AF050250826,SPARK,MAVERICK,0,20,0,14,0,34,-20,15+,0
AF050250926,MERCURY,ORIGINAL,7,17,0,7,7,24,-10,8-10,0
AF050260526,ENFORCER,SCHOLAR,7,7,0,21,7,28,0,level,0
AF050260626,CLOCKWORK,MISSILE,14,20,20,13,34,33,-6,5-7,5
AF050260726,MIRAGE,PRISMATIC,14,7,3,14,17,21,7,5-7,1
AF050260826,RICOCHET,DREAD,0,21,7,14,7,35,-21,15+,0
AF050260926,MAVERICK,SHURIKEN,7,6,3,0,10,6,1,1-2,0
AF050270426,AVATAR,GADGET,10,14,16,14,26,28,-4,3-4,0
AF050270626,PRISMATIC,TOMBSTONE,17,7,0,7,17,14,10,8-10,0
AF050270726,GADGET,FUSE,14,7,10,21,24,28,7,5-7,3
AF050270826,SCHOLAR,PRISMATIC,24,7,6,10,30,17,17,15+,0
AF050270926,SHURIKEN,MISSILE,7,7,7,0,14,7,0,level,0
AF050280426,PURSUIT,SPARK,3,7,14,0,17,7,-4,3-4,1
AF050280526,STEEL,TOMBSTONE,0,14,0,3,0,17,-14,11-14,0
AF050280626,MIRAGE,TOMBSTONE,14,14,14,8,28,22,0,level,0
AF050280726,MINDFLAYER,ENFORCER,10,14,0,7,10,21,-4,3-4,0
AF050280826,MERCURY,RICOCHET,3,7,7,0,10,7,-4,3-4,1
AF050280926,LIZARD,HEADHUNTER,10,7,7,14,17,21,3,3-4,3
AF050290426,SHURIKEN,PRISMATIC,7,14,7,3,14,17,-7,5-7,0
AF050290526,TOMBSTONE,MAVERICK,14,14,8,14,22,28,0,level,0
AF050290626,SCHOLAR,MERCURY,14,3,7,8,21,11,11,11-14,0
AF050290726,SPARK,SHURIKEN,7,7,3,7,10,14,0,level,1
AF050290826,MINDFLAYER,MISSILE,14,14,0,7,14,21,0,level,0
AF050290926,ORIGINAL,MINDFLAYER,7,3,7,7,14,10,4,3-4,2
AF050300526,MAVERICK,MINDFLAYER,10,7,0,7,10,14,3,3-4,1
AF050300626,PRISMATIC,PURSUIT,3,10,10,0,13,10,-7,5-7,1
AF050300726,DREAD,ORIGINAL,0,14,15,3,15,17,-14,11-14,0
AF050300826,STEEL,MISSILE,28,7,3,21,31,28,21,15+,0
AF050300926,RICOCHET,ENFORCER,7,10,3,3,10,13,-3,3-4,0
AF050310526,NIRVANA,RICOCHET,3,14,6,3,9,17,-11,11-14,0
AF050310826,ENFORCER,DREAD,7,7,13,14,20,21,0,level,0
AF051010526,SHURIKEN,REGRET,13,7,7,14,20,21,6,5-7,1
AF051010626,KILLJOY,FENRIR,14,10,0,7,14,17,4,3-4,1
AF051010726,NIGHTMARE,MERLIN,7,7,14,15,21,22,0,level,1
AF051010826,SPARK,REGRET,7,14,6,7,13,21,-7,5-7,0
AF051010926,PRISMATIC,SPARK,14,7,3,14,17,21,7,5-7,1
AF051011026,MERLIN,FUSE,0,7,14,6,14,13,-7,5-7,1
AF051020526,SPARK,SCHOLAR,7,3,7,6,14,9,4,3-4,0
AF051020626,GADGET,HEADHUNTER,0,14,0,6,0,20,-14,11-14,0
AF051020826,FUSE,MERLIN,10,7,10,7,20,14,3,3-4,0
AF051020926,FENRIR,GADGET,7,0,14,7,21,7,7,5-7,0
AF051021026,MAVERICK,MISSILE,14,14,21,3,35,17,0,level,1
AF051030526,SHURIKEN,NIGHTMARE,3,10,7,14,10,24,-7,5-7,0
AF051030626,NEON,GENIUS,14,14,7,14,21,28,0,level,0
AF051030726,MERCURY,MISSILE,21,14,12,21,33,35,7,5-7,1
AF051030826,SPARK,MIRAGE,10,7,14,20,24,27,3,3-4,5
AF051030926,MIRAGE,SHURIKEN,0,7,16,10,16,17,-7,5-7,0
AF051031026,MERLIN,NIGHTMARE,7,10,0,14,7,24,-3,3-4,0
AF051040526,REGRET,AVATAR,7,13,15,11,22,24,-6,5-7,4
AF051040626,HEADHUNTER,MERCENARY,14,10,6,7,20,17,4,3-4,0
AF051040726,LIZARD,NIGHTMARE,14,7,6,10,20,17,7,5-7,0
AF051040826,FENRIR,MERLIN,7,10,14,14,21,24,-3,3-4,2
AF051040926,FENRIR,MERLIN,0,10,21,6,21,16,-10,8-10,3
AF051041026,FENRIR,LIZARD,7,7,10,7,17,14,0,level,0
AF051050626,HEADHUNTER,NIRVANA,7,17,7,3,14,20,-10,8-10,0
AF051050726,REGRET,NIRVANA,14,7,3,7,17,14,7,5-7,0
AF051050826,REGRET,LIZARD,7,14,3,7,10,21,-7,5-7,0
AF051050926,GADGET,REGRET,14,7,7,7,21,14,7,5-7,0
AF051060526,NIGHTMARE,GADGET,14,14,14,9,28,23,0,level,1
AF051060626,FENRIR,LIZARD,14,10,0,7,14,17,4,3-4,1
AF051060726,NIGHTMARE,MERLIN,7,21,13,14,20,35,-14,11-14,0
AF051060826,SHURIKEN,SPARK,7,14,7,3,14,17,-7,5-7,0
AF051060926,REGRET,FUSE,3,14,18,21,21,35,-11,11-14,0
AF051061026,KILLJOY,MERLIN,14,3,10,14,24,17,11,11-14,0
AF051070626,MERCENARY,HEADHUNTER,14,0,3,7,17,7,14,11-14,0
AF051070726,GADGET,LIZARD,10,21,0,0,10,21,-11,11-14,0
AF051070826,MISSILE,ORIGINAL,7,7,9,16,16,23,0,level,1
AF051070926,FUSE,MERLIN,21,17,7,13,28,30,4,3-4,3
AF051080626,NIGHTMARE,FENRIR,10,14,3,17,13,31,-4,3-4,0
AF051080726,FENRIR,LIZARD,21,0,3,0,24,0,21,15+,0
AF051080826,FUSE,MERLIN,0,10,10,3,10,13,-10,8-10,0
AF051080926,MINDFLAYER,ENFORCER,14,7,3,0,17,7,7,5-7,0
AF051090626,SHURIKEN,SABRE,10,14,8,3,18,17,-4,3-4,1
AF051090726,FENRIR,HEADHUNTER,7,10,7,7,14,17,-3,3-4,0
AF051090826,NIGHTMARE,FUSE,21,21,15,14,36,35,0,level,2
AF051090926,RICOCHET,CLOCKWORK,3,14,0,7,3,21,-11,11-14,0
AF051100626,NIRVANA,SPARK,0,17,7,0,7,17,-17,15+,0
AF051100826,FENRIR,MERLIN,21,10,17,14,38,24,11,11-14,0
AF051100926,REGRET,LIZARD,10,10,21,28,31,38,0,level,2
AF051110626,MERLIN,FUSE,7,7,9,10,16,17,0,level,0
AF051110826,PURSUIT,SPARK,7,17,7,0,14,17,-10,8-10,0
AF051120626,MERCENARY,REGRET,14,7,3,8,17,15,7,5-7,2
AF051120726,NIRVANA,MINDFLAYER,21,10,14,20,35,30,11,11-14,0
AF051120826,LIZARD,HEADHUNTER,14,17,7,7,21,24,-3,3-4,2
AF051120926,HEADHUNTER,GADGET,3,3,7,6,10,9,0,level,1
AF051130626,FENRIR,NIGHTMARE,14,7,3,7,17,14,7,5-7,0
AF051130726,GADGET,HEADHUNTER,3,7,0,3,3,10,-4,3-4,0
AF051130826,SHURIKEN,SPARK,7,10,14,6,21,16,-3,3-4,1
AF051130926,FENRIR,NIGHTMARE,0,7,13,7,13,14,-7,5-7,0
AF051140626,PRISMATIC,ORIGINAL,10,7,8,14,18,21,3,3-4,1
AF051140726,MINDFLAYER,SCHOLAR,10,7,0,0,10,7,3,3-4,0
AF051140826,FENRIR,MERLIN,7,7,3,0,10,7,0,level,0
AF051140926,CLASH,PINNACLE,13,7,13,0,26,7,6,5-7,0
AF051150626,KILLJOY,NIGHTMARE,10,0,14,25,24,25,10,8-10,1
AF051150726,NIGHTMARE,FENRIR,14,7,0,14,14,21,7,5-7,1
AF051150826,LIZARD,HEADHUNTER,0,7,14,17,14,24,-7,5-7,0
AF051150926,MAVERICK,SHURIKEN,2,7,13,3,15,10,-5,5-7,1
AF051160626,MERLIN,FUSE,10,10,0,3,10,13,0,level,0
AF051160726,SHURIKEN,REGRET,17,10,7,15,24,25,7,5-7,1
AF051160826,NIRVANA,MAVERICK,14,8,6,7,20,15,6,5-7,2
AF051170626,FUSE,FENRIR,7,3,6,7,13,10,4,3-4,0
AF051170826,REGRET,PURSUIT,17,14,9,7,26,21,3,3-4,0
AF051180526,SCHOLAR,SPARK,10,7,7,14,17,21,3,3-4,1
AF051180626,MERCURY,ORIGINAL,10,7,7,17,17,24,3,3-4,1
AF051180726,KILLJOY,FENRIR,10,17,8,7,18,24,-7,5-7,0
AF051180826,FUSE,MERLIN,13,7,3,0,16,7,6,5-7,0
AF051180926,KILLJOY,FENRIR,7,21,0,3,7,24,-14,11-14,0
AF051190526,PURSUIT,SHURIKEN,7,0,6,6,13,6,7,5-7,0
AF051190726,HEADHUNTER,NIGHTMARE,7,7,7,10,14,17,0,level,2
AF051190826,PURSUIT,PRISMATIC,17,21,0,0,17,21,-4,3-4,0
AF051190926,FENRIR,HEADHUNTER,7,14,3,10,10,24,-7,5-7,0
AF051200526,NIGHTMARE,FUSE,3,3,3,9,6,12,0,level,1
AF051200726,SHURIKEN,REGRET,0,0,3,6,3,6,0,level,1
AF051200826,HEADHUNTER,GADGET,7,7,7,10,14,17,0,level,2
AF051200926,LIZARD,FENRIR,14,24,17,13,31,37,-10,8-10,0
AF051210726,FUSE,KILLJOY,10,3,0,10,10,13,7,5-7,1
AF051210826,SHURIKEN,SCHOLAR,14,3,7,21,21,24,11,11-14,1
AF051210926,GADGET,FENRIR,10,7,6,7,16,14,3,3-4,2
AF051220626,HEADHUNTER,REGRET,10,10,0,7,10,17,0,level,0
AF051220726,NIGHTMARE,FUSE,14,14,0,3,14,17,0,level,0
AF051220926,KILLJOY,FENRIR,3,14,0,7,3,21,-11,11-14,0
AF051230626,DAME,MONSTER,0,13,15,7,15,20,-13,11-14,0
AF051230726,SPARK,REGRET,0,14,14,14,14,28,-14,11-14,0
AF051230826,LIZARD,NIGHTMARE,7,14,7,3,14,17,-7,5-7,0
AF051230926,MAVERICK,NIRVANA,0,9,14,8,14,17,-9,8-10,0
AF051240526,HEADHUNTER,LIZARD,14,7,7,7,21,14,7,5-7,0
AF051240626,HEADHUNTER,NIGHTMARE,7,14,14,6,21,20,-7,5-7,1
AF051240826,NIGHTMARE,FENRIR,7,14,7,10,14,24,-7,5-7,0
AF051240926,HEADHUNTER,REGRET,14,3,7,7,21,10,11,11-14,0
AF051250526,KILLJOY,GADGET,14,7,3,0,17,7,7,5-7,0
AF051250626,HEADHUNTER,FUSE,14,10,0,0,14,10,4,3-4,0
AF051250726,SHARK,DAME,10,7,7,7,17,14,3,3-4,2
AF051250926,SHURIKEN,NIRVANA,7,7,10,0,17,7,0,level,0
AF051260526,SPARK,PURSUIT,14,17,22,6,36,23,-3,3-4,1
AF051260626,LIZARD,HEADHUNTER,14,0,3,0,17,0,14,11-14,0
AF051260726,MERLIN,LIZARD,14,7,3,7,17,14,7,5-7,0
AF051260926,MERLIN,FENRIR,7,7,7,10,14,17,0,level,2
AF051270426,SHURIKEN,ENFORCER,6,0,6,0,12,0,6,5-7,0
AF051270526,HEADHUNTER,FENRIR,7,7,8,13,15,20,0,level,0
AF051270626,NIGHTMARE,LIZARD,7,0,14,14,21,14,7,5-7,0
AF051270726,SPARK,SCHOLAR,7,14,0,7,7,21,-7,5-7,0
AF051270826,HEADHUNTER,FUSE,17,10,10,7,27,17,7,5-7,0
AF051270926,NIGHTMARE,LIZARD,0,10,7,0,7,10,-10,8-10,0
AF051280426,GADGET,HEADHUNTER,10,7,0,14,10,21,3,3-4,1
AF051280526,HEADHUNTER,MERCENARY,7,14,15,7,22,21,-7,5-7,1
AF051280626,PRISMATIC,NIRVANA,14,17,21,14,35,31,-3,3-4,5
AF051280726,SCHOLAR,MAVERICK,0,14,7,10,7,24,-14,11-14,0
AF051290426,GADGET,HEADHUNTER,14,7,10,3,24,10,7,5-7,0
AF051290526,NIRVANA,SHURIKEN,7,7,14,6,21,13,0,level,0
AF051290626,GADGET,HEADHUNTER,14,14,13,14,27,28,0,level,1
AF051290726,NIGHTMARE,LIZARD,14,7,17,7,31,14,7,5-7,0
AF051290826,FENRIR,FUSE,21,17,7,8,28,25,4,3-4,0
AF051290926,HEADHUNTER,FENRIR,7,7,3,6,10,13,0,level,1
AF051300426,SABRE,AVATAR,17,14,0,10,17,24,3,3-4,1
AF051300526,FENRIR,GADGET,7,10,10,3,17,13,-3,3-4,1
AF051300626,MIRAGE,RICOCHET,10,10,7,8,17,18,0,level,1
AF051300826,MERLIN,LIZARD,0,7,7,7,7,14,-7,5-7,0
AF051300926,MAVERICK,SPARK,14,14,10,7,24,21,0,level,0
AF051310526,GADGET,FENRIR,0,14,16,17,16,31,-14,11-14,0
AF051310726,FENRIR,FUSE,7,14,15,13,22,27,-7,5-7,0
AF051310826,HEADHUNTER,FUSE,6,21,16,7,22,28,-15,15+,0
AF052010526,NIRVANA,TOMBSTONE,14,7,17,22,31,29,7,5-7,2
AF052010626,TOMBSTONE,ENFORCER,7,10,0,0,7,10,-3,3-4,0
AF052010726,ENFORCER,MINDFLAYER,0,0,0,7,0,7,0,level,0
AF052010826,MINDFLAYER,MAVERICK,7,7,10,7,17,14,0,level,1
AF052010926,DREAD,MERCURY,7,0,0,0,7,0,7,5-7,0
AF052011026,MERCURY,ENFORCER,0,3,7,7,7,10,-3,3-4,2
AF052020526,AVATAR,FENRIR,7,7,7,14,14,21,0,level,1
AF052020626,SCHOLAR,MINDFLAYER,14,14,15,8,29,22,0,level,2
AF052020826,SHURIKEN,NIRVANA,10,7,8,13,18,20,3,3-4,3
AF052020926,ENFORCER,STEEL,0,14,3,10,3,24,-14,11-14,0
AF052021026,MERCURY,CLOCKWORK,3,7,0,7,3,14,-4,3-4,0
AF052030526,MINDFLAYER,SCHOLAR,14,10,7,7,21,17,4,3-4,2
AF052030626,OCTANE,PHOENIX,10,7,8,14,18,21,3,3-4,1
AF052030726,KILLJOY,MERLIN,7,7,14,7,21,14,0,level,1
AF052030826,MERCURY,ORIGINAL,10,7,14,7,24,14,3,3-4,0
AF052030926,LIZARD,FENRIR,3,16,14,7,17,23,-13,11-14,0
AF052031026,SHURIKEN,NIRVANA,14,0,7,0,21,0,14,11-14,0
AF052040526,ENFORCER,SHURIKEN,0,14,13,14,13,28,-14,11-14,0
AF052040626,STEEL,ORIGINAL,7,0,10,14,17,14,7,5-7,0
AF052040826,MINDFLAYER,MIRAGE,3,7,0,13,3,20,-4,3-4,0
AF052040926,CLOCKWORK,MINDFLAYER,14,7,21,18,35,25,7,5-7,0
AF052050626,MAVERICK,MERCURY,10,7,7,7,17,14,3,3-4,2
AF052050826,ENFORCER,RICOCHET,0,7,7,3,7,10,-7,5-7,0
AF052050926,SCHOLAR,PURSUIT,7,21,11,10,18,31,-14,11-14,0
AF052051026,MINDFLAYER,DON,7,3,7,6,14,9,4,3-4,0
AF052060526,SCHOLAR,MINDFLAYER,7,7,0,21,7,28,0,level,0
AF052060626,SPARK,REGRET,14,14,10,7,24,21,0,level,1
AF052060726,SCHOLAR,MIRAGE,2,21,15,7,17,28,-19,15+,0
AF052060826,STEEL,MINDFLAYER,7,24,6,7,13,31,-17,15+,0
AF052060926,MISSILE,MIRAGE,24,14,10,7,34,21,10,8-10,0
AF052070526,ENFORCER,MINDFLAYER,3,0,7,21,10,21,3,3-4,3
AF052070626,MAVERICK,ORIGINAL,7,0,14,14,21,14,7,5-7,0
AF052070726,ENFORCER,SCHOLAR,3,10,7,7,10,17,-7,5-7,0
AF052070826,MAVERICK,REGRET,7,10,7,7,14,17,-3,3-4,0
AF052070926,MIRAGE,PURSUIT,14,7,3,7,17,14,7,5-7,0
AF052080626,MERLIN,SPARK,21,14,10,7,31,21,7,5-7,0
AF052080726,SCHOLAR,PRISMATIC,7,14,9,7,16,21,-7,5-7,0
AF052080826,NIGHTMARE,GADGET,14,21,14,6,28,27,-7,5-7,1
AF052090626,PRISMATIC,ORIGINAL,7,7,3,0,10,7,0,level,0
AF052090726,MIRAGE,STEEL,14,7,0,10,14,17,7,5-7,1
AF052090826,MIRAGE,NIRVANA,10,7,3,0,13,7,3,3-4,0
AF052090926,NIGHTMARE,MERLIN,3,14,14,14,17,28,-11,11-14,0
AF052100626,MERCURY,MINDFLAYER,17,7,14,14,31,21,10,8-10,0
AF052100826,MIRAGE,SCHOLAR,21,0,7,0,28,0,21,15+,0
AF052100926,MERCURY,STEEL,7,14,13,7,20,21,-7,5-7,0
AF052110626,SCHOLAR,GADGET,14,17,14,14,28,31,-3,3-4,4
AF052110726,HEADHUNTER,LIZARD,14,14,8,7,22,21,0,level,1
AF052110826,MERCURY,ORIGINAL,7,10,14,0,21,10,-3,3-4,1
AF052110926,MISSILE,PURSUIT,14,10,13,14,27,24,4,3-4,0
AF052120626,TOMBSTONE,CLOCKWORK,7,14,7,3,14,17,-7,5-7,0
AF052120726,MISSILE,ORIGINAL,0,7,7,7,7,14,-7,5-7,0
AF052120826,CLOCKWORK,ENFORCER,7,14,0,0,7,14,-7,5-7,0
AF052120926,MERCURY,MINDFLAYER,0,14,14,7,14,21,-14,11-14,0
AF052130626,SCHOLAR,MAVERICK,7,14,8,7,15,21,-7,5-7,0
AF052130726,RICOCHET,DREAD,14,7,0,17,14,24,7,5-7,1
AF052130826,ORIGINAL,MINDFLAYER,7,14,7,10,14,24,-7,5-7,0
AF052130926,SPARK,PRISMATIC,17,17,21,23,38,40,0,level,2
AF052140626,DREAD,MISSILE,10,17,7,7,17,24,-7,5-7,0
AF052140726,MIRAGE,TOMBSTONE,0,7,7,7,7,14,-7,5-7,0
AF052140926,LEO,JUDGEMENT,21,14,0,14,21,28,7,5-7,1
AF052150626,SPARK,PURSUIT,7,21,10,14,17,35,-14,11-14,0
AF052150726,MINDFLAYER,NIRVANA,10,7,7,7,17,14,3,3-4,0
AF052150826,FENRIR,KILLJOY,14,27,10,0,24,27,-13,11-14,0
AF052160726,ORIGINAL,PRISMATIC,14,7,7,15,21,22,7,5-7,1
AF052160826,SHURIKEN,MIRAGE,3,6,14,9,17,15,-3,3-4,1
AF052160926,KILLJOY,FUSE,13,7,3,7,16,14,6,5-7,0
AF052170626,PRISMATIC,TOMBSTONE,7,7,13,0,20,7,0,level,0
AF052170926,CLOCKWORK,MERCURY,0,17,0,7,0,24,-17,15+,0
AF052180626,ENFORCER,MISSILE,7,17,14,7,21,24,-10,8-10,0
AF052180726,STEEL,SCHOLAR,10,6,0,7,10,13,4,3-4,1
AF052180826,DREAD,MERCURY,14,14,3,17,17,31,0,level,0
AF052180926,MERCURY,CLOCKWORK,14,3,14,32,28,35,11,11-14,1
AF052190526,ENFORCER,RICOCHET,10,14,7,0,17,14,-4,3-4,1
AF052190726,MINDFLAYER,NIRVANA,7,7,10,8,17,15,0,level,2
AF052190826,MIRAGE,ENFORCER,7,10,14,7,21,17,-3,3-4,1
AF052200526,REGRET,NIRVANA,21,21,17,0,38,21,0,level,0
AF052200726,PRISMATIC,MERCURY,21,7,3,8,24,15,14,11-14,0
AF052200826,MERCURY,MIRAGE,0,10,15,7,15,17,-10,8-10,0
AF052200926,SPARK,MAVERICK,14,0,10,7,24,7,14,11-14,0
AF052210726,PRISMATIC,SCHOLAR,14,10,7,14,21,24,4,3-4,1
AF052220626,NIGHTMARE,MERLIN,0,7,8,7,8,14,-7,5-7,0
AF052220726,NIRVANA,PURSUIT,7,14,7,6,14,20,-7,5-7,0
AF052220926,SPARK,NIRVANA,0,10,0,0,0,10,-10,8-10,0
AF052230626,WARRIOR,SAGE,10,0,3,10,13,10,10,8-10,0
AF052230726,ENFORCER,STEEL,7,9,17,19,24,28,-2,1-2,4
AF052230826,RICOCHET,PURSUIT,10,21,11,14,21,35,-11,11-14,0
AF052240526,ORIGINAL,MAVERICK,7,7,17,21,24,28,0,level,5
AF052240626,MERCURY,SPARK,3,14,14,7,17,21,-11,11-14,0
AF052240826,MERCURY,MIRAGE,7,10,7,7,14,17,-3,3-4,2
AF052240926,ENFORCER,MERCURY,7,13,0,13,7,26,-6,5-7,0
AF052250526,ENFORCER,SHURIKEN,3,7,3,0,6,7,-4,3-4,0
AF052250726,HERMES,PHOENIX,14,7,7,7,21,14,7,5-7,0
AF052250826,PRISMATIC,SCHOLAR,28,28,14,17,42,45,0,level,4
AF052250926,CLOCKWORK,MINDFLAYER,7,7,7,0,14,7,0,level,0
AF052260526,MINDFLAYER,MAVERICK,7,7,3,0,10,7,0,level,0
AF052260626,CLOCKWORK,NIRVANA,3,7,14,7,17,14,-4,3-4,3
AF052260826,ENFORCER,CLOCKWORK,0,13,14,3,14,16,-13,11-14,0
AF052260926,SCHOLAR,SPARK,21,14,6,7,27,21,7,5-7,0
AF052270426,SABRE,REGRET,21,0,6,14,27,14,21,15+,0
AF052270526,ENFORCER,SHURIKEN,7,10,14,14,21,24,-3,3-4,2
AF052270626,MERCURY,MIRAGE,13,14,0,14,13,28,-1,1-2,0
AF052270726,NIGHTMARE,FUSE,17,14,14,10,31,24,3,3-4,0
AF052270826,SPARK,SHURIKEN,7,14,0,0,7,14,-7,5-7,0
AF052270926,ORIGINAL,NIRVANA,7,0,0,14,7,14,7,5-7,1
AF052280426,PURSUIT,REGRET,7,21,3,14,10,35,-14,11-14,0
AF052280526,ENFORCER,MINDFLAYER,3,14,7,7,10,21,-11,11-14,0
AF052280626,DREAD,MISSILE,7,0,0,21,7,21,7,5-7,1
AF052280726,MERCURY,STEEL,9,14,7,14,16,28,-5,5-7,0
AF052280826,CLOCKWORK,MIRAGE,3,14,6,0,9,14,-11,11-14,0
AF052290426,NIRVANA,ENFORCER,14,3,6,0,20,3,11,11-14,0
AF052290526,TOMBSTONE,ORIGINAL,10,14,10,0,20,14,-4,3-4,1
AF052290626,ENFORCER,SPARK,7,7,0,14,7,21,0,level,0
AF052290726,PURSUIT,HEADHUNTER,13,7,9,13,22,20,6,5-7,0
AF052290926,DREAD,MERCURY,3,0,21,6,24,6,3,3-4,0
AF052300626,PURSUIT,REGRET,17,17,0,7,17,24,0,level,0
AF052300726,RICOCHET,MISSILE,3,10,13,14,16,24,-7,5-7,0
AF052300826,ORIGINAL,SHURIKEN,0,7,7,10,7,17,-7,5-7,0
AF052310526,NIRVANA,MAVERICK,7,7,7,3,14,10,0,level,1
AF052310726,MISSILE,MERCURY,7,17,17,0,24,17,-10,8-10,1
AF052310826,RICOCHET,MIRAGE,10,10,0,7,10,17,0,level,0
AF053010526,REGRET,HEADHUNTER,14,13,8,8,22,21,1,1-2,2
AF053010626,FENRIR,FUSE,10,10,17,18,27,28,0,level,3
AF053010726,MERLIN,KILLJOY,17,14,3,3,20,17,3,3-4,0
AF053010826,REGRET,HEADHUNTER,7,10,7,0,14,10,-3,3-4,1
AF053011026,MERLIN,NIGHTMARE,10,7,14,14,24,21,3,3-4,2
AF053020526,GADGET,SHURIKEN,14,10,3,0,17,10,4,3-4,0
AF053020626,GADGET,SHURIKEN,10,7,0,7,10,14,3,3-4,1
AF053020726,REGRET,HEADHUNTER,24,7,3,8,27,15,17,15+,0
AF053020826,MERLIN,FENRIR,10,17,7,7,17,24,-7,5-7,0
AF053020926,GADGET,FENRIR,6,21,15,10,21,31,-15,15+,0
AF053021026,MAVERICK,NIRVANA,7,17,0,6,7,23,-10,8-10,0
AF053030626,SHROUD,LEGEND,14,21,8,2,22,23,-7,5-7,0
AF053030726,CLOCKWORK,MISSILE,3,7,3,7,6,14,-4,3-4,0
AF053030826,MIRAGE,PRISMATIC,21,21,0,14,21,35,0,level,0
AF053031026,MERLIN,FUSE,7,3,7,7,14,10,4,3-4,2
AF053040526,AVATAR,GADGET,7,7,14,7,21,14,0,level,0
AF053040626,MERCENARY,FUSE,14,14,14,0,28,14,0,level,0
AF053040726,NIGHTMARE,FENRIR,0,28,7,7,7,35,-28,15+,0
AF053040826,MERLIN,FUSE,14,21,22,14,36,35,-7,5-7,3
AF053040926,MERLIN,FUSE,0,10,18,7,18,17,-10,8-10,1
AF053041026,FENRIR,HEADHUNTER,7,3,7,9,14,12,4,3-4,0
AF053050626,NIRVANA,REGRET,15,7,7,8,22,15,8,8-10,0
AF053050726,NIRVANA,MAVERICK,14,21,7,3,21,24,-7,5-7,0
AF053050826,LIZARD,NIGHTMARE,10,21,6,3,16,24,-11,11-14,0
AF053050926,REGRET,HEADHUNTER,14,14,14,7,28,21,0,level,0
AF053051026,KILLJOY,FUSE,13,3,3,10,16,13,10,8-10,0
AF053060526,MERCENARY,GADGET,7,10,7,14,14,24,-3,3-4,0
AF053060626,NIGHTMARE,LIZARD,10,7,9,0,19,7,3,3-4,0
AF053060726,MERLIN,KILLJOY,28,14,7,15,35,29,14,11-14,0
AF053060826,SCHOLAR,MIRAGE,8,17,0,7,8,24,-9,8-10,0
AF053060926,NIGHTMARE,REGRET,14,7,7,7,21,14,7,5-7,0
AF053070526,REGRET,HEADHUNTER,14,7,14,24,28,31,7,5-7,1
AF053070626,HEADHUNTER,NIGHTMARE,3,7,8,7,11,14,-4,3-4,0
AF053070726,LIZARD,MERLIN,14,17,21,6,35,23,-3,3-4,1
AF053080726,LIZARD,NIGHTMARE,3,14,11,3,14,17,-11,11-14,0
AF053080826,MERLIN,FENRIR,10,3,10,15,20,18,7,5-7,2
AF053080926,STEEL,ORIGINAL,7,0,13,7,20,7,7,5-7,0
AF053090626,SABRE,HEADHUNTER,3,7,7,7,10,14,-4,3-4,2
AF053090726,HEADHUNTER,LIZARD,24,14,7,7,31,21,10,8-10,0
AF053090826,FUSE,FENRIR,14,0,0,6,14,6,14,11-14,0
AF053090926,ENFORCER,DREAD,7,10,3,10,10,20,-3,3-4,0
AF053100626,SPARK,SABRE,7,10,7,0,14,10,-3,3-4,1
AF053100726,MERLIN,FENRIR,14,0,7,6,21,6,14,11-14,0
AF053100826,NIGHTMARE,FUSE,14,10,17,14,31,24,4,3-4,4
AF053100926,LIZARD,HEADHUNTER,7,10,24,19,31,29,-3,3-4,3
AF053110626,FUSE,FENRIR,3,7,10,17,13,24,-4,3-4,0
AF053110726,REGRET,SPARK,14,0,3,7,17,7,14,11-14,0
AF053110826,SPARK,SHURIKEN,7,7,10,8,17,15,0,level,2
AF053120626,REGRET,SHURIKEN,24,14,10,8,34,22,10,8-10,0
AF053120726,MINDFLAYER,PRISMATIC,21,17,7,14,28,31,4,3-4,3
AF053120926,HEADHUNTER,REGRET,7,14,6,10,13,24,-7,5-7,0
AF053130626,HEADHUNTER,FUSE,21,7,14,7,35,14,14,11-14,0
AF053130726,HEADHUNTER,FUSE,14,13,14,6,28,19,1,1-2,0
AF053130826,SPARK,REGRET,7,7,10,17,17,24,0,level,1
AF053130926,NIGHTMARE,LIZARD,3,6,0,7,3,13,-3,3-4,0
AF053140626,ORIGINAL,MINDFLAYER,7,7,14,0,21,7,0,level,0
AF053140726,SCHOLAR,MAVERICK,14,7,7,0,21,7,7,5-7,0
AF053140826,MERLIN,KILLJOY,7,10,14,14,21,24,-3,3-4,0
AF053140926,PINNACLE,LEGEND,24,14,10,7,34,21,10,8-10,0
AF053150626,NIGHTMARE,MERLIN,14,10,7,17,21,27,4,3-4,1
AF053150926,MAVERICK,MIRAGE,7,21,0,3,7,24,-14,11-14,0
AF053160626,FUSE,GADGET,7,10,3,3,10,13,-3,3-4,0
AF053160726,REGRET,GADGET,14,21,7,3,21,24,-7,5-7,0
AF053160826,PRISMATIC,SPARK,17,7,10,7,27,14,10,8-10,0
AF053170626,FENRIR,KILLJOY,21,14,3,0,24,14,7,5-7,0
AF053170826,SPARK,PURSUIT,7,17,7,7,14,24,-10,8-10,0
AF053170926,HEADHUNTER,GADGET,3,10,10,0,13,10,-7,5-7,1
AF053180526,MINDFLAYER,ENFORCER,7,7,8,14,15,21,0,level,2
AF053180626,ORIGINAL,SCHOLAR,14,7,0,14,14,21,7,5-7,1
AF053180726,FENRIR,MERLIN,17,14,7,14,24,28,3,3-4,1
AF053180826,MERLIN,FENRIR,14,7,3,0,17,7,7,5-7,0
AF053180926,KILLJOY,FUSE,10,3,14,15,24,18,7,5-7,0
AF053190526,SHURIKEN,HEADHUNTER,7,0,7,7,14,7,7,5-7,0
AF053190726,NIGHTMARE,FENRIR,10,21,14,7,24,28,-11,11-14,2
AF053190826,PRISMATIC,NIRVANA,14,21,17,7,31,28,-7,5-7,1
AF053190926,KILLJOY,NIGHTMARE,6,14,23,31,29,45,-8,8-10,0
AF053200526,FUSE,KILLJOY,0,7,10,0,10,7,-7,5-7,1
AF053200726,REGRET,GADGET,7,0,10,15,17,15,7,5-7,0
AF053200826,GADGET,LIZARD,21,0,0,7,21,7,21,15+,0
AF053200926,FENRIR,NIGHTMARE,0,7,17,7,17,14,-7,5-7,1
AF053210726,KILLJOY,MERLIN,21,6,9,6,30,12,15,15+,0
AF053210826,SCHOLAR,PRISMATIC,21,14,20,14,41,28,7,5-7,0
AF053210926,GADGET,HEADHUNTER,14,3,10,8,24,11,11,11-14,0
AF053220626,FUSE,REGRET,14,7,7,6,21,13,7,5-7,0
AF053220726,FUSE,KILLJOY,7,6,10,8,17,14,1,1-2,0
AF053220826,FENRIR,MERLIN,7,10,8,14,15,24,-3,3-4,0
AF053230626,SENTRY,LEGEND,7,10,0,0,7,10,-3,3-4,0
AF053230726,REGRET,SHURIKEN,7,3,17,7,24,10,4,3-4,0
AF053230826,NIGHTMARE,FENRIR,21,14,7,6,28,20,7,5-7,0
AF053230926,SHURIKEN,SCHOLAR,0,7,6,23,6,30,-7,5-7,0
AF053240526,LIZARD,FENRIR,3,14,14,14,17,28,-11,11-14,0
AF053240826,FENRIR,MERLIN,10,0,7,18,17,18,10,8-10,1
AF053250526,GADGET,FENRIR,0,21,6,7,6,28,-21,15+,0
AF053250626,FUSE,FENRIR,7,24,7,10,14,34,-17,15+,0
AF053250726,OFFICER,METEOR,21,10,14,14,35,24,11,11-14,0
AF053250826,FUSE,MERLIN,17,14,6,14,23,28,3,3-4,1
AF053250926,SHURIKEN,MAVERICK,14,7,7,15,21,22,7,5-7,1
AF053260526,PURSUIT,REGRET,10,7,7,3,17,10,3,3-4,0
AF053260626,REGRET,MERLIN,10,10,3,7,13,17,0,level,1
AF053260726,LIZARD,FENRIR,7,13,14,11,21,24,-6,5-7,2
AF053260826,NIGHTMARE,HEADHUNTER,10,3,3,9,13,12,7,5-7,0
AF053270426,MAVERICK,SPARK,17,7,0,3,17,10,10,8-10,0
AF053270526,FENRIR,NIGHTMARE,0,3,0,0,0,3,-3,3-4,0
AF053270626,LIZARD,KILLJOY,7,14,7,10,14,24,-7,5-7,0
AF053270726,PURSUIT,SCHOLAR,14,10,17,24,31,34,4,3-4,1
AF053280426,AVATAR,SABRE,21,18,3,10,24,28,3,3-4,1
AF053280526,MERCENARY,FUSE,7,10,9,7,16,17,-3,3-4,0
AF053280626,NIRVANA,MAVERICK,17,7,14,8,31,15,10,8-10,0
AF053280826,PURSUIT,SCHOLAR,14,14,17,9,31,23,0,level,0
AF053280926,MERLIN,NIGHTMARE,28,14,6,8,34,22,14,11-14,0
AF053290526,REGRET,HEADHUNTER,14,10,17,14,31,24,4,3-4,4
AF053290626,HEADHUNTER,FUSE,14,13,0,20,14,33,1,1-2,1
AF053290726,NIGHTMARE,KILLJOY,21,14,10,0,31,14,7,5-7,0
AF053290826,FUSE,HEADHUNTER,0,3,14,7,14,10,-3,3-4,3
AF053300426,AVATAR,MERCENARY,21,21,3,10,24,31,0,level,1
AF053300526,KILLJOY,GADGET,14,3,3,12,17,15,11,11-14,0
AF053300626,RICOCHET,MERCURY,3,14,9,10,12,24,-11,11-14,0
AF053300726,REGRET,HEADHUNTER,7,14,7,7,14,21,-7,5-7,0
AF053300826,LIZARD,NIGHTMARE,7,7,7,6,14,13,0,level,1
AF053300926,MAVERICK,SCHOLAR,7,21,16,13,23,34,-14,11-14,0
AF053310526,MERCENARY,NIGHTMARE,0,10,10,3,10,13,-10,8-10,0
AF053310726,FUSE,MERLIN,7,10,10,10,17,20,-3,3-4,2
AF053310826,FUSE,FENRIR,21,7,10,14,31,21,14,11-14,0
AF054010526,TOMBSTONE,MINDFLAYER,7,10,14,0,21,10,-3,3-4,1
AF054010626,ENFORCER,RICOCHET,17,14,0,17,17,31,3,3-4,1
AF054010726,MINDFLAYER,CLOCKWORK,7,3,14,9,21,12,4,3-4,0
AF054010826,MAVERICK,SHURIKEN,3,3,3,0,6,3,0,level,0
AF054010926,MERCURY,ENFORCER,7,31,7,3,14,34,-24,15+,0
AF054011026,MERCURY,MINDFLAYER,7,0,0,0,7,0,7,5-7,0
AF054020526,NIGHTMARE,FENRIR,17,0,0,7,17,7,17,15+,0
AF054020626,SCHOLAR,MAVERICK,0,7,10,14,10,21,-7,5-7,2
AF054020826,NIRVANA,MINDFLAYER,0,3,7,0,7,3,-3,3-4,1
AF054020926,STEEL,DREAD,10,28,14,14,24,42,-18,15+,0
AF054021026,MERCURY,DON,7,7,0,3,7,10,0,level,0
AF054030626,GENIUS,SEEKER,14,3,0,8,14,11,11,11-14,0
AF054030726,FENRIR,MERLIN,38,35,10,10,48,45,3,3-4,2
AF054030826,ORIGINAL,DREAD,0,14,0,7,0,21,-14,11-14,0
AF054030926,MERLIN,FENRIR,14,0,10,14,24,14,14,11-14,0
AF054031026,SHURIKEN,MISSILE,7,14,14,10,21,24,-7,5-7,0
AF054040526,SHURIKEN,SCHOLAR,10,0,7,7,17,7,10,8-10,0
AF054040626,ORIGINAL,SCHOLAR,0,7,0,6,0,13,-7,5-7,0
AF054040826,MIRAGE,MERCURY,17,0,3,0,20,0,17,15+,0
AF054040926,MINDFLAYER,RICOCHET,7,7,10,7,17,14,0,level,0
AF054050626,MERCURY,PRISMATIC,7,10,7,7,14,17,-3,3-4,2
AF054050726,PRISMATIC,TOMBSTONE,14,7,7,7,21,14,7,5-7,0
AF054050826,RICOCHET,TOMBSTONE,7,7,7,0,14,7,0,level,0
AF054050926,PURSUIT,SHURIKEN,7,0,10,0,17,0,7,5-7,0
AF054051026,DON,ENFORCER,10,7,0,0,10,7,3,3-4,0
AF054060526,TOMBSTONE,MINDFLAYER,7,7,10,7,17,14,0,level,2
AF054060626,SHURIKEN,REGRET,0,17,7,7,7,24,-17,15+,0
AF054060726,MIRAGE,PRISMATIC,10,7,21,18,31,25,3,3-4,0
AF054060826,ENFORCER,ORIGINAL,21,0,7,7,28,7,21,15+,0
AF054060926,PRISMATIC,MIRAGE,14,17,7,3,21,20,-3,3-4,1
AF054061026,SCHOLAR,SHURIKEN,7,10,0,7,7,17,-3,3-4,0
AF054070526,SPARK,STEEL,14,0,3,0,17,0,14,11-14,0
AF054070626,ORIGINAL,PRISMATIC,7,0,7,0,14,0,7,5-7,0
AF054070726,SCHOLAR,SPARK,10,7,11,15,21,22,3,3-4,3
AF054070826,PURSUIT,REGRET,0,21,0,0,0,21,-21,15+,0
AF054080626,SPARK,GADGET,21,0,0,22,21,22,21,15+,1
AF054080726,PRISMATIC,STEEL,9,14,30,28,39,42,-5,5-7,2
AF054080826,GADGET,LIZARD,14,0,0,6,14,6,14,11-14,0
AF054080926,GADGET,REGRET,7,0,3,7,10,7,7,5-7,0
AF054090626,ORIGINAL,RICOCHET,3,7,7,10,10,17,-4,3-4,0
AF054090726,STEEL,TOMBSTONE,21,7,7,15,28,22,14,11-14,0
AF054090826,NIRVANA,SHURIKEN,6,0,13,15,19,15,6,5-7,4
AF054090926,KILLJOY,MERLIN,7,14,7,3,14,17,-7,5-7,0
AF054100626,MINDFLAYER,MAVERICK,10,7,0,7,10,14,3,3-4,1
AF054100726,SCHOLAR,ORIGINAL,10,7,14,7,24,14,3,3-4,0
AF054100826,STEEL,MAVERICK,14,3,0,22,14,25,11,11-14,1
AF054100926,STEEL,MINDFLAYER,0,0,7,3,7,3,0,level,1
AF054110626,GADGET,SPARK,7,10,21,8,28,18,-3,3-4,1
AF054110726,FENRIR,NIGHTMARE,7,14,0,0,7,14,-7,5-7,0
AF054110826,ORIGINAL,DREAD,7,10,7,7,14,17,-3,3-4,2
AF054120626,CLOCKWORK,ORIGINAL,7,7,7,10,14,17,0,level,1
AF054120726,ORIGINAL,TOMBSTONE,10,7,14,14,24,21,3,3-4,2
AF054130626,MERCURY,MISSILE,3,6,7,0,10,6,-3,3-4,1
AF054130726,DREAD,MERCURY,14,14,14,17,28,31,0,level,0
AF054130826,MINDFLAYER,STEEL,0,10,7,7,7,17,-10,8-10,0
AF054130926,PRISMATIC,SHURIKEN,14,0,7,7,21,7,14,11-14,0
AF054140626,MISSILE,TOMBSTONE,7,3,7,7,14,10,4,3-4,2
AF054140726,TOMBSTONE,STEEL,21,7,14,7,35,14,14,11-14,0
AF054140826,MERCURY,RICOCHET,13,17,6,10,19,27,-4,3-4,0
AF054140926,JUDGEMENT,HERMES,14,10,21,21,35,31,4,3-4,0
AF054150626,PURSUIT,MERCURY,7,0,3,7,10,7,7,5-7,0
AF054150726,REGRET,GADGET,7,14,0,0,7,14,-7,5-7,0
AF054150826,FUSE,KILLJOY,0,3,14,6,14,9,-3,3-4,1
AF054150926,STEEL,PURSUIT,7,21,18,14,25,35,-14,11-14,0
AF054160626,SPARK,SCHOLAR,28,7,0,6,28,13,21,15+,0
AF054160726,PRISMATIC,MERCURY,7,14,19,28,26,42,-7,5-7,0
AF054160826,ORIGINAL,STEEL,14,21,17,14,31,35,-7,5-7,0
AF054160926,FUSE,MERLIN,3,3,10,0,13,3,0,level,0
AF054170626,TOMBSTONE,CLOCKWORK,7,3,0,14,7,17,4,3-4,1
AF054170826,NIGHTMARE,LIZARD,14,14,7,10,21,24,0,level,0
AF054170926,CLOCKWORK,MINDFLAYER,14,7,20,0,34,7,7,5-7,0
AF054180526,FUSE,KILLJOY,7,0,0,14,7,14,7,5-7,1
AF054180626,MISSILE,DREAD,14,14,10,8,24,22,0,level,2
AF054180726,SCHOLAR,ORIGINAL,14,14,13,7,27,21,0,level,0
AF054180826,MERCURY,ENFORCER,10,0,14,8,24,8,10,8-10,0
AF054180926,MERCURY,ENFORCER,0,10,8,0,8,10,-10,8-10,0
AF054190526,RICOCHET,MAVERICK,0,0,3,7,3,7,0,level,1
AF054190726,NIRVANA,MAVERICK,10,7,10,3,20,10,3,3-4,0
AF054190826,ENFORCER,STEEL,14,14,3,7,17,21,0,level,1
AF054190926,STEEL,PURSUIT,14,21,14,6,28,27,-7,5-7,1
AF054200526,NIRVANA,SHURIKEN,7,7,7,10,14,17,0,level,1
AF054200726,MERCURY,STEEL,21,14,3,14,24,28,7,5-7,1
AF054200826,MIRAGE,ORIGINAL,7,7,8,7,15,14,0,level,1
AF054200926,NIRVANA,SHURIKEN,7,7,7,0,14,7,0,level,0
AF054210726,SCHOLAR,MINDFLAYER,7,7,0,3,7,10,0,level,0
AF054210826,DREAD,ORIGINAL,14,14,6,7,20,21,0,level,0
AF054220626,KILLJOY,FENRIR,0,7,7,3,7,10,-7,5-7,0
AF054220726,PURSUIT,REGRET,21,21,3,7,24,28,0,level,1
AF054220826,SCHOLAR,SHURIKEN,3,7,14,7,17,14,-4,3-4,1
AF054220926,SPARK,SHURIKEN,7,14,0,14,7,28,-7,5-7,0
AF054230626,MONSTER,GENIUS,12,10,7,14,19,24,2,1-2,1
AF054230726,STEEL,RICOCHET,3,7,14,7,17,14,-4,3-4,1
AF054230826,PURSUIT,MISSILE,10,14,7,7,17,21,-4,3-4,2
AF054230926,ENFORCER,MERCURY,10,7,27,35,37,42,3,3-4,7
AF054240526,MAVERICK,RICOCHET,7,10,7,7,14,17,-3,3-4,2
AF054240626,SPARK,ENFORCER,7,14,7,13,14,27,-7,5-7,0
AF054240826,MIRAGE,MINDFLAYER,0,14,14,3,14,17,-14,11-14,0
AF054240926,ENFORCER,MINDFLAYER,28,7,0,8,28,15,21,15+,0
AF054250526,SHURIKEN,PRISMATIC,7,0,7,8,14,8,7,5-7,0
AF054250726,DAME,ACE,3,7,14,13,17,20,-4,3-4,4
AF054250826,SCHOLAR,MAVERICK,14,14,15,20,29,34,0,level,0
AF054250926,CLOCKWORK,ORIGINAL,7,7,10,7,17,14,0,level,0
AF054260526,MAVERICK,SCHOLAR,7,3,14,14,21,17,4,3-4,2
AF054260626,MISSILE,MERCURY,14,10,7,0,21,10,4,3-4,0
AF054260726,MINDFLAYER,PRISMATIC,21,14,10,20,31,34,7,5-7,1
AF054260826,CLOCKWORK,DREAD,21,0,7,14,28,14,21,15+,0
AF054260926,SCHOLAR,SHURIKEN,7,7,14,0,21,7,0,level,0
AF054270426,GADGET,REGRET,14,7,14,17,28,24,7,5-7,4
AF054270526,SHURIKEN,RICOCHET,14,14,7,6,21,20,0,level,0
AF054270626,MIRAGE,TOMBSTONE,7,7,7,3,14,10,0,level,1
AF054270726,NIGHTMARE,GADGET,7,10,14,8,21,18,-3,3-4,1
AF054270826,SHURIKEN,PRISMATIC,14,21,15,7,29,28,-7,5-7,1
AF054270926,ORIGINAL,MISSILE,10,0,3,14,13,14,10,8-10,1
AF054280426,SPARK,ENFORCER,0,3,14,0,14,3,-3,3-4,1
AF054280526,MINDFLAYER,TOMBSTONE,7,14,7,21,14,35,-7,5-7,0
AF054280626,MISSILE,TOMBSTONE,7,0,10,7,17,7,7,5-7,0
AF054280726,STEEL,ENFORCER,7,6,13,13,20,19,1,1-2,2
AF054280826,MIRAGE,RICOCHET,14,24,18,10,32,34,-10,8-10,2
AF054280926,HEADHUNTER,LIZARD,0,10,21,13,21,23,-10,8-10,2
AF054290526,MAVERICK,SCHOLAR,7,0,3,8,10,8,7,5-7,2
AF054290626,SPARK,MERCURY,14,7,3,7,17,14,7,5-7,0
AF054290726,HEADHUNTER,SHURIKEN,7,7,14,7,21,14,0,level,0
AF054290826,MERCURY,MISSILE,0,17,6,7,6,24,-17,15+,0
AF054290926,DREAD,MINDFLAYER,7,7,0,3,7,10,0,level,0
AF054300626,PRISMATIC,GADGET,3,7,15,16,18,23,-4,3-4,2
AF054300726,MISSILE,ORIGINAL,7,7,7,13,14,20,0,level,0
AF054300826,SHURIKEN,MISSILE,3,7,7,0,10,7,-4,3-4,1
AF054300926,CLOCKWORK,ENFORCER,0,0,27,21,27,21,0,level,2
AF054310526,RICOCHET,ORIGINAL,14,14,0,10,14,24,0,level,0
AF054310826,MIRAGE,DREAD,20,7,15,15,35,22,13,11-14,0
AF055010526,SHURIKEN,AVATAR,7,7,10,7,17,14,0,level,0
AF055010626,KILLJOY,NIGHTMARE,6,0,10,0,16,0,6,5-7,0
AF055010726,NIGHTMARE,LIZARD,6,7,3,10,9,17,-1,1-2,2
AF055010826,SPARK,PRISMATIC,0,17,14,14,14,31,-17,15+,0
AF055010926,PRISMATIC,MINDFLAYER,14,17,7,7,21,24,-3,3-4,0
AF055011026,FENRIR,FUSE,7,7,17,18,24,25,0,level,3
AF055020526,SPARK,SHURIKEN,7,14,7,3,14,17,-7,5-7,0
AF055020726,GADGET,FUSE,10,0,0,3,10,3,10,8-10,0
AF055020826,FUSE,NIGHTMARE,14,14,17,14,31,28,0,level,1
AF055020926,NIGHTMARE,MERLIN,10,0,14,21,24,21,10,8-10,0
AF055021026,SHURIKEN,MISSILE,7,28,7,10,14,38,-21,15+,0
AF055030526,SHURIKEN,HEADHUNTER,14,14,0,7,14,21,0,level,0
AF055030626,PHOENIX,ROCKET,17,7,0,6,17,13,10,8-10,0
AF055030726,MERCURY,MISSILE,7,7,0,7,7,14,0,level,0
AF055030826,SPARK,PURSUIT,7,10,14,7,21,17,-3,3-4,3
AF055030926,SHURIKEN,PRISMATIC,14,7,17,13,31,20,7,5-7,0
AF055040526,REGRET,FENRIR,3,0,7,13,10,13,3,3-4,1
AF055040626,HEADHUNTER,GADGET,0,10,6,7,6,17,-10,8-10,0
AF055040726,LIZARD,HEADHUNTER,24,14,7,0,31,14,10,8-10,0
AF055040826,FENRIR,KILLJOY,7,7,17,14,24,21,0,level,0
AF055040926,FENRIR,FUSE,14,14,10,3,24,17,0,level,0
AF055041026,NIGHTMARE,LIZARD,0,10,20,7,20,17,-10,8-10,3
AF055050626,HEADHUNTER,SHURIKEN,14,7,14,13,28,20,7,5-7,0
AF055051026,NIGHTMARE,MERLIN,6,14,0,7,6,21,-8,8-10,0
AF055060526,NIGHTMARE,SABRE,17,3,7,8,24,11,14,11-14,0
AF055060626,FENRIR,KILLJOY,17,14,7,14,24,28,3,3-4,3
AF055060726,NIGHTMARE,FUSE,7,14,16,10,23,24,-7,5-7,2
AF055060826,SHURIKEN,MIRAGE,14,14,17,8,31,22,0,level,0
AF055061026,NIGHTMARE,MERLIN,10,14,14,13,24,27,-4,3-4,0
AF055070526,SABRE,HEADHUNTER,21,7,3,7,24,14,14,11-14,0
AF055070626,MERCENARY,FENRIR,0,14,8,0,8,14,-14,11-14,0
AF055070726,GADGET,REGRET,14,14,10,0,24,14,0,level,0
AF055070926,FUSE,NIGHTMARE,28,17,17,8,45,25,11,11-14,0
AF055080626,NIGHTMARE,LIZARD,14,10,14,24,28,34,4,3-4,3
AF055080726,FENRIR,KILLJOY,17,7,6,14,23,21,10,8-10,0
AF055080826,FUSE,KILLJOY,0,21,7,3,7,24,-21,15+,0
AF055080926,MINDFLAYER,ORIGINAL,7,7,13,14,20,21,0,level,0
AF055090626,SHURIKEN,GADGET,7,7,7,6,14,13,0,level,0
AF055090726,FENRIR,MERLIN,7,14,8,7,15,21,-7,5-7,0
AF055090826,NIGHTMARE,HEADHUNTER,14,3,0,8,14,11,11,11-14,0
AF055100626,NIRVANA,REGRET,14,7,3,13,17,20,7,5-7,1
AF055100726,FENRIR,FUSE,7,14,9,0,16,14,-7,5-7,1
AF055100826,MERLIN,FENRIR,14,14,7,14,21,28,0,level,0
AF055110626,MERLIN,KILLJOY,7,10,10,10,17,20,-3,3-4,2
AF055110726,GADGET,SHURIKEN,7,0,10,14,17,14,7,5-7,2
AF055110826,PURSUIT,REGRET,3,7,7,10,10,17,-4,3-4,0
AF055110926,DREAD,CLOCKWORK,17,7,17,7,34,14,10,8-10,0
AF055120626,MERCENARY,HEADHUNTER,14,0,0,15,14,15,14,11-14,1
AF055120826,LIZARD,NIGHTMARE,24,21,6,7,30,28,3,3-4,0
AF055130626,FENRIR,FUSE,21,7,7,7,28,14,14,11-14,0
AF055130726,GADGET,MERLIN,24,7,3,7,27,14,17,15+,0
AF055130826,SHURIKEN,MIRAGE,3,7,14,14,17,21,-4,3-4,4
AF055140626,PRISMATIC,MERCURY,14,7,7,6,21,13,7,5-7,0
AF055140726,MINDFLAYER,REGRET,14,7,10,14,24,21,7,5-7,0
AF055140826,FENRIR,FUSE,10,20,7,21,17,41,-10,8-10,0
AF055140926,CLASH,MEMENTO,17,7,7,0,24,7,10,8-10,0
AF055150626,KILLJOY,FENRIR,7,0,10,7,17,7,7,5-7,0
AF055150726,KILLJOY,FENRIR,24,14,0,14,24,28,10,8-10,1
AF055150826,LIZARD,GADGET,17,0,3,3,20,3,17,15+,0
AF055150926,MIRAGE,SHURIKEN,17,14,7,8,24,22,3,3-4,0
AF055160626,MERLIN,GADGET,14,7,10,8,24,15,7,5-7,0
AF055160726,SHURIKEN,GADGET,7,14,6,7,13,21,-7,5-7,0
AF055160826,NIRVANA,SPARK,6,7,8,0,14,7,-1,1-2,1
AF055160926,MAVERICK,MIRAGE,7,14,7,7,14,21,-7,5-7,0
AF055170626,FUSE,NIGHTMARE,7,7,10,7,17,14,0,level,0
AF055170926,REGRET,LIZARD,7,14,7,7,14,21,-7,5-7,0
AF055180526,SPARK,ENFORCER,7,3,7,7,14,10,4,3-4,2
AF055180626,MERCURY,MAVERICK,14,7,3,13,17,20,7,5-7,1
AF055180726,KILLJOY,FUSE,14,14,14,17,28,31,0,level,4
AF055180826,FUSE,GADGET,3,14,13,10,16,24,-11,11-14,0
AF055180926,MERLIN,FENRIR,0,7,10,10,10,17,-7,5-7,0
AF055190726,HEADHUNTER,LIZARD,10,3,13,15,23,18,7,5-7,0
AF055190826,PURSUIT,SPARK,7,14,7,3,14,17,-7,5-7,0
AF055190926,NIGHTMARE,HEADHUNTER,14,9,10,7,24,16,5,5-7,0
AF055200526,NIGHTMARE,HEADHUNTER,14,10,7,3,21,13,4,3-4,0
AF055200726,SHURIKEN,SPARK,7,7,7,10,14,17,0,level,0
AF055200826,HEADHUNTER,REGRET,14,10,16,13,30,23,4,3-4,0
AF055200926,NIGHTMARE,HEADHUNTER,7,7,10,21,17,28,0,level,0
AF055210726,FUSE,GADGET,7,10,7,7,14,17,-3,3-4,2
AF055210826,SHURIKEN,REGRET,3,14,0,3,3,17,-11,11-14,0
AF055210926,REGRET,FENRIR,7,10,7,7,14,17,-3,3-4,2
AF055220626,GADGET,HEADHUNTER,3,7,0,3,3,10,-4,3-4,0
AF055220726,NIGHTMARE,FENRIR,14,7,0,10,14,17,7,5-7,1
AF055220826,HEADHUNTER,GADGET,0,10,7,7,7,17,-10,8-10,0
AF055220926,MERLIN,FENRIR,10,7,10,0,20,7,3,3-4,0
AF055230626,SAGE,SHARK,3,14,3,6,6,20,-11,11-14,0
AF055230726,SPARK,GADGET,10,3,7,7,17,10,7,5-7,0
AF055230926,SHURIKEN,NIRVANA,14,7,10,14,24,21,7,5-7,0
AF055240526,HEADHUNTER,NIGHTMARE,14,17,14,7,28,24,-3,3-4,3
AF055240626,HEADHUNTER,GADGET,14,17,17,6,31,23,-3,3-4,1
AF055240826,NIGHTMARE,FUSE,35,21,10,17,45,38,14,11-14,0
AF055240926,GADGET,REGRET,10,14,14,13,24,27,-4,3-4,0
AF055250526,KILLJOY,NIGHTMARE,17,0,0,14,17,14,17,15+,0
AF055250626,HEADHUNTER,GADGET,7,7,14,17,21,24,0,level,0
AF055250726,PHOENIX,LUNA,7,7,14,17,21,24,0,level,0
AF055250826,NIGHTMARE,GADGET,14,3,7,15,21,18,11,11-14,2
AF055260526,SPARK,SHURIKEN,0,7,7,10,7,17,-7,5-7,0
AF055260626,LIZARD,MERLIN,7,14,28,31,35,45,-7,5-7,0
AF055260826,GADGET,LIZARD,7,17,14,10,21,27,-10,8-10,0
AF055260926,NIGHTMARE,FENRIR,21,7,0,8,21,15,14,11-14,0
AF055270426,ENFORCER,SPARK,7,17,8,14,15,31,-10,8-10,0
AF055270526,HEADHUNTER,KILLJOY,7,21,3,0,10,21,-14,11-14,0
AF055270626,NIGHTMARE,GADGET,20,0,0,14,20,14,20,15+,0
AF055270726,PURSUIT,SPARK,10,7,7,3,17,10,3,3-4,0
AF055270826,HEADHUNTER,GADGET,7,14,8,10,15,24,-7,5-7,0
AF055270926,FENRIR,LIZARD,14,14,0,3,14,17,0,level,0
AF055280426,GADGET,SABRE,14,14,13,14,27,28,0,level,0
AF055280526,HEADHUNTER,REGRET,17,10,6,10,23,20,7,5-7,2
AF055280626,PRISMATIC,MERCURY,14,10,7,8,21,18,4,3-4,0
AF055280726,SCHOLAR,MIRAGE,14,0,7,14,21,14,14,11-14,0
AF055280826,REGRET,MAVERICK,14,10,14,8,28,18,4,3-4,0
AF055290426,NIGHTMARE,HEADHUNTER,20,17,7,14,27,31,3,3-4,3
AF055290526,NIRVANA,HEADHUNTER,7,14,12,7,19,21,-7,5-7,0
AF055290626,GADGET,SABRE,10,7,0,7,10,14,3,3-4,1
AF055290726,NIGHTMARE,LIZARD,10,14,8,7,18,21,-4,3-4,0
AF055290826,FENRIR,MERLIN,3,7,17,3,20,10,-4,3-4,1
AF055290926,NIGHTMARE,FENRIR,14,17,15,14,29,31,-3,3-4,0
AF055300426,SABRE,GADGET,10,0,7,20,17,20,10,8-10,1
AF055300526,KILLJOY,FENRIR,14,6,7,0,21,6,8,8-10,0
AF055300626,MIRAGE,MISSILE,7,10,7,0,14,10,-3,3-4,1
AF055300726,SHURIKEN,GADGET,14,7,14,8,28,15,7,5-7,0
AF055300826,MERLIN,FENRIR,14,10,7,8,21,18,4,3-4,0
AF055300926,SCHOLAR,SPARK,7,7,7,6,14,13,0,level,0
AF055310526,GADGET,NIGHTMARE,3,10,6,21,9,31,-7,5-7,0
AF055310726,FENRIR,KILLJOY,17,0,0,0,17,0,17,15+,0
AF056010526,NIRVANA,PRISMATIC,21,7,0,0,21,7,14,11-14,0
AF056010626,TOMBSTONE,ORIGINAL,7,7,3,7,10,14,0,level,1
AF056010726,ENFORCER,SCHOLAR,3,7,8,10,11,17,-4,3-4,0
AF056010826,MINDFLAYER,SCHOLAR,0,17,0,10,0,27,-17,15+,0
AF056010926,DREAD,MISSILE,3,0,0,14,3,14,3,3-4,1
AF056020526,AVATAR,LIZARD,14,24,7,7,21,31,-10,8-10,0
AF056020626,MINDFLAYER,ENFORCER,14,14,3,0,17,14,0,level,0
AF056020726,MISSILE,MERCURY,10,14,0,7,10,21,-4,3-4,0
AF056020826,SHURIKEN,PRISMATIC,3,14,20,24,23,38,-11,11-14,0
AF056020926,ENFORCER,ORIGINAL,7,17,0,10,7,27,-10,8-10,0
AF056021026,ORIGINAL,CLOCKWORK,0,0,0,14,0,14,0,level,0
AF056030526,MINDFLAYER,PRISMATIC,17,14,13,13,30,27,3,3-4,2
AF056030626,AVATAR,LYNX,14,7,3,0,17,7,7,5-7,0
AF056030726,KILLJOY,FUSE,6,7,0,14,6,21,-1,1-2,0
AF056030826,MERCURY,MISSILE,0,7,0,10,0,17,-7,5-7,0
AF056030926,MERLIN,LIZARD,21,17,7,0,28,17,4,3-4,0
AF056040526,ENFORCER,SPARK,7,7,17,7,24,14,0,level,0
AF056040626,STEEL,TOMBSTONE,7,14,8,13,15,27,-7,5-7,0
AF056040726,SPARK,REGRET,7,10,21,14,28,24,-3,3-4,3
AF056040826,MINDFLAYER,STEEL,14,28,12,7,26,35,-14,11-14,0
AF056040926,CLOCKWORK,MERCURY,3,7,6,3,9,10,-4,3-4,2
AF056041026,MIRAGE,NIRVANA,7,21,0,3,7,24,-14,11-14,0
AF056050626,MAVERICK,SCHOLAR,14,7,0,17,14,24,7,5-7,1
AF056050726,MIRAGE,STEEL,14,21,7,3,21,24,-7,5-7,0
AF056050826,ENFORCER,DREAD,0,10,6,7,6,17,-10,8-10,0
AF056051026,MINDFLAYER,MERCURY,14,7,0,10,14,17,7,5-7,1
AF056060526,SCHOLAR,NIRVANA,10,3,0,10,10,13,7,5-7,1
AF056060626,SPARK,GADGET,7,14,14,6,21,20,-7,5-7,1
AF056060726,SCHOLAR,SPARK,3,8,14,13,17,21,-5,5-7,4
AF056060826,STEEL,ORIGINAL,0,0,7,10,7,10,0,level,0
AF056060926,MISSILE,STEEL,7,28,7,0,14,28,-21,15+,0
AF056061026,SHURIKEN,NIRVANA,0,14,7,0,7,14,-14,11-14,0
AF056070526,ENFORCER,STEEL,14,7,7,7,21,14,7,5-7,0
AF056070726,ENFORCER,MAVERICK,14,10,14,21,28,31,4,3-4,5
AF056070926,MIRAGE,SCHOLAR,14,10,7,7,21,17,4,3-4,0
AF056080626,MERLIN,SHURIKEN,17,0,14,7,31,7,17,15+,0
AF056080726,SCHOLAR,ENFORCER,7,7,17,0,24,7,0,level,0
AF056080826,NIGHTMARE,HEADHUNTER,14,21,14,17,28,38,-7,5-7,0
AF056080926,SPARK,MAVERICK,14,14,0,3,14,17,0,level,0
AF056090626,PRISMATIC,TOMBSTONE,10,10,10,0,20,10,0,level,0
AF056090726,MIRAGE,PRISMATIC,7,14,7,7,14,21,-7,5-7,0
AF056090826,MIRAGE,MAVERICK,7,7,0,7,7,14,0,level,0
AF056090926,NIGHTMARE,FUSE,17,7,3,7,20,14,10,8-10,0
AF056100626,MERCURY,CLOCKWORK,10,7,7,7,17,14,3,3-4,0
AF056100926,MERCURY,ORIGINAL,0,9,8,7,8,16,-9,8-10,0
AF056110626,SCHOLAR,REGRET,3,14,8,6,11,20,-11,11-14,0
AF056110726,NIGHTMARE,LIZARD,0,7,3,0,3,7,-7,5-7,0
AF056110826,MERCURY,MISSILE,7,17,11,7,18,24,-10,8-10,0
AF056110926,PURSUIT,MISSILE,7,21,7,10,14,31,-14,11-14,0
AF056120726,MISSILE,STEEL,10,14,14,14,24,28,-4,3-4,0
AF056120826,CLOCKWORK,DREAD,7,7,10,7,17,14,0,level,0
AF056120926,RICOCHET,MINDFLAYER,7,14,7,14,14,28,-7,5-7,0
AF056130626,SCHOLAR,MISSILE,7,14,17,8,24,22,-7,5-7,3
AF056130726,RICOCHET,MISSILE,7,3,10,7,17,10,4,3-4,0
AF056130826,ORIGINAL,SCHOLAR,10,7,0,7,10,14,3,3-4,1
AF056130926,SPARK,MIRAGE,6,10,13,10,19,20,-4,3-4,0
AF056140626,DREAD,MIRAGE,0,14,0,7,0,21,-14,11-14,0
AF056140726,MIRAGE,ENFORCER,10,0,6,7,16,7,10,8-10,0
AF056140826,DREAD,CLOCKWORK,7,17,7,17,14,34,-10,8-10,0
AF056140926,LEO,AVATAR,21,7,10,22,31,29,14,11-14,2
AF056150626,SPARK,SHURIKEN,21,7,0,0,21,7,14,11-14,0
AF056150726,REGRET,NIRVANA,7,14,7,3,14,17,-7,5-7,0
AF056150826,FENRIR,NIGHTMARE,14,7,7,7,21,14,7,5-7,0
AF056160626,ENFORCER,SHURIKEN,0,10,0,3,0,13,-10,8-10,0
AF056160726,ORIGINAL,MIRAGE,21,21,10,8,31,29,0,level,2
AF056160826,SHURIKEN,STEEL,7,14,8,3,15,17,-7,5-7,0
AF056160926,KILLJOY,NIGHTMARE,7,10,7,7,14,17,-3,3-4,0
AF056170626,PRISMATIC,MERCURY,14,0,8,8,22,8,14,11-14,0
AF056170726,DREAD,CLOCKWORK,0,14,6,5,6,19,-14,11-14,0
AF056170926,ENFORCER,MERCURY,3,10,0,14,3,24,-7,5-7,0
AF056180526,FUSE,NIGHTMARE,10,7,3,14,13,21,3,3-4,1
AF056180626,ENFORCER,STEEL,0,14,13,7,13,21,-14,11-14,0
AF056180726,STEEL,PRISMATIC,21,14,14,0,35,14,7,5-7,0
AF056180826,DREAD,STEEL,7,17,14,10,21,27,-10,8-10,0
AF056190826,MIRAGE,ORIGINAL,7,7,8,10,15,17,0,level,0
AF056200526,REGRET,SPARK,10,14,7,7,17,21,-4,3-4,2
AF056200726,PRISMATIC,ENFORCER,7,7,10,0,17,7,0,level,0
AF056200826,MERCURY,STEEL,14,10,6,14,20,24,4,3-4,1
AF056200926,SHURIKEN,MAVERICK,0,14,15,3,15,17,-14,11-14,2
AF056210726,PRISMATIC,MERCURY,14,0,14,0,28,0,14,11-14,0
AF056210826,MERCURY,CLOCKWORK,14,7,3,12,17,19,7,5-7,1
AF056220626,PRECISION,LEGEND,7,0,10,7,17,7,7,5-7,0
AF056220726,NIRVANA,SPARK,7,17,14,14,21,31,-10,8-10,0
AF056220826,PRISMATIC,MAVERICK,27,15,9,20,36,35,12,11-14,0
AF056220926,SPARK,NIRVANA,7,0,3,7,10,7,7,5-7,0
AF056230626,AVATAR,PRECISION,7,7,7,9,14,16,0,level,2
AF056230726,ENFORCER,ORIGINAL,14,7,3,7,17,14,7,5-7,0
AF056230826,RICOCHET,MIRAGE,14,10,7,10,21,20,4,3-4,2
AF056230926,ENFORCER,ORIGINAL,17,0,0,7,17,7,17,15+,0
AF056240526,ORIGINAL,PRISMATIC,7,7,6,3,13,10,0,level,1
AF056240626,MERCURY,CLOCKWORK,6,17,0,3,6,20,-11,11-14,0
AF056240826,MERCURY,SHURIKEN,14,7,7,0,21,7,7,5-7,0
AF056240926,ORIGINAL,MERCURY,10,0,7,0,17,0,10,8-10,0
AF056250526,ENFORCER,SPARK,7,17,7,3,14,20,-10,8-10,0
AF056250626,ENFORCER,SCHOLAR,7,17,0,3,7,20,-10,8-10,0
AF056250726,LYNX,PATHFINDER,7,7,14,15,21,22,0,level,1
AF056250926,MERCURY,MINDFLAYER,14,6,17,7,31,13,8,8-10,0
AF056260526,MINDFLAYER,ENFORCER,0,14,0,3,0,17,-14,11-14,0
AF056260626,CLOCKWORK,MERCURY,7,14,3,14,10,28,-7,5-7,0
AF056260726,TOMBSTONE,MIRAGE,14,21,7,3,21,24,-7,5-7,0
AF056260926,MAVERICK,SPARK,7,7,0,3,7,10,0,level,0
AF056270426,AVATAR,SABRE,7,14,17,7,24,21,-7,5-7,1
AF056270526,ENFORCER,NIRVANA,10,7,3,0,13,7,3,3-4,0
AF056270626,MERCURY,PRISMATIC,0,7,7,3,7,10,-7,5-7,0
AF056270726,FUSE,HEADHUNTER,7,3,7,7,14,10,4,3-4,2
AF056270826,SPARK,SCHOLAR,0,10,14,17,14,27,-10,8-10,0
AF056270926,SHURIKEN,NIRVANA,3,21,19,7,22,28,-18,15+,0
AF056280426,PURSUIT,ENFORCER,27,0,0,15,27,15,27,15+,0
AF056280526,ENFORCER,STEEL,3,10,7,14,10,24,-7,5-7,0
AF056280726,MERCURY,MINDFLAYER,14,7,0,14,14,21,7,5-7,1
AF056280826,CLOCKWORK,MERCURY,10,21,6,0,16,21,-11,11-14,0
AF056280926,LIZARD,GADGET,10,7,6,7,16,14,3,3-4,2
AF056290426,SHURIKEN,ENFORCER,0,7,14,6,14,13,-7,5-7,1
AF056290526,TOMBSTONE,SCHOLAR,7,13,3,7,10,20,-6,5-7,0
AF056290626,ENFORCER,SCHOLAR,3,10,7,7,10,17,-7,5-7,0
AF056290726,PURSUIT,SPARK,7,10,7,7,14,17,-3,3-4,0
AF056290826,STEEL,MINDFLAYER,24,13,7,0,31,13,11,11-14,0
AF056290926,ORIGINAL,MERCURY,0,0,7,0,7,0,0,level,0
AF056300626,REGRET,PURSUIT,14,10,28,28,42,38,4,3-4,4
AF056300726,RICOCHET,DREAD,7,7,3,10,10,17,0,level,0
AF056300826,ORIGINAL,STEEL,21,7,14,6,35,13,14,11-14,0
AF056310526,NIRVANA,ORIGINAL,10,0,7,0,17,0,10,8-10,0
AF056310726,MISSILE,CLOCKWORK,10,7,0,14,10,21,3,3-4,1
AF056310826,RICOCHET,ENFORCER,3,3,7,3,10,6,0,level,1
AF057010526,HEADHUNTER,REGRET,0,7,7,3,7,10,-7,5-7,0
AF057010626,FUSE,FENRIR,28,14,21,8,49,22,14,11-14,0
AF057010826,HEADHUNTER,REGRET,6,3,18,0,24,3,3,3-4,0
AF057011026,NIGHTMARE,FUSE,0,21,7,14,7,35,-21,15+,0
AF057020526,GADGET,SCHOLAR,0,6,7,21,7,27,-6,5-7,0
AF057020626,GADGET,REGRET,6,7,11,7,17,14,-1,1-2,1
AF057020726,HEADHUNTER,REGRET,7,3,7,14,14,17,4,3-4,3
AF057020826,FENRIR,MERLIN,24,7,14,21,38,28,17,15+,0
AF057021026,NIRVANA,MISSILE,21,10,0,0,21,10,11,11-14,0
AF057030526,FENRIR,NIGHTMARE,10,14,0,0,10,14,-4,3-4,0
AF057030626,NEON,SENTINEL,3,9,7,15,10,24,-6,5-7,0
AF057030726,CLOCKWORK,MERCURY,0,10,0,7,0,17,-10,8-10,0
AF057030826,PRISMATIC,MIRAGE,3,7,0,7,3,14,-4,3-4,0
AF057030926,SHURIKEN,SCHOLAR,9,7,7,8,16,15,2,1-2,0
AF057031026,FUSE,NIGHTMARE,7,0,7,0,14,0,7,5-7,0
AF057040526,GADGET,AVATAR,7,7,29,36,36,43,0,level,2
AF057040626,FUSE,MERCENARY,6,10,0,13,6,23,-4,3-4,0
AF057040726,FENRIR,NIGHTMARE,7,10,14,3,21,13,-3,3-4,1
AF057040826,FUSE,MERLIN,14,3,7,13,21,16,11,11-14,0
AF057040926,FUSE,MERLIN,17,10,10,0,27,10,7,5-7,0
AF057041026,HEADHUNTER,LIZARD,7,3,25,16,32,19,4,3-4,2
AF057050626,REGRET,NIRVANA,0,7,14,14,14,21,-7,5-7,0
AF057050726,MAVERICK,NIRVANA,0,14,7,3,7,17,-14,11-14,0
AF057050826,NIGHTMARE,LIZARD,7,10,0,3,7,13,-3,3-4,0
AF057050926,HEADHUNTER,REGRET,3,0,7,7,10,7,3,3-4,0
AF057060526,SABRE,GADGET,0,24,0,10,0,34,-24,15+,0
AF057060626,KILLJOY,LIZARD,3,14,13,10,16,24,-11,11-14,0
AF057060726,KILLJOY,MERLIN,7,10,10,10,17,20,-3,3-4,0
AF057060826,SCHOLAR,SPARK,7,10,7,0,14,10,-3,3-4,1
AF057060926,HEADHUNTER,FUSE,7,17,7,7,14,24,-10,8-10,0
AF057061026,FENRIR,KILLJOY,17,7,7,8,24,15,10,8-10,0
AF057070526,REGRET,GADGET,10,0,7,14,17,14,10,8-10,2
AF057070626,NIGHTMARE,HEADHUNTER,10,21,6,3,16,24,-11,11-14,0
AF057070726,MERLIN,LIZARD,17,10,17,7,34,17,7,5-7,0
AF057070826,RICOCHET,ORIGINAL,0,2,10,10,10,12,-2,1-2,0
AF057070926,KILLJOY,MERLIN,7,10,7,7,14,17,-3,3-4,0
AF057080726,NIGHTMARE,LIZARD,7,3,0,14,7,17,4,3-4,1
AF057080826,FENRIR,MERLIN,0,7,0,10,0,17,-7,5-7,0
AF057080926,STEEL,ENFORCER,14,35,0,0,14,35,-21,15+,0
AF057090626,HEADHUNTER,SABRE,0,17,14,0,14,17,-17,15+,0
AF057090726,LIZARD,HEADHUNTER,3,7,6,7,9,14,-4,3-4,0
AF057090826,FENRIR,FUSE,7,17,7,7,14,24,-10,8-10,0
AF057090926,ENFORCER,CLOCKWORK,14,14,3,10,17,24,0,level,1
AF057100626,SABRE,SPARK,7,10,7,7,14,17,-3,3-4,2
AF057100726,FENRIR,MERLIN,14,14,7,0,21,14,0,level,0
AF057100826,FENRIR,FUSE,20,0,3,8,23,8,20,15+,0
AF057100926,HEADHUNTER,LIZARD,3,0,14,7,17,7,3,3-4,0
AF057110626,FENRIR,FUSE,7,6,14,8,21,14,1,1-2,2
AF057110726,SHURIKEN,SPARK,0,21,7,0,7,21,-21,15+,0
AF057110826,SHURIKEN,SPARK,3,7,7,14,10,21,-4,3-4,0
AF057110926,RICOCHET,MERCURY,7,14,7,10,14,24,-7,5-7,0
AF057120626,SHURIKEN,REGRET,10,14,7,7,17,21,-4,3-4,2
AF057120726,PRISMATIC,MINDFLAYER,7,7,10,7,17,14,0,level,0
AF057120826,GADGET,HEADHUNTER,10,14,0,7,10,21,-4,3-4,0
AF057120926,HEADHUNTER,GADGET,7,0,7,0,14,0,7,5-7,0
AF057130626,HEADHUNTER,NIGHTMARE,3,7,14,14,17,21,-4,3-4,4
AF057130726,FUSE,HEADHUNTER,7,7,7,10,14,17,0,level,0
AF057130826,REGRET,SPARK,7,17,14,10,21,27,-10,8-10,0
AF057140626,MINDFLAYER,ORIGINAL,0,10,0,7,0,17,-10,8-10,0
AF057140726,MAVERICK,SCHOLAR,3,7,0,7,3,14,-4,3-4,0
AF057140826,KILLJOY,MERLIN,10,7,14,7,24,14,3,3-4,0
AF057140926,CLASH,LEGEND,14,7,7,6,21,13,7,5-7,0
AF057150626,MERLIN,NIGHTMARE,14,14,6,7,20,21,0,level,0
AF057150726,NIGHTMARE,LIZARD,14,14,10,7,24,21,0,level,0
AF057150826,REGRET,HEADHUNTER,3,10,7,7,10,17,-7,5-7,0
AF057150926,PRISMATIC,SHURIKEN,21,31,7,0,28,31,-10,8-10,0
AF057160626,GADGET,FUSE,7,13,0,22,7,35,-6,5-7,0
AF057160726,GADGET,REGRET,7,0,7,0,14,0,7,5-7,0
AF057160826,PRISMATIC,MAVERICK,21,10,17,16,38,26,11,11-14,0
AF057160926,SHURIKEN,NIRVANA,7,0,7,0,14,0,7,5-7,0
AF057170626,KILLJOY,FENRIR,3,7,7,6,10,13,-4,3-4,0
AF057170926,GADGET,LIZARD,14,17,7,0,21,17,-3,3-4,1
AF057180526,SCHOLAR,MINDFLAYER,10,7,14,14,24,21,3,3-4,2
AF057180626,SCHOLAR,ORIGINAL,0,7,0,3,0,10,-7,5-7,0
AF057180726,MERLIN,FENRIR,21,3,7,7,28,10,18,15+,0
AF057180826,FENRIR,MERLIN,10,7,14,7,24,14,3,3-4,0
AF057180926,FUSE,FENRIR,6,3,0,0,6,3,3,3-4,0
AF057190526,HEADHUNTER,SHURIKEN,21,7,3,0,24,7,14,11-14,0
AF057190726,FENRIR,NIGHTMARE,14,7,14,3,28,10,7,5-7,0
AF057190826,NIRVANA,PRISMATIC,14,14,10,13,24,27,0,level,3
AF057200526,KILLJOY,FUSE,0,14,0,3,0,17,-14,11-14,0
AF057200726,SHURIKEN,GADGET,14,21,0,7,14,28,-7,5-7,0
AF057200826,LIZARD,GADGET,7,17,7,3,14,20,-10,8-10,0
AF057200926,FENRIR,LIZARD,14,10,21,0,35,10,4,3-4,0
AF057210726,MERLIN,KILLJOY,0,12,0,0,0,12,-12,11-14,0
AF057210826,PRISMATIC,SCHOLAR,3,7,14,7,17,14,-4,3-4,3
AF057210926,HEADHUNTER,FENRIR,17,3,7,7,24,10,14,11-14,0
AF057220626,KRAKEN,GENIUS,10,10,10,7,20,17,0,level,1
AF057220726,KILLJOY,FUSE,3,7,14,3,17,10,-4,3-4,1
AF057220826,MERLIN,FENRIR,7,7,3,0,10,7,0,level,0
AF057220926,FUSE,FENRIR,7,7,9,7,16,14,0,level,1
AF057230626,DAME,KRAKEN,7,6,3,6,10,12,1,1-2,3
AF057230926,MAVERICK,SCHOLAR,14,17,15,14,29,31,-3,3-4,0
AF057240526,FENRIR,LIZARD,7,3,7,0,14,3,4,3-4,0
AF057240826,MERLIN,FENRIR,10,7,17,7,27,14,3,3-4,2
AF057250526,FENRIR,GADGET,7,7,14,0,21,7,0,level,0
AF057250626,FENRIR,FUSE,7,10,14,7,21,17,-3,3-4,1
AF057250726,SHARK,WARRIOR,0,7,0,0,0,7,-7,5-7,0
AF057250826,MERLIN,FUSE,7,14,7,3,14,17,-7,5-7,0
AF057260526,REGRET,PURSUIT,21,7,7,0,28,7,14,11-14,0
AF057260626,REGRET,HEADHUNTER,10,21,0,14,10,35,-11,11-14,0
AF057260726,FENRIR,LIZARD,7,14,17,7,24,21,-7,5-7,3
AF057260826,HEADHUNTER,NIGHTMARE,6,7,12,9,18,16,-1,1-2,5
AF057270426,SHURIKEN,MAVERICK,7,0,3,7,10,7,7,5-7,0
AF057270526,NIGHTMARE,FENRIR,0,10,14,6,14,16,-10,8-10,2
AF057270626,KILLJOY,LIZARD,14,0,3,0,17,0,14,11-14,0
AF057270726,SCHOLAR,SHURIKEN,3,7,0,10,3,17,-4,3-4,0
AF057280526,FUSE,MERCENARY,7,10,7,7,14,17,-3,3-4,2
AF057280626,MAVERICK,NIRVANA,3,0,12,18,15,18,3,3-4,3
AF057280726,PRISMATIC,MAVERICK,21,3,3,16,24,19,18,15+,0
AF057280826,SCHOLAR,PURSUIT,14,24,18,7,32,31,-10,8-10,1
AF057280926,MERLIN,FUSE,17,0,6,7,23,7,17,15+,0
AF057290426,REGRET,GADGET,17,14,7,7,24,21,3,3-4,0
AF057290526,REGRET,SHURIKEN,21,7,7,3,28,10,14,11-14,0
AF057290626,FUSE,HEADHUNTER,0,7,8,7,8,14,-7,5-7,0
AF057290826,HEADHUNTER,FUSE,21,14,10,7,31,21,7,5-7,0
AF057300426,MERCENARY,AVATAR,14,7,7,8,21,15,7,5-7,0
AF057300526,GADGET,NIGHTMARE,7,14,7,3,14,17,-7,5-7,0
AF057300626,MERCURY,RICOCHET,7,7,7,9,14,16,0,level,2
AF057300726,HEADHUNTER,REGRET,17,14,17,14,34,28,3,3-4,0
AF057300826,NIGHTMARE,LIZARD,3,7,10,3,13,10,-4,3-4,1
AF057300926,MAVERICK,SPARK,7,7,10,7,17,14,0,level,1
AF057310526,MERCENARY,FENRIR,3,7,10,3,13,10,-4,3-4,1
AF057310726,MERLIN,FUSE,28,21,10,15,38,36,7,5-7,2
AF058010526,MINDFLAYER,TOMBSTONE,7,7,10,7,17,14,0,level,0
AF058010626,RICOCHET,ENFORCER,7,7,0,7,7,14,0,level,0
AF058010726,CLOCKWORK,MINDFLAYER,14,21,3,0,17,21,-7,5-7,0
AF058010826,SHURIKEN,MAVERICK,14,0,3,0,17,0,14,11-14,0
AF058010926,ENFORCER,MERCURY,21,21,0,21,21,42,0,level,0
AF058011026,MINDFLAYER,ENFORCER,0,6,7,3,7,9,-6,5-7,0
AF058020526,LIZARD,FENRIR,7,7,10,7,17,14,0,level,2
AF058020626,SCHOLAR,ENFORCER,7,0,13,0,20,0,7,5-7,0
AF058020826,MINDFLAYER,NIRVANA,7,21,6,3,13,24,-14,11-14,0
AF058020926,DREAD,STEEL,10,21,16,14,26,35,-11,11-14,0
AF058021026,DON,CLOCKWORK,0,21,7,7,7,28,-21,15+,0
AF058030526,TOMBSTONE,SCHOLAR,14,0,14,13,28,13,14,11-14,0
AF058030626,OCTANE,SAGE,21,0,0,10,21,10,21,15+,0
AF058030726,FUSE,MERLIN,17,14,7,14,24,28,3,3-4,3
AF058030926,FENRIR,HEADHUNTER,10,7,14,14,24,21,3,3-4,4
AF058040526,SCHOLAR,SHURIKEN,0,10,7,0,7,10,-10,8-10,0
AF058040626,SCHOLAR,ORIGINAL,7,17,14,7,21,24,-10,8-10,0
AF058040926,RICOCHET,MINDFLAYER,14,7,14,15,28,22,7,5-7,0
AF058041026,SHURIKEN,NIRVANA,14,21,10,0,24,21,-7,5-7,1
AF058050626,PRISMATIC,MERCURY,10,0,14,0,24,0,10,8-10,0
AF058050726,TOMBSTONE,PRISMATIC,7,14,0,0,7,14,-7,5-7,0
AF058050926,SHURIKEN,PURSUIT,7,7,0,7,7,14,0,level,0
AF058060526,NIRVANA,MINDFLAYER,0,7,10,0,10,7,-7,5-7,1
AF058060626,GADGET,REGRET,17,14,7,7,24,21,3,3-4,0
AF058060726,PRISMATIC,MIRAGE,10,3,0,14,10,17,7,5-7,1
AF058060826,ENFORCER,MINDFLAYER,7,10,7,10,14,20,-3,3-4,0
AF058060926,STEEL,MIRAGE,7,7,10,7,17,14,0,level,0
AF058070526,SPARK,MINDFLAYER,17,7,7,7,24,14,10,8-10,0
AF058070626,PRISMATIC,ORIGINAL,14,7,14,0,28,7,7,5-7,0
AF058070726,SPARK,SCHOLAR,7,3,0,7,7,10,4,3-4,1
AF058070826,NIRVANA,REGRET,7,10,17,15,24,25,-3,3-4,2
AF058070926,PRISMATIC,PURSUIT,14,35,7,3,21,38,-21,15+,0
AF058080626,GADGET,SPARK,21,0,7,0,28,0,21,15+,0
AF058080726,STEEL,PRISMATIC,21,28,15,14,36,42,-7,5-7,0
AF058080826,LIZARD,GADGET,10,14,7,7,17,21,-4,3-4,2
AF058080926,MAVERICK,REGRET,10,6,0,21,10,27,4,3-4,1
AF058090626,RICOCHET,ORIGINAL,0,17,7,3,7,20,-17,15+,0
AF058090726,TOMBSTONE,STEEL,14,14,8,20,22,34,0,level,0
AF058090826,SHURIKEN,NIRVANA,7,6,8,12,15,18,1,1-2,3
AF058090926,FUSE,MERLIN,10,7,0,0,10,7,3,3-4,0
AF058100626,MAVERICK,MINDFLAYER,7,7,14,7,21,14,0,level,1
AF058100726,ORIGINAL,SCHOLAR,7,17,14,14,21,31,-10,8-10,0
AF058100826,MIRAGE,MAVERICK,3,7,0,0,3,7,-4,3-4,0
AF058110626,SPARK,GADGET,7,28,7,0,14,28,-21,15+,0
AF058110726,FENRIR,HEADHUNTER,7,7,7,0,14,7,0,level,0
AF058110826,DREAD,ORIGINAL,7,7,3,10,10,17,0,level,0
AF058110926,MISSILE,SCHOLAR,14,14,21,0,35,14,0,level,0
AF058120626,ORIGINAL,CLOCKWORK,14,7,3,8,17,15,7,5-7,2
AF058120726,TOMBSTONE,ORIGINAL,9,7,15,7,24,14,2,1-2,2
AF058120826,RICOCHET,ENFORCER,0,14,15,0,15,14,-14,11-14,1
AF058120926,DREAD,MINDFLAYER,3,10,0,7,3,17,-7,5-7,0
AF058130626,MERCURY,MAVERICK,7,0,7,7,14,7,7,5-7,0
AF058130726,MERCURY,DREAD,7,7,17,14,24,21,0,level,0
AF058130826,STEEL,MINDFLAYER,7,14,13,7,20,21,-7,5-7,0
AF058140626,TOMBSTONE,MISSILE,14,7,7,7,21,14,7,5-7,0
AF058140726,STEEL,TOMBSTONE,0,17,0,7,0,24,-17,15+,0
AF058140826,RICOCHET,MERCURY,7,0,6,6,13,6,7,5-7,0
AF058140926,LEO,HERMES,7,3,6,14,13,17,4,3-4,1
AF058150626,MERCURY,PURSUIT,14,21,0,7,14,28,-7,5-7,0
AF058150726,MINDFLAYER,GADGET,0,17,0,3,0,20,-17,15+,0
AF058150826,NIGHTMARE,KILLJOY,10,17,17,24,27,41,-7,5-7,0
AF058150926,PURSUIT,SPARK,0,3,23,14,23,17,-3,3-4,1
AF058160626,SCHOLAR,SPARK,7,14,16,3,23,17,-7,5-7,1
AF058160726,MERCURY,PRISMATIC,13,14,6,13,19,27,-1,1-2,2
AF058170626,CLOCKWORK,TOMBSTONE,15,21,15,8,30,29,-6,5-7,3
AF058170826,ACE,KATANA,3,7,10,13,13,20,-4,3-4,2
AF058180526,LEGEND,AVATAR,7,7,14,17,21,24,0,level,0
AF058180626,DREAD,MISSILE,7,14,0,7,7,21,-7,5-7,0
AF058180726,ORIGINAL,SCHOLAR,20,14,3,7,23,21,6,5-7,2
AF058180826,ENFORCER,MERCURY,7,14,14,14,21,28,-7,5-7,0
AF058180926,ENFORCER,CLOCKWORK,7,7,7,10,14,17,0,level,2
AF058190526,MAVERICK,RICOCHET,14,10,7,6,21,16,4,3-4,0
AF058190726,MAVERICK,NIRVANA,14,17,14,14,28,31,-3,3-4,4
AF058190826,STEEL,ENFORCER,7,7,0,10,7,17,0,level,0
AF058190926,STEEL,ORIGINAL,0,3,0,7,0,10,-3,3-4,0
AF058200526,SHURIKEN,NIRVANA,10,14,15,13,25,27,-4,3-4,4
AF058200726,PRISMATIC,STEEL,7,14,14,10,21,24,-7,5-7,0
AF058200826,ORIGINAL,MIRAGE,7,14,14,0,21,14,-7,5-7,1
AF058200926,NIRVANA,SPARK,0,14,7,7,7,21,-14,11-14,0
AF058210726,MINDFLAYER,SCHOLAR,3,7,0,3,3,10,-4,3-4,0
AF058210826,ORIGINAL,DREAD,0,7,13,7,13,14,-7,5-7,0
AF058210926,MERCURY,ENFORCER,10,7,7,8,17,15,3,3-4,0
AF058220626,LYNX,SHARK,7,10,14,0,21,10,-3,3-4,1
AF058220726,REGRET,PURSUIT,0,7,10,14,10,21,-7,5-7,2
AF058220826,SHURIKEN,SCHOLAR,3,7,6,3,9,10,-4,3-4,0
AF058220926,SHURIKEN,NIRVANA,3,7,0,7,3,14,-4,3-4,0
AF058230626,WARRIOR,LYNX,3,7,0,10,3,17,-4,3-4,0
AF058230726,RICOCHET,STEEL,3,7,7,6,10,13,-4,3-4,0
AF058230826,MISSILE,PURSUIT,17,17,17,0,34,17,0,level,0
AF058230926,MINDFLAYER,MERCURY,0,14,8,10,8,24,-14,11-14,0
AF058240526,RICOCHET,MAVERICK,7,10,7,14,14,24,-3,3-4,0
AF058240626,ENFORCER,SPARK,0,21,3,7,3,28,-21,15+,0
AF058240826,MINDFLAYER,MIRAGE,7,7,0,7,7,14,0,level,0
AF058240926,MINDFLAYER,MERCURY,17,6,7,14,24,20,11,11-14,0
AF058250526,PRISMATIC,SHURIKEN,0,3,14,14,14,17,-3,3-4,4
AF058250726,HERMES,OVERDRIVE,2,7,7,14,9,21,-5,5-7,0
AF058250926,ORIGINAL,MINDFLAYER,7,7,15,14,22,21,0,level,1
AF058260526,SCHOLAR,MAVERICK,14,14,7,6,21,20,0,level,0
AF058260626,MISSILE,NIRVANA,7,10,3,3,10,13,-3,3-4,0
AF058260726,PRISMATIC,MINDFLAYER,14,0,14,12,28,12,14,11-14,0
AF058260826,DREAD,CLOCKWORK,28,14,7,13,35,27,14,11-14,0
AF058260926,SHURIKEN,SPARK,0,3,7,0,7,3,-3,3-4,1
AF058270426,CLASH,LEGEND,7,14,7,3,14,17,-7,5-7,0
AF058270526,RICOCHET,SHURIKEN,7,14,8,7,15,21,-7,5-7,0
AF058270626,TOMBSTONE,MIRAGE,14,24,3,7,17,31,-10,8-10,0
AF058270726,NIGHTMARE,HEADHUNTER,14,0,0,0,14,0,14,11-14,0
AF058270926,MISSILE,NIRVANA,7,14,14,10,21,24,-7,5-7,2
AF058280426,SPARK,REGRET,3,14,17,14,20,28,-11,11-14,0
AF058280626,TOMBSTONE,MISSILE,7,17,7,3,14,20,-10,8-10,0
AF058280726,ENFORCER,STEEL,7,14,14,14,21,28,-7,5-7,0
AF058280826,RICOCHET,MIRAGE,7,17,19,14,26,31,-10,8-10,0
AF058290426,PRISMATIC,NIRVANA,0,7,15,10,15,17,-7,5-7,2
AF058290526,MAVERICK,ORIGINAL,14,0,3,14,17,14,14,11-14,0
AF058290626,MERCURY,SPARK,7,14,7,3,14,17,-7,5-7,0
AF058290726,SHURIKEN,HEADHUNTER,0,7,0,7,0,14,-7,5-7,0
AF058290826,MISSILE,MERCURY,7,0,6,7,13,7,7,5-7,0
AF058290926,MINDFLAYER,MERCURY,14,0,3,8,17,8,14,11-14,0
AF058300526,SCHOLAR,MAVERICK,14,7,14,3,28,10,7,5-7,0
AF058300626,PURSUIT,GADGET,0,7,7,3,7,10,-7,5-7,0
AF058300726,ORIGINAL,MISSILE,7,14,14,6,21,20,-7,5-7,1
AF058300926,ENFORCER,ORIGINAL,14,14,10,6,24,20,0,level,0
AF058310526,RICOCHET,MAVERICK,0,7,0,3,0,10,-7,5-7,0
AF058310726,RICOCHET,MERCURY,6,17,22,14,28,31,-11,11-14,0
AF059010526,REGRET,AVATAR,10,14,7,6,17,20,-4,3-4,0
AF059010626,FENRIR,NIGHTMARE,27,0,3,0,30,0,27,15+,0
AF059010726,MERLIN,LIZARD,7,14,0,6,7,20,-7,5-7,0
AF059010826,REGRET,PRISMATIC,10,10,10,13,20,23,0,level,2
AF059010926,SPARK,MINDFLAYER,7,10,14,7,21,17,-3,3-4,3
AF059011026,MERLIN,FENRIR,14,7,7,0,21,7,7,5-7,0
AF059020526,SCHOLAR,SHURIKEN,0,3,7,7,7,10,-3,3-4,0
AF059020626,HEADHUNTER,SHURIKEN,14,0,7,7,21,7,14,11-14,0
AF059020726,REGRET,FUSE,3,14,15,0,18,14,-11,11-14,1
AF059020926,GADGET,MERLIN,7,14,15,10,22,24,-7,5-7,0
AF059021026,MAVERICK,SHURIKEN,7,14,0,3,7,17,-7,5-7,0
AF059030526,NIGHTMARE,HEADHUNTER,14,0,0,0,14,0,14,11-14,0
AF059030626,AVATAR,LEGEND,7,21,0,0,7,21,-14,11-14,0
AF059030726,CLOCKWORK,MISSILE,3,7,21,7,24,14,-4,3-4,1
AF059030826,MIRAGE,PURSUIT,14,7,7,0,21,7,7,5-7,0
AF059040526,AVATAR,FENRIR,7,20,13,8,20,28,-13,11-14,0
AF059040626,MERCENARY,GADGET,7,7,0,6,7,13,0,level,0
AF059040726,NIGHTMARE,HEADHUNTER,7,0,3,7,10,7,7,5-7,0
AF059040826,MERLIN,KILLJOY,7,7,21,14,28,21,0,level,0
AF059040926,MERLIN,FENRIR,14,14,10,0,24,14,0,level,0
AF059050626,NIRVANA,SHURIKEN,7,14,14,3,21,17,-7,5-7,1
AF059050726,NIRVANA,SPARK,7,7,10,7,17,14,0,level,2
AF059050826,LIZARD,MERLIN,7,14,0,7,7,21,-7,5-7,0
AF059050926,REGRET,LIZARD,14,10,10,0,24,10,4,3-4,0
AF059060526,NIGHTMARE,MERCENARY,7,6,14,8,21,14,1,1-2,0
AF059060626,FENRIR,NIGHTMARE,14,14,17,7,31,21,0,level,0
AF059060726,MERLIN,FUSE,10,6,10,17,20,23,4,3-4,3
AF059060826,SPARK,MIRAGE,7,14,0,3,7,17,-7,5-7,0
AF059060926,FUSE,NIGHTMARE,10,3,7,6,17,9,7,5-7,0
AF059070626,HEADHUNTER,FENRIR,3,0,13,14,16,14,3,3-4,4
AF059070726,LIZARD,REGRET,14,7,10,7,24,14,7,5-7,0
AF059070926,MERLIN,NIGHTMARE,7,3,10,12,17,15,4,3-4,4
AF059080626,FENRIR,LIZARD,10,0,8,20,18,20,10,8-10,3
AF059080726,LIZARD,KILLJOY,0,14,7,3,7,17,-14,11-14,0
AF059080926,ENFORCER,ORIGINAL,7,7,0,10,7,17,0,level,0
AF059090626,SABRE,GADGET,14,21,7,3,21,24,-7,5-7,0
AF059090726,HEADHUNTER,MERLIN,7,17,8,7,15,24,-10,8-10,0
AF059090926,CLOCKWORK,DREAD,14,14,18,17,32,31,0,level,4
AF059100626,SPARK,REGRET,14,14,3,6,17,20,0,level,0
AF059100826,MERLIN,NIGHTMARE,0,17,14,0,14,17,-17,15+,0
AF059100926,LIZARD,GADGET,10,7,7,7,17,14,3,3-4,0
AF059110626,FUSE,KILLJOY,14,14,0,3,14,17,0,level,0
AF059110726,GADGET,REGRET,14,10,10,6,24,16,4,3-4,0
AF059110826,SPARK,REGRET,7,7,14,10,21,17,0,level,1
AF059110926,MERCURY,CLOCKWORK,7,0,7,19,14,19,7,5-7,1
AF059120626,REGRET,HEADHUNTER,17,24,10,0,27,24,-7,5-7,1
AF059120726,MINDFLAYER,MAVERICK,14,3,0,6,14,9,11,11-14,0
AF059120826,HEADHUNTER,NIGHTMARE,0,20,14,6,14,26,-20,15+,0
AF059120926,HEADHUNTER,REGRET,10,10,7,6,17,16,0,level,0
AF059130626,NIGHTMARE,FUSE,21,17,10,6,31,23,4,3-4,0
AF059130726,HEADHUNTER,MERLIN,21,17,14,21,35,38,4,3-4,1
AF059130826,SPARK,MIRAGE,21,7,0,7,21,14,14,11-14,0
AF059130926,NIGHTMARE,HEADHUNTER,7,14,14,10,21,24,-7,5-7,2
AF059140626,ORIGINAL,MERCURY,7,14,14,14,21,28,-7,5-7,0
AF059140726,SCHOLAR,REGRET,0,7,7,7,7,14,-7,5-7,0
AF059140826,MERLIN,FUSE,7,14,10,0,17,14,-7,5-7,1
AF059140926,PINNACLE,MEMENTO,14,0,13,12,27,12,14,11-14,0
AF059150626,NIGHTMARE,FENRIR,7,14,15,10,22,24,-7,5-7,2
AF059150726,FENRIR,LIZARD,14,10,7,21,21,31,4,3-4,3
AF059150826,HEADHUNTER,GADGET,10,7,11,7,21,14,3,3-4,2
AF059150926,MAVERICK,PRISMATIC,14,10,0,14,14,24,4,3-4,1
AF059160626,FUSE,FENRIR,7,14,7,3,14,17,-7,5-7,0
AF059160726,REGRET,HEADHUNTER,7,14,0,7,7,21,-7,5-7,0
AF059160826,MAVERICK,SPARK,7,14,18,0,25,14,-7,5-7,1
AF059160926,SHURIKEN,MIRAGE,14,3,0,0,14,3,11,11-14,0
AF059170626,FENRIR,NIGHTMARE,28,14,10,28,38,42,14,11-14,1
AF059170826,LEO,PRECISION,17,0,10,14,27,14,17,15+,0
AF059170926,HEADHUNTER,REGRET,7,7,8,13,15,20,0,level,2
AF059180526,SEEKER,MONSTER,3,7,7,0,10,7,-4,3-4,1
AF059180626,ORIGINAL,MAVERICK,14,10,0,7,14,17,4,3-4,1
AF059180726,FENRIR,FUSE,6,14,7,7,13,21,-8,8-10,0
AF059180826,MERLIN,GADGET,7,7,10,14,17,21,0,level,1
AF059180926,KILLJOY,MERLIN,14,10,7,14,21,24,4,3-4,3
AF059190526,SHURIKEN,SPARK,14,0,0,7,14,7,14,11-14,0
AF059190726,NIGHTMARE,LIZARD,14,16,0,7,14,23,-2,1-2,0
AF059190826,PRISMATIC,SPARK,14,7,3,7,17,14,7,5-7,0
AF059190926,KILLJOY,HEADHUNTER,14,10,3,0,17,10,4,3-4,0
AF059200526,FUSE,HEADHUNTER,10,7,7,3,17,10,3,3-4,0
AF059200726,REGRET,SPARK,14,13,0,11,14,24,1,1-2,1
AF059200826,GADGET,REGRET,10,7,7,3,17,10,3,3-4,0
AF059200926,FENRIR,HEADHUNTER,7,7,7,10,14,17,0,level,2
AF059210726,KILLJOY,GADGET,21,0,0,7,21,7,21,15+,0
AF059210826,SCHOLAR,REGRET,7,0,14,14,21,14,7,5-7,0
AF059210926,HEADHUNTER,REGRET,7,10,7,7,14,17,-3,3-4,0
AF059220726,FUSE,FENRIR,0,7,14,10,14,17,-7,5-7,0
AF059220826,FENRIR,GADGET,14,7,7,6,21,13,7,5-7,0
AF059230626,AVATAR,LEGEND,3,21,0,0,3,21,-18,15+,0
AF059230726,REGRET,GADGET,10,14,22,20,32,34,-4,3-4,4
AF059230926,NIRVANA,SCHOLAR,7,3,7,7,14,10,4,3-4,2
AF059240526,LIZARD,NIGHTMARE,10,3,7,20,17,23,7,5-7,1
AF059240626,NIGHTMARE,GADGET,21,17,7,14,28,31,4,3-4,3
AF059240826,FENRIR,FUSE,17,14,7,3,24,17,3,3-4,0
AF059240926,HEADHUNTER,GADGET,7,7,17,14,24,21,0,level,1
AF059250526,GADGET,NIGHTMARE,13,7,15,22,28,29,6,5-7,3
AF059250626,FUSE,GADGET,10,0,7,7,17,7,10,8-10,0
AF059250726,LYNX,METEOR,10,7,7,7,17,14,3,3-4,0
AF059250826,FUSE,GADGET,9,13,14,7,23,20,-4,3-4,3
AF059260526,PURSUIT,SHURIKEN,7,14,10,0,17,14,-7,5-7,1
AF059260626,HEADHUNTER,MERLIN,7,14,0,14,7,28,-7,5-7,0
AF059260726,LIZARD,NIGHTMARE,14,10,0,7,14,17,4,3-4,1
AF059260826,NIGHTMARE,LIZARD,21,10,10,6,31,16,11,11-14,0
AF059260926,MERLIN,NIGHTMARE,24,7,7,8,31,15,17,15+,0
AF059270426,SEEKER,MONSTER,17,14,0,7,17,21,3,3-4,1
AF059270526,FENRIR,KILLJOY,7,14,15,10,22,24,-7,5-7,2
AF059270626,LIZARD,GADGET,14,7,28,22,42,29,7,5-7,0
AF059270726,PURSUIT,SHURIKEN,10,7,7,3,17,10,3,3-4,0
AF059270826,FUSE,GADGET,7,14,7,3,14,17,-7,5-7,0
AF059280426,HEADHUNTER,SABRE,10,7,18,7,28,14,3,3-4,0
AF059280526,MERCENARY,REGRET,17,7,7,0,24,7,10,8-10,0
AF059280626,NIRVANA,MERCURY,7,3,7,7,14,10,4,3-4,2
AF059280726,MAVERICK,MIRAGE,21,10,7,0,28,10,11,11-14,0
AF059280826,PURSUIT,MAVERICK,3,14,7,10,10,24,-11,11-14,0
AF059290426,REGRET,HEADHUNTER,14,14,10,7,24,21,0,level,2
AF059290526,SHURIKEN,HEADHUNTER,0,17,7,3,7,20,-17,15+,0
AF059290626,HEADHUNTER,SABRE,7,10,7,0,14,10,-3,3-4,1
AF059290726,NIGHTMARE,LIZARD,7,14,0,6,7,20,-7,5-7,0
AF059290826,FUSE,MERLIN,0,14,10,7,10,21,-14,11-14,0
AF059290926,HEADHUNTER,NIGHTMARE,7,3,3,6,10,9,4,3-4,2
AF059300426,AVATAR,GADGET,3,14,13,10,16,24,-11,11-14,0
AF059300526,KILLJOY,NIGHTMARE,14,14,7,0,21,14,0,level,0
AF059300626,RICOCHET,MISSILE,10,21,0,7,10,28,-11,11-14,0
AF059300726,REGRET,GADGET,21,10,7,15,28,25,11,11-14,0
AF059300826,LIZARD,FENRIR,7,21,14,14,21,35,-14,11-14,0
AF059310526,FENRIR,NIGHTMARE,3,17,21,10,24,27,-14,11-14,0
AF059310726,FUSE,KILLJOY,7,10,3,7,10,17,-3,3-4,0
AF059310826,FUSE,GADGET,14,3,14,14,28,17,11,11-14,0
AF060010526,TOMBSTONE,PRISMATIC,7,7,14,0,21,7,0,level,0
AF060010626,ENFORCER,ORIGINAL,14,10,7,14,21,24,4,3-4,3
AF060010726,MINDFLAYER,SCHOLAR,14,0,7,11,21,11,14,11-14,0
AF060010826,MAVERICK,SCHOLAR,10,0,3,7,13,7,10,8-10,0
AF060010926,MERCURY,MISSILE,11,14,7,7,18,21,-3,3-4,2
AF060020526,AVATAR,NIGHTMARE,3,21,15,0,18,21,-18,15+,0
AF060020626,MINDFLAYER,MAVERICK,10,0,14,13,24,13,10,8-10,0
AF060020726,MIRAGE,MERCURY,7,10,10,0,17,10,-3,3-4,1
AF060020826,NIRVANA,PRISMATIC,7,17,2,3,9,20,-10,8-10,0
AF060020926,STEEL,ORIGINAL,0,21,7,0,7,21,-21,15+,0
AF060021026,MERCURY,ORIGINAL,17,0,7,7,24,7,17,15+,0
AF060030526,SCHOLAR,PRISMATIC,14,0,10,14,24,14,14,11-14,0
AF060030626,NEON,SEEKER,7,14,7,3,14,17,-7,5-7,0
AF060030726,KILLJOY,FENRIR,7,7,7,0,14,7,0,level,0
AF060030826,ORIGINAL,MISSILE,0,10,21,14,21,24,-10,8-10,0
AF060030926,MERLIN,HEADHUNTER,14,7,7,0,21,7,7,5-7,0
AF060040526,SHURIKEN,SPARK,7,14,7,3,14,17,-7,5-7,0
AF060040626,ORIGINAL,TOMBSTONE,7,7,7,0,14,7,0,level,0
AF060040726,GADGET,REGRET,15,14,0,3,15,17,1,1-2,1
AF060040826,MIRAGE,STEEL,14,14,7,10,21,24,0,level,0
AF060040926,MINDFLAYER,MERCURY,0,3,7,8,7,11,-3,3-4,2
AF060041026,MISSILE,MIRAGE,0,0,14,17,14,17,0,level,0
AF060050626,MERCURY,SCHOLAR,0,10,8,0,8,10,-10,8-10,0
AF060050726,PRISMATIC,STEEL,3,7,14,7,17,14,-4,3-4,3
AF060050826,RICOCHET,DREAD,7,21,15,3,22,24,-14,11-14,2
AF060050926,PURSUIT,SPARK,10,0,0,7,10,7,10,8-10,0
AF060051026,DON,MERCURY,7,7,7,20,14,27,0,level,0
AF060060526,SCHOLAR,TOMBSTONE,20,7,7,7,27,14,13,11-14,0
AF060060626,SPARK,SHURIKEN,0,7,8,7,8,14,-7,5-7,0
AF060060726,MIRAGE,SPARK,7,7,7,10,14,17,0,level,1
AF060060826,MINDFLAYER,ORIGINAL,7,14,0,6,7,20,-7,5-7,0
AF060060926,MISSILE,PRISMATIC,7,7,7,10,14,17,0,level,0
AF060061026,SCHOLAR,NIRVANA,7,14,17,7,24,21,-7,5-7,1
AF060070526,MINDFLAYER,STEEL,21,7,7,13,28,20,14,11-14,0
AF060070626,ORIGINAL,MIRAGE,14,7,7,0,21,7,7,5-7,0
AF060070726,SCHOLAR,MAVERICK,14,7,10,7,24,14,7,5-7,0
AF060070826,MAVERICK,PURSUIT,14,14,14,13,28,27,0,level,0
AF060070926,PURSUIT,SCHOLAR,7,7,7,10,14,17,0,level,0
AF060080626,SPARK,SHURIKEN,7,7,10,7,17,14,0,level,0
AF060080726,PRISMATIC,ENFORCER,14,7,3,7,17,14,7,5-7,0
AF060080826,GADGET,HEADHUNTER,21,22,18,14,39,36,-1,1-2,1
AF060080926,SPARK,GADGET,7,3,0,10,7,13,4,3-4,1
AF060090626,ORIGINAL,TOMBSTONE,10,0,7,7,17,7,10,8-10,0
AF060090726,STEEL,PRISMATIC,21,28,7,24,28,52,-7,5-7,0
AF060090826,NIRVANA,MAVERICK,7,7,10,7,17,14,0,level,0
AF060090926,NIGHTMARE,KILLJOY,14,7,10,15,24,22,7,5-7,0
AF060100826,SCHOLAR,STEEL,10,10,10,7,20,17,0,level,0
AF060100926,STEEL,ORIGINAL,21,0,0,7,21,7,21,15+,0
AF060110626,GADGET,REGRET,14,21,22,14,36,35,-7,5-7,1
AF060110726,FENRIR,LIZARD,21,0,6,0,27,0,21,15+,0
AF060110826,ORIGINAL,MISSILE,7,7,0,3,7,10,0,level,0
AF060120626,CLOCKWORK,DREAD,14,10,14,0,28,10,4,3-4,0
AF060120726,ORIGINAL,STEEL,17,7,7,14,24,21,10,8-10,0
AF060120826,ENFORCER,DREAD,14,14,0,3,14,17,0,level,0
AF060130626,MAVERICK,MISSILE,7,7,7,0,14,7,0,level,0
AF060130726,DREAD,MISSILE,0,6,0,3,0,9,-6,5-7,0
AF060130826,MINDFLAYER,SCHOLAR,0,14,0,10,0,24,-14,11-14,0
AF060130926,PRISMATIC,MIRAGE,14,21,8,7,22,28,-7,5-7,0
AF060140626,MISSILE,MIRAGE,10,0,3,7,13,7,10,8-10,0
AF060140726,TOMBSTONE,ENFORCER,0,7,3,0,3,7,-7,5-7,0
AF060140826,MERCURY,CLOCKWORK,3,3,10,7,13,10,0,level,1
AF060140926,JUDGEMENT,AVATAR,7,7,10,7,17,14,0,level,2
AF060150626,PURSUIT,SHURIKEN,7,0,21,10,28,10,7,5-7,0
AF060150726,NIRVANA,GADGET,14,14,14,17,28,31,0,level,0
AF060150826,FENRIR,FUSE,10,14,0,10,10,24,-4,3-4,0
AF060150926,STEEL,SCHOLAR,7,17,14,0,21,17,-10,8-10,1
AF060160626,SPARK,SHURIKEN,7,7,7,3,14,10,0,level,1
AF060160726,PRISMATIC,MIRAGE,7,7,10,7,17,14,0,level,0
AF060160826,MIRAGE,STEEL,14,10,3,10,17,20,4,3-4,1
AF060170626,TOMBSTONE,MERCURY,14,14,7,10,21,24,0,level,0
AF060170926,CLOCKWORK,ENFORCER,14,7,0,6,14,13,7,5-7,0
AF060180526,LEO,UNICORN,10,17,17,8,27,25,-7,5-7,3
AF060180626,MISSILE,STEEL,7,19,17,7,24,26,-12,11-14,0
AF060180726,SCHOLAR,PRISMATIC,17,0,10,0,27,0,17,15+,0
AF060180826,MERCURY,STEEL,7,7,20,14,27,21,0,level,4
AF060190826,ENFORCER,ORIGINAL,7,7,0,14,7,21,0,level,0
AF060200526,NIRVANA,SPARK,3,7,14,14,17,21,-4,3-4,4
AF060200726,MERCURY,ENFORCER,21,14,10,3,31,17,7,5-7,0
AF060200826,MIRAGE,STEEL,14,7,10,15,24,22,7,5-7,0
AF060200926,NIRVANA,MAVERICK,0,0,7,14,7,14,0,level,0
AF060210726,SCHOLAR,MERCURY,7,14,6,6,13,20,-7,5-7,0
AF060220626,DAME,MONSTER,7,21,7,7,14,28,-14,11-14,0
AF060220726,PURSUIT,SPARK,7,10,7,7,14,17,-3,3-4,0
AF060220826,SCHOLAR,MAVERICK,10,7,3,3,13,10,3,3-4,0
AF060220926,SHURIKEN,SPARK,7,10,7,7,14,17,-3,3-4,2
AF060230626,DAME,GENIUS,0,7,10,0,10,7,-7,5-7,1
AF060230726,STEEL,ORIGINAL,14,7,10,7,24,14,7,5-7,0
AF060230826,PURSUIT,MIRAGE,3,7,17,0,20,7,-4,3-4,1
AF060230926,ORIGINAL,MERCURY,7,14,0,3,7,17,-7,5-7,0
AF060240526,MAVERICK,PRISMATIC,7,14,0,7,7,21,-7,5-7,0
AF060240626,SPARK,CLOCKWORK,14,7,7,7,21,14,7,5-7,0
AF060240826,MIRAGE,SHURIKEN,7,14,0,7,7,21,-7,5-7,0
AF060240926,ENFORCER,ORIGINAL,3,13,14,7,17,20,-10,8-10,2
AF060250526,SHURIKEN,SPARK,7,7,7,6,14,13,0,level,0
AF060250726,SHARK,ACE,10,14,6,3,16,17,-4,3-4,0
AF060250826,SCHOLAR,SPARK,7,7,15,13,22,20,0,level,1
AF060250926,CLOCKWORK,MERCURY,7,7,7,6,14,13,0,level,0
AF060260526,MAVERICK,ENFORCER,7,0,3,13,10,13,7,5-7,1
AF060260626,NIRVANA,MERCURY,10,7,7,6,17,13,3,3-4,0
AF060260726,MINDFLAYER,MIRAGE,10,7,0,7,10,14,3,3-4,1
AF060260826,CLOCKWORK,RICOCHET,14,7,17,0,31,7,7,5-7,0
AF060260926,SCHOLAR,MAVERICK,3,7,7,14,10,21,-4,3-4,2
AF060270426,SHROUD,SPLINTER,10,7,14,8,24,15,3,3-4,0
AF060270526,SHURIKEN,NIRVANA,7,7,10,7,17,14,0,level,0
AF060270626,MIRAGE,PRISMATIC,14,7,3,7,17,14,7,5-7,0
AF060270726,FUSE,GADGET,14,0,3,14,17,14,14,11-14,0
AF060270826,SHURIKEN,SCHOLAR,10,7,14,14,24,21,3,3-4,2
AF060270926,ORIGINAL,SHURIKEN,0,0,8,7,8,7,0,level,1
AF060280426,REGRET,ENFORCER,7,0,10,0,17,0,7,5-7,0
AF060280526,MINDFLAYER,STEEL,3,7,7,7,10,14,-4,3-4,2
AF060280626,MISSILE,MIRAGE,0,14,7,6,7,20,-14,11-14,0
AF060280726,STEEL,MINDFLAYER,0,7,7,7,7,14,-7,5-7,0
AF060280826,MIRAGE,MERCURY,7,10,14,7,21,17,-3,3-4,3
AF060290426,PRISMATIC,ENFORCER,10,14,10,3,20,17,-4,3-4,1
AF060290526,ORIGINAL,SCHOLAR,14,8,3,7,17,15,6,5-7,2
AF060290626,SPARK,SCHOLAR,14,21,13,7,27,28,-7,5-7,0
AF060290726,HEADHUNTER,SPARK,7,21,0,6,7,27,-14,11-14,0
AF060290826,MERCURY,MINDFLAYER,7,7,3,0,10,7,0,level,0
AF060290926,DREAD,ORIGINAL,21,7,7,20,28,27,14,11-14,0
AF060300526,MINDFLAYER,MAVERICK,7,3,7,13,14,16,4,3-4,3
AF060300626,REGRET,PRISMATIC,7,3,8,16,15,19,4,3-4,3
AF060300726,MISSILE,DREAD,21,0,0,17,21,17,21,15+,0
AF060300826,SHURIKEN,STEEL,7,14,21,0,28,14,-7,5-7,1
AF060310526,MAVERICK,ORIGINAL,14,0,7,7,21,7,14,11-14,0
AF060310726,MERCURY,CLOCKWORK,21,0,0,7,21,7,21,15+,0
AF060310826,MIRAGE,ENFORCER,14,3,0,7,14,10,11,11-14,0
AF061010526,HEADHUNTER,SHURIKEN,7,7,10,9,17,16,0,level,1
AF061010626,FUSE,KILLJOY,7,17,14,10,21,27,-10,8-10,2
AF061010726,KILLJOY,NIGHTMARE,10,7,0,0,10,7,3,3-4,0
AF061010826,HEADHUNTER,SPARK,14,0,0,0,14,0,14,11-14,0
AF061011026,PRECISION,KEVLAR,7,14,17,3,24,17,-7,5-7,1
AF061020526,GADGET,SPARK,7,0,10,7,17,7,7,5-7,0
AF061020626,SHURIKEN,REGRET,7,7,14,3,21,10,0,level,0
AF061020726,HEADHUNTER,GADGET,7,10,10,14,17,24,-3,3-4,0
AF061020826,FENRIR,FUSE,10,7,7,14,17,21,3,3-4,3
AF061020926,NIGHTMARE,FENRIR,3,14,0,7,3,21,-11,11-14,0
AF061021026,LUNA,ROCKET,3,7,6,14,9,21,-4,3-4,0
AF061030526,FENRIR,SHURIKEN,3,10,7,3,10,13,-7,5-7,0
AF061030626,OCTANE,ROCKET,21,29,22,13,43,42,-8,8-10,3
AF061030726,CLOCKWORK,MERCURY,10,0,7,8,17,8,10,8-10,0
AF061030826,PRISMATIC,SPARK,7,14,14,10,21,24,-7,5-7,0
AF061030926,SHURIKEN,MIRAGE,17,0,6,21,23,21,17,15+,2
AF061031026,SUMMIT,GENIUS,10,14,0,10,10,24,-4,3-4,0
AF061040526,GADGET,REGRET,14,7,3,11,17,18,7,5-7,1
AF061040626,FUSE,HEADHUNTER,0,14,14,3,14,17,-14,11-14,0
AF061040726,FENRIR,LIZARD,22,10,21,7,43,17,12,11-14,0
AF061040826,FUSE,FENRIR,14,7,7,15,21,22,7,5-7,1
AF061040926,FUSE,FENRIR,7,7,3,7,10,14,0,level,1
AF061041026,LEO,OFFICER,7,14,7,7,14,21,-7,5-7,0
AF061050626,REGRET,HEADHUNTER,14,17,7,7,21,24,-3,3-4,2
AF061050726,MAVERICK,SPARK,7,0,14,11,21,11,7,5-7,0
AF061050826,NIGHTMARE,REGRET,14,6,3,8,17,14,8,8-10,0
AF061050926,HEADHUNTER,GADGET,14,6,10,15,24,21,8,8-10,0
AF061051026,FUSE,MERLIN,7,24,7,7,14,31,-17,15+,0
AF061060526,GADGET,SABRE,14,21,8,10,22,31,-7,5-7,0
AF061060626,LIZARD,KILLJOY,24,14,7,21,31,35,10,8-10,3
AF061060726,KILLJOY,NIGHTMARE,17,13,7,14,24,27,4,3-4,3
AF061060826,SCHOLAR,SHURIKEN,3,0,11,15,14,15,3,3-4,3
AF061060926,FUSE,HEADHUNTER,7,14,7,10,14,24,-7,5-7,0
AF061070526,REGRET,SABRE,14,0,3,0,17,0,14,11-14,0
AF061070626,NIGHTMARE,MERCENARY,21,3,3,7,24,10,18,15+,0
AF061070726,MERLIN,GADGET,14,7,7,7,21,14,7,5-7,0
AF061070826,RICOCHET,MISSILE,7,13,7,3,14,16,-6,5-7,2
AF061070926,KILLJOY,FUSE,10,7,0,7,10,14,3,3-4,1
AF061080726,NIGHTMARE,FENRIR,14,21,7,10,21,31,-7,5-7,0
AF061080926,STEEL,MINDFLAYER,10,21,13,7,23,28,-11,11-14,0
AF061090626,HEADHUNTER,SHURIKEN,14,14,7,0,21,14,0,level,0
AF061090726,LIZARD,FENRIR,21,35,7,14,28,49,-14,11-14,0
AF061090826,FENRIR,NIGHTMARE,7,14,6,7,13,21,-7,5-7,0
AF061100626,SABRE,NIRVANA,7,7,10,9,17,16,0,level,1
AF061100726,FUSE,FENRIR,3,10,0,3,3,13,-7,5-7,0
AF061100826,MERLIN,FUSE,7,14,15,7,22,21,-7,5-7,1
AF061110626,FENRIR,MERLIN,3,21,14,7,17,28,-18,15+,0
AF061110726,GADGET,SPARK,7,3,14,14,21,17,4,3-4,4
AF061110826,SHURIKEN,PURSUIT,3,17,0,7,3,24,-14,11-14,0
AF061110926,RICOCHET,DREAD,10,10,22,21,32,31,0,level,2
AF061120626,SHURIKEN,MERCENARY,0,14,0,0,0,14,-14,11-14,0
AF061120726,PRISMATIC,NIRVANA,21,14,3,7,24,21,7,5-7,0
AF061120826,GADGET,LIZARD,7,14,7,3,14,17,-7,5-7,0
AF061120926,ACE,ASTRONAUT,0,17,14,3,14,20,-17,15+,0
AF061130626,HEADHUNTER,FENRIR,12,7,7,15,19,22,5,5-7,1
AF061130726,FUSE,GADGET,7,10,7,6,14,16,-3,3-4,2
AF061130826,REGRET,SHURIKEN,10,3,7,7,17,10,7,5-7,0
AF061130926,LIZARD,HEADHUNTER,14,17,14,14,28,31,-3,3-4,4
AF061140626,MINDFLAYER,PRISMATIC,17,14,10,10,27,24,3,3-4,2
AF061140726,MAVERICK,MINDFLAYER,17,14,21,7,38,21,3,3-4,0
AF061140826,KILLJOY,FENRIR,7,0,7,6,14,6,7,5-7,0
AF061140926,LEGEND,MEMENTO,7,7,7,10,14,17,0,level,0
AF061150626,MERLIN,KILLJOY,7,7,7,0,14,7,0,level,0
AF061150726,KILLJOY,NIGHTMARE,14,0,0,3,14,3,14,11-14,0
AF061150826,REGRET,LIZARD,3,7,10,17,13,24,-4,3-4,0
AF061160626,GADGET,MERLIN,14,7,13,7,27,14,7,5-7,0
AF061160726,GADGET,SHURIKEN,0,14,24,13,24,27,-14,11-14,0
AF061160826,PRISMATIC,NIRVANA,14,14,20,23,34,37,0,level,0
AF061160926,MIRAGE,NIRVANA,14,7,7,8,21,15,7,5-7,0
AF061170626,KILLJOY,FUSE,21,14,7,0,28,14,7,5-7,0
AF061170826,SAGE,CRYSTAL,7,7,7,0,14,7,0,level,0
AF061170926,PRECISION,KEVLAR,14,14,14,13,28,27,0,level,0
AF061180526,KEVLAR,CLASH,14,3,7,7,21,10,11,11-14,0
AF061180626,SCHOLAR,MERCURY,10,3,10,8,20,11,7,5-7,0
AF061180726,MERLIN,KILLJOY,14,17,3,7,17,24,-3,3-4,0
AF061180826,FENRIR,FUSE,7,14,7,7,14,21,-7,5-7,0
AF061180926,LEGEND,MEMENTO,7,10,9,7,16,17,-3,3-4,0
AF061190526,HEADHUNTER,PURSUIT,13,0,8,0,21,0,13,11-14,0
AF061190726,FENRIR,HEADHUNTER,17,7,0,7,17,14,10,8-10,0
AF061190926,NIGHTMARE,FENRIR,14,14,7,10,21,24,0,level,0
AF061200526,KILLJOY,NIGHTMARE,7,7,3,14,10,21,0,level,1
AF061200726,GADGET,SPARK,10,7,7,7,17,14,3,3-4,0
AF061200926,NIGHTMARE,LIZARD,23,7,10,7,33,14,16,15+,0
AF061210726,MERLIN,FUSE,10,14,14,3,24,17,-4,3-4,1
AF061210926,ENFORCER,ORIGINAL,7,7,7,14,14,21,0,level,0
AF061220626,WARRIOR,SAGE,3,0,7,7,10,7,3,3-4,2
AF061220726,KILLJOY,NIGHTMARE,14,7,12,0,26,7,7,5-7,0
AF061220826,MERLIN,HEADHUNTER,7,7,10,0,17,7,0,level,0
AF061220926,STRIDER,OVERDRIVE,10,7,16,17,26,24,3,3-4,4
AF061230626,WARRIOR,SHARK,10,0,7,7,17,7,10,8-10,0
AF061230726,SHURIKEN,SPARK,7,10,7,14,14,24,-3,3-4,0
AF061240526,FENRIR,HEADHUNTER,14,14,17,0,31,14,0,level,0
AF061240826,MERLIN,NIGHTMARE,14,7,7,7,21,14,7,5-7,0
AF061240926,LEO,HERMES,10,7,11,7,21,14,3,3-4,0
AF061250526,FENRIR,KILLJOY,7,14,7,10,14,24,-7,5-7,0
AF061250626,FENRIR,HEADHUNTER,17,17,7,3,24,20,0,level,1
AF061250726,HERMES,LUNA,7,7,10,7,17,14,0,level,0
AF061250826,MERLIN,NIGHTMARE,17,14,10,0,27,14,3,3-4,0
AF061250926,PRECISION,MEMENTO,10,0,7,7,17,7,10,8-10,0
AF061260526,REGRET,SPARK,7,7,7,10,14,17,0,level,2
AF061260626,REGRET,LIZARD,14,7,3,21,17,28,7,5-7,1
AF061260726,FENRIR,MERLIN,10,6,20,22,30,28,4,3-4,4
AF061260826,HEADHUNTER,GADGET,3,10,6,7,9,17,-7,5-7,0
AF061260926,PATHFINDER,PRECISION,14,14,17,24,31,38,0,level,2
AF061270426,PRECISION,MEMENTO,7,0,7,17,14,17,7,5-7,1
AF061270526,NIGHTMARE,HEADHUNTER,3,0,17,17,20,17,3,3-4,4
AF061270626,KILLJOY,NIGHTMARE,17,14,7,0,24,14,3,3-4,0
AF061270726,SCHOLAR,SPARK,7,7,7,0,14,7,0,level,0
AF061270926,OFFICER,LEGEND,21,0,0,14,21,14,21,15+,0
AF061280426,AVATAR,GADGET,21,7,7,14,28,21,14,11-14,0
AF061280526,FUSE,HEADHUNTER,21,17,0,6,21,23,4,3-4,1
AF061280626,MAVERICK,PRISMATIC,7,21,21,0,28,21,-14,11-14,1
AF061280726,PRISMATIC,SCHOLAR,7,14,16,17,23,31,-7,5-7,0
AF061280826,SCHOLAR,REGRET,14,7,3,7,17,14,7,5-7,0
AF061280926,NIGHTMARE,FUSE,7,17,7,3,14,20,-10,8-10,0
AF061290526,REGRET,NIRVANA,14,14,8,7,22,21,0,level,1
AF061290626,FUSE,GADGET,10,21,32,20,42,41,-11,11-14,5
AF061290726,KILLJOY,NIGHTMARE,14,10,7,7,21,17,4,3-4,0
AF061290826,HEADHUNTER,FENRIR,14,21,21,13,35,34,-7,5-7,1
AF061290926,JUDGEMENT,PRECISION,14,7,14,14,28,21,7,5-7,0
AF061300426,MERCENARY,SABRE,13,7,6,15,19,22,6,5-7,3
AF061300526,GADGET,FENRIR,13,7,0,7,13,14,6,5-7,1
AF061300626,MERCURY,MIRAGE,10,0,3,7,13,7,10,8-10,0
AF061300726,GADGET,SHURIKEN,7,7,7,10,14,17,0,level,0
AF061300826,NIGHTMARE,MERLIN,21,3,3,7,24,10,18,15+,0
AF061300926,ACE,HERMES,0,17,10,10,10,27,-17,15+,0
AF061310526,MERCENARY,GADGET,7,10,10,8,17,18,-3,3-4,2
AF061310726,MERLIN,FENRIR,7,7,7,8,14,15,0,level,1
AF061310826,FENRIR,HEADHUNTER,14,0,10,15,24,15,14,11-14,0
AF062010526,MINDFLAYER,NIRVANA,14,0,0,6,14,6,14,11-14,0
AF062010626,RICOCHET,TOMBSTONE,7,21,9,3,16,24,-14,11-14,0
AF062010726,CLOCKWORK,ENFORCER,7,17,7,10,14,27,-10,8-10,0
AF062010826,SHURIKEN,MINDFLAYER,0,17,14,7,14,24,-17,15+,0
AF062010926,ENFORCER,DREAD,7,7,2,9,9,16,0,level,0
AF062011026,ASTRONAUT,SHROUD,0,7,9,0,9,7,-7,5-7,1
AF062020526,FENRIR,LIZARD,24,0,0,6,24,6,24,15+,0
AF062020626,MAVERICK,ENFORCER,17,0,7,3,24,3,17,15+,0
AF062020826,MINDFLAYER,SHURIKEN,7,14,9,21,16,35,-7,5-7,0
AF062020926,DREAD,ENFORCER,3,7,8,10,11,17,-4,3-4,0
AF062030526,TOMBSTONE,MINDFLAYER,7,7,7,0,14,7,0,level,0
AF062030626,SHROUD,LYNX,0,0,7,8,7,8,0,level,1
AF062030726,MERLIN,FUSE,21,7,14,0,35,7,14,11-14,0
AF062030826,DREAD,MERCURY,7,10,21,6,28,16,-3,3-4,1
AF062040526,SCHOLAR,ENFORCER,0,21,13,3,13,24,-21,15+,0
AF062040626,SCHOLAR,STEEL,21,7,3,14,24,21,14,11-14,0
AF062040826,MERCURY,MINDFLAYER,21,21,7,14,28,35,0,level,0
AF062040926,RICOCHET,CLOCKWORK,7,10,7,0,14,10,-3,3-4,1
AF062050626,PRISMATIC,MAVERICK,21,0,7,13,28,13,21,15+,0
AF062050726,TOMBSTONE,MIRAGE,7,7,14,7,21,14,0,level,0
AF062050826,TOMBSTONE,ENFORCER,7,7,0,7,7,14,0,level,0
AF062050926,SHURIKEN,SCHOLAR,14,3,14,14,28,17,11,11-14,0
AF062051026,ENFORCER,MERCURY,3,7,0,14,3,21,-4,3-4,0
AF062060526,MINDFLAYER,NIRVANA,14,14,7,14,21,28,0,level,0
AF062060626,REGRET,GADGET,7,14,28,7,35,21,-7,5-7,1
AF062060726,PRISMATIC,SCHOLAR,7,21,7,3,14,24,-14,11-14,0
AF062060826,ENFORCER,STEEL,7,0,15,28,22,28,7,5-7,1
AF062060926,MIRAGE,STEEL,0,14,10,10,10,24,-14,11-14,0
AF062070526,SPARK,ENFORCER,10,0,7,8,17,8,10,8-10,0
AF062070626,PRISMATIC,MAVERICK,7,7,10,7,17,14,0,level,0
AF062070726,SPARK,ENFORCER,14,14,7,10,21,24,0,level,0
AF062070826,REGRET,NIRVANA,0,7,7,3,7,10,-7,5-7,0
AF062070926,PRISMATIC,MIRAGE,0,10,10,7,10,17,-10,8-10,0
AF062080726,STEEL,SCHOLAR,0,10,13,5,13,15,-10,8-10,0
AF062080826,LIZARD,NIGHTMARE,0,7,10,0,10,7,-7,5-7,1
AF062080926,REGRET,MAVERICK,14,14,10,7,24,21,0,level,0
AF062090626,RICOCHET,PRISMATIC,7,21,6,7,13,28,-14,11-14,0
AF062090726,TOMBSTONE,MIRAGE,7,16,10,7,17,23,-9,8-10,0
AF062090826,SHURIKEN,MIRAGE,7,7,13,21,20,28,0,level,0
AF062090926,MERLIN,FUSE,7,17,10,7,17,24,-10,8-10,0
AF062100626,MAVERICK,MERCURY,10,3,7,0,17,3,7,5-7,0
AF062100826,SCHOLAR,MAVERICK,17,14,21,15,38,29,3,3-4,0
AF062100926,MINDFLAYER,MERCURY,10,7,7,7,17,14,3,3-4,2
AF062110626,SPARK,SCHOLAR,14,3,5,6,19,9,11,11-14,0
AF062110726,NIGHTMARE,HEADHUNTER,3,0,7,7,10,7,3,3-4,2
AF062110826,DREAD,MERCURY,0,6,15,6,15,12,-6,5-7,3
AF062110926,PURSUIT,SCHOLAR,0,0,17,10,17,10,0,level,2
AF062120626,ORIGINAL,TOMBSTONE,7,14,14,10,21,24,-7,5-7,0
AF062120726,TOMBSTONE,MISSILE,7,7,15,14,22,21,0,level,3
AF062120826,RICOCHET,CLOCKWORK,7,14,7,7,14,21,-7,5-7,0
AF062130626,MERCURY,SCHOLAR,0,14,6,0,6,14,-14,11-14,0
AF062130726,MERCURY,RICOCHET,21,7,7,10,28,17,14,11-14,0
AF062130826,STEEL,ORIGINAL,21,0,7,0,28,0,21,15+,0
AF062130926,SHURIKEN,MIRAGE,0,21,7,7,7,28,-21,15+,0
AF062140726,STEEL,MIRAGE,14,0,7,7,21,7,14,11-14,0
AF062140826,RICOCHET,DREAD,14,7,10,7,24,14,7,5-7,0
AF062140926,HERMES,AVATAR,7,3,14,14,21,17,4,3-4,4
AF062150626,MERCURY,SPARK,14,7,17,22,31,29,7,5-7,2
AF062150726,REGRET,MINDFLAYER,3,7,7,7,10,14,-4,3-4,2
AF062150826,KILLJOY,NIGHTMARE,17,14,28,32,45,46,3,3-4,3
AF062150926,KRAKEN,ASTRONAUT,7,0,7,17,14,17,7,5-7,3
AF062160626,SCHOLAR,ENFORCER,6,7,8,10,14,17,-1,1-2,0
AF062160726,MERCURY,ORIGINAL,7,7,7,3,14,10,0,level,1
AF062160826,ORIGINAL,SHURIKEN,7,7,7,0,14,7,0,level,0
AF062170626,CLOCKWORK,PRISMATIC,10,21,0,7,10,28,-11,11-14,0
AF062170726,RICOCHET,DREAD,7,7,13,8,20,15,0,level,0
AF062170826,PRECISION,CLASH,14,7,7,0,21,7,7,5-7,0
AF062170926,ASTRONAUT,ACE,14,3,3,0,17,3,11,11-14,0
AF062180526,GENIUS,NEON,7,10,7,10,14,20,-3,3-4,2
AF062180626,DREAD,ENFORCER,7,14,0,10,7,24,-7,5-7,0
AF062180726,ORIGINAL,STEEL,7,14,7,7,14,21,-7,5-7,0
AF062180826,ENFORCER,DREAD,3,14,7,21,10,35,-11,11-14,0
AF062190526,MAVERICK,ENFORCER,17,3,7,0,24,3,14,11-14,0
AF062190726,MAVERICK,MINDFLAYER,14,0,21,22,35,22,14,11-14,0
AF062190826,STEEL,MIRAGE,14,17,14,7,28,24,-3,3-4,3
AF062190926,PURSUIT,ORIGINAL,17,0,7,14,24,14,17,15+,0
AF062200526,SHURIKEN,REGRET,7,7,10,8,17,15,0,level,2
AF062200726,STEEL,ENFORCER,14,21,10,0,24,21,-7,5-7,1
AF062200926,SHURIKEN,SPARK,0,7,15,14,15,21,-7,5-7,0
AF062210726,MINDFLAYER,PRISMATIC,14,0,0,8,14,8,14,11-14,0
AF062210826,ORIGINAL,MERCURY,14,3,7,10,21,13,11,11-14,0
AF062210926,MERCURY,ENFORCER,14,10,10,6,24,16,4,3-4,0
AF062220626,SENTRY,LEGEND,17,7,14,10,31,17,10,8-10,0
AF062220726,REGRET,NIRVANA,21,7,3,8,24,15,14,11-14,0
AF062220826,SHURIKEN,PRISMATIC,10,14,8,3,18,17,-4,3-4,1
AF062220926,ACE,OVERDRIVE,17,10,0,10,17,20,7,5-7,1
AF062230626,SENTRY,PRECISION,14,3,7,20,21,23,11,11-14,3
AF062230726,RICOCHET,ENFORCER,7,7,3,14,10,21,0,level,0
AF062230826,MISSILE,RICOCHET,7,10,10,3,17,13,-3,3-4,1
AF062230926,ENFORCER,MINDFLAYER,14,14,9,7,23,21,0,level,2
AF062240526,RICOCHET,ORIGINAL,14,21,10,7,24,28,-7,5-7,2
AF062240626,ENFORCER,MERCURY,10,0,7,10,17,10,10,8-10,0
AF062240826,MINDFLAYER,MERCURY,0,14,7,7,7,21,-14,11-14,0
AF062240926,LUNA,ROCKET,7,10,14,8,21,18,-3,3-4,1
AF062250526,PRISMATIC,ENFORCER,14,3,14,3,28,6,11,11-14,0
AF062250626,ORIGINAL,ENFORCER,7,0,6,7,13,7,7,5-7,0
AF062250726,OFFICER,PATHFINDER,14,7,14,6,28,13,7,5-7,0
AF062250826,MAVERICK,PRISMATIC,21,21,10,14,31,35,0,level,3
AF062250926,LUNA,SHROUD,14,7,7,0,21,7,7,5-7,0
AF062260526,SCHOLAR,MINDFLAYER,3,7,9,7,12,14,-4,3-4,0
AF062260626,MISSILE,CLOCKWORK,0,13,14,15,14,28,-13,11-14,0
AF062260826,DREAD,ENFORCER,28,7,14,14,42,21,21,15+,0
AF062260926,OVERDRIVE,ASTRONAUT,0,6,14,10,14,16,-6,5-7,4
AF062270426,NEON,UNICORN,0,10,7,0,7,10,-10,8-10,0
AF062270526,RICOCHET,ENFORCER,14,17,0,7,14,24,-3,3-4,0
AF062270726,GADGET,HEADHUNTER,3,7,7,7,10,14,-4,3-4,2
AF062270826,PRISMATIC,SPARK,14,14,0,3,14,17,0,level,0
AF062270926,DON,ROMAN,14,17,10,10,24,27,-3,3-4,0
AF062280426,SPARK,PURSUIT,7,11,7,13,14,24,-4,3-4,0
AF062280526,TOMBSTONE,ENFORCER,0,3,0,14,0,17,-3,3-4,0
AF062280726,ENFORCER,MERCURY,10,7,7,7,17,14,3,3-4,2
AF062280826,RICOCHET,CLOCKWORK,6,10,15,7,21,17,-4,3-4,1
AF062290426,SHURIKEN,NIRVANA,7,7,14,8,21,15,0,level,0
AF062290526,MAVERICK,TOMBSTONE,7,0,7,7,14,7,7,5-7,0
AF062290626,MERCURY,ENFORCER,21,14,0,10,21,24,7,5-7,1
AF062290726,SHURIKEN,PURSUIT,7,3,0,7,7,10,4,3-4,1
AF062290826,MISSILE,STEEL,7,0,10,14,17,14,7,5-7,0
AF062290926,LUNA,RELIC,7,7,7,17,14,24,0,level,0
AF062300526,SCHOLAR,REGRET,14,7,7,15,21,22,7,5-7,1
AF062300626,REGRET,GADGET,7,10,7,3,14,13,-3,3-4,1
AF062300726,ORIGINAL,RICOCHET,7,14,10,0,17,14,-7,5-7,1
AF062300826,MISSILE,ORIGINAL,14,14,10,3,24,17,0,level,1
AF062300926,LUNA,STRIDER,17,0,0,14,17,14,17,15+,0
AF062310526,RICOCHET,NIRVANA,7,6,6,9,13,15,1,1-2,3
AF062310726,RICOCHET,MISSILE,7,24,0,3,7,27,-17,15+,0
AF062310826,DREAD,RICOCHET,14,7,9,6,23,13,7,5-7,0
AF063010526,HEADHUNTER,AVATAR,7,13,10,3,17,16,-6,5-7,1
AF063010726,KILLJOY,LIZARD,14,0,0,7,14,7,14,11-14,0
AF063010826,HEADHUNTER,PRISMATIC,17,14,6,7,23,21,3,3-4,2
AF063011026,HERMES,SABRE,7,7,7,17,14,24,0,level,0
AF063020526,SHURIKEN,SCHOLAR,3,3,10,8,13,11,0,level,2
AF063020626,HEADHUNTER,GADGET,10,7,7,14,17,21,3,3-4,1
AF063020726,GADGET,FUSE,7,21,0,7,7,28,-14,11-14,0
AF063020826,FENRIR,NIGHTMARE,14,0,7,14,21,14,14,11-14,0
AF063020926,NIGHTMARE,MERLIN,10,14,0,14,10,28,-4,3-4,0
AF063021026,HURRICANE,RELIC,7,10,14,7,21,17,-3,3-4,3
AF063030526,SHURIKEN,HEADHUNTER,7,7,0,10,7,17,0,level,0
AF063030626,GENIUS,SENTINEL,3,7,17,6,20,13,-4,3-4,1
AF063030726,MISSILE,MERCURY,7,7,3,0,10,7,0,level,0
AF063030926,PRISMATIC,SCHOLAR,3,3,7,10,10,13,0,level,0
AF063031026,GENIUS,MIMIC,17,7,14,7,31,14,10,8-10,0
AF063040526,GADGET,FENRIR,7,14,0,7,7,21,-7,5-7,0
AF063040626,FUSE,GADGET,14,7,21,7,35,14,7,5-7,0
AF063040726,FENRIR,HEADHUNTER,7,3,14,0,21,3,4,3-4,0
AF063040826,FUSE,KILLJOY,10,0,3,0,13,0,10,8-10,0
AF063040926,FUSE,MERLIN,7,21,0,14,7,35,-14,11-14,0
AF063041026,HERMES,MEMENTO,14,14,15,14,29,28,0,level,1
AF063050626,REGRET,SHURIKEN,24,7,3,6,27,13,17,15+,0
AF063050726,MAVERICK,REGRET,7,7,14,12,21,19,0,level,0
AF063050826,NIGHTMARE,MERLIN,10,3,7,17,17,20,7,5-7,3
AF063050926,HEADHUNTER,LIZARD,10,0,10,11,20,11,10,8-10,0
AF063060526,SABRE,MERCENARY,3,14,6,10,9,24,-11,11-14,0
AF063060626,KILLJOY,NIGHTMARE,10,7,3,3,13,10,3,3-4,0
AF063060726,KILLJOY,FUSE,0,17,17,15,17,32,-17,15+,0
AF063060826,MIRAGE,SPARK,7,7,7,10,14,17,0,level,1
AF063060926,HEADHUNTER,NIGHTMARE,0,0,14,10,14,10,0,level,3
AF063061026,MERLIN,KILLJOY,10,7,7,14,17,21,3,3-4,3
AF063070526,HEADHUNTER,GADGET,7,10,14,7,21,17,-3,3-4,1
AF063070626,NIGHTMARE,FENRIR,7,14,7,3,14,17,-7,5-7,0
AF063070726,MERLIN,REGRET,10,10,3,0,13,10,0,level,0
AF063070926,KILLJOY,NIGHTMARE,7,10,17,11,24,21,-3,3-4,3
AF063080726,NIGHTMARE,KILLJOY,24,21,14,14,38,35,3,3-4,2
AF063080826,FENRIR,KILLJOY,7,17,6,3,13,20,-10,8-10,0
AF063080926,ORIGINAL,ENFORCER,10,0,0,7,10,7,10,8-10,0
AF063090626,HEADHUNTER,GADGET,7,7,17,14,24,21,0,level,4
AF063090726,LIZARD,MERLIN,0,28,0,0,0,28,-28,15+,0
AF063090826,FENRIR,HEADHUNTER,17,7,3,7,20,14,10,8-10,0
AF063090926,DREAD,CLOCKWORK,14,14,0,17,14,31,0,level,0
AF063100626,SABRE,REGRET,7,3,0,3,7,6,4,3-4,0
AF063100726,FENRIR,FUSE,7,10,0,10,7,20,-3,3-4,0
AF063100826,FENRIR,NIGHTMARE,14,17,7,10,21,27,-3,3-4,2
AF063100926,HEADHUNTER,GADGET,7,7,0,3,7,10,0,level,0
AF063110626,FENRIR,KILLJOY,2,7,6,3,8,10,-5,5-7,0
AF063110726,SHURIKEN,REGRET,7,7,3,0,10,7,0,level,0
AF063110826,SHURIKEN,REGRET,0,3,3,3,3,6,-3,3-4,0
AF063110926,RICOCHET,CLOCKWORK,10,10,17,14,27,24,0,level,0
AF063120626,SHURIKEN,HEADHUNTER,10,7,0,10,10,17,3,3-4,1
AF063120726,PRISMATIC,MAVERICK,7,3,10,0,17,3,4,3-4,0
AF063120826,NIGHTMARE,HEADHUNTER,7,0,10,14,17,14,7,5-7,0
AF063120926,SHROUD,OVERDRIVE,14,14,7,10,21,24,0,level,0
AF063130626,FUSE,NIGHTMARE,14,10,7,8,21,18,4,3-4,0
AF063130726,FUSE,MERLIN,14,14,7,10,21,24,0,level,0
AF063130826,REGRET,MIRAGE,17,14,3,3,20,17,3,3-4,0
AF063140626,MINDFLAYER,MERCURY,10,10,10,8,20,18,0,level,2
AF063140726,MAVERICK,REGRET,7,17,7,3,14,20,-10,8-10,0
AF063140826,KILLJOY,FUSE,14,14,10,16,24,30,0,level,0
AF063150626,MERLIN,FENRIR,24,14,0,0,24,14,10,8-10,0
AF063150726,ASTRONAUT,KATANA,3,0,7,7,10,7,3,3-4,2
AF063150826,GADGET,HEADHUNTER,21,6,9,8,30,14,15,15+,0
AF063150926,LYNX,JUDGEMENT,14,0,10,8,24,8,14,11-14,0
AF063160626,GADGET,FENRIR,0,22,7,7,7,29,-22,15+,0
AF063160726,GADGET,HEADHUNTER,7,10,7,7,14,17,-3,3-4,2
AF063160826,SPARK,MAVERICK,3,0,7,8,10,8,3,3-4,0
AF063170626,KILLJOY,NIGHTMARE,21,14,10,7,31,21,7,5-7,0
AF063170826,IMPERIAL,UNICORN,0,14,11,7,11,21,-14,11-14,0
AF063170926,HERMES,AVATAR,7,7,14,15,21,22,0,level,1
AF063180626,SCHOLAR,MAVERICK,3,7,0,14,3,21,-4,3-4,0
AF063180726,MERLIN,FUSE,21,10,10,15,31,25,11,11-14,0
AF063180826,FENRIR,GADGET,10,3,7,7,17,10,7,5-7,0
AF063180926,LYNX,HERMES,3,0,0,7,3,7,3,3-4,1
AF063190526,HEADHUNTER,SPARK,3,0,7,0,10,0,3,3-4,0
AF063190726,FENRIR,LIZARD,7,10,3,7,10,17,-3,3-4,0
AF063190826,NIRVANA,SPARK,7,7,10,0,17,7,0,level,0
AF063200526,KILLJOY,HEADHUNTER,7,0,10,14,17,14,7,5-7,0
AF063200726,SHURIKEN,REGRET,7,24,0,7,7,31,-17,15+,0
AF063200826,LIZARD,REGRET,3,7,11,10,14,17,-4,3-4,0
AF063210726,MERLIN,GADGET,21,7,3,7,24,14,14,11-14,0
AF063210826,PRISMATIC,REGRET,14,21,7,13,21,34,-7,5-7,0
AF063210926,ORIGINAL,MERCURY,17,3,7,7,24,10,14,11-14,0
AF063220626,MONSTER,GENIUS,21,14,0,10,21,24,7,5-7,1
AF063220726,KILLJOY,FENRIR,7,28,8,0,15,28,-21,15+,0
AF063220826,MERLIN,GADGET,24,3,0,7,24,10,21,15+,0
AF063220926,OVERDRIVE,ACE,15,24,7,8,22,32,-9,8-10,0
AF063230626,MONSTER,KRAKEN,7,17,7,0,14,17,-10,8-10,0
AF063230726,SHURIKEN,GADGET,0,7,3,0,3,7,-7,5-7,0
AF063230926,SHURIKEN,MAVERICK,7,14,13,17,20,31,-7,5-7,0
AF063240526,FENRIR,NIGHTMARE,17,14,11,21,28,35,3,3-4,1
AF063240826,MERLIN,FUSE,14,21,7,3,21,24,-7,5-7,0
AF063240926,KEVLAR,LEGEND,0,14,7,6,7,20,-14,11-14,0
AF063250526,FENRIR,NIGHTMARE,7,14,13,7,20,21,-7,5-7,0
AF063250626,FENRIR,GADGET,17,14,0,0,17,14,3,3-4,0
AF063250726,DAME,WARRIOR,0,3,7,6,7,9,-3,3-4,2
AF063250826,MERLIN,GADGET,14,0,3,0,17,0,14,11-14,0
AF063250926,PATHFINDER,HERMES,7,7,14,7,21,14,0,level,0
AF063260526,REGRET,SHURIKEN,21,0,7,22,28,22,21,15+,0
AF063260626,MERLIN,HEADHUNTER,6,7,3,0,9,7,-1,1-2,1
AF063260726,FENRIR,NIGHTMARE,10,7,3,3,13,10,3,3-4,0
AF063260826,HEADHUNTER,LIZARD,7,10,7,7,14,17,-3,3-4,2
AF063260926,HERMES,ACE,7,14,0,10,7,24,-7,5-7,0
AF063270626,KILLJOY,GADGET,7,0,7,7,14,7,7,5-7,0
AF063270726,SPARK,SHURIKEN,0,7,10,14,10,21,-7,5-7,0
AF063270926,PRECISION,MEMENTO,13,7,6,14,19,21,6,5-7,3
AF063280426,SABRE,HEADHUNTER,7,21,36,21,43,42,-14,11-14,1
AF063280626,MAVERICK,MERCURY,7,3,14,6,21,9,4,3-4,0
AF063280726,PRISMATIC,MIRAGE,14,24,14,7,28,31,-10,8-10,0
AF063280826,SCHOLAR,MAVERICK,3,7,7,7,10,14,-4,3-4,2
AF063290426,HEADHUNTER,GADGET,14,17,7,7,21,24,-3,3-4,2
AF063290526,HEADHUNTER,SHURIKEN,14,7,12,6,26,13,7,5-7,0
AF063290626,FUSE,SABRE,14,14,21,20,35,34,0,level,0
AF063290726,KILLJOY,LIZARD,7,0,21,7,28,7,7,5-7,0
AF063290826,HEADHUNTER,MERLIN,0,14,11,7,11,21,-14,11-14,0
AF063290926,MEMENTO,LEGEND,10,3,7,28,17,31,7,5-7,1
AF063300426,MERCENARY,GADGET,3,10,17,7,20,17,-7,5-7,1
AF063300526,FENRIR,NIGHTMARE,10,7,3,3,13,10,3,3-4,0
AF063300626,MERCURY,MISSILE,7,0,10,14,17,14,7,5-7,0
AF063300726,HEADHUNTER,GADGET,14,10,13,14,27,24,4,3-4,0
AF063300826,NIGHTMARE,FENRIR,24,7,7,6,31,13,17,15+,0
AF063300926,OVERDRIVE,SABRE,3,7,9,7,12,14,-4,3-4,0
AF063310526,NIGHTMARE,FENRIR,14,7,10,0,24,7,7,5-7,0
AF063310726,MERLIN,KILLJOY,14,10,0,14,14,24,4,3-4,1
AF063310826,FENRIR,GADGET,0,7,14,10,14,17,-7,5-7,0
AF064010526,MINDFLAYER,PRISMATIC,21,7,3,0,24,7,14,11-14,0
AF064010626,RICOCHET,ORIGINAL,14,7,7,0,21,7,7,5-7,0
AF064010726,CLOCKWORK,SCHOLAR,0,14,3,6,3,20,-14,11-14,0
AF064010826,SHURIKEN,SCHOLAR,14,17,14,14,28,31,-3,3-4,0
AF064010926,ENFORCER,MISSILE,17,17,7,10,24,27,0,level,0
AF064011026,ACE,OVERDRIVE,7,7,0,7,7,14,0,level,0
AF064020526,LIZARD,NIGHTMARE,3,7,9,10,12,17,-4,3-4,0
AF064020626,MINDFLAYER,SCHOLAR,0,7,0,17,0,24,-7,5-7,0
AF064020826,MINDFLAYER,PRISMATIC,0,14,7,10,7,24,-14,11-14,0
AF064020926,DREAD,ORIGINAL,7,0,7,7,14,7,7,5-7,0
AF064021026,GENIUS,MIMIC,0,14,10,0,10,14,-14,11-14,0
AF064030526,TOMBSTONE,PRISMATIC,7,0,16,7,23,7,7,5-7,0
AF064030626,PHOENIX,SAGE,7,0,0,0,7,0,7,5-7,0
AF064030726,FUSE,FENRIR,0,10,9,7,9,17,-10,8-10,0
AF064030826,DREAD,MISSILE,0,10,0,7,0,17,-10,8-10,0
AF064030926,LIZARD,FENRIR,17,14,10,0,27,14,3,3-4,0
AF064040526,SCHOLAR,SPARK,0,10,10,3,10,13,-10,8-10,0
AF064040626,SCHOLAR,TOMBSTONE,10,0,7,0,17,0,10,8-10,0
AF064040826,MERCURY,STEEL,0,21,7,7,7,28,-21,15+,0
AF064040926,RICOCHET,MERCURY,3,7,0,7,3,14,-4,3-4,0
AF064041026,OVERDRIVE,HURRICANE,3,7,9,6,12,13,-4,3-4,2
AF064050626,PRISMATIC,SCHOLAR,14,7,15,15,29,22,7,5-7,2
AF064050726,TOMBSTONE,STEEL,9,14,17,7,26,21,-5,5-7,1
AF064050926,SHURIKEN,SPARK,3,3,7,0,10,3,0,level,0
AF064060526,NIRVANA,TOMBSTONE,0,10,14,7,14,17,-10,8-10,2
AF064060626,GADGET,SHURIKEN,14,7,10,7,24,14,7,5-7,0
AF064060726,PRISMATIC,SPARK,14,10,7,0,21,10,4,3-4,0
AF064060826,ORIGINAL,MINDFLAYER,0,7,13,7,13,14,-7,5-7,0
AF064060926,STEEL,PRISMATIC,14,7,21,0,35,7,7,5-7,0
AF064070526,STEEL,MINDFLAYER,17,14,21,7,38,21,3,3-4,2
AF064070626,PRISMATIC,MIRAGE,14,7,17,21,31,28,7,5-7,0
AF064070726,SPARK,MAVERICK,16,0,7,7,23,7,16,15+,0
AF064070826,NIRVANA,PURSUIT,14,14,7,6,21,20,0,level,0
AF064070926,PRISMATIC,SCHOLAR,7,10,7,3,14,13,-3,3-4,1
AF064080626,GADGET,SHURIKEN,7,0,21,13,28,13,7,5-7,0
AF064080726,STEEL,ENFORCER,14,0,7,7,21,7,14,11-14,0
AF064080826,LIZARD,HEADHUNTER,0,28,7,0,7,28,-28,15+,0
AF064080926,MAVERICK,GADGET,7,3,21,0,28,3,4,3-4,0
AF064090626,RICOCHET,TOMBSTONE,14,14,0,3,14,17,0,level,0
AF064090726,TOMBSTONE,PRISMATIC,24,7,7,16,31,23,17,15+,0
AF064090826,SHURIKEN,MAVERICK,7,10,0,0,7,10,-3,3-4,0
AF064090926,FUSE,KILLJOY,10,3,3,7,13,10,7,5-7,0
AF064100626,MAVERICK,CLOCKWORK,7,7,7,0,14,7,0,level,0
AF064100826,MIRAGE,STEEL,10,3,7,7,17,10,7,5-7,0
AF064100926,MINDFLAYER,ORIGINAL,10,14,10,3,20,17,-4,3-4,1
AF064110626,SPARK,GADGET,10,7,7,7,17,14,3,3-4,0
AF064110726,LIZARD,HEADHUNTER,6,7,0,17,6,24,-1,1-2,0
AF064110826,DREAD,MISSILE,14,13,0,14,14,27,1,1-2,1
AF064110926,MISSILE,SHURIKEN,10,6,10,6,20,12,4,3-4,0
AF064120626,ORIGINAL,DREAD,14,0,0,0,14,0,14,11-14,0
AF064120726,TOMBSTONE,STEEL,21,7,14,12,35,19,14,11-14,0
AF064120826,DREAD,ENFORCER,7,7,7,10,14,17,0,level,0
AF064120926,PHOENIX,KRAKEN,14,3,14,7,28,10,11,11-14,0
AF064130626,MISSILE,MAVERICK,7,7,7,0,14,7,0,level,0
AF064130726,MERCURY,MISSILE,7,10,0,3,7,13,-3,3-4,0
AF064130826,STEEL,SCHOLAR,14,10,0,18,14,28,4,3-4,1
AF064140626,TOMBSTONE,MIRAGE,10,14,8,7,18,21,-4,3-4,0
AF064140726,STEEL,ENFORCER,14,3,9,21,23,24,11,11-14,1
AF064140826,RICOCHET,CLOCKWORK,14,3,10,0,24,3,11,11-14,0
AF064140926,HERMES,JUDGEMENT,14,14,10,7,24,21,0,level,0
AF064150626,MERCURY,SHURIKEN,14,7,10,7,24,14,7,5-7,0
AF064150726,ASTRONAUT,OCTANE,17,23,21,16,38,39,-6,5-7,2
AF064150826,NIGHTMARE,FUSE,7,7,7,10,14,17,0,level,0
AF064150926,SHROUD,HURRICANE,0,7,7,8,7,15,-7,5-7,0
AF064160626,SCHOLAR,SHURIKEN,7,7,7,6,14,13,0,level,0
AF064160726,MERCURY,MIRAGE,3,7,7,14,10,21,-4,3-4,2
AF064160826,STEEL,MIRAGE,21,7,6,7,27,14,14,11-14,0
AF064160926,KILLJOY,FUSE,7,7,17,10,24,17,0,level,2
AF064170626,CLOCKWORK,MERCURY,7,0,0,13,7,13,7,5-7,1
AF064170726,RICOCHET,CLOCKWORK,3,21,21,13,24,34,-18,15+,0
AF064170826,CRYSTAL,KATANA,10,7,7,7,17,14,3,3-4,2
AF064170926,SAGE,LUNA,10,7,7,0,17,7,3,3-4,0
AF064180526,CLASH,AVATAR,7,14,7,7,14,21,-7,5-7,0
AF064180626,DREAD,STEEL,7,24,7,14,14,38,-17,15+,0
AF064180726,ORIGINAL,PRISMATIC,7,7,7,10,14,17,0,level,2
AF064180926,LUNA,PHOENIX,7,6,15,6,22,12,1,1-2,2
AF064190826,STEEL,ORIGINAL,21,0,7,7,28,7,21,15+,0
AF064200526,SHURIKEN,SPARK,7,14,16,7,23,21,-7,5-7,1
AF064200726,PRISMATIC,MERCURY,14,14,14,8,28,22,0,level,0
AF064200826,ORIGINAL,STEEL,10,14,0,14,10,28,-4,3-4,0
AF064200926,MAVERICK,SPARK,15,14,7,11,22,25,1,1-2,1
AF064210726,MINDFLAYER,MERCURY,14,7,3,0,17,7,7,5-7,0
AF064210826,ORIGINAL,CLOCKWORK,7,7,3,0,10,7,0,level,0
AF064220626,SAGE,SHARK,14,0,3,14,17,14,14,11-14,0
AF064220726,REGRET,SPARK,28,7,7,14,35,21,21,15+,0
AF064220826,SHURIKEN,MAVERICK,14,7,10,14,24,21,7,5-7,0
AF064220926,ACE,STRIDER,14,10,7,0,21,10,4,3-4,0
AF064230626,SAGE,LYNX,17,7,0,7,17,14,10,8-10,0
AF064230726,RICOCHET,ORIGINAL,7,0,10,0,17,0,7,5-7,0
AF064230926,ENFORCER,MINDFLAYER,0,0,10,7,10,7,0,level,2
AF064240526,RICOCHET,PRISMATIC,0,21,3,3,3,24,-21,15+,0
AF064240626,ENFORCER,CLOCKWORK,10,10,7,6,17,16,0,level,0
AF064240826,MINDFLAYER,SHURIKEN,7,3,0,17,7,20,4,3-4,1
AF064240926,PSYCHIC,SABRE,7,0,0,10,7,10,7,5-7,1
AF064250526,PRISMATIC,SPARK,7,7,21,7,28,14,0,level,0
AF064250626,ORIGINAL,SCHOLAR,7,3,7,10,14,13,4,3-4,2
AF064250726,PHOENIX,OVERDRIVE,21,7,7,7,28,14,14,11-14,0
AF064250826,MAVERICK,SPARK,14,0,0,7,14,7,14,11-14,0
AF064250926,VALIANT,ROCKET,0,10,8,10,8,20,-10,8-10,0
AF064260526,SCHOLAR,ENFORCER,7,3,14,13,21,16,4,3-4,0
AF064260626,MERCURY,NIRVANA,7,0,7,7,14,7,7,5-7,0
AF064260726,PRISMATIC,MIRAGE,14,14,14,15,28,29,0,level,1
AF064260826,DREAD,RICOCHET,10,10,0,6,10,16,0,level,0
AF064260926,VALIANT,SHROUD,0,14,8,7,8,21,-14,11-14,0
AF064270426,MEMENTO,LEGEND,7,7,10,8,17,15,0,level,2
AF064270726,FUSE,NIGHTMARE,21,14,3,17,24,31,7,5-7,1
AF064270826,PRISMATIC,SCHOLAR,7,17,0,3,7,20,-10,8-10,0
AF064280426,ENFORCER,REGRET,14,10,0,14,14,24,4,3-4,1
AF064280526,TOMBSTONE,STEEL,0,14,0,14,0,28,-14,11-14,0
AF064280626,TOMBSTONE,MIRAGE,7,21,0,0,7,21,-14,11-14,0
AF064280726,ENFORCER,MINDFLAYER,7,7,7,20,14,27,0,level,0
AF064280826,RICOCHET,MERCURY,0,17,7,10,7,27,-17,15+,0
AF064280926,LIZARD,REGRET,21,0,0,7,21,7,21,15+,0
AF064290426,ENFORCER,NIRVANA,7,7,7,10,14,17,0,level,0
AF064290526,SCHOLAR,ORIGINAL,7,7,10,7,17,14,0,level,0
AF064290626,MERCURY,SCHOLAR,7,3,3,13,10,16,4,3-4,1
AF064290726,SHURIKEN,SPARK,0,7,7,7,7,14,-7,5-7,0
AF064290826,MISSILE,MINDFLAYER,7,7,17,3,24,10,0,level,1
AF064290926,SAGE,SABRE,9,0,7,23,16,23,9,8-10,1
AF064300526,REGRET,MAVERICK,14,3,0,8,14,11,11,11-14,0
AF064300626,PURSUIT,PRISMATIC,27,14,3,17,30,31,13,11-14,3
AF064300726,ORIGINAL,DREAD,7,10,14,7,21,17,-3,3-4,3
AF064300826,MISSILE,STEEL,17,14,7,7,24,21,3,3-4,2
AF064300926,PSYCHIC,ROCKET,3,7,3,7,6,14,-4,3-4,0
AF064310526,ORIGINAL,MAVERICK,7,14,7,3,14,17,-7,5-7,0
AF064310726,RICOCHET,CLOCKWORK,14,7,10,21,24,28,7,5-7,1
AF064310826,DREAD,ENFORCER,7,17,7,10,14,27,-10,8-10,0
AF065010526,REGRET,SHURIKEN,7,0,10,0,17,0,7,5-7,0
AF065010626,FENRIR,KILLJOY,17,0,7,14,24,14,17,15+,0
AF065010726,MERLIN,NIGHTMARE,17,0,14,15,31,15,17,15+,0
AF065010826,REGRET,SPARK,0,21,3,9,3,30,-21,15+,0
AF065010926,SPARK,PRISMATIC,14,14,3,0,17,14,0,level,0
AF065011026,SABRE,KEVLAR,17,0,7,10,24,10,17,15+,0
AF065020526,SCHOLAR,SPARK,10,7,7,14,17,21,3,3-4,1
AF065020626,REGRET,SHURIKEN,10,7,10,7,20,14,3,3-4,0
AF065020726,REGRET,GADGET,21,21,14,10,35,31,0,level,1
AF065020826,MERLIN,FUSE,20,24,8,21,28,45,-4,3-4,0
AF065020926,GADGET,FENRIR,6,14,0,7,6,21,-8,8-10,0
AF065021026,RELIC,ROCKET,14,3,10,7,24,10,11,11-14,0
AF065030526,NIGHTMARE,FENRIR,14,0,0,0,14,0,14,11-14,0
AF065030626,LEGEND,LYNX,7,10,10,0,17,10,-3,3-4,1
AF065030726,CLOCKWORK,MERCURY,7,7,0,7,7,14,0,level,0
AF065030826,MIRAGE,SPARK,17,7,3,7,20,14,10,8-10,0
AF065030926,SCHOLAR,MIRAGE,3,7,8,7,11,14,-4,3-4,0
AF065031026,OFFICER,MEMENTO,6,24,12,7,18,31,-18,15+,0
AF065040526,AVATAR,REGRET,21,7,6,3,27,10,14,11-14,0
AF065040626,GADGET,HEADHUNTER,7,7,14,10,21,17,0,level,3
AF065040726,NIGHTMARE,LIZARD,10,10,10,0,20,10,0,level,0
AF065040826,MERLIN,FENRIR,14,7,7,0,21,7,7,5-7,0
AF065040926,MERLIN,FENRIR,0,13,8,10,8,23,-13,11-14,0
AF065041026,MEMENTO,OFFICER,7,10,7,7,14,17,-3,3-4,2
AF065050626,NIRVANA,HEADHUNTER,7,7,7,17,14,24,0,level,0
AF065050726,REGRET,NIRVANA,7,14,14,6,21,20,-7,5-7,1
AF065050926,REGRET,GADGET,10,7,14,14,24,21,3,3-4,0
AF065051026,LEO,MEMENTO,10,7,7,6,17,13,3,3-4,0
AF065060526,GADGET,NIGHTMARE,7,7,0,10,7,17,0,level,0
AF065060626,LIZARD,FENRIR,3,14,13,7,16,21,-11,11-14,0
AF065060726,MERLIN,NIGHTMARE,14,3,7,6,21,9,11,11-14,0
AF065060826,SPARK,SHURIKEN,14,3,0,19,14,22,11,11-14,1
AF065060926,FUSE,REGRET,14,0,14,7,28,7,14,11-14,0
AF065070526,GADGET,SABRE,14,10,7,0,21,10,4,3-4,0
AF065070626,HEADHUNTER,MERCENARY,7,7,7,10,14,17,0,level,0
AF065070726,LIZARD,GADGET,10,14,6,3,16,17,-4,3-4,2
AF065070826,ORIGINAL,MISSILE,14,3,0,0,14,3,11,11-14,0
AF065070926,MERLIN,FUSE,7,21,0,0,7,21,-14,11-14,0
AF065080626,FENRIR,NIGHTMARE,12,0,17,14,29,14,12,11-14,0
AF065080726,LIZARD,FENRIR,14,7,3,7,17,14,7,5-7,0
AF065080826,MERLIN,FUSE,14,14,10,7,24,21,0,level,0
AF065080926,ENFORCER,MINDFLAYER,10,0,3,3,13,3,10,8-10,0
AF065090626,GADGET,SHURIKEN,7,17,14,7,21,24,-10,8-10,0
AF065090726,HEADHUNTER,FENRIR,17,14,10,7,27,21,3,3-4,2
AF065090826,FUSE,NIGHTMARE,7,7,0,14,7,21,0,level,0
AF065090926,CLOCKWORK,RICOCHET,7,13,13,9,20,22,-6,5-7,4
AF065100626,SPARK,NIRVANA,0,10,14,0,14,10,-10,8-10,1
AF065100726,FENRIR,MERLIN,14,7,3,14,17,21,7,5-7,1
AF065100826,FUSE,NIGHTMARE,0,3,10,14,10,17,-3,3-4,0
AF065100926,GADGET,REGRET,7,13,0,10,7,23,-6,5-7,0
AF065110626,FUSE,MERLIN,14,7,7,17,21,24,7,5-7,1
AF065110726,SPARK,REGRET,7,7,7,21,14,28,0,level,0
AF065110826,SPARK,PURSUIT,10,0,3,0,13,0,10,8-10,0
AF065110926,MERCURY,DREAD,17,14,7,7,24,21,3,3-4,2
AF065120626,REGRET,MERCENARY,0,14,7,3,7,17,-14,11-14,0
AF065120726,MINDFLAYER,NIRVANA,7,7,9,10,16,17,0,level,1
AF065120826,HEADHUNTER,LIZARD,10,7,14,7,24,14,3,3-4,0
AF065120926,OVERDRIVE,ASTRONAUT,7,0,10,0,17,0,7,5-7,0
AF065130626,NIGHTMARE,FENRIR,3,16,0,8,3,24,-13,11-14,0
AF065130726,HEADHUNTER,GADGET,10,7,0,7,10,14,3,3-4,1
AF065130826,SPARK,SHURIKEN,21,21,14,7,35,28,0,level,0
AF065130926,LEO,HERMES,17,0,7,7,24,7,17,15+,0
AF065140626,ORIGINAL,PRISMATIC,14,14,10,0,24,14,0,level,0
AF065140726,SCHOLAR,MINDFLAYER,7,7,7,6,14,13,0,level,0
AF065140826,MERLIN,FENRIR,3,9,9,8,12,17,-6,5-7,0
AF065140926,MEMENTO,CLASH,10,7,0,10,10,17,3,3-4,1
AF065150626,NIGHTMARE,KILLJOY,14,17,14,21,28,38,-3,3-4,0
AF065150726,OCTANE,KATANA,7,14,0,3,7,17,-7,5-7,0
AF065150826,HEADHUNTER,LIZARD,14,10,7,0,21,10,4,3-4,0
AF065150926,JUDGEMENT,PRECISION,14,7,7,15,21,22,7,5-7,1
AF065160626,FUSE,MERLIN,0,5,8,6,8,11,-5,5-7,0
AF065160726,REGRET,SHURIKEN,10,7,0,14,10,21,3,3-4,1
AF065160826,MAVERICK,NIRVANA,7,7,7,0,14,7,0,level,0
AF065170626,FENRIR,FUSE,10,7,7,7,17,14,3,3-4,0
AF065170826,LEO,LYNX,10,7,7,7,17,14,3,3-4,0
AF065170926,AVATAR,KEVLAR,14,7,7,8,21,15,7,5-7,0
AF065180526,NEON,MONSTER,7,17,7,10,14,27,-10,8-10,0
AF065180626,ORIGINAL,MERCURY,7,7,0,7,7,14,0,level,0
AF065180726,FENRIR,KILLJOY,10,0,0,7,10,7,10,8-10,0
AF065180826,GADGET,FUSE,7,14,22,7,29,21,-7,5-7,1
AF065180926,HERMES,MEMENTO,14,21,0,3,14,24,-7,5-7,0
AF065190526,SHURIKEN,PURSUIT,0,18,16,7,16,25,-18,15+,0
AF065190726,NIGHTMARE,HEADHUNTER,14,0,7,14,21,14,14,11-14,0
AF065190826,PRISMATIC,PURSUIT,5,14,17,7,22,21,-9,8-10,3
AF065190926,KILLJOY,NIGHTMARE,7,3,7,0,14,3,4,3-4,0
AF065200526,FUSE,NIGHTMARE,7,14,0,7,7,21,-7,5-7,0
AF065200726,MEMENTO,CLASH,13,21,8,3,21,24,-8,8-10,0
AF065200826,GADGET,HEADHUNTER,14,15,6,8,20,23,-1,1-2,2
AF065200926,HEADHUNTER,NIGHTMARE,7,7,6,7,13,14,0,level,0
AF065210726,GADGET,FUSE,14,10,0,7,14,17,4,3-4,1
AF065210826,SCHOLAR,SHURIKEN,7,10,7,0,14,10,-3,3-4,1
AF065220626,AVATAR,PRECISION,14,7,14,7,28,14,7,5-7,0
AF065220726,FUSE,NIGHTMARE,14,14,14,7,28,21,0,level,0
AF065220826,FENRIR,HEADHUNTER,17,7,14,21,31,28,10,8-10,0
AF065230626,LEGEND,PRECISION,14,7,10,7,24,14,7,5-7,0
AF065230726,GADGET,SPARK,0,14,20,14,20,28,-14,11-14,0
AF065230826,NIGHTMARE,LIZARD,14,14,17,15,31,29,0,level,3
AF065230926,LEO,LEGEND,3,7,13,15,16,22,-4,3-4,0
AF065240526,LIZARD,HEADHUNTER,7,0,7,7,14,7,7,5-7,0
AF065240626,NIGHTMARE,HEADHUNTER,10,0,0,0,10,0,10,8-10,0
AF065240826,FENRIR,NIGHTMARE,7,3,7,6,14,9,4,3-4,0
AF065240926,LEGEND,HERMES,7,10,7,14,14,24,-3,3-4,0
AF065250526,GADGET,KILLJOY,10,14,8,7,18,21,-4,3-4,0
AF065250626,GADGET,HEADHUNTER,7,14,10,0,17,14,-7,5-7,1
AF065250726,METEOR,PATHFINDER,0,14,7,3,7,17,-14,11-14,0
AF065250826,GADGET,NIGHTMARE,7,3,0,9,7,12,4,3-4,1
AF065250926,HERMES,MEMENTO,14,17,14,7,28,24,-3,3-4,1
AF065260526,PURSUIT,SPARK,6,10,10,7,16,17,-4,3-4,2
AF065260626,HEADHUNTER,LIZARD,14,14,17,15,31,29,0,level,2
AF065260726,LIZARD,MERLIN,7,10,0,14,7,24,-3,3-4,0
AF065260826,NIGHTMARE,GADGET,3,3,7,10,10,13,0,level,2
AF065260926,ACE,PRECISION,14,0,0,21,14,21,14,11-14,1
AF065270426,UNICORN,MONSTER,7,3,7,7,14,10,4,3-4,2
AF065270526,FENRIR,HEADHUNTER,7,3,14,0,21,3,4,3-4,0
AF065270626,LIZARD,NIGHTMARE,0,0,7,24,7,24,0,level,0
AF065270726,SCHOLAR,PURSUIT,14,14,7,14,21,28,0,level,0
AF065270826,GADGET,HEADHUNTER,14,7,14,7,28,14,7,5-7,0
AF065270926,MEMENTO,LEGEND,3,7,7,0,10,7,-4,3-4,1
AF065280426,HEADHUNTER,GADGET,10,14,10,10,20,24,-4,3-4,2
AF065280526,MERCENARY,HEADHUNTER,7,3,14,0,21,3,4,3-4,0
AF065280626,NIRVANA,PRISMATIC,14,21,7,3,21,24,-7,5-7,0
AF065280726,MAVERICK,SCHOLAR,7,10,0,7,7,17,-3,3-4,0
AF065280826,PURSUIT,REGRET,14,7,7,7,21,14,7,5-7,0
AF065290426,REGRET,NIGHTMARE,7,7,7,6,14,13,0,level,1
AF065290526,SHURIKEN,NIRVANA,3,10,7,14,10,24,-7,5-7,0
AF065290626,HEADHUNTER,GADGET,3,7,14,7,17,14,-4,3-4,3
AF065290726,KILLJOY,NIGHTMARE,28,9,3,0,31,9,19,15+,0
AF065290826,FUSE,FENRIR,7,7,10,7,17,14,0,level,2
AF065290926,LEGEND,PRECISION,10,14,0,3,10,17,-4,3-4,0
AF065300426,GADGET,SABRE,14,24,8,7,22,31,-10,8-10,0
AF065300526,GADGET,KILLJOY,17,14,7,13,24,27,3,3-4,1
AF065300626,RICOCHET,MIRAGE,3,17,8,0,11,17,-14,11-14,0
AF065300726,HEADHUNTER,SHURIKEN,7,7,7,0,14,7,0,level,0
AF065300826,LIZARD,MERLIN,10,7,24,24,34,31,3,3-4,6
AF065300926,SABRE,HERMES,14,14,7,10,21,24,0,level,0
AF065310526,FENRIR,GADGET,13,0,8,8,21,8,13,11-14,0
AF065310726,FUSE,FENRIR,3,0,8,14,11,14,3,3-4,1
AF065310826,GADGET,HEADHUNTER,14,21,7,7,21,28,-7,5-7,0
AF066010526,TOMBSTONE,NIRVANA,14,14,0,7,14,21,0,level,0
AF066010626,ENFORCER,TOMBSTONE,7,7,0,15,7,22,0,level,0
AF066010726,MINDFLAYER,ENFORCER,21,8,10,8,31,16,13,11-14,0
AF066010826,MAVERICK,MINDFLAYER,17,0,10,0,27,0,17,15+,0
AF066010926,MERCURY,DREAD,7,7,7,6,14,13,0,level,0
AF066011026,OVERDRIVE,SHROUD,14,14,6,10,20,24,0,level,0
AF066020526,FENRIR,AVATAR,0,10,10,3,10,13,-10,8-10,0
AF066020626,ENFORCER,MAVERICK,7,7,17,8,24,15,0,level,0
AF066020726,MIRAGE,MISSILE,7,14,14,10,21,24,-7,5-7,2
AF066020826,NIRVANA,SHURIKEN,7,6,14,16,21,22,1,1-2,1
AF066020926,STEEL,ENFORCER,21,3,7,13,28,16,18,15+,0
AF066030526,SCHOLAR,MINDFLAYER,10,7,0,7,10,14,3,3-4,1
AF066030626,SEEKER,SENTINEL,7,7,7,0,14,7,0,level,0
AF066030726,MERLIN,KILLJOY,14,10,10,0,24,10,4,3-4,0
AF066030826,ORIGINAL,MERCURY,3,7,7,7,10,14,-4,3-4,0
AF066030926,HEADHUNTER,MERLIN,6,14,0,7,6,21,-8,8-10,0
AF066031026,ROCKET,PHOENIX,7,7,15,14,22,21,0,level,1
AF066040526,SHURIKEN,ENFORCER,14,0,0,8,14,8,14,11-14,0
AF066040626,ORIGINAL,STEEL,10,7,14,6,24,13,3,3-4,0
AF066040726,GADGET,SPARK,7,7,8,7,15,14,0,level,1
AF066040826,MIRAGE,MINDFLAYER,35,21,7,7,42,28,14,11-14,0
AF066040926,MINDFLAYER,CLOCKWORK,0,3,7,7,7,10,-3,3-4,2
AF066050626,MERCURY,MAVERICK,7,21,0,7,7,28,-14,11-14,0
AF066050726,PRISMATIC,MIRAGE,14,0,3,7,17,7,14,11-14,0
AF066050826,RICOCHET,ENFORCER,0,10,7,3,7,13,-10,8-10,0
AF066050926,PURSUIT,SCHOLAR,14,7,10,8,24,15,7,5-7,0
AF066051026,PRECISION,KEVLAR,3,7,7,17,10,24,-4,3-4,0
AF066060526,MINDFLAYER,SCHOLAR,7,10,15,14,22,24,-3,3-4,2
AF066060626,REGRET,SPARK,7,7,10,14,17,21,0,level,1
AF066060726,MIRAGE,SCHOLAR,21,10,7,0,28,10,11,11-14,0
AF066060826,MINDFLAYER,STEEL,14,21,3,14,17,35,-7,5-7,0
AF066061026,SCHOLAR,SHURIKEN,7,3,7,0,14,3,4,3-4,0
AF066070526,MINDFLAYER,ENFORCER,10,7,3,3,13,10,3,3-4,0
AF066070626,ORIGINAL,MAVERICK,14,7,7,0,21,7,7,5-7,0
AF066070726,SCHOLAR,ENFORCER,7,0,7,7,14,7,7,5-7,0
AF066070826,REGRET,MAVERICK,3,17,0,3,3,20,-14,11-14,0
AF066070926,PURSUIT,MIRAGE,7,10,10,10,17,20,-3,3-4,0
AF066080626,SPARK,MERLIN,10,24,7,10,17,34,-14,11-14,0
AF066080726,PRISMATIC,SCHOLAR,7,7,8,0,15,7,0,level,0
AF066080826,GADGET,NIGHTMARE,14,14,10,14,24,28,0,level,3
AF066080926,REGRET,SPARK,14,14,10,3,24,17,0,level,1
AF066090626,ORIGINAL,PRISMATIC,7,7,7,15,14,22,0,level,0
AF066090726,STEEL,MIRAGE,24,0,7,17,31,17,24,15+,0
AF066090826,NIRVANA,MIRAGE,14,10,7,6,21,16,4,3-4,0
AF066090926,MERLIN,NIGHTMARE,21,14,7,7,28,21,7,5-7,0
AF066100626,MINDFLAYER,MERCURY,10,7,7,0,17,7,3,3-4,0
AF066100726,SCHOLAR,MIRAGE,7,7,6,14,13,21,0,level,0
AF066100826,MAVERICK,STEEL,21,0,10,3,31,3,21,15+,0
AF066100926,STEEL,MERCURY,14,0,7,8,21,8,14,11-14,0
AF066110626,GADGET,SCHOLAR,10,14,8,7,18,21,-4,3-4,0
AF066110726,LIZARD,NIGHTMARE,14,17,7,0,21,17,-3,3-4,1
AF066110826,ORIGINAL,MERCURY,14,17,7,0,21,17,-3,3-4,1
AF066120626,CLOCKWORK,TOMBSTONE,3,7,14,0,17,7,-4,3-4,1
AF066120726,ORIGINAL,MISSILE,14,14,7,0,21,14,0,level,0
AF066120826,ENFORCER,CLOCKWORK,3,7,14,16,17,23,-4,3-4,2
AF066130626,MAVERICK,SCHOLAR,21,0,7,0,28,0,21,15+,0
AF066130726,DREAD,RICOCHET,17,7,0,0,17,7,10,8-10,0
AF066130926,PHOENIX,LUNA,0,14,7,6,7,20,-14,11-14,0
AF066140726,TOMBSTONE,MIRAGE,7,7,0,7,7,14,0,level,0
AF066150626,PURSUIT,SPARK,7,10,14,7,21,17,-3,3-4,3
AF066150726,ASTRONAUT,KATANA,7,14,10,9,17,23,-7,5-7,2
AF066150826,KILLJOY,FENRIR,7,10,3,7,10,17,-3,3-4,0
AF066150926,HURRICANE,ASTRONAUT,0,10,3,0,3,10,-10,8-10,0
AF066160626,SPARK,ENFORCER,3,7,3,7,6,14,-4,3-4,0
AF066160726,PRISMATIC,ORIGINAL,7,7,7,0,14,7,0,level,0
AF066160826,MIRAGE,SHURIKEN,7,10,7,14,14,24,-3,3-4,0
AF066160926,LUNA,OVERDRIVE,14,0,0,0,14,0,14,11-14,0
AF066170626,TOMBSTONE,PRISMATIC,14,14,0,3,14,17,0,level,0
AF066170826,MONSTER,GENIUS,10,7,14,7,24,14,3,3-4,0
AF066170926,LUNA,ACE,0,13,8,3,8,16,-13,11-14,0
AF066180526,METEOR,UNICORN,10,3,14,7,24,10,7,5-7,0
AF066180626,MISSILE,ENFORCER,7,14,6,7,13,21,-7,5-7,0
AF066180726,SCHOLAR,STEEL,10,7,8,14,18,21,3,3-4,1
AF066180826,MERCURY,DREAD,17,0,7,0,24,0,17,15+,0
AF066180926,PHOENIX,KRAKEN,14,14,14,3,28,17,0,level,1
AF066190526,RICOCHET,ENFORCER,7,14,8,3,15,17,-7,5-7,0
AF066190726,NIRVANA,MINDFLAYER,7,14,17,0,24,14,-7,5-7,1
AF066190826,ENFORCER,MIRAGE,14,14,3,0,17,14,0,level,0
AF066190926,STEEL,PURSUIT,0,7,28,22,28,29,-7,5-7,0
AF066200526,NIRVANA,REGRET,3,7,7,14,10,21,-4,3-4,2
AF066200726,GENIUS,DAME,6,7,23,16,29,23,-1,1-2,1
AF066200826,MIRAGE,MERCURY,14,10,10,0,24,10,4,3-4,0
AF066200926,NIRVANA,SHURIKEN,3,7,7,7,10,14,-4,3-4,2
AF066210726,SCHOLAR,PRISMATIC,7,14,27,28,34,42,-7,5-7,0
AF066210826,DREAD,MERCURY,21,10,14,6,35,16,11,11-14,0
AF066210926,ORIGINAL,MERCURY,7,7,7,3,14,10,0,level,1
AF066220626,DAME,KRAKEN,7,10,0,6,7,16,-3,3-4,0
AF066220726,PURSUIT,NIRVANA,16,14,14,14,30,28,2,1-2,4
AF066220826,SCHOLAR,PRISMATIC,7,7,10,8,17,15,0,level,0
AF066230626,GENIUS,KRAKEN,0,0,0,10,0,10,0,level,0
AF066230726,STEEL,ENFORCER,0,21,0,7,0,28,-21,15+,0
AF066230826,PURSUIT,RICOCHET,14,7,14,15,28,22,7,5-7,0
AF066230926,LUNA,KRAKEN,7,10,7,14,14,24,-3,3-4,0
AF066240526,MAVERICK,ORIGINAL,21,17,7,21,28,38,4,3-4,1
AF066240826,MIRAGE,MERCURY,14,0,10,7,24,7,14,11-14,0
AF066240926,SABRE,ROCKET,17,10,7,7,24,17,7,5-7,0
AF066250526,SHURIKEN,ENFORCER,0,14,7,7,7,21,-14,11-14,0
AF066250726,ACE,WARRIOR,10,7,7,7,17,14,3,3-4,0
AF066250826,SCHOLAR,PRISMATIC,7,7,6,7,13,14,0,level,0
AF066250926,ROCKET,SHROUD,14,14,10,0,24,14,0,level,0
AF066260526,MAVERICK,MINDFLAYER,10,7,0,7,10,14,3,3-4,1
AF066260626,NIRVANA,CLOCKWORK,14,10,6,7,20,17,4,3-4,0
AF066260726,MINDFLAYER,TOMBSTONE,14,14,8,7,22,21,0,level,1
AF066260826,CLOCKWORK,ENFORCER,24,10,14,7,38,17,14,11-14,0
AF066260926,SHROUD,ASTRONAUT,7,3,7,7,14,10,4,3-4,2
AF066270526,SHURIKEN,ENFORCER,10,3,3,0,13,3,7,5-7,0
AF066270626,MIRAGE,MERCURY,0,14,7,7,7,21,-14,11-14,0
AF066270726,HEADHUNTER,GADGET,14,7,14,13,28,20,7,5-7,0
AF066270826,SHURIKEN,SPARK,7,14,10,0,17,14,-7,5-7,1
AF066280426,REGRET,PURSUIT,10,10,7,3,17,13,0,level,1
AF066280526,MINDFLAYER,ENFORCER,7,7,0,7,7,14,0,level,0
AF066280726,STEEL,MERCURY,14,7,10,15,24,22,7,5-7,0
AF066280926,HEADHUNTER,LIZARD,21,7,10,7,31,14,14,11-14,0
AF066290426,PRISMATIC,SHURIKEN,7,14,0,0,7,14,-7,5-7,0
AF066290526,ORIGINAL,TOMBSTONE,10,7,3,0,13,7,3,3-4,0
AF066290626,SPARK,ENFORCER,7,10,14,7,21,17,-3,3-4,1
AF066290726,HEADHUNTER,PURSUIT,10,7,3,3,13,10,3,3-4,0
AF066290826,MERCURY,STEEL,14,10,7,0,21,10,4,3-4,0
AF066290926,SABRE,RELIC,14,10,7,6,21,16,4,3-4,0
AF066300526,SCHOLAR,MINDFLAYER,14,0,14,7,28,7,14,11-14,0
AF066300626,GADGET,PRISMATIC,7,14,0,7,7,21,-7,5-7,0
AF066300726,MISSILE,RICOCHET,7,0,6,7,13,7,7,5-7,0
AF066300826,SHURIKEN,ORIGINAL,7,7,15,21,22,28,0,level,0
AF066300926,ROCKET,STRIDER,14,10,7,7,21,17,4,3-4,2
AF066310526,MAVERICK,NIRVANA,14,7,8,14,22,21,7,5-7,2
AF066310726,MERCURY,MISSILE,14,7,7,17,21,24,7,5-7,1
AF066310826,MIRAGE,RICOCHET,21,0,3,0,24,0,21,15+,0
AF067010526,AVATAR,SHURIKEN,7,7,7,0,14,7,0,level,0
AF067010626,NIGHTMARE,KILLJOY,6,14,6,3,12,17,-8,8-10,0
AF067010726,LIZARD,NIGHTMARE,7,14,10,0,17,14,-7,5-7,1
AF067010826,PRISMATIC,SPARK,14,21,6,7,20,28,-7,5-7,0
AF067010926,MINDFLAYER,PRISMATIC,0,17,7,3,7,20,-17,15+,0
AF067011026,HERMES,PRECISION,10,14,7,13,17,27,-4,3-4,0
AF067020526,SHURIKEN,GADGET,14,0,7,0,21,0,14,11-14,0
AF067020626,SHURIKEN,GADGET,7,7,10,7,17,14,0,level,0
AF067020726,FUSE,HEADHUNTER,14,3,6,12,20,15,11,11-14,0
AF067020926,MERLIN,FENRIR,3,7,0,10,3,17,-4,3-4,0
AF067021026,HURRICANE,LUNA,0,10,15,7,15,17,-10,8-10,0
AF067030526,HEADHUNTER,SHURIKEN,10,3,7,0,17,3,7,5-7,0
AF067030626,ROCKET,SAGE,14,14,0,14,14,28,0,level,0
AF067030726,MISSILE,CLOCKWORK,10,7,7,14,17,21,3,3-4,3
AF067030826,PURSUIT,SPARK,7,14,17,7,24,21,-7,5-7,1
AF067030926,PRISMATIC,SHURIKEN,14,17,7,14,21,31,-3,3-4,0
AF067031026,OFFICER,MERCENARY,10,7,10,3,20,10,3,3-4,0
AF067040526,FENRIR,REGRET,14,0,6,0,20,0,14,11-14,0
AF067040626,MERCENARY,HEADHUNTER,17,0,0,0,17,0,17,15+,0
AF067040726,HEADHUNTER,LIZARD,7,7,10,7,17,14,0,level,0
AF067040826,KILLJOY,FENRIR,10,0,0,0,10,0,10,8-10,0
AF067041026,HERMES,LEO,7,17,14,7,21,24,-10,8-10,2
AF067050626,SHURIKEN,HEADHUNTER,7,14,0,7,7,21,-7,5-7,0
AF067050726,SPARK,REGRET,2,10,7,3,9,13,-8,8-10,0
AF067050926,LIZARD,GADGET,14,17,13,14,27,31,-3,3-4,4
AF067051026,LYNX,MEMENTO,17,7,0,11,17,18,10,8-10,1
AF067060526,GADGET,MERCENARY,10,7,6,7,16,14,3,3-4,2
AF067060626,LIZARD,NIGHTMARE,17,0,3,10,20,10,17,15+,0
AF067060726,FUSE,NIGHTMARE,0,14,14,10,14,24,-14,11-14,0
AF067060826,MIRAGE,SCHOLAR,7,0,3,7,10,7,7,5-7,0
AF067060926,FUSE,NIGHTMARE,14,13,7,10,21,23,1,1-2,3
AF067061026,CLASH,PINNACLE,14,0,7,0,21,0,14,11-14,0
AF067070526,HEADHUNTER,REGRET,0,0,14,17,14,17,0,level,2
AF067070626,FENRIR,MERCENARY,0,13,7,8,7,21,-13,11-14,0
AF067070926,NIGHTMARE,FUSE,3,7,21,7,24,14,-4,3-4,1
AF067080626,LIZARD,NIGHTMARE,14,14,7,14,21,28,0,level,0
AF067080726,KILLJOY,FENRIR,17,7,7,0,24,7,10,8-10,0
AF067080826,KILLJOY,FUSE,14,3,7,7,21,10,11,11-14,0
AF067080926,ORIGINAL,STEEL,17,7,7,14,24,21,10,8-10,2
AF067090626,SABRE,SHURIKEN,14,17,8,7,22,24,-3,3-4,0
AF067090726,MERLIN,FENRIR,21,14,7,10,28,24,7,5-7,2
AF067090826,HEADHUNTER,NIGHTMARE,7,14,14,3,21,17,-7,5-7,1
AF067090926,DREAD,ENFORCER,3,3,14,0,17,3,0,level,0
AF067100626,REGRET,NIRVANA,14,0,3,7,17,7,14,11-14,0
AF067100726,MERLIN,FUSE,7,14,7,3,14,17,-7,5-7,0
AF067100826,MERLIN,FENRIR,21,7,3,7,24,14,14,11-14,0
AF067100926,LIZARD,REGRET,21,0,3,0,24,0,21,15+,0
AF067110626,KILLJOY,MERLIN,8,7,14,18,22,25,1,1-2,1
AF067110726,SPARK,SHURIKEN,7,14,14,10,21,24,-7,5-7,0
AF067110826,REGRET,PURSUIT,10,0,14,0,24,0,10,8-10,0
AF067110926,CLOCKWORK,DREAD,14,3,0,15,14,18,11,11-14,1
AF067120626,HEADHUNTER,MERCENARY,7,7,7,10,14,17,0,level,0
AF067120726,MAVERICK,NIRVANA,14,7,3,14,17,21,7,5-7,1
AF067120826,NIGHTMARE,GADGET,10,7,9,7,19,14,3,3-4,2
AF067120926,SHROUD,ACE,7,14,7,3,14,17,-7,5-7,0
AF067130726,MERLIN,GADGET,21,14,3,7,24,21,7,5-7,0
AF067130826,MIRAGE,SHURIKEN,14,21,14,3,28,24,-7,5-7,1
AF067130926,SENTRY,KEVLAR,0,21,14,3,14,24,-21,15+,0
AF067140626,MERCURY,PRISMATIC,21,14,7,6,28,20,7,5-7,0
AF067140726,REGRET,MINDFLAYER,21,7,8,14,29,21,14,11-14,0
AF067140826,FUSE,FENRIR,14,14,14,0,28,14,0,level,0
AF067150626,FENRIR,KILLJOY,10,7,0,0,10,7,3,3-4,0
AF067150726,OCTANE,ASTRONAUT,14,21,12,3,26,24,-7,5-7,1
AF067150826,GADGET,REGRET,17,21,14,7,31,28,-4,3-4,1
AF067160626,FENRIR,MERLIN,10,14,8,7,18,21,-4,3-4,0
AF067160726,HEADHUNTER,SHURIKEN,7,3,7,13,14,16,4,3-4,3
AF067160826,SPARK,PRISMATIC,10,7,7,7,17,14,3,3-4,2
AF067160926,MIDAS,SUMMIT,0,7,7,7,7,14,-7,5-7,0
AF067170626,NIGHTMARE,FUSE,7,7,15,14,22,21,0,level,1
AF067170826,SAGE,ACE,7,7,10,7,17,14,0,level,0
AF067170926,HERMES,PRECISION,7,10,14,18,21,28,-3,3-4,2
AF067180526,KEVLAR,LEGEND,14,7,3,7,17,14,7,5-7,0
AF067180626,MAVERICK,MERCURY,7,7,14,0,21,7,0,level,0
AF067180726,FUSE,KILLJOY,21,14,7,6,28,20,7,5-7,0
AF067180826,MERLIN,FUSE,7,3,6,7,13,10,4,3-4,0
AF067180926,LYNX,LEGEND,7,17,14,10,21,27,-10,8-10,0
AF067190726,LIZARD,HEADHUNTER,3,7,7,7,10,14,-4,3-4,2
AF067190826,SPARK,PURSUIT,7,7,10,7,17,14,0,level,0
AF067200526,HEADHUNTER,NIGHTMARE,0,7,14,0,14,7,-7,5-7,1
AF067200726,PSYCHIC,MONSTER,7,10,7,7,14,17,-3,3-4,0
AF067200826,REGRET,HEADHUNTER,14,0,0,8,14,8,14,11-14,0
AF067200926,AVATAR,KEVLAR,7,7,7,0,14,7,0,level,0
AF067210726,KILLJOY,FUSE,3,10,0,3,3,13,-7,5-7,0
AF067210826,REGRET,SHURIKEN,7,0,6,7,13,7,7,5-7,0
AF067210926,ENFORCER,ORIGINAL,0,14,18,7,18,21,-14,11-14,0
AF067220626,WARRIOR,LYNX,7,10,3,7,10,17,-3,3-4,0
AF067220926,PATHFINDER,HERMES,14,21,7,3,21,24,-7,5-7,0
AF067230626,SHARK,LYNX,7,3,10,13,17,16,4,3-4,0
AF067230726,REGRET,SPARK,10,7,7,7,17,14,3,3-4,0
AF067230926,LYNX,JUDGEMENT,14,0,7,14,21,14,14,11-14,0
AF067240526,NIGHTMARE,HEADHUNTER,7,7,3,10,10,17,0,level,0
AF067240626,GADGET,HEADHUNTER,7,0,6,21,13,21,7,5-7,1
AF067240826,FUSE,NIGHTMARE,7,3,10,6,17,9,4,3-4,0
AF067240926,KEVLAR,LEO,17,14,6,14,23,28,3,3-4,1
AF067250526,NIGHTMARE,KILLJOY,10,3,3,7,13,10,7,5-7,0
AF067250726,LUNA,OVERDRIVE,10,7,7,14,17,21,3,3-4,1
AF067250826,FUSE,NIGHTMARE,0,10,10,7,10,17,-10,8-10,0
AF067250926,PATHFINDER,PRECISION,7,10,13,14,20,24,-3,3-4,0
AF067260526,SHURIKEN,SPARK,14,0,0,8,14,8,14,11-14,0
AF067260626,MERLIN,REGRET,14,0,7,7,21,7,14,11-14,0
AF067260726,NIGHTMARE,MERLIN,0,14,14,7,14,21,-14,11-14,0
AF067260826,LIZARD,GADGET,7,3,7,14,14,17,4,3-4,1
AF067260926,HERMES,PATHFINDER,7,7,10,7,17,14,0,level,1
AF067270426,PRECISION,CLASH,7,7,0,17,7,24,0,level,0
AF067270526,KILLJOY,HEADHUNTER,14,3,0,8,14,11,11,11-14,0
AF067270626,GADGET,NIGHTMARE,7,14,14,10,21,24,-7,5-7,0
AF067270726,SHURIKEN,SPARK,7,7,6,7,13,14,0,level,0
AF067270826,FUSE,HEADHUNTER,0,7,21,7,21,14,-7,5-7,1
AF067270926,PRECISION,OFFICER,21,14,27,15,48,29,7,5-7,0
AF067280426,SABRE,AVATAR,10,3,14,14,24,17,7,5-7,0
AF067280626,MERCURY,PRISMATIC,17,0,14,17,31,17,17,15+,0
AF067280726,MIRAGE,SCHOLAR,7,10,13,7,20,17,-3,3-4,3
AF067280826,MAVERICK,REGRET,7,3,0,0,7,3,4,3-4,0
AF067280926,PRECISION,MEMENTO,7,14,11,14,18,28,-7,5-7,0
AF067290426,KEVLAR,LEGEND,14,7,7,6,21,13,7,5-7,0
AF067290526,HEADHUNTER,REGRET,14,0,14,0,28,0,14,11-14,0
AF067290626,SABRE,GADGET,3,21,0,0,3,21,-18,15+,0
AF067290726,LIZARD,NIGHTMARE,14,0,3,7,17,7,14,11-14,0
AF067290826,MERLIN,FENRIR,14,0,0,0,14,0,14,11-14,0
AF067290926,MEMENTO,JUDGEMENT,7,3,0,17,7,20,4,3-4,1
AF067300426,AVATAR,SABRE,10,0,7,6,17,6,10,8-10,0
AF067300526,NIGHTMARE,FENRIR,17,7,7,7,24,14,10,8-10,0
AF067300626,MISSILE,MIRAGE,21,21,7,0,28,21,0,level,0
AF067300826,FENRIR,MERLIN,14,14,7,6,21,20,0,level,0
AF067300926,OVERDRIVE,ACE,10,7,0,10,10,17,3,3-4,1
AF067310526,NIGHTMARE,MERCENARY,7,13,7,3,14,16,-6,5-7,2
AF067310726,KILLJOY,FENRIR,7,14,0,0,7,14,-7,5-7,0
AF067310826,FUSE,HEADHUNTER,21,14,7,8,28,22,7,5-7,0
AF068010626,ORIGINAL,TOMBSTONE,14,0,0,3,14,3,14,11-14,0
AF068010726,SCHOLAR,ENFORCER,10,7,3,0,13,7,3,3-4,0
AF068010826,SCHOLAR,MINDFLAYER,7,10,7,0,14,10,-3,3-4,1
AF068010926,MISSILE,DREAD,21,9,3,0,24,9,12,11-14,0
AF068011026,ACE,ASTRONAUT,7,3,7,7,14,10,4,3-4,0
AF068020526,FENRIR,NIGHTMARE,7,7,7,3,14,10,0,level,1
AF068020626,MAVERICK,SCHOLAR,10,14,0,13,10,27,-4,3-4,0
AF068020726,MERCURY,MISSILE,7,3,10,7,17,10,4,3-4,0
AF068020826,PRISMATIC,SHURIKEN,14,21,8,7,22,28,-7,5-7,0
AF068020926,ORIGINAL,ENFORCER,0,3,0,0,0,3,-3,3-4,0
AF068021026,GENIUS,SUMMIT,7,0,7,6,14,6,7,5-7,0
AF068030526,PRISMATIC,MINDFLAYER,7,7,14,17,21,24,0,level,1
AF068030626,AVATAR,SHROUD,7,7,10,7,17,14,0,level,0
AF068030726,MERLIN,FENRIR,17,7,0,7,17,14,10,8-10,0
AF068030826,MISSILE,MERCURY,10,7,0,7,10,14,3,3-4,1
AF068030926,HEADHUNTER,LIZARD,14,24,14,0,28,24,-10,8-10,1
AF068031026,WARRIOR,HURRICANE,0,14,8,7,8,21,-14,11-14,0
AF068040526,SPARK,ENFORCER,7,3,7,7,14,10,4,3-4,2
AF068040626,TOMBSTONE,STEEL,7,7,0,14,7,21,0,level,0
AF068040726,REGRET,SPARK,0,14,0,7,0,21,-14,11-14,0
AF068040826,STEEL,MINDFLAYER,7,10,0,7,7,17,-3,3-4,0
AF068040926,MERCURY,CLOCKWORK,20,7,7,7,27,14,13,11-14,0
AF068041026,OVERDRIVE,SHROUD,14,17,8,10,22,27,-3,3-4,0
AF068050626,SCHOLAR,MAVERICK,0,7,7,3,7,10,-7,5-7,0
AF068050726,STEEL,MIRAGE,9,14,17,7,26,21,-5,5-7,1
AF068050826,DREAD,ENFORCER,10,14,6,7,16,21,-4,3-4,0
AF068060526,MINDFLAYER,TOMBSTONE,0,0,0,10,0,10,0,level,0
AF068060626,REGRET,SHURIKEN,0,14,7,3,7,17,-14,11-14,0
AF068060726,SPARK,SCHOLAR,7,7,0,7,7,14,0,level,0
AF068060826,ORIGINAL,ENFORCER,21,0,7,21,28,21,21,15+,0
AF068061026,OFFICER,LEGEND,7,7,3,0,10,7,0,level,0
AF068070526,STEEL,SPARK,0,7,7,10,7,17,-7,5-7,0
AF068070826,REGRET,PURSUIT,3,7,6,3,9,10,-4,3-4,2
AF068070926,SCHOLAR,MIRAGE,14,14,13,14,27,28,0,level,0
AF068080626,SHURIKEN,MERLIN,7,14,10,0,17,14,-7,5-7,1
AF068080726,ENFORCER,SCHOLAR,3,14,0,0,3,14,-11,11-14,0
AF068080826,HEADHUNTER,NIGHTMARE,7,7,0,7,7,14,0,level,0
AF068080926,REGRET,GADGET,28,7,0,0,28,7,21,15+,0
AF068090626,TOMBSTONE,PRISMATIC,7,10,0,7,7,17,-3,3-4,0
AF068090726,PRISMATIC,MIRAGE,3,7,7,14,10,21,-4,3-4,2
AF068090826,MAVERICK,MIRAGE,10,7,7,8,17,15,3,3-4,0
AF068100626,CLOCKWORK,MERCURY,7,10,21,14,28,24,-3,3-4,5
AF068100726,PRISMATIC,MIRAGE,7,7,8,14,15,21,0,level,0
AF068100826,SCHOLAR,MIRAGE,7,7,7,0,14,7,0,level,0
AF068110626,REGRET,SCHOLAR,14,7,0,3,14,10,7,5-7,0
AF068110726,HEADHUNTER,FENRIR,7,28,6,7,13,35,-21,15+,0
AF068110826,MISSILE,MERCURY,7,14,7,6,14,20,-7,5-7,0
AF068110926,PURSUIT,MISSILE,14,10,21,0,35,10,4,3-4,0
AF068120726,STEEL,MISSILE,0,10,8,3,8,13,-10,8-10,0
AF068120826,DREAD,RICOCHET,3,10,20,7,23,17,-7,5-7,1
AF068120926,PHOENIX,VALIANT,3,10,8,17,11,27,-7,5-7,0
AF068130626,MISSILE,MERCURY,10,7,7,3,17,10,3,3-4,0
AF068130726,MISSILE,RICOCHET,7,3,7,0,14,3,4,3-4,0
AF068130826,SCHOLAR,ORIGINAL,10,3,7,7,17,10,7,5-7,0
AF068130926,VALIANT,IMPERIAL,14,7,3,7,17,14,7,5-7,0
AF068140726,ENFORCER,MIRAGE,7,14,0,3,7,17,-7,5-7,0
AF068140926,HERMES,LEO,17,7,10,17,27,24,10,8-10,0
AF068150626,SHURIKEN,SPARK,14,24,0,7,14,31,-10,8-10,0
AF068150826,KILLJOY,FUSE,7,0,17,8,24,8,7,5-7,0
AF068150926,SHROUD,KRAKEN,10,10,17,10,27,20,0,level,1
AF068160626,SHURIKEN,ENFORCER,14,10,7,10,21,20,4,3-4,2
AF068160726,MIRAGE,ORIGINAL,7,14,7,3,14,17,-7,5-7,0
AF068160826,STEEL,ORIGINAL,0,7,14,0,14,7,-7,5-7,1
AF068160926,ACE,ASTRONAUT,14,0,0,7,14,7,14,11-14,0
AF068170626,MERCURY,PRISMATIC,17,14,21,22,38,36,3,3-4,0
AF068170826,LEO,CLASH,13,14,0,10,13,24,-1,1-2,0
AF068170926,SAGE,ASTRONAUT,7,0,3,7,10,7,7,5-7,0
AF068180526,GENIUS,SEEKER,7,3,0,14,7,17,4,3-4,1
AF068180626,STEEL,ENFORCER,0,17,7,10,7,27,-17,15+,0
AF068180726,PRISMATIC,STEEL,17,7,7,14,24,21,10,8-10,2
AF068180826,STEEL,DREAD,14,7,7,6,21,13,7,5-7,0
AF068190826,ORIGINAL,MIRAGE,0,14,21,3,21,17,-14,11-14,1
AF068200526,SPARK,REGRET,0,21,0,7,0,28,-21,15+,0
AF068200726,AVATAR,LEGEND,7,7,7,0,14,7,0,level,0
AF068200926,HURRICANE,ROCKET,7,10,7,7,14,17,-3,3-4,2
AF068210926,MERCURY,ENFORCER,0,6,8,10,8,16,-6,5-7,0
AF068220626,AVATAR,LEGEND,0,7,8,10,8,17,-7,5-7,0
AF068220726,SPARK,NIRVANA,7,0,3,7,10,7,7,5-7,0
AF068220926,SAGE,HURRICANE,7,14,6,7,13,21,-7,5-7,0
AF068230626,AVATAR,SENTRY,5,7,0,3,5,10,-2,1-2,0
AF068230726,ORIGINAL,ENFORCER,21,3,3,15,24,18,18,15+,0
AF068230826,MIRAGE,RICOCHET,3,3,14,7,17,10,0,level,0
AF068230926,HURRICANE,ASTRONAUT,14,7,7,16,21,23,7,5-7,1
AF068240526,PRISMATIC,ORIGINAL,10,3,7,17,17,20,7,5-7,1
AF068240626,CLOCKWORK,MERCURY,3,3,0,7,3,10,0,level,0
AF068240826,SHURIKEN,MERCURY,7,0,7,8,14,8,7,5-7,0
AF068240926,PSYCHIC,LUNA,0,6,10,0,10,6,-6,5-7,1
AF068250526,SPARK,ENFORCER,7,0,7,0,14,0,7,5-7,0
AF068250626,SCHOLAR,ENFORCER,10,0,0,14,10,14,10,8-10,1
AF068250726,LYNX,OFFICER,14,0,3,6,17,6,14,11-14,0
AF068250826,SPARK,PRISMATIC,0,14,14,7,14,21,-14,11-14,0
AF068250926,VALIANT,LUNA,7,14,0,0,7,14,-7,5-7,0
AF068260526,ENFORCER,MINDFLAYER,10,0,14,8,24,8,10,8-10,0
AF068260626,MERCURY,MISSILE,7,3,7,7,14,10,4,3-4,0
AF068260726,MIRAGE,TOMBSTONE,14,3,6,0,20,3,11,11-14,0
AF068260926,VALIANT,OVERDRIVE,7,7,0,10,7,17,0,level,0
AF068270426,NEON,SEEKER,7,14,10,6,17,20,-7,5-7,2
AF068270526,NIRVANA,ENFORCER,10,17,17,7,27,24,-7,5-7,1
AF068270626,PRISMATIC,MERCURY,7,7,7,0,14,7,0,level,0
AF068270726,GADGET,NIGHTMARE,3,7,9,7,12,14,-4,3-4,0
AF068270826,SCHOLAR,SPARK,14,14,14,7,28,21,0,level,0
AF068270926,SHARK,DON,10,10,17,0,27,10,0,level,0
AF068280426,ENFORCER,SPARK,7,7,10,13,17,20,0,level,3
AF068280726,MINDFLAYER,MERCURY,0,7,22,24,22,31,-7,5-7,0
AF068280826,MERCURY,CLOCKWORK,7,0,10,13,17,13,7,5-7,0
AF068290426,KRAKEN,SUMMIT,7,7,7,0,14,7,0,level,0
AF068290526,SCHOLAR,MAVERICK,14,3,7,7,21,10,11,11-14,0
AF068290626,SCHOLAR,ENFORCER,3,3,7,10,10,13,0,level,0
AF068290726,SPARK,PURSUIT,7,21,7,14,14,35,-14,11-14,0
AF068290926,SAGE,LUNA,7,10,7,0,14,10,-3,3-4,1
AF068300526,MAVERICK,REGRET,0,14,10,3,10,17,-14,11-14,0
AF068300626,REGRET,PURSUIT,10,7,10,3,20,10,3,3-4,0
AF068300726,DREAD,RICOCHET,6,3,29,28,35,31,3,3-4,8
AF068300826,STEEL,ORIGINAL,10,7,7,0,17,7,3,3-4,0
AF068300926,PSYCHIC,LUNA,7,3,14,7,21,10,4,3-4,0
AF068310526,ORIGINAL,RICOCHET,7,7,0,17,7,24,0,level,0
AF068310726,CLOCKWORK,MISSILE,7,21,17,10,24,31,-14,11-14,0
AF068310826,ENFORCER,RICOCHET,7,10,7,7,14,17,-3,3-4,0
AF069010526,HEADHUNTER,REGRET,10,10,14,0,24,10,0,level,0
AF069010626,FUSE,FENRIR,21,7,7,0,28,7,14,11-14,0
AF069010726,KILLJOY,MERLIN,14,3,3,0,17,3,11,11-14,0
AF069010826,HEADHUNTER,REGRET,14,0,7,7,21,7,14,11-14,0
AF069011026,HERMES,KEVLAR,7,14,7,10,14,24,-7,5-7,0
AF069020526,SHURIKEN,SPARK,14,3,7,7,21,10,11,11-14,0
AF069020626,REGRET,HEADHUNTER,17,10,10,14,27,24,7,5-7,2
AF069020726,HEADHUNTER,REGRET,0,3,24,14,24,17,-3,3-4,5
AF069020826,FENRIR,MERLIN,17,21,7,0,24,21,-4,3-4,1
AF069020926,NIGHTMARE,GADGET,7,7,7,6,14,13,0,level,0
AF069021026,HURRICANE,ROCKET,14,3,17,20,31,23,11,11-14,0
AF069030526,FENRIR,NIGHTMARE,0,7,0,3,0,10,-7,5-7,0
AF069030626,NEON,GENIUS,7,10,6,0,13,10,-3,3-4,1
AF069030726,MISSILE,MERCURY,14,21,12,7,26,28,-7,5-7,0
AF069030826,PRISMATIC,MIRAGE,14,7,7,10,21,17,7,5-7,0
AF069030926,MIRAGE,SCHOLAR,14,0,10,14,24,14,14,11-14,0
AF069031026,MERCENARY,MEMENTO,7,14,10,10,17,24,-7,5-7,0
AF069040526,GADGET,AVATAR,7,14,8,7,15,21,-7,5-7,0
AF069040626,FUSE,MERCENARY,0,7,14,9,14,16,-7,5-7,2
AF069040726,FENRIR,NIGHTMARE,7,10,14,7,21,17,-3,3-4,3
AF069040826,FUSE,MERLIN,7,14,8,10,15,24,-7,5-7,0
AF069040926,FUSE,MERLIN,7,14,7,3,14,17,-7,5-7,0
AF069041026,HERMES,OFFICER,14,7,17,12,31,19,7,5-7,0
AF069050626,REGRET,NIRVANA,21,3,3,0,24,3,18,15+,0
AF069050726,MAVERICK,NIRVANA,7,7,6,3,13,10,0,level,0
AF069050826,NIGHTMARE,LIZARD,7,7,14,10,21,17,0,level,3
AF069050926,HEADHUNTER,REGRET,14,7,3,7,17,14,7,5-7,0
AF069051026,LEO,MEMENTO,3,17,7,7,10,24,-14,11-14,0
AF069060526,SABRE,NIGHTMARE,7,14,10,0,17,14,-7,5-7,1
AF069060626,KILLJOY,FENRIR,7,7,10,7,17,14,0,level,2
AF069060726,KILLJOY,MERLIN,10,10,14,7,24,17,0,level,0
AF069060826,MIRAGE,SHURIKEN,6,7,10,0,16,7,-1,1-2,1
AF069060926,NIGHTMARE,REGRET,24,10,3,0,27,10,14,11-14,0
AF069061026,MERCENARY,LYNX,10,3,10,0,20,3,7,5-7,0
AF069070526,HEADHUNTER,GADGET,7,10,17,6,24,16,-3,3-4,1
AF069070626,NIGHTMARE,HEADHUNTER,7,0,10,6,17,6,7,5-7,0
AF069070726,MERLIN,LIZARD,20,7,9,14,29,21,13,11-14,0
AF069070926,KILLJOY,MERLIN,10,0,7,0,17,0,10,8-10,0
AF069080726,NIGHTMARE,LIZARD,7,0,0,3,7,3,7,5-7,0
AF069080826,FENRIR,MERLIN,7,0,21,7,28,7,7,5-7,0
AF069080926,ORIGINAL,MINDFLAYER,10,21,0,7,10,28,-11,11-14,0
AF069090626,HEADHUNTER,SABRE,17,7,0,7,17,14,10,8-10,0
AF069090726,LIZARD,HEADHUNTER,3,7,3,7,6,14,-4,3-4,0
AF069090826,FENRIR,FUSE,10,14,15,14,25,28,-4,3-4,4
AF069090926,DREAD,RICOCHET,7,10,10,0,17,10,-3,3-4,1
AF069100626,SABRE,SPARK,10,7,7,7,17,14,3,3-4,0
AF069100726,FUSE,MERLIN,3,0,6,7,9,7,3,3-4,2
AF069100826,PINNACLE,MERCENARY,14,7,3,7,17,14,7,5-7,0
AF069100926,HEADHUNTER,LIZARD,21,7,0,7,21,14,14,11-14,0
AF069110626,FENRIR,FUSE,0,3,7,7,7,10,-3,3-4,0
AF069110726,REGRET,GADGET,3,7,15,17,18,24,-4,3-4,0
AF069110826,SHURIKEN,SPARK,14,10,14,13,28,23,4,3-4,0
AF069110926,RICOCHET,MERCURY,7,14,3,7,10,21,-7,5-7,0
AF069120626,SHURIKEN,REGRET,7,7,6,3,13,10,0,level,0
AF069120726,PRISMATIC,MINDFLAYER,14,14,7,10,21,24,0,level,0
AF069120826,NIGHTMARE,LIZARD,7,24,19,10,26,34,-17,15+,0
AF069120926,SHROUD,ASTRONAUT,7,7,6,7,13,14,0,level,0
AF069130626,FUSE,FENRIR,17,7,3,7,20,14,10,8-10,0
AF069130726,FUSE,HEADHUNTER,14,14,14,17,28,31,0,level,1
AF069130826,REGRET,SPARK,7,0,3,0,10,0,7,5-7,0
AF069130926,KEVLAR,HERMES,17,17,6,7,23,24,0,level,0
AF069140626,MINDFLAYER,ORIGINAL,7,10,7,7,14,17,-3,3-4,0
AF069140726,MAVERICK,SCHOLAR,7,10,14,7,21,17,-3,3-4,3
AF069140826,KILLJOY,MERLIN,7,0,10,7,17,7,7,5-7,0
AF069150626,MERLIN,NIGHTMARE,14,7,5,0,19,7,7,5-7,0
AF069150826,GADGET,LIZARD,14,14,7,10,21,24,0,level,0
AF069150926,LYNX,PRECISION,7,10,14,7,21,17,-3,3-4,3
AF069160626,FENRIR,FUSE,0,7,14,3,14,10,-7,5-7,1
AF069160726,HEADHUNTER,REGRET,14,7,10,0,24,7,7,5-7,0
AF069160826,SPARK,NIRVANA,3,0,6,7,9,7,3,3-4,2
AF069160926,MIMIC,UNICORN,7,7,6,7,13,14,0,level,0
AF069170626,KILLJOY,FENRIR,7,0,7,13,14,13,7,5-7,0
AF069170826,MONSTER,UNICORN,0,3,21,0,21,3,-3,3-4,1
AF069170926,HERMES,KEVLAR,7,7,7,9,14,16,0,level,0
AF069180526,SUMMIT,LEO,7,21,6,10,13,31,-14,11-14,0
AF069180626,SCHOLAR,ORIGINAL,14,14,7,10,21,24,0,level,0
AF069180726,MERLIN,FENRIR,14,7,7,0,21,7,7,5-7,0
AF069180826,FENRIR,MERLIN,14,7,14,17,28,24,7,5-7,2
AF069180926,LYNX,MEMENTO,10,14,7,0,17,14,-4,3-4,1
AF069190526,HEADHUNTER,SHURIKEN,0,0,14,8,14,8,0,level,0
AF069190826,NIRVANA,PRISMATIC,14,0,0,0,14,0,14,11-14,0
AF069190926,OVERDRIVE,JUDGEMENT,3,10,6,3,9,13,-7,5-7,0
AF069200526,KILLJOY,FUSE,10,7,6,7,16,14,3,3-4,0
AF069200726,ACE,STRIDER,21,14,7,7,28,21,7,5-7,0
AF069200926,PRECISION,LEO,14,10,10,6,24,16,4,3-4,0
AF069210726,MERLIN,KILLJOY,0,7,7,7,7,14,-7,5-7,0
AF069210826,PRISMATIC,SCHOLAR,7,7,0,14,7,21,0,level,0
AF069220626,DAME,GENIUS,17,21,10,0,27,21,-4,3-4,1
AF069220726,KILLJOY,FUSE,7,3,7,7,14,10,4,3-4,2
AF069220826,MERLIN,FENRIR,20,7,0,0,20,7,13,11-14,0
AF069220926,LYNX,PRECISION,14,7,3,7,17,14,7,5-7,0
AF069230626,DAME,MONSTER,20,17,12,14,32,31,3,3-4,2
AF069230726,SHURIKEN,REGRET,0,7,11,6,11,13,-7,5-7,2
AF069230826,FENRIR,NIGHTMARE,0,14,15,7,15,21,-14,11-14,0
AF069230926,JUDGEMENT,LEGEND,21,0,14,21,35,21,21,15+,0
AF069240526,FENRIR,LIZARD,17,0,17,2,34,2,17,15+,0
AF069240826,MERLIN,FENRIR,14,17,3,14,17,31,-3,3-4,0
AF069250526,FENRIR,GADGET,14,10,0,7,14,17,4,3-4,1
AF069250626,FENRIR,FUSE,7,3,7,0,14,3,4,3-4,0
AF069250726,SHARK,DAME,14,3,7,3,21,6,11,11-14,0
AF069250826,MERLIN,FUSE,0,7,31,21,31,28,-7,5-7,5
AF069250926,PATHFINDER,MEMENTO,7,21,14,3,21,24,-14,11-14,0
AF069260526,REGRET,PURSUIT,7,10,14,14,21,24,-3,3-4,0
AF069260626,MERLIN,LIZARD,17,21,7,7,24,28,-4,3-4,2
AF069260726,FENRIR,LIZARD,17,0,3,0,20,0,17,15+,0
AF069260826,HEADHUNTER,NIGHTMARE,14,0,3,7,17,7,14,11-14,0
AF069260926,HERMES,PRECISION,0,21,14,3,14,24,-21,15+,0
AF069270426,OVERDRIVE,SHROUD,14,0,13,0,27,0,14,11-14,0
AF069270526,NIGHTMARE,FENRIR,7,21,6,10,13,31,-14,11-14,0
AF069270626,KILLJOY,LIZARD,7,10,14,7,21,17,-3,3-4,3
AF069270726,SPARK,PURSUIT,7,10,7,7,14,17,-3,3-4,0
AF069270926,PRECISION,LEGEND,14,10,14,7,28,17,4,3-4,0
AF069280426,SABRE,GADGET,14,14,17,14,31,28,0,level,0
AF069280526,FUSE,MERCENARY,14,7,6,10,20,17,7,5-7,2
AF069280626,MAVERICK,NIRVANA,8,24,8,7,16,31,-16,15+,0
AF069280726,PRISMATIC,MAVERICK,14,7,0,3,14,10,7,5-7,0
AF069280826,SCHOLAR,PURSUIT,21,10,10,6,31,16,11,11-14,0
AF069290426,OVERDRIVE,HURRICANE,0,14,7,7,7,21,-14,11-14,0
AF069290526,HEADHUNTER,NIRVANA,14,7,0,10,14,17,7,5-7,1
AF069290626,FUSE,HEADHUNTER,6,17,8,3,14,20,-11,11-14,0
AF069290726,LIZARD,KILLJOY,7,14,0,3,7,17,-7,5-7,0
AF069290826,HEADHUNTER,FUSE,0,3,9,7,9,10,-3,3-4,2
AF069290926,MEMENTO,PRECISION,10,7,22,21,32,28,3,3-4,4
AF069300426,MERCENARY,AVATAR,17,7,14,7,31,14,10,8-10,0
AF069300526,FENRIR,KILLJOY,10,14,0,7,10,21,-4,3-4,0
AF069300626,MERCURY,RICOCHET,21,7,0,8,21,15,14,11-14,0
AF069300726,HEADHUNTER,REGRET,10,14,12,10,22,24,-4,3-4,0
AF069300926,OVERDRIVE,HERMES,14,7,10,7,24,14,7,5-7,0
AF069310526,NIGHTMARE,GADGET,21,0,0,0,21,0,21,15+,0
AF069310726,MERLIN,FUSE,7,14,7,13,14,27,-7,5-7,0
AF069310826,FENRIR,FUSE,7,21,8,14,15,35,-14,11-14,0
AF070010526,MINDFLAYER,TOMBSTONE,6,7,3,0,9,7,-1,1-2,1
AF070010626,RICOCHET,ENFORCER,7,7,7,0,14,7,0,level,0
AF070010726,CLOCKWORK,MINDFLAYER,0,7,0,7,0,14,-7,5-7,0
AF070010826,SHURIKEN,MAVERICK,7,14,0,3,7,17,-7,5-7,0
AF070010926,ENFORCER,MERCURY,10,0,10,0,20,0,10,8-10,0
AF070011026,ACE,SHROUD,7,0,10,14,17,14,7,5-7,0
AF070020526,LIZARD,AVATAR,24,7,13,14,37,21,17,15+,0
AF070020626,ENFORCER,MINDFLAYER,7,0,6,14,13,14,7,5-7,1
AF070020926,DREAD,STEEL,14,14,10,6,24,20,0,level,0
AF070030526,TOMBSTONE,SCHOLAR,14,3,7,7,21,10,11,11-14,0
AF070030626,OCTANE,PHOENIX,14,0,10,8,24,8,14,11-14,0
AF070030726,FUSE,KILLJOY,7,21,0,6,7,27,-14,11-14,0
AF070030826,DREAD,ORIGINAL,7,7,8,10,15,17,0,level,2
AF070031026,HURRICANE,PHOENIX,7,10,13,3,20,13,-3,3-4,1
AF070040526,SCHOLAR,SHURIKEN,7,0,13,7,20,7,7,5-7,0
AF070040626,SCHOLAR,ORIGINAL,14,17,21,0,35,17,-3,3-4,1
AF070040926,RICOCHET,MINDFLAYER,3,7,0,0,3,7,-4,3-4,0
AF070050726,TOMBSTONE,PRISMATIC,0,21,14,7,14,28,-21,15+,0
AF070050926,SHURIKEN,PURSUIT,17,14,0,7,17,21,3,3-4,1
AF070060526,NIRVANA,SCHOLAR,7,13,14,0,21,13,-6,5-7,1
AF070060626,GADGET,SPARK,14,14,0,7,14,21,0,level,0
AF070060726,PRISMATIC,MIRAGE,14,7,10,14,24,21,7,5-7,0
AF070060826,ORIGINAL,STEEL,10,7,7,0,17,7,3,3-4,0
AF070060926,STEEL,MISSILE,10,0,14,7,24,7,10,8-10,0
AF070061026,HERMES,LEO,14,14,7,8,21,22,0,level,2
AF070070526,STEEL,ENFORCER,3,3,8,10,11,13,0,level,2
AF070070626,PRISMATIC,ORIGINAL,10,7,7,7,17,14,3,3-4,0
AF070070726,SPARK,SCHOLAR,7,7,0,7,7,14,0,level,0
AF070070826,NIRVANA,MAVERICK,7,7,0,7,7,14,0,level,0
AF070070926,PRISMATIC,PURSUIT,10,14,15,7,25,21,-4,3-4,1
AF070080626,GADGET,SPARK,0,10,0,7,0,17,-10,8-10,0
AF070080726,STEEL,PRISMATIC,7,14,14,10,21,24,-7,5-7,0
AF070080826,LIZARD,GADGET,6,14,13,14,19,28,-8,8-10,0
AF070090626,RICOCHET,ORIGINAL,0,0,7,10,7,10,0,level,0
AF070090726,TOMBSTONE,STEEL,7,7,8,14,15,21,0,level,0
AF070090926,FUSE,NIGHTMARE,0,14,14,10,14,24,-14,11-14,0
AF070100626,MAVERICK,MINDFLAYER,17,7,7,0,24,7,10,8-10,0
AF070100726,ORIGINAL,SCHOLAR,7,10,0,14,7,24,-3,3-4,0
AF070100826,MONSTER,GENIUS,13,10,0,7,13,17,3,3-4,1
AF070110626,SPARK,REGRET,7,7,6,7,13,14,0,level,0
AF070110826,DREAD,ORIGINAL,7,7,14,7,21,14,0,level,1
AF070110926,PRECISION,AVATAR,7,7,17,14,24,21,0,level,0
AF070120626,ORIGINAL,CLOCKWORK,7,7,10,0,17,7,0,level,0
AF070120726,TOMBSTONE,ORIGINAL,14,10,0,7,14,17,4,3-4,1
AF070120826,DREAD,CLOCKWORK,7,7,7,0,14,7,0,level,0
AF070130626,MISSILE,SCHOLAR,7,10,3,7,10,17,-3,3-4,0
AF070130726,MERCURY,DREAD,7,14,17,7,24,21,-7,5-7,1
AF070130826,STEEL,MINDFLAYER,0,7,7,10,7,17,-7,5-7,0
AF070130926,IMPERIAL,LUNA,7,14,12,14,19,28,-7,5-7,0
AF070140626,TOMBSTONE,MISSILE,14,10,14,0,28,10,4,3-4,0
AF070140726,STEEL,TOMBSTONE,17,7,14,21,31,28,10,8-10,0
AF070140826,RICOCHET,MERCURY,10,7,14,21,24,28,3,3-4,5
AF070150626,MERCURY,PURSUIT,14,20,7,7,21,27,-6,5-7,2
AF070150826,NIGHTMARE,FENRIR,21,14,0,10,21,24,7,5-7,1
AF070150926,SHROUD,ASTRONAUT,21,3,7,14,28,17,18,15+,0
AF070160626,SCHOLAR,SPARK,10,0,17,8,27,8,10,8-10,0
AF070160726,MERCURY,PRISMATIC,3,14,6,7,9,21,-11,11-14,0
AF070160826,STEEL,SHURIKEN,14,14,21,14,35,28,0,level,0
AF070160926,ASTRONAUT,OVERDRIVE,7,7,7,3,14,10,0,level,1
AF070170626,CLOCKWORK,TOMBSTONE,14,0,7,7,21,7,14,11-14,0
AF070170826,SAGE,KATANA,7,0,0,10,7,10,7,5-7,1
AF070170926,SAGE,ACE,7,7,10,7,17,14,0,level,0
AF070180526,KEVLAR,AVATAR,17,7,7,7,24,14,10,8-10,0
AF070180626,DREAD,MISSILE,7,10,0,0,7,10,-3,3-4,0
AF070180726,ORIGINAL,SCHOLAR,7,14,0,21,7,35,-7,5-7,0
AF070180926,LUNA,KRAKEN,14,7,7,0,21,7,7,5-7,0
AF070190526,MAVERICK,RICOCHET,21,10,7,13,28,23,11,11-14,0
AF070190726,MAVERICK,NIRVANA,7,10,17,0,24,10,-3,3-4,1
AF070190826,STEEL,ENFORCER,14,14,21,7,35,21,0,level,0
AF070190926,KRAKEN,PSYCHIC,7,0,7,0,14,0,7,5-7,0
AF070200526,SHURIKEN,NIRVANA,7,3,0,3,7,6,4,3-4,0
AF070200726,LUNA,HERMES,7,14,7,3,14,17,-7,5-7,0
AF070200826,ORIGINAL,MIRAGE,14,10,7,14,21,24,4,3-4,3
AF070200926,PSYCHIC,IMPERIAL,17,7,7,7,24,14,10,8-10,0
AF070210726,MINDFLAYER,SCHOLAR,0,28,8,0,8,28,-28,15+,0
AF070210826,ORIGINAL,DREAD,21,14,10,10,31,24,7,5-7,0
AF070220726,REGRET,PURSUIT,0,3,7,7,7,10,-3,3-4,2
AF070220826,SHURIKEN,SCHOLAR,14,7,17,15,31,22,7,5-7,0
AF070230626,WARRIOR,SAGE,0,10,10,3,10,13,-10,8-10,0
AF070230726,RICOCHET,STEEL,0,3,3,14,3,17,-3,3-4,0
AF070230826,MISSILE,PURSUIT,10,14,0,21,10,35,-4,3-4,0
AF070240526,RICOCHET,MAVERICK,14,7,3,7,17,14,7,5-7,0
AF070240626,ENFORCER,SPARK,7,7,7,14,14,21,0,level,0
AF070240826,MINDFLAYER,MIRAGE,7,10,7,0,14,10,-3,3-4,1
AF070250526,PRISMATIC,SHURIKEN,21,7,7,0,28,7,14,11-14,0
AF070250726,HERMES,PHOENIX,7,7,17,14,24,21,0,level,0
AF070250826,MAVERICK,SCHOLAR,0,7,24,14,24,21,-7,5-7,1
AF070250926,VALIANT,SHROUD,0,7,6,0,6,7,-7,5-7,0
AF070260526,SCHOLAR,MAVERICK,7,3,17,16,24,19,4,3-4,0
AF070260626,MERCURY,CLOCKWORK,7,7,0,14,7,21,0,level,0
AF070260726,PRISMATIC,MINDFLAYER,14,7,21,20,35,27,7,5-7,0
AF070260826,DREAD,CLOCKWORK,0,7,0,14,0,21,-7,5-7,0
AF070260926,VALIANT,ASTRONAUT,10,3,6,8,16,11,7,5-7,2
AF070270426,PRECISION,LEGEND,14,14,3,7,17,21,0,level,1
AF070270526,RICOCHET,SHURIKEN,0,3,0,7,0,10,-3,3-4,0
AF070270626,TOMBSTONE,MIRAGE,0,10,3,0,3,10,-10,8-10,0
AF070270726,HEADHUNTER,FUSE,10,3,7,8,17,11,7,5-7,0
AF070270926,SHARK,ROMAN,7,14,6,7,13,21,-7,5-7,0
AF070280426,ENFORCER,PURSUIT,12,0,9,14,21,14,12,11-14,0
AF070280526,TOMBSTONE,MINDFLAYER,7,7,7,8,14,15,0,level,1
AF070280726,ENFORCER,STEEL,6,7,14,14,20,21,-1,1-2,4
AF070280826,RICOCHET,MIRAGE,0,14,0,0,0,14,-14,11-14,0
AF070280926,OFFICER,LYNX,14,7,0,10,14,17,7,5-7,1
AF070290426,PRECISION,LAZARUS,0,0,7,0,7,0,0,level,0
AF070290526,SCHOLAR,TOMBSTONE,13,21,8,14,21,35,-8,8-10,0
AF070290626,MERCURY,SPARK,17,14,13,14,30,28,3,3-4,2
AF070290726,SHURIKEN,HEADHUNTER,7,7,10,7,17,14,0,level,0
AF070290826,MISSILE,MERCURY,7,7,7,8,14,15,0,level,1
AF070290926,SAGE,RELIC,0,10,7,10,7,20,-10,8-10,0
AF070300526,REGRET,MINDFLAYER,7,14,7,3,14,17,-7,5-7,0
AF070300626,LEGEND,CLASH,14,21,0,0,14,21,-7,5-7,0
AF070300726,ORIGINAL,MISSILE,7,17,7,10,14,27,-10,8-10,0
AF070300826,MISSILE,SHURIKEN,7,7,10,8,17,15,0,level,0
AF070300926,PSYCHIC,STRIDER,10,7,7,7,17,14,3,3-4,2
AF070310526,ORIGINAL,NIRVANA,7,21,8,0,15,21,-14,11-14,0
AF070310726,RICOCHET,MERCURY,28,8,7,8,35,16,20,15+,0
AF070310826,DREAD,MIRAGE,6,7,8,14,14,21,-1,1-2,0
AF071010526,LAZARUS,MEMENTO,7,7,10,8,17,15,0,level,2
AF071010626,CLASH,PINNACLE,0,7,3,7,3,14,-7,5-7,0
AF071010726,CRYSTAL,JUDGEMENT,0,14,3,0,3,14,-14,11-14,0
AF071010826,VALIANT,SUMMIT,7,3,10,0,17,3,4,3-4,0
AF071010926,PRISMATIC,SPARK,7,7,7,10,14,17,0,level,1
AF071011026,SABRE,PRECISION,14,10,21,14,35,24,4,3-4,2
AF071020526,SCHOLAR,GADGET,14,14,6,7,20,21,0,level,0
AF071020626,REGRET,GADGET,0,14,0,0,0,14,-14,11-14,0
AF071020726,MISSILE,MIRAGE,0,10,7,14,7,24,-10,8-10,0
AF071020826,PINNACLE,CLASH,7,7,14,0,21,7,0,level,0
AF071020926,METEOR,HERMES,7,3,17,14,24,17,4,3-4,0
AF071021026,RELIC,LUNA,10,10,7,0,17,10,0,level,0
AF071030526,LEGEND,KEVLAR,7,7,0,3,7,10,0,level,0
AF071030626,MEMENTO,KEVLAR,7,7,7,0,14,7,0,level,0
AF071030726,MISSILE,CLOCKWORK,14,17,7,21,21,38,-3,3-4,0
AF071030826,SABRE,LEGEND,7,10,0,0,7,10,-3,3-4,0
AF071030926,SCHOLAR,SHURIKEN,7,3,7,7,14,10,4,3-4,0
AF071031026,OFFICER,MERCENARY,7,3,14,0,21,3,4,3-4,0
AF071040526,CLASH,LEGEND,7,7,17,14,24,21,0,level,0
AF071040626,ROCKET,KRAKEN,7,10,7,10,14,20,-3,3-4,0
AF071040726,SHROUD,PRECISION,14,3,0,7,14,10,11,11-14,0
AF071040826,SABRE,MEMENTO,14,14,10,8,24,22,0,level,2
AF071040926,ACE,RELIC,14,7,7,17,21,24,7,5-7,1
AF071041026,MEMENTO,LEO,14,14,15,21,29,35,0,level,1
AF071050526,METEOR,OVERDRIVE,0,14,7,14,7,28,-14,11-14,0
AF071050726,PATHFINDER,LEGEND,10,3,14,7,24,10,7,5-7,0
AF071050826,METEOR,HERMES,17,14,22,24,39,38,3,3-4,4
AF071051026,LYNX,LEO,0,7,15,10,15,17,-7,5-7,2
AF071060526,MERCENARY,NIGHTMARE,10,0,0,7,10,7,10,8-10,0
AF071060626,NIGHTMARE,FENRIR,0,7,0,7,0,14,-7,5-7,0
AF071060726,KRAKEN,OVERDRIVE,10,7,14,21,24,28,3,3-4,5
AF071060826,SPARK,SCHOLAR,7,7,7,0,14,7,0,level,0
AF071061026,LYNX,PINNACLE,7,7,7,6,14,13,0,level,0
AF071070626,ASTRONAUT,OVERDRIVE,19,13,22,14,41,27,6,5-7,0
AF071070726,OFFICER,HERMES,21,7,14,7,35,14,14,11-14,0
AF071070826,ORIGINAL,RICOCHET,0,14,0,10,0,24,-14,11-14,0
AF071080626,SENTRY,LEGEND,7,0,7,7,14,7,7,5-7,0
AF071080726,AVATAR,PRECISION,14,14,17,14,31,28,0,level,0
AF071080826,PRECISION,SENTRY,14,10,0,7,14,17,4,3-4,1
AF071080926,ENFORCER,STEEL,28,7,3,14,31,21,21,15+,0
AF071090626,JUDGEMENT,LYNX,10,14,7,7,17,21,-4,3-4,2
AF071090726,HERMES,SABRE,20,14,7,7,27,21,6,5-7,0
AF071090826,PRECISION,LEGEND,7,0,7,17,14,17,7,5-7,1
AF071090926,CLOCKWORK,ENFORCER,7,21,8,10,15,31,-14,11-14,0
AF071100626,LEGEND,MEMENTO,7,7,9,8,16,15,0,level,1
AF071100826,ACE,PATHFINDER,0,21,21,14,21,35,-21,15+,0
AF071100926,KEVLAR,SENTRY,7,10,7,0,14,10,-3,3-4,1
AF071110626,LEGEND,AVATAR,7,14,17,7,24,21,-7,5-7,1
AF071110926,ACE,RELIC,3,0,7,7,10,7,3,3-4,2
AF071120626,OFFICER,LYNX,7,0,10,14,17,14,7,5-7,0
AF071120726,PRECISION,OFFICER,7,0,13,17,20,17,7,5-7,2
AF071120826,HEADHUNTER,GADGET,10,7,8,14,18,21,3,3-4,1
AF071120926,OVERDRIVE,ACE,7,0,3,7,10,7,7,5-7,0
AF071130626,NIGHTMARE,HEADHUNTER,7,0,3,0,10,0,7,5-7,0
AF071130726,AVATAR,MERCENARY,7,21,0,10,7,31,-14,11-14,0
AF071130826,PRECISION,AVATAR,14,17,14,10,28,27,-3,3-4,1
AF071130926,SENTRY,LEO,21,7,7,8,28,15,14,11-14,0
AF071140626,LAZARUS,PRECISION,14,7,0,0,14,7,7,5-7,0
AF071140726,METEOR,LEO,14,14,0,7,14,21,0,level,0
AF071140826,LUNA,ROCKET,7,14,13,10,20,24,-7,5-7,0
AF071150626,SENTRY,LEGEND,0,0,10,7,10,7,0,level,0
AF071150726,MEMENTO,PATHFINDER,0,17,0,10,0,27,-17,15+,0
AF071160626,HERMES,PATHFINDER,14,14,7,14,21,28,0,level,0
AF071160826,MAVERICK,PRISMATIC,10,14,14,7,24,21,-4,3-4,3
AF071160926,UNICORN,SUMMIT,6,14,0,16,6,30,-8,8-10,0
AF071170726,SHURIKEN,MINDFLAYER,7,7,10,7,17,14,0,level,2
AF071170826,PRECISION,LYNX,7,3,17,7,24,10,4,3-4,2
AF071170926,AVATAR,PRECISION,14,21,10,0,24,21,-7,5-7,1
AF071180526,GENIUS,MONSTER,10,14,0,14,10,28,-4,3-4,0
AF071180626,OCTANE,BLAZE,7,0,6,10,13,10,7,5-7,2
AF071180726,SENTRY,MEMENTO,14,17,0,7,14,24,-3,3-4,0
AF071180826,PRECISION,LYNX,13,14,8,0,21,14,-1,1-2,1
AF071180926,HERMES,LEGEND,0,3,14,0,14,3,-3,3-4,1
AF071190526,LYNX,LEGEND,7,7,7,0,14,7,0,level,0
AF071190626,LUNA,VALIANT,7,7,7,0,14,7,0,level,0
AF071190826,HERMES,LEGEND,14,3,13,7,27,10,11,11-14,0
AF071190926,JUDGEMENT,ACE,10,7,7,7,17,14,3,3-4,0
AF071200526,KEVLAR,LEGEND,3,3,14,7,17,10,0,level,0
AF071200726,LEGEND,CLASH,7,14,7,3,14,17,-7,5-7,0
AF071200826,MERCENARY,LEGEND,14,14,10,7,24,21,0,level,0
AF071200926,LEO,KEVLAR,7,7,14,12,21,19,0,level,0
AF071210726,MEMENTO,LEGEND,21,14,10,15,31,29,7,5-7,2
AF071210826,MEMENTO,HERMES,14,7,7,15,21,22,7,5-7,1
AF071210926,LYNX,OFFICER,10,3,8,14,18,17,7,5-7,2
AF071220626,SENTRY,PRECISION,7,7,14,21,21,28,0,level,0
AF071220726,ACE,DESTINY,14,21,14,0,28,21,-7,5-7,1
AF071220826,LAZARUS,MEMENTO,14,7,3,3,17,10,7,5-7,0
AF071220926,PRECISION,HERMES,14,7,7,7,21,14,7,5-7,0
AF071230626,ACE,PRECISION,7,14,14,8,21,22,-7,5-7,2
AF071230726,HERMES,PATHFINDER,10,14,7,0,17,14,-4,3-4,1
AF071230826,KEVLAR,OFFICER,6,14,8,7,14,21,-8,8-10,0
AF071230926,LYNX,LEO,14,7,14,12,28,19,7,5-7,0
AF071240626,CRYSTAL,SORCERER,7,7,3,0,10,7,0,level,0
AF071240726,PATHFINDER,METEOR,17,10,7,16,24,26,7,5-7,1
AF071240926,LEGEND,LEO,7,21,7,0,14,21,-14,11-14,0
AF071250526,LAZARUS,PATHFINDER,0,17,16,7,16,24,-17,15+,0
AF071250626,MEMENTO,HERMES,17,7,7,0,24,7,10,8-10,0
AF071250726,LEGEND,SENTRY,7,7,3,10,10,17,0,level,0
AF071250826,LEO,MEMENTO,14,14,14,6,28,20,0,level,0
AF071250926,HERMES,PRECISION,14,24,7,7,21,31,-10,8-10,0
AF071260526,LYNX,KEVLAR,21,14,7,13,28,27,7,5-7,0
AF071260626,HEADHUNTER,REGRET,14,14,10,13,24,27,0,level,1
AF071260726,MEMENTO,PRECISION,21,21,8,7,29,28,0,level,1
AF071260826,HERMES,MEMENTO,21,0,7,7,28,7,21,15+,0
AF071260926,ACE,PATHFINDER,0,13,13,10,13,23,-13,11-14,0
AF071270426,NEON,MONSTER,3,7,14,13,17,20,-4,3-4,4
AF071270526,LAZARUS,SAGE,7,3,7,7,14,10,4,3-4,2
AF071270626,PATHFINDER,SENTRY,7,7,15,21,22,28,0,level,0
AF071270726,SHURIKEN,SCHOLAR,7,7,16,21,23,28,0,level,0
AF071270826,HEADHUNTER,FUSE,7,14,7,3,14,17,-7,5-7,0
AF071270926,MEMENTO,OFFICER,14,0,0,7,14,7,14,11-14,0
AF071280426,GADGET,AVATAR,14,21,7,10,21,31,-7,5-7,0
AF071280526,LAZARUS,ASTRONAUT,14,7,3,3,17,10,7,5-7,0
AF071280626,HERMES,CLASH,7,0,3,11,10,11,7,5-7,1
AF071280726,AVATAR,LEO,14,14,8,10,22,24,0,level,0
AF071280826,LYNX,LAZARUS,7,7,14,0,21,7,0,level,0
AF071280926,KRAKEN,IMPERIAL,7,17,14,7,21,24,-10,8-10,0
AF071290426,GENIUS,ROCKET,7,0,0,3,7,3,7,5-7,0
AF071290526,SHURIKEN,REGRET,0,0,3,0,3,0,0,level,0
AF071290626,LEGEND,MEMENTO,14,17,7,7,21,24,-3,3-4,0
AF071290726,METEOR,JUDGEMENT,20,0,0,3,20,3,20,15+,0
AF071290826,HERMES,LEGEND,14,14,7,10,21,24,0,level,0
AF071290926,LEGEND,JUDGEMENT,17,10,14,14,31,24,7,5-7,0
AF071300526,NIGHTMARE,GADGET,14,21,10,0,24,21,-7,5-7,1
AF071300626,ANVIL,OVERDRIVE,7,7,0,10,7,17,0,level,0
AF071300726,SENTRY,MERCENARY,7,10,7,7,14,17,-3,3-4,2
AF071300826,HERMES,CLASH,17,14,7,0,24,14,3,3-4,0
AF071300926,SABRE,ACE,0,7,17,3,17,10,-7,5-7,1
AF071310526,FENRIR,MERCENARY,7,7,7,0,14,7,0,level,0
AF071310726,CRYSTAL,IMPERIAL,7,3,10,0,17,3,4,3-4,0
AF071310826,KEVLAR,MERCENARY,7,3,7,14,14,17,4,3-4,3
AF072010526,CRYSTAL,VALIANT,7,0,7,0,14,0,7,5-7,0
AF072010626,OFFICER,CLASH,14,7,7,0,21,7,7,5-7,0
AF072010726,PATHFINDER,CRYSTAL,7,10,14,7,21,17,-3,3-4,1
AF072010826,VALIANT,SENTINEL,21,14,14,0,35,14,7,5-7,0
AF072010926,MINDFLAYER,PRISMATIC,7,7,10,7,17,14,0,level,0
AF072011026,OVERDRIVE,ASTRONAUT,7,14,17,0,24,14,-7,5-7,1
AF072020526,NIGHTMARE,AVATAR,14,3,3,0,17,3,11,11-14,0
AF072020626,ENFORCER,SCHOLAR,0,17,0,14,0,31,-17,15+,0
AF072020726,MERCURY,MISSILE,7,3,10,0,17,3,4,3-4,0
AF072020826,SHARK,DON,7,0,3,7,10,7,7,5-7,0
AF072020926,ROMAN,MIDAS,21,14,10,8,31,22,7,5-7,0
AF072021026,MIMIC,SUMMIT,3,14,7,0,10,14,-11,11-14,0
AF072030526,PRECISION,OCTANE,21,0,0,7,21,7,21,15+,0
AF072030726,FENRIR,KILLJOY,7,0,7,8,14,8,7,5-7,0
AF072030826,SHARK,DON,10,7,0,0,10,7,3,3-4,0
AF072030926,HEADHUNTER,FENRIR,17,17,14,15,31,32,0,level,1
AF072031026,WARRIOR,ROCKET,17,14,7,9,24,23,3,3-4,0
AF072040526,KRAKEN,SEEKER,0,0,7,10,7,10,0,level,2
AF072040626,METEOR,VALIANT,7,14,17,14,24,28,-7,5-7,0
AF072040726,LUNA,PHOENIX,21,7,14,7,35,14,14,11-14,0
AF072040826,MERCENARY,SABRE,24,7,7,0,31,7,17,15+,0
AF072040926,SAGE,ACE,7,7,6,7,13,14,0,level,0
AF072041026,HURRICANE,SHROUD,14,20,14,10,28,30,-6,5-7,2
AF072050526,OVERDRIVE,METEOR,7,14,0,3,7,17,-7,5-7,0
AF072050626,PSYCHIC,GENIUS,0,7,7,10,7,17,-7,5-7,0
AF072050726,ROCKET,LUNA,3,0,13,0,16,0,3,3-4,0
AF072050826,SHARK,DON,7,7,13,0,20,7,0,level,0
AF072050926,VALIANT,LUNA,7,7,3,0,10,7,0,level,0
AF072051026,HERMES,PRECISION,21,21,7,14,28,35,0,level,0
AF072060526,TOMBSTONE,SCHOLAR,7,14,0,10,7,24,-7,5-7,0
AF072060626,SHURIKEN,SPARK,0,3,8,7,8,10,-3,3-4,0
AF072060726,ACE,DON,4,10,14,14,18,24,-6,5-7,2
AF072060826,MINDFLAYER,ENFORCER,14,0,3,7,17,7,14,11-14,0
AF072060926,PRISMATIC,MISSILE,14,7,7,0,21,7,7,5-7,0
AF072061026,LEO,LEGEND,14,21,14,3,28,24,-7,5-7,1
AF072070526,MINDFLAYER,SPARK,0,14,6,0,6,14,-14,11-14,0
AF072070626,HERMES,ASTRONAUT,0,7,13,7,13,14,-7,5-7,0
AF072070726,LUNA,GENIUS,7,7,7,10,14,17,0,level,0
AF072070826,PURSUIT,MAVERICK,14,7,10,14,24,21,7,5-7,2
AF072070926,PHOENIX,HURRICANE,14,14,0,14,14,28,0,level,0
AF072080626,SEEKER,SUMMIT,7,0,0,9,7,9,7,5-7,1
AF072080726,LUNA,SUMMIT,0,21,14,3,14,24,-21,15+,0
AF072080826,OVERDRIVE,LUNA,7,0,7,8,14,8,7,5-7,0
AF072090626,ROCKET,GENIUS,14,7,3,7,17,14,7,5-7,0
AF072090726,ACE,DON,9,14,6,0,15,14,-5,5-7,1
AF072090826,PHOENIX,KRAKEN,17,7,14,14,31,21,10,8-10,0
AF072100626,KRAKEN,OCTANE,7,7,8,7,15,14,0,level,1
AF072100826,LAZARUS,LEGEND,0,7,15,10,15,17,-7,5-7,2
AF072110626,SUMMIT,ANVIL,17,14,0,7,17,21,3,3-4,1
AF072110826,MONSTER,GENIUS,7,21,7,10,14,31,-14,11-14,0
AF072110926,MEMENTO,OFFICER,14,7,14,15,28,22,7,5-7,0
AF072120626,PHOENIX,PSYCHIC,7,7,10,0,17,7,0,level,0
AF072120726,PSYCHIC,VALIANT,7,10,7,7,14,17,-3,3-4,2
AF072120826,ENFORCER,RICOCHET,14,14,0,3,14,17,0,level,0
AF072120926,KRAKEN,VALIANT,7,7,13,0,20,7,0,level,0
AF072130626,MAVERICK,MERCURY,14,7,3,0,17,7,7,5-7,0
AF072130726,WARRIOR,SHARK,3,7,18,7,21,14,-4,3-4,1
AF072130926,VALIANT,PHOENIX,0,14,8,3,8,17,-14,11-14,0
AF072140626,ROCKET,KRAKEN,13,7,7,3,20,10,6,5-7,0
AF072140726,GENIUS,SORCERER,21,7,7,0,28,7,14,11-14,0
AF072140826,OCTANE,ROCKET,0,17,0,10,0,27,-17,15+,0
AF072150726,MIDAS,ACE,0,14,3,0,3,14,-14,11-14,0
AF072150826,FUSE,FENRIR,10,0,0,14,10,14,10,8-10,1
AF072150926,HURRICANE,KRAKEN,7,7,10,7,17,14,0,level,0
AF072160626,LYNX,HERMES,10,7,7,14,17,21,3,3-4,3
AF072160726,SAGE,SEEKER,7,10,7,0,14,10,-3,3-4,1
AF072160826,MIRAGE,ORIGINAL,7,7,7,10,14,17,0,level,0
AF072160926,ACE,LUNA,10,7,7,7,17,14,3,3-4,2
AF072170626,ROCKET,KRAKEN,7,10,0,10,7,20,-3,3-4,0
AF072170726,RICOCHET,ORIGINAL,0,13,7,3,7,16,-13,11-14,0
AF072170826,IMPERIAL,GENIUS,10,14,13,3,23,17,-4,3-4,1
AF072170926,LUNA,ASTRONAUT,3,3,14,8,17,11,0,level,2
AF072180526,SUMMIT,UNICORN,0,3,7,7,7,10,-3,3-4,2
AF072180626,BLAZE,OCTANE,21,7,3,3,24,10,14,11-14,0
AF072180726,LUNA,VALIANT,14,13,7,11,21,24,1,1-2,3
AF072180826,SUMMIT,GENIUS,0,7,14,3,14,10,-7,5-7,1
AF072190626,LUNA,ROCKET,0,10,7,7,7,17,-10,8-10,0
AF072190726,CRYSTAL,GENIUS,7,3,0,7,7,10,4,3-4,1
AF072190826,STRIDER,MIDAS,7,10,14,7,21,17,-3,3-4,1
AF072190926,PSYCHIC,HURRICANE,7,10,0,7,7,17,-3,3-4,0
AF072200526,OCTANE,LUNA,0,17,12,14,12,31,-17,15+,0
AF072200726,STRIDER,DAME,14,7,0,0,14,7,7,5-7,0
AF072200826,ROMAN,WARRIOR,10,7,7,7,17,14,3,3-4,2
AF072200926,IMPERIAL,ROCKET,10,0,7,7,17,7,10,8-10,0
AF072210826,KRAKEN,MIMIC,14,7,7,7,21,14,7,5-7,0
AF072220626,MONSTER,KRAKEN,0,7,0,7,0,14,-7,5-7,0
AF072220726,GENIUS,ACE,14,7,10,8,24,15,7,5-7,0
AF072220826,PHOENIX,HURRICANE,17,14,7,7,24,21,3,3-4,2
AF072230726,WARRIOR,SHARK,7,7,14,3,21,10,0,level,1
AF072230826,OCTANE,HURRICANE,14,10,14,9,28,19,4,3-4,0
AF072230926,HURRICANE,LUNA,14,3,3,6,17,9,11,11-14,0
AF072240626,SORCERER,LUNA,3,14,6,7,9,21,-11,11-14,0
AF072240726,WARRIOR,ACE,0,10,0,3,0,13,-10,8-10,0
AF072240826,OCTANE,VALIANT,3,21,0,7,3,28,-18,15+,0
AF072240926,SABRE,LUNA,21,0,0,0,21,0,21,15+,0
AF072250526,SEEKER,GENIUS,3,0,3,3,6,3,3,3-4,0
AF072250626,ANVIL,KATANA,7,6,10,8,17,14,1,1-2,0
AF072250726,ROMAN,WARRIOR,10,7,7,0,17,7,3,3-4,0
AF072250826,MONSTER,KRAKEN,10,14,20,17,30,31,-4,3-4,4
AF072250926,ROCKET,LUNA,7,10,14,7,21,17,-3,3-4,3
AF072260526,UNICORN,SUMMIT,7,0,7,0,14,0,7,5-7,0
AF072260626,NIRVANA,MISSILE,7,0,10,0,17,0,7,5-7,0
AF072260826,DESTINY,SHARK,7,7,7,0,14,7,0,level,0
AF072260926,SHROUD,OVERDRIVE,3,7,8,3,11,10,-4,3-4,1
AF072270426,OVERDRIVE,SPLINTER,10,7,6,14,16,21,3,3-4,1
AF072270526,VALIANT,LAZARUS,7,7,11,8,18,15,0,level,0
AF072270626,LUNA,IMPERIAL,7,10,0,7,7,17,-3,3-4,0
AF072270726,HEADHUNTER,NIGHTMARE,7,7,6,7,13,14,0,level,0
AF072270826,GADGET,HEADHUNTER,7,14,14,0,21,14,-7,5-7,1
AF072280426,REGRET,SPARK,17,14,7,14,24,28,3,3-4,1
AF072280526,ROCKET,LUNA,6,14,8,3,14,17,-8,8-10,0
AF072280626,PHOENIX,OCTANE,7,7,3,0,10,7,0,level,0
AF072280726,SHARK,ROMAN,7,10,3,7,10,17,-3,3-4,0
AF072280826,LAZARUS,ACE,0,10,18,7,18,17,-10,8-10,1
AF072280926,PINNACLE,CLASH,7,10,0,14,7,24,-3,3-4,0
AF072290426,CRYSTAL,METEOR,0,7,7,7,7,14,-7,5-7,0
AF072290526,ORIGINAL,MAVERICK,7,7,0,3,7,10,0,level,0
AF072290626,SHARK,LUNA,7,19,7,14,14,33,-12,11-14,0
AF072290726,WARRIOR,SHARK,17,0,7,14,24,14,17,15+,0
AF072290826,LUNA,KRAKEN,10,14,7,7,17,21,-4,3-4,2
AF072290926,SABRE,LUNA,14,3,7,7,21,10,11,11-14,0
AF072300426,KRAKEN,SEEKER,14,0,7,3,21,3,14,11-14,0
AF072300526,MAVERICK,SCHOLAR,14,14,0,7,14,21,0,level,0
AF072300726,CRYSTAL,LUNA,0,7,7,7,7,14,-7,5-7,0
AF072300826,VALIANT,ROCKET,14,10,3,0,17,10,4,3-4,0
AF072300926,ROCKET,LUNA,3,10,7,3,10,13,-7,5-7,0
AF072310526,MAVERICK,RICOCHET,7,0,0,0,7,0,7,5-7,0
AF072310726,IMPERIAL,UNICORN,14,14,7,14,21,28,0,level,0
AF072310826,LUNA,PSYCHIC,14,7,7,3,21,10,7,5-7,0
AF073010526,MEMENTO,PRECISION,3,10,10,0,13,10,-7,5-7,1
AF073010626,PINNACLE,OFFICER,21,14,12,12,33,26,7,5-7,0
AF073010726,JUDGEMENT,PATHFINDER,3,21,7,7,10,28,-18,15+,0
AF073010826,SENTINEL,SUMMIT,0,0,8,20,8,20,0,level,0
AF073010926,SPARK,MINDFLAYER,7,7,3,0,10,7,0,level,0
AF073011026,KEVLAR,PRECISION,3,14,21,12,24,26,-11,11-14,2
AF073020526,SPARK,GADGET,7,14,7,10,14,24,-7,5-7,0
AF073020626,SHURIKEN,HEADHUNTER,7,0,7,0,14,0,7,5-7,0
AF073020726,MIRAGE,MERCURY,3,21,7,0,10,21,-18,15+,0
AF073020826,KATANA,LAZARUS,7,7,0,10,7,17,0,level,0
AF073021026,ROCKET,LUNA,14,7,14,3,28,10,7,5-7,0
AF073030526,SENTRY,OVERDRIVE,3,10,14,10,17,20,-7,5-7,0
AF073030626,HURRICANE,VALIANT,14,14,14,0,28,14,0,level,0
AF073030726,MERCURY,CLOCKWORK,14,0,7,7,21,7,14,11-14,0
AF073030826,PHOENIX,MONSTER,17,0,0,0,17,0,17,15+,0
AF073031026,OFFICER,MEMENTO,10,7,7,14,17,21,3,3-4,3
AF073040526,PATHFINDER,PRECISION,3,13,10,10,13,23,-10,8-10,0
AF073040626,ROCKET,ANVIL,10,7,14,14,24,21,3,3-4,0
AF073040726,KRAKEN,HURRICANE,7,7,10,9,17,16,0,level,2
AF073040826,MEMENTO,MERCENARY,14,14,8,21,22,35,0,level,0
AF073040926,SAGE,RELIC,0,21,14,7,14,28,-21,15+,0
AF073041026,OFFICER,LEO,21,7,14,16,35,23,14,11-14,0
AF073050626,OVERDRIVE,HURRICANE,3,14,0,7,3,21,-11,11-14,0
AF073050726,SENTRY,METEOR,7,3,7,0,14,3,4,3-4,0
AF073050826,SORCERER,GENIUS,7,14,10,7,17,21,-7,5-7,2
AF073051026,LYNX,MEMENTO,7,13,7,14,14,27,-6,5-7,0
AF073060526,GADGET,SABRE,14,10,14,15,28,25,4,3-4,2
AF073060626,LIZARD,KILLJOY,0,0,15,17,15,17,0,level,2
AF073060726,PHOENIX,SUMMIT,7,7,14,7,21,14,0,level,0
AF073060826,SHURIKEN,SCHOLAR,0,13,7,7,7,20,-13,11-14,0
AF073060926,FUSE,HEADHUNTER,10,14,8,10,18,24,-4,3-4,0
AF073061026,MERCENARY,CLASH,3,0,7,14,10,14,3,3-4,3
AF073070726,CRYSTAL,JUDGEMENT,7,14,7,3,14,17,-7,5-7,0
AF073070826,MISSILE,RICOCHET,7,7,7,13,14,20,0,level,0
AF073070926,JUDGEMENT,ACE,10,7,8,10,18,17,3,3-4,2
AF073080626,LEO,METEOR,3,14,8,7,11,21,-11,11-14,0
AF073080726,KEVLAR,ROCKET,0,7,14,0,14,7,-7,5-7,1
AF073080826,LAZARUS,SHROUD,10,7,14,14,24,21,3,3-4,4
AF073090626,HERMES,PATHFINDER,10,14,0,0,10,14,-4,3-4,0
AF073090726,CRYSTAL,VALIANT,7,3,7,0,14,3,4,3-4,0
AF073090826,ACE,RELIC,7,7,7,0,14,7,0,level,0
AF073090926,RICOCHET,ENFORCER,0,21,14,7,14,28,-21,15+,0
AF073100626,PATHFINDER,VALIANT,10,7,7,0,17,7,3,3-4,0
AF073100826,PSYCHIC,SAGE,0,17,7,0,7,17,-17,15+,0
AF073100926,LYNX,MEMENTO,14,7,14,7,28,14,7,5-7,0
AF073110626,HERMES,HURRICANE,10,14,29,15,39,29,-4,3-4,1
AF073110826,SABRE,ROCKET,24,14,0,7,24,21,10,8-10,0
AF073110926,METEOR,LUNA,10,0,10,14,20,14,10,8-10,0
AF073120726,METEOR,KATANA,7,0,3,9,10,9,7,5-7,0
AF073120826,LIZARD,GADGET,21,14,7,6,28,20,7,5-7,0
AF073120926,ASTRONAUT,ACE,7,0,6,7,13,7,7,5-7,0
AF073130626,FENRIR,HEADHUNTER,21,14,16,17,37,31,7,5-7,0
AF073130726,HERMES,LAZARUS,14,7,7,15,21,22,7,5-7,1
AF073130826,ASTRONAUT,CRYSTAL,0,7,0,9,0,16,-7,5-7,0
AF073130926,SENTRY,HERMES,17,7,7,0,24,7,10,8-10,0
AF073140626,PATHFINDER,KATANA,14,0,7,7,21,7,14,11-14,0
AF073140726,ASTRONAUT,KATANA,10,0,2,0,12,0,10,8-10,0
AF073140826,ROCKET,OCTANE,17,7,0,7,17,14,10,8-10,0
AF073150626,LYNX,PATHFINDER,14,10,0,7,14,17,4,3-4,1
AF073150726,HERMES,JUDGEMENT,7,21,3,0,10,21,-14,11-14,0
AF073160626,PATHFINDER,LYNX,0,13,14,10,14,23,-13,11-14,0
AF073160726,MEMENTO,SABRE,21,10,7,19,28,29,11,11-14,1
AF073160826,NIRVANA,PRISMATIC,14,14,7,0,21,14,0,level,0
AF073160926,MIMIC,MIDAS,14,14,10,14,24,28,0,level,1
AF073170726,MIRAGE,MINDFLAYER,17,7,7,9,24,16,10,8-10,0
AF073170826,CRYSTAL,ACE,0,7,10,7,10,14,-7,5-7,2
AF073170926,KEVLAR,PRECISION,7,14,7,7,14,21,-7,5-7,0
AF073180526,CLASH,LEGEND,14,7,14,10,28,17,7,5-7,0
AF073180626,BLAZE,ROCKET,14,14,14,13,28,27,0,level,0
AF073180726,AVATAR,SHROUD,0,14,6,0,6,14,-14,11-14,0
AF073180826,LAZARUS,CRYSTAL,17,7,3,7,20,14,10,8-10,0
AF073180926,MEMENTO,LEGEND,7,7,7,10,14,17,0,level,1
AF073190526,SHROUD,OCTANE,7,0,3,7,10,7,7,5-7,0
AF073190626,ROCKET,VALIANT,7,0,7,15,14,15,7,5-7,1
AF073190726,KRAKEN,KATANA,0,7,17,7,17,14,-7,5-7,3
AF073190826,METEOR,ASTRONAUT,7,0,0,10,7,10,7,5-7,1
AF073190926,OVERDRIVE,JUDGEMENT,10,7,7,14,17,21,3,3-4,3
AF073200526,HURRICANE,LAZARUS,7,14,15,7,22,21,-7,5-7,1
AF073200726,HERMES,MONSTER,7,14,20,14,27,28,-7,5-7,0
AF073200826,CRYSTAL,ASTRONAUT,10,7,3,3,13,10,3,3-4,0
AF073200926,PRECISION,AVATAR,17,7,7,7,24,14,10,8-10,0
AF073210726,SAGE,KRAKEN,10,14,3,0,13,14,-4,3-4,0
AF073210826,ROCKET,LUNA,7,7,3,0,10,7,0,level,0
AF073210926,LEGEND,MEMENTO,14,14,7,10,21,24,0,level,0
AF073220626,SAGE,LYNX,7,3,6,14,13,17,4,3-4,1
AF073220726,DESTINY,GENIUS,14,17,0,7,14,24,-3,3-4,0
AF073220826,PRECISION,ROCKET,10,0,7,7,17,7,10,8-10,0
AF073220926,LYNX,PATHFINDER,14,14,7,3,21,17,0,level,1
AF073230626,JUDGEMENT,LYNX,0,14,15,3,15,17,-14,11-14,0
AF073230726,HURRICANE,CRYSTAL,3,7,0,0,3,7,-4,3-4,0
AF073230926,LYNX,LEGEND,10,7,7,7,17,14,3,3-4,2
AF073240626,KATANA,LYNX,0,10,7,3,7,13,-10,8-10,0
AF073240726,OVERDRIVE,LUNA,7,0,6,7,13,7,7,5-7,0
AF073240826,VALIANT,HURRICANE,7,0,14,0,21,0,7,5-7,0
AF073240926,HERMES,LEO,17,7,14,16,31,23,10,8-10,0
AF073250526,LEO,CRYSTAL,7,0,14,7,21,7,7,5-7,0
AF073250726,LUNA,VALIANT,10,0,0,7,10,7,10,8-10,0
AF073250826,ASTRONAUT,SAGE,0,7,10,0,10,7,-7,5-7,1
AF073250926,MEMENTO,PRECISION,14,14,10,7,24,21,0,level,0
AF073260726,PATHFINDER,METEOR,14,7,3,0,17,7,7,5-7,0
AF073260826,MIMIC,IMPERIAL,10,0,0,8,10,8,10,8-10,0
AF073260926,PRECISION,PATHFINDER,14,17,14,10,28,27,-3,3-4,1
AF073270426,MEMENTO,CLASH,7,14,14,10,21,24,-7,5-7,0
AF073270526,SAGE,VALIANT,3,13,14,7,17,20,-10,8-10,0
AF073270626,LAZARUS,CRYSTAL,10,7,7,7,17,14,3,3-4,2
AF073270726,SHURIKEN,PURSUIT,0,7,18,10,18,17,-7,5-7,3
AF073270826,FUSE,GADGET,7,21,21,10,28,31,-14,11-14,0
AF073270926,LEGEND,OFFICER,14,21,8,7,22,28,-7,5-7,0
AF073280426,HEADHUNTER,AVATAR,14,3,0,6,14,9,11,11-14,0
AF073280526,PATHFINDER,CRYSTAL,14,14,6,0,20,14,0,level,0
AF073280626,LEO,OVERDRIVE,13,17,13,7,26,24,-4,3-4,3
AF073280726,OVERDRIVE,CRYSTAL,7,6,0,7,7,13,1,1-2,1
AF073280826,LYNX,ACE,14,10,6,0,20,10,4,3-4,0
AF073280926,PSYCHIC,KATANA,0,0,3,7,3,7,0,level,1
AF073290426,LAZARUS,LEGEND,0,7,7,3,7,10,-7,5-7,0
AF073290526,NIRVANA,REGRET,14,14,0,7,14,21,0,level,0
AF073290726,OVERDRIVE,SUMMIT,7,14,0,3,7,17,-7,5-7,0
AF073290826,SHROUD,ROCKET,17,10,7,7,24,17,7,5-7,0
AF073290926,PRECISION,JUDGEMENT,14,7,7,15,21,22,7,5-7,1
AF073300526,NIGHTMARE,KILLJOY,0,10,14,7,14,17,-10,8-10,0
AF073300626,KEVLAR,PRECISION,14,10,7,0,21,10,4,3-4,0
AF073300726,LEGEND,LYNX,10,0,7,14,17,14,10,8-10,0
AF073300826,MEMENTO,LAZARUS,7,7,7,8,14,15,0,level,1
AF073310526,GADGET,MERCENARY,7,14,10,0,17,14,-7,5-7,1
AF073310726,UNICORN,IMPERIAL,14,7,3,0,17,7,7,5-7,0
AF073310826,SABRE,ASTRONAUT,10,7,10,7,20,14,3,3-4,0
AF074010526,VALIANT,SHROUD,14,7,7,8,21,15,7,5-7,0
AF074010626,CLASH,PINNACLE,21,7,10,6,31,13,14,11-14,0
AF074010726,JUDGEMENT,CRYSTAL,7,0,7,3,14,3,7,5-7,0
AF074010826,VALIANT,SUMMIT,14,14,10,7,24,21,0,level,0
AF074010926,PRISMATIC,SPARK,10,7,7,0,17,7,3,3-4,0
AF074011026,SHROUD,ASTRONAUT,0,17,21,7,21,24,-17,15+,0
AF074020526,FENRIR,LIZARD,0,0,0,7,0,7,0,level,0
AF074020626,MAVERICK,MINDFLAYER,10,0,0,3,10,3,10,8-10,0
AF074020726,MISSILE,MIRAGE,7,14,10,7,17,21,-7,5-7,2
AF074020826,SENTRY,ACE,10,7,6,0,16,7,3,3-4,0
AF074020926,KEVLAR,LEGEND,14,10,7,15,21,25,4,3-4,1
AF074030526,PINNACLE,CLASH,14,7,7,13,21,20,7,5-7,0
AF074030626,LEGEND,PRECISION,7,0,7,16,14,16,7,5-7,3
AF074030726,MERLIN,FUSE,21,21,14,24,35,45,0,level,0
AF074030826,MEMENTO,MERCENARY,16,7,0,14,16,21,9,8-10,1
AF074030926,HEADHUNTER,MERLIN,14,7,3,14,17,21,7,5-7,1
AF074031026,WARRIOR,PHOENIX,7,0,14,7,21,7,7,5-7,0
AF074040526,LAZARUS,MEMENTO,7,10,0,7,7,17,-3,3-4,0
AF074040626,ROCKET,KRAKEN,7,3,14,14,21,17,4,3-4,2
AF074040726,OFFICER,OVERDRIVE,7,7,7,6,14,13,0,level,0
AF074040826,MEMENTO,SABRE,9,10,27,21,36,31,-1,1-2,1
AF074040926,PRECISION,HERMES,10,10,6,7,16,17,0,level,0
AF074050726,PRECISION,OFFICER,10,7,7,7,17,14,3,3-4,2
AF074050826,LAZARUS,LEO,24,7,8,8,32,15,17,15+,0
AF074051026,HERMES,KEVLAR,7,14,14,13,21,27,-7,5-7,0
AF074060526,MINDFLAYER,NIRVANA,17,7,7,6,24,13,10,8-10,0
AF074060626,REGRET,GADGET,21,14,7,13,28,27,7,5-7,0
AF074060826,STEEL,ENFORCER,7,0,14,13,21,13,7,5-7,0
AF074060926,MIRAGE,STEEL,0,10,7,7,7,17,-10,8-10,0
AF074061026,HERMES,OFFICER,7,10,14,7,21,17,-3,3-4,3
AF074070526,ENFORCER,SPARK,0,7,7,3,7,10,-7,5-7,0
AF074070626,OVERDRIVE,ASTRONAUT,14,14,0,7,14,21,0,level,0
AF074070726,LYNX,LEGEND,3,14,7,0,10,14,-11,11-14,0
AF074070826,REGRET,NIRVANA,7,0,3,7,10,7,7,5-7,0
AF074070926,SENTRY,KEVLAR,6,9,0,14,6,23,-3,3-4,0
AF074080626,PRECISION,CLASH,14,14,0,3,14,17,0,level,0
AF074080726,CLASH,MEMENTO,7,20,14,3,21,23,-13,11-14,0
AF074080826,AVATAR,OFFICER,0,14,16,8,16,22,-14,11-14,0
AF074080926,REGRET,MAVERICK,0,14,14,3,14,17,-14,11-14,0
AF074090626,KEVLAR,AVATAR,10,0,10,0,20,0,10,8-10,0
AF074090726,KEVLAR,AVATAR,7,14,3,0,10,14,-7,5-7,0
AF074090826,MEMENTO,CLASH,3,7,0,7,3,14,-4,3-4,0
AF074090926,MERLIN,FUSE,10,0,8,17,18,17,10,8-10,2
AF074100626,LAZARUS,KEVLAR,10,10,7,8,17,18,0,level,1
AF074100726,MEMENTO,AVATAR,0,14,6,6,6,20,-14,11-14,0
AF074100826,ACE,HERMES,0,7,7,7,7,14,-7,5-7,0
AF074100926,LUNA,SABRE,21,14,14,13,35,27,7,5-7,0
AF074110626,MEMENTO,PINNACLE,7,14,15,10,22,24,-7,5-7,2
AF074110826,MERCENARY,LEGEND,10,14,0,7,10,21,-4,3-4,0
AF074110926,OFFICER,AVATAR,14,14,14,7,28,21,0,level,0
AF074120626,SENTRY,MEMENTO,7,14,7,3,14,17,-7,5-7,0
AF074120726,CLASH,MERCENARY,0,7,6,0,6,7,-7,5-7,0
AF074120826,CLOCKWORK,RICOCHET,7,7,10,0,17,7,0,level,0
AF074130626,SCHOLAR,MERCURY,7,7,10,8,17,15,0,level,2
AF074130726,MEMENTO,KEVLAR,7,7,10,8,17,15,0,level,0
AF074130826,LYNX,LAZARUS,7,14,3,6,10,20,-7,5-7,0
AF074130926,VALIANT,LUNA,10,7,7,7,17,14,3,3-4,0
AF074140626,CLASH,OFFICER,7,7,7,0,14,7,0,level,0
AF074140726,MEMENTO,CLASH,7,7,14,21,21,28,0,level,2
AF074140826,OCTANE,LUNA,7,14,15,7,22,21,-7,5-7,1
AF074150626,PINNACLE,MEMENTO,7,7,3,0,10,7,0,level,0
AF074150726,LEO,LYNX,7,7,14,7,21,14,0,level,1
AF074150826,KILLJOY,NIGHTMARE,7,0,7,6,14,6,7,5-7,0
AF074150926,ASTRONAUT,KRAKEN,7,14,0,3,7,17,-7,5-7,0
AF074160626,HERMES,PATHFINDER,7,14,0,21,7,35,-7,5-7,0
AF074160826,SHURIKEN,ORIGINAL,3,14,0,0,3,14,-11,11-14,0
AF074160926,ACE,OVERDRIVE,14,7,3,0,17,7,7,5-7,0
AF074170626,PRECISION,PATHFINDER,10,6,3,0,13,6,4,3-4,0
AF074170726,ORIGINAL,CLOCKWORK,10,7,7,14,17,21,3,3-4,3
AF074170826,CLASH,LYNX,14,7,14,13,28,20,7,5-7,0
AF074170926,ACE,ASTRONAUT,7,7,7,0,14,7,0,level,0
AF074180526,NEON,SEEKER,0,17,0,7,0,24,-17,15+,0
AF074180626,BLAZE,KRAKEN,14,21,8,7,22,28,-7,5-7,0
AF074180726,OFFICER,MERCENARY,7,17,27,10,34,27,-10,8-10,1
AF074180826,LEGEND,HERMES,14,7,14,14,28,21,7,5-7,0
AF074190526,LEO,ASTRONAUT,21,21,0,10,21,31,0,level,0
AF074190626,LUNA,VALIANT,7,14,0,3,7,17,-7,5-7,0
AF074190726,MEMENTO,CLASH,17,14,7,14,24,28,3,3-4,3
AF074190826,MEMENTO,ACE,13,7,6,3,19,10,6,5-7,0
AF074200526,MEMENTO,CLASH,14,10,7,8,21,18,4,3-4,0
AF074200726,AVATAR,MEMENTO,17,7,7,10,24,17,10,8-10,0
AF074200826,LEO,PRECISION,21,0,7,21,28,21,21,15+,0
AF074200926,PSYCHIC,HURRICANE,7,7,7,14,14,21,0,level,0
AF074210726,PINNACLE,SABRE,14,21,14,18,28,39,-7,5-7,0
AF074210826,LEO,SENTRY,14,3,14,28,28,31,11,11-14,1
AF074210926,ACE,STRIDER,14,7,3,7,17,14,7,5-7,0
AF074220626,LEGEND,PRECISION,7,14,0,3,7,17,-7,5-7,0
AF074220826,PINNACLE,MERCENARY,14,7,10,14,24,21,7,5-7,0
AF074220926,KATANA,SAGE,7,3,14,14,21,17,4,3-4,4
AF074230626,MEMENTO,MERCENARY,0,14,7,6,7,20,-14,11-14,0
AF074230726,LEO,PINNACLE,10,14,14,7,24,21,-4,3-4,3
AF074230926,HURRICANE,KRAKEN,0,14,15,7,15,21,-14,11-14,0
AF074240726,LYNX,OFFICER,3,0,7,15,10,15,3,3-4,1
AF074240826,OCTANE,HURRICANE,0,14,9,0,9,14,-14,11-14,0
AF074240926,ROCKET,LUNA,14,17,14,14,28,31,-3,3-4,0
AF074250526,CLASH,AVATAR,7,14,14,13,21,27,-7,5-7,2
AF074250626,JUDGEMENT,LEGEND,0,3,7,7,7,10,-3,3-4,2
AF074250726,SHROUD,JUDGEMENT,7,14,13,7,20,21,-7,5-7,0
AF074250826,LEGEND,PRECISION,14,7,10,9,24,16,7,5-7,0
AF074250926,SHROUD,LUNA,14,7,6,7,20,14,7,5-7,0
AF074260526,MEMENTO,ASTRONAUT,14,7,14,14,28,21,7,5-7,0
AF074260626,CLOCKWORK,MISSILE,14,14,3,7,17,21,0,level,1
AF074260726,KEVLAR,PINNACLE,21,14,6,14,27,28,7,5-7,1
AF074260826,SAGE,JUDGEMENT,14,14,7,10,21,24,0,level,2
AF074260926,ASTRONAUT,OVERDRIVE,17,27,17,16,34,43,-10,8-10,0
AF074270426,UNICORN,SEEKER,10,0,0,7,10,7,10,8-10,0
AF074270526,SAGE,LAZARUS,10,0,13,21,23,21,10,8-10,0
AF074270626,ACE,LEO,0,10,3,7,3,17,-10,8-10,0
AF074270726,GADGET,FUSE,14,7,0,0,14,7,7,5-7,0
AF074270926,ROMAN,DON,0,7,15,7,15,14,-7,5-7,1
AF074280426,PURSUIT,SPARK,14,17,3,3,17,20,-3,3-4,0
AF074280526,HERMES,LEGEND,7,14,7,3,14,17,-7,5-7,0
AF074280626,OFFICER,MERCENARY,7,6,6,8,13,14,1,1-2,1
AF074280726,ACE,LEGEND,7,7,21,9,28,16,0,level,1
AF074280826,LAZARUS,LYNX,0,0,14,3,14,3,0,level,1
AF074280926,CLASH,LYNX,7,14,7,7,14,21,-7,5-7,0
AF074290426,ROCKET,SUMMIT,7,6,7,11,14,17,1,1-2,1
AF074290526,TOMBSTONE,MAVERICK,14,14,6,7,20,21,0,level,0
AF074290626,HERMES,PATHFINDER,14,14,3,0,17,14,0,level,0
AF074290726,HERMES,PRECISION,14,3,3,7,17,10,11,11-14,0
AF074290826,LAZARUS,OFFICER,0,14,15,3,15,17,-14,11-14,2
AF074290926,RELIC,LUNA,0,10,7,9,7,19,-10,8-10,0
AF074300526,MAVERICK,MINDFLAYER,7,7,3,0,10,7,0,level,0
AF074300626,VALIANT,LUNA,10,14,8,3,18,17,-4,3-4,1
AF074300726,PINNACLE,AVATAR,14,10,10,16,24,26,4,3-4,3
AF074300826,KEVLAR,PINNACLE,10,14,11,14,21,28,-4,3-4,0
AF074310526,NIRVANA,RICOCHET,7,3,7,8,14,11,4,3-4,0
AF074310726,IMPERIAL,LUNA,6,3,8,14,14,17,3,3-4,3
AF074310826,SENTRY,CLASH,21,7,7,8,28,15,14,11-14,0
AF075010526,LAZARUS,HERMES,0,10,7,0,7,10,-10,8-10,0
AF075010626,PINNACLE,CLASH,7,7,0,7,7,14,0,level,0
AF075010726,OCTANE,METEOR,7,14,9,3,16,17,-7,5-7,2
AF075011026,KEVLAR,SABRE,14,7,3,7,17,14,7,5-7,0
AF075020526,SHURIKEN,SCHOLAR,7,0,3,0,10,0,7,5-7,0
AF075020626,GADGET,HEADHUNTER,3,0,14,7,17,7,3,3-4,0
AF075020726,MERCURY,MISSILE,7,7,8,10,15,17,0,level,2
AF075020826,WARRIOR,ROMAN,10,3,0,0,10,3,7,5-7,0
AF075021026,ROCKET,RELIC,3,7,14,21,17,28,-4,3-4,4
AF075030526,LUNA,HURRICANE,14,7,7,0,21,7,7,5-7,0
AF075030726,MERCURY,MISSILE,0,10,8,7,8,17,-10,8-10,0
AF075030826,ROMAN,DON,10,0,7,14,17,14,10,8-10,0
AF075030926,MIRAGE,SHURIKEN,14,7,14,13,28,20,7,5-7,0
AF075040526,MONSTER,VALIANT,14,14,7,10,21,24,0,level,2
AF075040626,HURRICANE,METEOR,7,14,21,7,28,21,-7,5-7,1
AF075040726,PSYCHIC,CRYSTAL,9,7,7,0,16,7,2,1-2,0
AF075040826,PINNACLE,LAZARUS,21,14,3,7,24,21,7,5-7,0
AF075040926,VALIANT,IMPERIAL,7,7,7,9,14,16,0,level,1
AF075041026,OFFICER,MEMENTO,0,14,23,18,23,32,-14,11-14,2
AF075050626,SUMMIT,GENIUS,7,10,13,14,20,24,-3,3-4,4
AF075050726,PSYCHIC,VALIANT,14,0,9,8,23,8,14,11-14,0
AF075050926,LUNA,VALIANT,7,7,7,0,14,7,0,level,0
AF075051026,LYNX,LEO,17,21,15,14,32,35,-4,3-4,0
AF075060526,LAZARUS,KEVLAR,7,14,0,3,7,17,-7,5-7,0
AF075060626,PINNACLE,AVATAR,7,14,14,3,21,17,-7,5-7,1
AF075060726,BLAZE,ROMAN,0,7,8,7,8,14,-7,5-7,0
AF075060826,MIRAGE,SPARK,7,7,10,7,17,14,0,level,0
AF075060926,OFFICER,CLASH,0,21,14,3,14,24,-21,15+,0
AF075061026,MERCENARY,PINNACLE,10,7,6,7,16,14,3,3-4,2
AF075070526,HEADHUNTER,SABRE,14,14,7,0,21,14,0,level,0
AF075070726,SORCERER,SEEKER,13,7,6,7,19,14,6,5-7,0
AF075070926,IMPERIAL,ROCKET,14,7,14,13,28,20,7,5-7,0
AF075080626,MONSTER,GENIUS,0,21,14,3,14,24,-21,15+,0
AF075080726,ANVIL,SENTINEL,0,28,7,10,7,38,-28,15+,0
AF075080826,CRYSTAL,VALIANT,10,3,10,8,20,11,7,5-7,0
AF075080926,ORIGINAL,ENFORCER,14,14,14,7,28,21,0,level,1
AF075090626,UNICORN,VALIANT,3,0,10,3,13,3,3,3-4,0
AF075090726,SHARK,DAME,17,7,8,21,25,28,10,8-10,1
AF075090826,HURRICANE,IMPERIAL,7,13,6,10,13,23,-6,5-7,0
AF075090926,DREAD,CLOCKWORK,14,7,14,23,28,30,7,5-7,3
AF075100626,SEEKER,SAGE,0,3,7,6,7,9,-3,3-4,2
AF075100826,LEGEND,MERCENARY,7,14,10,0,17,14,-7,5-7,1
AF075100926,MEMENTO,SENTRY,7,7,10,7,17,14,0,level,2
AF075110826,GENIUS,MIMIC,7,10,0,7,7,17,-3,3-4,0
AF075110926,LUNA,RELIC,10,14,8,14,18,28,-4,3-4,0
AF075120626,SENTINEL,SEEKER,3,3,7,0,10,3,0,level,0
AF075120726,MONSTER,SORCERER,14,21,15,10,29,31,-7,5-7,0
AF075120826,NIGHTMARE,HEADHUNTER,7,8,10,0,17,8,-1,1-2,1
AF075120926,ASTRONAUT,OVERDRIVE,10,7,0,6,10,13,3,3-4,1
AF075130626,FUSE,NIGHTMARE,10,3,7,6,17,9,7,5-7,0
AF075130726,WARRIOR,ACE,7,10,10,20,17,30,-3,3-4,2
AF075130826,OCTANE,LUNA,14,14,7,0,21,14,0,level,0
AF075130926,KEVLAR,LEO,17,7,0,11,17,18,10,8-10,1
AF075140626,PSYCHIC,SUMMIT,7,0,10,8,17,8,7,5-7,0
AF075140726,ANVIL,UNICORN,7,14,0,7,7,21,-7,5-7,0
AF075150626,KATANA,SENTINEL,7,3,7,0,14,3,4,3-4,0
AF075150726,CRYSTAL,LUNA,0,14,7,7,7,21,-14,11-14,0
AF075150826,GADGET,HEADHUNTER,14,7,15,16,29,23,7,5-7,0
AF075150926,PRECISION,JUDGEMENT,7,3,10,13,17,16,4,3-4,0
AF075160626,PATHFINDER,HERMES,7,0,6,3,13,3,7,5-7,0
AF075160726,ANVIL,KRAKEN,10,7,0,14,10,21,3,3-4,1
AF075160826,SPARK,MAVERICK,14,0,0,22,14,22,14,11-14,1
AF075160926,MIMIC,SUMMIT,7,0,7,21,14,21,7,5-7,1
AF075170726,PRISMATIC,SHURIKEN,28,14,0,8,28,22,14,11-14,0
AF075170826,UNICORN,GENIUS,7,7,7,0,14,7,0,level,0
AF075170926,KEVLAR,AVATAR,0,3,13,3,13,6,-3,3-4,1
AF075180526,METEOR,LEO,7,7,0,3,7,10,0,level,0
AF075180626,BLAZE,OCTANE,7,0,3,13,10,13,7,5-7,1
AF075180726,IMPERIAL,PHOENIX,7,7,17,14,24,21,0,level,0
AF075180826,SUMMIT,KRAKEN,7,3,7,14,14,17,4,3-4,1
AF075180926,MEMENTO,HERMES,14,7,10,0,24,7,7,5-7,0
AF075190726,VALIANT,HURRICANE,7,7,3,0,10,7,0,level,0
AF075190826,DON,WARRIOR,10,13,7,7,17,20,-3,3-4,0
AF075190926,OVERDRIVE,ACE,14,0,14,23,28,23,14,11-14,0
AF075200526,METEOR,KRAKEN,7,6,3,3,10,9,1,1-2,2
AF075200726,ACE,GENIUS,14,7,10,14,24,21,7,5-7,0
AF075200826,SHARK,MIDAS,14,7,7,13,21,20,7,5-7,0
AF075200926,PRECISION,KEVLAR,14,14,10,7,24,21,0,level,1
AF075210726,DESTINY,GENIUS,7,10,7,7,14,17,-3,3-4,0
AF075210826,PSYCHIC,MONSTER,0,10,0,7,0,17,-10,8-10,0
AF075210926,MEMENTO,OFFICER,21,22,6,15,27,37,-1,1-2,2
AF075220626,GENIUS,KRAKEN,13,7,0,7,13,14,6,5-7,1
AF075220726,MERCENARY,LYNX,10,7,7,7,17,14,3,3-4,0
AF075220826,VALIANT,PSYCHIC,10,0,3,7,13,7,10,8-10,0
AF075220926,LYNX,HERMES,7,7,14,0,21,7,0,level,0
AF075230726,MIDAS,ACE,7,21,8,3,15,24,-14,11-14,0
AF075230926,JUDGEMENT,LEO,10,24,14,6,24,30,-14,11-14,0
AF075240626,CRYSTAL,SORCERER,14,7,8,0,22,7,7,5-7,0
AF075240726,SHARK,DAME,7,3,14,0,21,3,4,3-4,0
AF075240826,VALIANT,OCTANE,7,7,7,10,14,17,0,level,2
AF075240926,HERMES,LEGEND,7,7,7,14,14,21,0,level,0
AF075250526,PHOENIX,MONSTER,14,6,7,0,21,6,8,8-10,0
AF075250626,LUNA,ROMAN,10,7,13,10,23,17,3,3-4,2
AF075250726,SHARK,DAME,0,13,8,3,8,16,-13,11-14,0
AF075250826,HURRICANE,SUMMIT,10,0,0,3,10,3,10,8-10,0
AF075250926,MEMENTO,HERMES,14,0,3,7,17,7,14,11-14,0
AF075260526,GENIUS,KRAKEN,21,17,7,7,28,24,4,3-4,0
AF075260626,MERLIN,HEADHUNTER,0,14,7,10,7,24,-14,11-14,0
AF075260826,ROMAN,MIDAS,14,10,14,0,28,10,4,3-4,0
AF075260926,PRECISION,ACE,7,14,14,8,21,22,-7,5-7,2
AF075270526,MEMENTO,LEGEND,7,3,10,17,17,20,4,3-4,3
AF075270626,OVERDRIVE,PHOENIX,14,7,17,14,31,21,7,5-7,0
AF075270726,SPARK,SCHOLAR,0,14,10,13,10,27,-14,11-14,0
AF075270826,GADGET,HEADHUNTER,17,28,15,7,32,35,-11,11-14,0
AF075280426,SABRE,HEADHUNTER,7,0,10,8,17,8,7,5-7,0
AF075280626,LUNA,PSYCHIC,14,7,7,7,21,14,7,5-7,0
AF075280726,DESTINY,WARRIOR,0,21,0,7,0,28,-21,15+,0
AF075280926,KATANA,IMPERIAL,7,0,7,6,14,6,7,5-7,0
AF075290426,METEOR,HURRICANE,0,7,7,6,7,13,-7,5-7,0
AF075290526,HEADHUNTER,SHURIKEN,10,7,7,7,17,14,3,3-4,2
AF075290626,UNICORN,SORCERER,14,7,10,21,24,28,7,5-7,1
AF075290726,DAME,ROMAN,7,10,0,0,7,10,-3,3-4,0
AF075290826,VALIANT,RELIC,7,7,7,10,14,17,0,level,0
AF075290926,PRECISION,LEGEND,17,7,6,6,23,13,10,8-10,0
AF075300426,ANVIL,SAGE,7,7,3,7,10,14,0,level,1
AF075300526,FENRIR,GADGET,14,0,14,31,28,31,14,11-14,1
AF075300626,JUDGEMENT,PATHFINDER,23,7,7,0,30,7,16,15+,0
AF075300826,KRAKEN,LUNA,10,3,3,7,13,10,7,5-7,0
AF075300926,HERMES,SABRE,14,10,10,11,24,21,4,3-4,0
AF075310726,IMPERIAL,CRYSTAL,7,10,7,17,14,27,-3,3-4,0
AF075310826,GENIUS,JUDGEMENT,7,0,3,7,10,7,7,5-7,0
AF076010526,CRYSTAL,ROCKET,3,14,14,6,17,20,-11,11-14,2
AF076010626,LYNX,CLASH,0,21,7,0,7,21,-21,15+,0
AF076010726,SHARK,ROMAN,7,10,7,7,14,17,-3,3-4,0
AF076010826,SENTINEL,VALIANT,0,7,0,7,0,14,-7,5-7,0
AF076010926,SPARK,MINDFLAYER,7,7,10,0,17,7,0,level,0
AF076011026,SHROUD,OVERDRIVE,14,17,7,10,21,27,-3,3-4,0
AF076020526,METEOR,PRECISION,0,7,7,3,7,10,-7,5-7,0
AF076020626,SCHOLAR,MINDFLAYER,3,10,0,0,3,10,-7,5-7,0
AF076020726,MIRAGE,MERCURY,7,10,14,0,21,10,-3,3-4,1
AF076020826,ASTRONAUT,CRYSTAL,7,10,7,0,14,10,-3,3-4,1
AF076020926,HURRICANE,CRYSTAL,7,0,7,10,14,10,7,5-7,2
AF076030526,METEOR,LEO,7,21,7,3,14,24,-14,11-14,0
AF076030726,OFFICER,PATHFINDER,7,7,10,8,17,15,0,level,2
AF076030826,GENIUS,OCTANE,17,17,22,15,39,32,0,level,2
AF076030926,LIZARD,FENRIR,6,21,14,17,20,38,-15,15+,0
AF076031026,HURRICANE,ROCKET,7,13,14,7,21,20,-6,5-7,1
AF076040626,ANVIL,ROCKET,7,0,7,6,14,6,7,5-7,0
AF076040726,VALIANT,LAZARUS,14,8,3,6,17,14,6,5-7,0
AF076040826,OCTANE,MIMIC,17,14,7,7,24,21,3,3-4,2
AF076040926,ACE,ROCKET,14,10,6,8,20,18,4,3-4,2
AF076050626,IMPERIAL,SHROUD,3,7,3,7,6,14,-4,3-4,0
AF076050726,HURRICANE,LEO,10,14,6,9,16,23,-4,3-4,0
AF076050826,UNICORN,IMPERIAL,0,14,15,0,15,14,-14,11-14,1
AF076050926,IMPERIAL,LUNA,3,7,7,0,10,7,-4,3-4,1
AF076060526,MONSTER,SHROUD,10,7,0,7,10,14,3,3-4,1
AF076060626,PHOENIX,IMPERIAL,14,10,7,7,21,17,4,3-4,2
AF076060826,ORIGINAL,MINDFLAYER,13,0,3,7,16,7,13,11-14,0
AF076060926,WARRIOR,SHARK,7,3,10,0,17,3,4,3-4,0
AF076061026,HERMES,LEGEND,7,14,14,3,21,17,-7,5-7,1
AF076070526,STEEL,MINDFLAYER,3,3,10,7,13,10,0,level,2
AF076070626,SHROUD,PATHFINDER,7,14,6,7,13,21,-7,5-7,0
AF076070726,KATANA,OCTANE,7,7,15,14,22,21,0,level,2
AF076070826,MISSILE,RICOCHET,0,7,7,3,7,10,-7,5-7,0
AF076070926,JUDGEMENT,METEOR,7,6,10,7,17,13,1,1-2,2
AF076080626,ROCKET,HERMES,6,7,7,7,13,14,-1,1-2,2
AF076080726,LAZARUS,SAGE,10,7,7,0,17,7,3,3-4,0
AF076080826,JUDGEMENT,PATHFINDER,7,10,14,7,21,17,-3,3-4,3
AF076080926,JUDGEMENT,METEOR,10,0,7,21,17,21,10,8-10,1
AF076090626,PHOENIX,SHROUD,7,14,0,3,7,17,-7,5-7,0
AF076090726,LUNA,LAZARUS,7,14,0,7,7,21,-7,5-7,0
AF076100626,SHROUD,METEOR,14,7,0,9,14,16,7,5-7,1
AF076100826,SAGE,GENIUS,3,3,7,0,10,3,0,level,0
AF076100926,SABRE,ACE,14,14,10,7,24,21,0,level,0
AF076110626,SAGE,OVERDRIVE,7,14,7,3,14,17,-7,5-7,0
AF076110826,HERMES,METEOR,7,7,14,10,21,17,0,level,2
AF076110926,MEMENTO,PRECISION,21,21,17,7,38,28,0,level,0
AF076120626,LEO,HERMES,7,7,3,0,10,7,0,level,0
AF076120726,PHOENIX,OVERDRIVE,3,0,14,10,17,10,3,3-4,0
AF076120826,DREAD,ENFORCER,0,14,7,3,7,17,-14,11-14,0
AF076130626,MISSILE,MAVERICK,0,14,0,3,0,17,-14,11-14,0
AF076130726,SABRE,SENTRY,21,14,7,7,28,21,7,5-7,0
AF076130826,JUDGEMENT,KRAKEN,3,10,15,7,18,17,-7,5-7,1
AF076130926,IMPERIAL,PHOENIX,14,3,10,7,24,10,11,11-14,0
AF076140626,VALIANT,METEOR,10,7,0,7,10,14,3,3-4,1
AF076150726,BLAZE,ACE,0,10,7,3,7,13,-10,8-10,0
AF076150926,ASTRONAUT,HURRICANE,21,14,3,7,24,21,7,5-7,0
AF076160626,CRYSTAL,SAGE,7,7,10,7,17,14,0,level,2
AF076160726,HERMES,LEO,14,17,14,14,28,31,-3,3-4,0
AF076160926,ASTRONAUT,LUNA,3,7,2,3,5,10,-4,3-4,0
AF076170626,HURRICANE,OVERDRIVE,14,14,3,0,17,14,0,level,0
AF076170726,PRISMATIC,MINDFLAYER,14,0,14,7,28,7,14,11-14,0
AF076170826,KATANA,ACE,0,7,7,3,7,10,-7,5-7,0
AF076170926,ACE,LUNA,14,7,3,7,17,14,7,5-7,0
AF076180526,AVATAR,LEGEND,13,14,19,21,32,35,-1,1-2,0
AF076180626,KEVLAR,AVATAR,0,17,7,3,7,20,-17,15+,0
AF076180726,OVERDRIVE,JUDGEMENT,7,13,7,0,14,13,-6,5-7,1
AF076180826,SAGE,OCTANE,7,7,10,8,17,15,0,level,2
AF076190526,VALIANT,CRYSTAL,7,10,7,7,14,17,-3,3-4,2
AF076190726,OCTANE,ROCKET,7,21,8,0,15,21,-14,11-14,0
AF076190826,JUDGEMENT,SABRE,7,10,7,7,14,17,-3,3-4,2
AF076190926,KRAKEN,HURRICANE,14,14,0,14,14,28,0,level,0
AF076200526,PRECISION,VALIANT,3,7,7,6,10,13,-4,3-4,2
AF076200726,LUNA,PSYCHIC,7,7,0,7,7,14,0,level,0
AF076200826,LUNA,SABRE,17,3,3,15,20,18,14,11-14,2
AF076200926,PSYCHIC,ROCKET,7,7,7,10,14,17,0,level,0
AF076210726,OCTANE,ROCKET,0,12,15,14,15,26,-12,11-14,0
AF076210826,IMPERIAL,JUDGEMENT,14,10,0,7,14,17,4,3-4,1
AF076210926,STRIDER,OVERDRIVE,10,7,14,7,24,14,3,3-4,0
AF076220626,SHARK,LYNX,14,14,21,18,35,32,0,level,1
AF076220726,DAME,ACE,14,14,0,17,14,31,0,level,0
AF076220826,SHROUD,OVERDRIVE,7,10,0,0,7,10,-3,3-4,0
AF076220926,KATANA,HURRICANE,7,7,0,7,7,14,0,level,0
AF076230726,UNICORN,LUNA,10,7,7,14,17,21,3,3-4,3
AF076230826,METEOR,HERMES,7,7,0,3,7,10,0,level,0
AF076230926,ASTRONAUT,LUNA,3,0,10,3,13,3,3,3-4,0
AF076240726,HERMES,PHOENIX,14,14,7,10,21,24,0,level,0
AF076240826,HURRICANE,VALIANT,7,14,0,3,7,17,-7,5-7,0
AF076240926,ROCKET,SABRE,35,21,0,7,35,28,14,11-14,0
AF076250526,OVERDRIVE,SHROUD,10,14,6,14,16,28,-4,3-4,0
AF076250626,SAGE,KRAKEN,10,7,7,3,17,10,3,3-4,0
AF076250726,CRYSTAL,LAZARUS,10,10,7,10,17,20,0,level,0
AF076250826,SABRE,METEOR,10,3,14,14,24,17,7,5-7,2
AF076250926,SHROUD,ROCKET,0,14,15,3,15,17,-14,11-14,2
AF076260526,SAGE,VALIANT,3,7,7,0,10,7,-4,3-4,1
AF076260626,MERCURY,NIRVANA,7,14,0,3,7,17,-7,5-7,0
AF076260726,HERMES,SENTRY,0,0,14,17,14,17,0,level,0
AF076260826,PHOENIX,HURRICANE,0,10,20,0,20,10,-10,8-10,1
AF076260926,ASTRONAUT,SHROUD,7,21,17,0,24,21,-14,11-14,1
AF076270426,LEGEND,CLASH,7,7,14,0,21,7,0,level,0
AF076270526,LUNA,GENIUS,7,17,7,0,14,17,-10,8-10,0
AF076270626,WARRIOR,SHROUD,10,14,3,7,13,21,-4,3-4,0
AF076270726,NIGHTMARE,FUSE,7,7,14,17,21,24,0,level,1
AF076270826,FUSE,GADGET,14,7,7,8,21,15,7,5-7,0
AF076280426,ENFORCER,REGRET,3,3,10,7,13,10,0,level,2
AF076280526,VALIANT,OVERDRIVE,0,7,15,10,15,17,-7,5-7,0
AF076280626,ROCKET,CRYSTAL,14,7,6,0,20,7,7,5-7,0
AF076280726,PSYCHIC,SAGE,10,7,7,7,17,14,3,3-4,2
AF076280826,PATHFINDER,MEMENTO,14,14,14,17,28,31,0,level,1
AF076280926,PINNACLE,OFFICER,7,14,22,17,29,31,-7,5-7,2
AF076290426,PRECISION,KEVLAR,14,21,7,3,21,24,-7,5-7,0
AF076290526,SCHOLAR,ORIGINAL,6,7,15,13,21,20,-1,1-2,1
AF076290626,SENTRY,CRYSTAL,17,3,14,22,31,25,14,11-14,0
AF076290726,ANVIL,RELIC,0,7,0,7,0,14,-7,5-7,0
AF076290826,CRYSTAL,JUDGEMENT,7,6,3,3,10,9,1,1-2,2
AF076290926,RELIC,SABRE,0,7,13,7,13,14,-7,5-7,0
AF076300526,REGRET,SCHOLAR,3,0,7,0,10,0,3,3-4,0
AF076300626,PRECISION,CLASH,0,17,0,3,0,20,-17,15+,0
AF076300726,LYNX,LEO,10,7,14,3,24,10,3,3-4,0
AF076300826,MEMENTO,PRECISION,0,10,7,3,7,13,-10,8-10,0
AF076300926,STRIDER,ROCKET,14,14,14,13,28,27,0,level,0
AF076310526,ORIGINAL,MAVERICK,10,3,7,21,17,24,7,5-7,1
AF076310726,UNICORN,IMPERIAL,0,14,6,0,6,14,-14,11-14,0
AF076310826,LEGEND,PRECISION,21,7,10,17,31,24,14,11-14,0
AF077010526,PRECISION,MEMENTO,14,10,7,21,21,31,4,3-4,3
AF077010726,KRAKEN,SUMMIT,0,7,0,7,0,14,-7,5-7,0
AF077010826,LYNX,MERCENARY,7,17,7,7,14,24,-10,8-10,0
AF077010926,PRISMATIC,SPARK,3,14,15,7,18,21,-11,11-14,0
AF077011026,PRECISION,HERMES,10,3,7,7,17,10,7,5-7,0
AF077020626,REGRET,SHURIKEN,0,7,14,10,14,17,-7,5-7,0
AF077020726,MISSILE,MIRAGE,14,7,3,7,17,14,7,5-7,0
AF077020826,ACE,CLASH,0,7,7,10,7,17,-7,5-7,0
AF077021026,LUNA,HURRICANE,0,3,7,11,7,14,-3,3-4,2
AF077030526,CLASH,KEVLAR,14,7,3,7,17,14,7,5-7,0
AF077030626,PRECISION,KEVLAR,10,17,7,3,17,20,-7,5-7,0
AF077030726,PHOENIX,PSYCHIC,0,7,7,7,7,14,-7,5-7,0
AF077030826,MERCENARY,LEGEND,28,7,6,8,34,15,21,15+,0
AF077030926,SCHOLAR,PRISMATIC,7,14,6,7,13,21,-7,5-7,0
AF077031026,MERCENARY,MEMENTO,14,7,7,7,21,14,7,5-7,0
AF077040526,MEMENTO,LEGEND,17,7,14,7,31,14,10,8-10,0
AF077040626,VALIANT,HURRICANE,7,14,18,14,25,28,-7,5-7,0
AF077040726,OVERDRIVE,PRECISION,3,7,7,6,10,13,-4,3-4,0
AF077040826,ACE,SAGE,7,3,3,9,10,12,4,3-4,3
AF077040926,LEGEND,MEMENTO,3,7,12,0,15,7,-4,3-4,1
AF077041026,LEO,HERMES,14,7,10,14,24,21,7,5-7,0
AF077050726,OFFICER,LEGEND,7,7,3,3,10,10,0,level,0
AF077050826,LEO,HERMES,17,21,8,7,25,28,-4,3-4,0
AF077051026,MEMENTO,LEO,14,14,17,6,31,20,0,level,0
AF077060526,CRYSTAL,VALIANT,10,7,7,6,17,13,3,3-4,0
AF077060726,CRYSTAL,OVERDRIVE,13,7,6,14,19,21,6,5-7,1
AF077060826,AVATAR,MERCENARY,24,7,3,7,27,14,17,15+,0
AF077060926,HURRICANE,ACE,7,14,0,10,7,24,-7,5-7,0
AF077061026,LYNX,CLASH,13,3,0,14,13,17,10,8-10,1
AF077070526,HURRICANE,MEMENTO,7,24,0,0,7,24,-17,15+,0
AF077070726,LEGEND,HERMES,14,0,3,0,17,0,14,11-14,0
AF077070826,ORIGINAL,MISSILE,3,7,7,7,10,14,-4,3-4,2
AF077070926,KEVLAR,PINNACLE,14,14,12,15,26,29,0,level,2
AF077080626,CLASH,LEGEND,7,0,13,7,20,7,7,5-7,0
AF077080726,MEMENTO,PRECISION,7,13,7,0,14,13,-6,5-7,1
AF077080826,OFFICER,SENTRY,15,14,7,17,22,31,1,1-2,1
AF077090626,AVATAR,LYNX,0,0,7,10,7,10,0,level,0
AF077090726,AVATAR,SABRE,14,21,10,0,24,21,-7,5-7,1
AF077090826,CLASH,LEGEND,7,7,10,7,17,14,0,level,0
AF077090926,PHOENIX,SAGE,14,3,7,7,21,10,11,11-14,0
AF077100626,KEVLAR,MEMENTO,7,14,12,14,19,28,-7,5-7,0
AF077100826,HERMES,PATHFINDER,14,14,6,7,20,21,0,level,0
AF077100926,LYNX,KEVLAR,7,10,7,7,14,17,-3,3-4,2
AF077110626,PINNACLE,AVATAR,7,7,6,7,13,14,0,level,0
AF077110726,REGRET,SPARK,10,7,7,14,17,21,3,3-4,3
AF077110826,LEGEND,CLASH,14,14,14,0,28,14,0,level,0
AF077110926,METEOR,ACE,7,0,10,14,17,14,7,5-7,0
AF077120626,MEMENTO,LYNX,10,7,17,7,27,14,3,3-4,0
AF077120726,MERCENARY,OFFICER,7,14,18,14,25,28,-7,5-7,0
AF077120826,HERMES,MEMENTO,7,3,7,21,14,24,4,3-4,1
AF077120926,ACE,SHROUD,10,14,14,0,24,14,-4,3-4,1
AF077130626,PRECISION,OFFICER,21,0,3,6,24,6,21,15+,0
AF077130726,KEVLAR,MERCENARY,7,7,14,15,21,22,0,level,1
AF077130826,LAZARUS,AVATAR,17,27,6,11,23,38,-10,8-10,0
AF077130926,HERMES,LEO,17,7,0,0,17,7,10,8-10,0
AF077140626,OFFICER,PRECISION,7,7,6,7,13,14,0,level,0
AF077140726,CLASH,LEO,3,3,10,7,13,10,0,level,0
AF077140826,OVERDRIVE,LEGEND,13,14,0,3,13,17,-1,1-2,0
AF077150626,MEMENTO,LEGEND,7,7,3,0,10,7,0,level,0
AF077150726,LUNA,JUDGEMENT,7,0,3,7,10,7,7,5-7,0
AF077160626,SEEKER,MONSTER,14,7,3,13,17,20,7,5-7,1
AF077160726,KEVLAR,MERCENARY,10,7,14,7,24,14,3,3-4,2
AF077160826,PRECISION,AVATAR,14,7,7,10,21,17,7,5-7,2
AF077160926,UNICORN,MIDAS,10,0,7,3,17,3,10,8-10,0
AF077170626,PATHFINDER,MEMENTO,21,14,3,13,24,27,7,5-7,1
AF077170726,MIRAGE,SHURIKEN,28,14,0,13,28,27,14,11-14,0
AF077170826,CLASH,PRECISION,14,7,3,14,17,21,7,5-7,1
AF077170926,PRECISION,HERMES,14,14,3,14,17,28,0,level,0
AF077180626,LUNA,VALIANT,0,14,14,6,14,20,-14,11-14,0
AF077180726,MERCENARY,MEMENTO,14,7,7,7,21,14,7,5-7,0
AF077180826,HERMES,LYNX,14,0,0,7,14,7,14,11-14,0
AF077180926,LEGEND,LYNX,14,7,7,7,21,14,7,5-7,0
AF077190526,ASTRONAUT,LEGEND,17,0,7,0,24,0,17,15+,0
AF077190726,CLASH,LEO,14,14,10,7,24,21,0,level,0
AF077190826,ACE,LEGEND,10,0,14,14,24,14,10,8-10,0
AF077190926,JUDGEMENT,OVERDRIVE,7,14,6,0,13,14,-7,5-7,0
AF077200526,CLASH,LEGEND,7,13,7,0,14,13,-6,5-7,1
AF077200726,AVATAR,CLASH,7,0,7,0,14,0,7,5-7,0
AF077200826,PRECISION,LEGEND,14,14,20,21,34,35,0,level,0
AF077200926,LEO,AVATAR,21,10,14,7,35,17,11,11-14,0
AF077210726,SABRE,LEGEND,3,7,22,28,25,35,-4,3-4,2
AF077210826,SENTRY,HERMES,0,10,0,7,0,17,-10,8-10,0
AF077210926,LEGEND,LYNX,7,7,7,0,14,7,0,level,0
AF077220626,LEGEND,SENTRY,31,7,3,21,34,28,24,15+,0
AF077220726,SABRE,KRAKEN,14,7,7,7,21,14,7,5-7,0
AF077220826,MERCENARY,MEMENTO,7,7,10,21,17,28,0,level,1
AF077220926,PRECISION,PATHFINDER,14,7,7,8,21,15,7,5-7,0
AF077230626,MERCENARY,PRECISION,14,7,10,14,24,21,7,5-7,0
AF077230826,MEMENTO,OFFICER,14,15,0,14,14,29,-1,1-2,0
AF077230926,LEGEND,LEO,14,20,8,26,22,46,-6,5-7,0
AF077240626,LUNA,CRYSTAL,0,7,11,10,11,17,-7,5-7,0
AF077240726,OFFICER,METEOR,7,14,14,0,21,14,-7,5-7,1
AF077240826,PATHFINDER,HERMES,3,7,7,7,10,14,-4,3-4,2
AF077240926,LEO,KEVLAR,7,3,8,14,15,17,4,3-4,1
AF077250526,AVATAR,PATHFINDER,14,0,8,8,22,8,14,11-14,0
AF077250626,LEGEND,HERMES,17,7,14,14,31,21,10,8-10,0
AF077250726,JUDGEMENT,SENTRY,7,17,0,3,7,20,-10,8-10,0
AF077250826,PRECISION,MEMENTO,7,14,14,0,21,14,-7,5-7,1
AF077250926,PRECISION,PATHFINDER,14,7,3,6,17,13,7,5-7,0
AF077260526,ASTRONAUT,KEVLAR,7,21,7,0,14,21,-14,11-14,0
AF077260626,HERMES,SENTRY,14,14,3,0,17,14,0,level,0
AF077260726,PINNACLE,PRECISION,7,10,7,7,14,17,-3,3-4,2
AF077260826,JUDGEMENT,MEMENTO,0,3,7,10,7,13,-3,3-4,0
AF077260926,PATHFINDER,HERMES,3,17,14,14,17,31,-14,11-14,0
AF077270426,MONSTER,SEEKER,21,7,7,0,28,7,14,11-14,0
AF077270526,OVERDRIVE,METEOR,7,10,7,7,14,17,-3,3-4,0
AF077270626,LEO,SENTRY,28,7,0,0,28,7,21,15+,0
AF077270726,PURSUIT,SCHOLAR,14,10,14,21,28,31,4,3-4,1
AF077270926,OFFICER,PRECISION,14,7,7,7,21,14,7,5-7,0
AF077280426,LAZARUS,CLASH,7,7,0,3,7,10,0,level,0
AF077280526,LEGEND,ASTRONAUT,2,0,0,16,2,16,2,1-2,1
AF077280626,MERCENARY,CLASH,7,0,3,0,10,0,7,5-7,0
AF077280726,LEGEND,LEO,17,14,10,8,27,22,3,3-4,0
AF077280826,LUNA,VALIANT,7,14,15,10,22,24,-7,5-7,2
AF077280926,PSYCHIC,KRAKEN,7,7,13,17,20,24,0,level,2
AF077290426,GENIUS,KRAKEN,6,7,0,10,6,17,-1,1-2,0
AF077290626,PATHFINDER,MEMENTO,7,17,14,0,21,17,-10,8-10,1
AF077290726,PRECISION,JUDGEMENT,16,0,8,7,24,7,16,15+,0
AF077290826,OFFICER,LEGEND,14,14,11,14,25,28,0,level,1
AF077290926,JUDGEMENT,MEMENTO,10,14,10,7,20,21,-4,3-4,0
AF077300526,KILLJOY,GADGET,21,14,7,7,28,21,7,5-7,0
AF077300626,LUNA,OVERDRIVE,0,14,0,3,0,17,-14,11-14,0
AF077300726,AVATAR,MERCENARY,14,3,5,14,19,17,11,11-14,2
AF077300826,PINNACLE,CLASH,14,7,10,14,24,21,7,5-7,0
AF077300926,ACE,OVERDRIVE,0,10,7,0,7,10,-10,8-10,0
AF077310526,KRAKEN,IMPERIAL,14,10,0,14,14,24,4,3-4,1
AF077310726,HERMES,ACE,21,7,7,15,28,22,14,11-14,0
AF077310826,CLASH,MERCENARY,10,3,7,7,17,10,7,5-7,0
AF078010526,SHROUD,VALIANT,0,0,3,7,3,7,0,level,1
AF078010726,HERMES,JUDGEMENT,14,7,7,11,21,18,7,5-7,0
AF078010826,SHARK,ROMAN,10,0,7,0,17,0,10,8-10,0
AF078011026,ASTRONAUT,ACE,0,10,7,7,7,17,-10,8-10,0
AF078020526,PRECISION,HURRICANE,0,14,0,7,0,21,-14,11-14,0
AF078020726,MERCURY,MISSILE,7,9,24,8,31,17,-2,1-2,1
AF078020826,ROMAN,DON,7,3,7,14,14,17,4,3-4,3
AF078030526,HURRICANE,OCTANE,7,10,14,7,21,17,-3,3-4,3
AF078030726,SAGE,CRYSTAL,7,7,3,7,10,14,0,level,1
AF078030826,SHARK,DON,7,3,7,0,14,3,4,3-4,0
AF078030926,MERLIN,FENRIR,10,0,7,0,17,0,10,8-10,0
AF078031026,PHOENIX,ROCKET,14,21,7,14,21,35,-7,5-7,0
AF078040526,VALIANT,SEEKER,3,0,10,10,13,10,3,3-4,2
AF078040626,METEOR,VALIANT,14,7,14,0,28,7,7,5-7,0
AF078040726,CRYSTAL,PHOENIX,3,7,7,7,10,14,-4,3-4,2
AF078040826,MEMENTO,PRECISION,13,10,7,0,20,10,3,3-4,0
AF078041026,SHROUD,OVERDRIVE,14,21,15,17,29,38,-7,5-7,0
AF078050626,PSYCHIC,GENIUS,10,7,7,7,17,14,3,3-4,2
AF078050726,VALIANT,LUNA,7,10,7,7,14,17,-3,3-4,2
AF078050926,HERMES,MEMENTO,0,14,14,10,14,24,-14,11-14,0
AF078051026,KEVLAR,PRECISION,14,7,3,14,17,21,7,5-7,1
AF078060626,PRECISION,OFFICER,7,14,13,7,20,21,-7,5-7,0
AF078060726,ROMAN,DON,7,6,0,7,7,13,1,1-2,1
AF078060826,CRYSTAL,SUMMIT,7,14,13,7,20,21,-7,5-7,0
AF078060926,PINNACLE,LEGEND,7,14,8,10,15,24,-7,5-7,0
AF078061026,LEO,OFFICER,11,21,8,17,19,38,-10,8-10,0
AF078070526,SUMMIT,KRAKEN,10,7,0,7,10,14,3,3-4,1
AF078070626,PRECISION,CLASH,7,7,8,7,15,14,0,level,1
AF078070726,SEEKER,GENIUS,10,7,14,11,24,18,3,3-4,0
AF078070826,RICOCHET,ORIGINAL,7,7,3,7,10,14,0,level,1
AF078070926,ROCKET,HURRICANE,7,14,14,10,21,24,-7,5-7,2
AF078080626,GENIUS,SUMMIT,10,0,7,0,17,0,10,8-10,0
AF078080726,SENTINEL,SUMMIT,7,0,10,15,17,15,7,5-7,2
AF078080826,VALIANT,LUNA,6,7,3,14,9,21,-1,1-2,0
AF078090626,VALIANT,GENIUS,0,3,0,0,0,3,-3,3-4,0
AF078090726,DAME,DON,14,21,0,2,14,23,-7,5-7,0
AF078090826,IMPERIAL,KRAKEN,21,7,7,7,28,14,14,11-14,0
AF078090926,ROCKET,METEOR,7,3,0,7,7,10,4,3-4,1
AF078100626,SAGE,OCTANE,7,7,0,3,7,10,0,level,0
AF078100826,LAZARUS,PINNACLE,3,10,14,0,17,10,-7,5-7,1
AF078110626,SEEKER,ANVIL,7,14,14,8,21,22,-7,5-7,2
AF078110726,FENRIR,NIGHTMARE,7,3,14,13,21,16,4,3-4,0
AF078110826,MIMIC,UNICORN,0,17,14,3,14,20,-17,15+,0
AF078110926,MEMENTO,AVATAR,7,10,22,11,29,21,-3,3-4,1
AF078120626,SEEKER,PSYCHIC,10,7,0,7,10,14,3,3-4,1
AF078120726,SORCERER,VALIANT,0,7,6,10,6,17,-7,5-7,0
AF078120826,DON,ROMAN,3,14,7,0,10,14,-11,11-14,0
AF078120926,VALIANT,PHOENIX,3,0,7,3,10,3,3,3-4,0
AF078130626,HURRICANE,KRAKEN,0,7,14,0,14,7,-7,5-7,1
AF078130726,ACE,SHARK,17,14,6,10,23,24,3,3-4,1
AF078130826,LUNA,ROCKET,7,14,0,13,7,27,-7,5-7,0
AF078130926,LUNA,PHOENIX,17,7,0,14,17,21,10,8-10,1
AF078140626,SUMMIT,KRAKEN,7,14,8,10,15,24,-7,5-7,0
AF078140726,UNICORN,SORCERER,7,0,7,19,14,19,7,5-7,1
AF078140826,PSYCHIC,MONSTER,0,9,0,7,0,16,-9,8-10,0
AF078150626,SENTINEL,SUMMIT,0,6,7,0,7,6,-6,5-7,1
AF078150726,LEO,MEMENTO,17,14,7,14,24,28,3,3-4,3
AF078150926,KRAKEN,SHROUD,10,7,3,7,13,14,3,3-4,1
AF078160626,HURRICANE,OCTANE,14,7,7,3,21,10,7,5-7,0
AF078160726,KRAKEN,SEEKER,10,7,7,0,17,7,3,3-4,0
AF078160826,OCTANE,LUNA,14,14,7,14,21,28,0,level,0
AF078160926,OVERDRIVE,LUNA,10,7,7,7,17,14,3,3-4,2
AF078170626,OCTANE,KRAKEN,7,14,10,0,17,14,-7,5-7,1
AF078170726,ORIGINAL,DREAD,14,14,10,0,24,14,0,level,0
AF078170826,UNICORN,IMPERIAL,7,14,7,3,14,17,-7,5-7,0
AF078170926,ASTRONAUT,SAGE,10,16,17,8,27,24,-6,5-7,1
AF078180526,UNICORN,LEO,7,10,0,0,7,10,-3,3-4,0
AF078180626,LYNX,ASTRONAUT,0,6,3,0,3,6,-6,5-7,0
AF078180726,PHOENIX,VALIANT,7,7,6,14,13,21,0,level,0
AF078190726,HURRICANE,GENIUS,14,14,10,7,24,21,0,level,0
AF078190826,WARRIOR,MIDAS,14,7,3,7,17,14,7,5-7,0
AF078200526,KRAKEN,LUNA,7,7,3,0,10,7,0,level,0
AF078200726,ACE,DAME,10,0,7,6,17,6,10,8-10,0
AF078200826,MIDAS,WARRIOR,7,17,7,23,14,40,-10,8-10,0
AF078200926,IMPERIAL,HURRICANE,7,10,7,0,14,10,-3,3-4,1
AF078210826,MONSTER,MIMIC,10,14,25,14,35,28,-4,3-4,3
AF078220626,GENIUS,MONSTER,3,17,7,6,10,23,-14,11-14,0
AF078220726,MEMENTO,KEVLAR,7,10,14,0,21,10,-3,3-4,1
AF078220826,PSYCHIC,HURRICANE,7,7,10,8,17,15,0,level,0
AF078230626,SORCERER,LUNA,7,14,7,3,14,17,-7,5-7,0
AF078230726,ACE,SHARK,10,7,0,10,10,17,3,3-4,1
AF078230926,KRAKEN,LUNA,10,14,0,14,10,28,-4,3-4,0
AF078240626,LYNX,JUDGEMENT,14,7,7,0,21,7,7,5-7,0
AF078240726,DAME,ACE,7,13,7,6,14,19,-6,5-7,2
AF078240826,PATHFINDER,ACE,3,0,7,0,10,0,3,3-4,0
AF078240926,LUNA,PSYCHIC,13,0,3,0,16,0,13,11-14,0
AF078250526,MONSTER,GENIUS,10,10,13,14,23,24,0,level,2
AF078250626,ROMAN,KATANA,0,14,7,7,7,21,-14,11-14,0
AF078250726,DAME,WARRIOR,7,0,0,14,7,14,7,5-7,1
AF078250826,SUMMIT,KRAKEN,14,14,17,14,31,28,0,level,2
AF078260526,KRAKEN,SUMMIT,7,3,0,7,7,10,4,3-4,1
AF078260626,VALIANT,ROCKET,0,3,7,10,7,13,-3,3-4,0
AF078260726,VALIANT,RELIC,7,7,6,24,13,31,0,level,0
AF078260826,MIDAS,SHARK,0,7,13,3,13,10,-7,5-7,1
AF078260926,OVERDRIVE,VALIANT,3,0,0,9,3,9,3,3-4,1
AF078270426,SPLINTER,SHROUD,20,7,0,7,20,14,13,11-14,0
AF078270526,HURRICANE,LAZARUS,3,14,0,3,3,17,-11,11-14,0
AF078270626,PHOENIX,IMPERIAL,7,14,7,7,14,21,-7,5-7,0
AF078270726,HEADHUNTER,GADGET,7,3,14,13,21,16,4,3-4,0
AF078270826,GADGET,HEADHUNTER,3,10,10,7,13,17,-7,5-7,2
AF078280426,OCTANE,LUNA,7,14,10,0,17,14,-7,5-7,1
AF078280626,PSYCHIC,OCTANE,14,0,9,14,23,14,14,11-14,0
AF078280726,WARRIOR,ROMAN,10,14,8,10,18,24,-4,3-4,0
AF078280826,ACE,ASTRONAUT,0,14,0,3,0,17,-14,11-14,0
AF078280926,PINNACLE,LYNX,7,7,6,7,13,14,0,level,0
AF078290426,CRYSTAL,OVERDRIVE,6,7,6,6,12,13,-1,1-2,0
AF078290626,SORCERER,LUNA,14,14,7,10,21,24,0,level,0
AF078290726,ROMAN,SHARK,14,7,9,13,23,20,7,5-7,0
AF078290826,RELIC,KRAKEN,14,21,7,7,21,28,-7,5-7,0
AF078290926,LUNA,SAGE,14,10,7,9,21,19,4,3-4,0
AF078300426,SAGE,SEEKER,10,7,7,0,17,7,3,3-4,0
AF078300526,MINDFLAYER,SCHOLAR,7,28,0,0,7,28,-21,15+,0
AF078300826,LUNA,ROCKET,6,14,7,7,13,21,-8,8-10,0
AF078300926,LUNA,PSYCHIC,10,0,7,7,17,7,10,8-10,0
AF078310526,LUNA,IMPERIAL,10,14,16,14,26,28,-4,3-4,0
AF078310826,JUDGEMENT,PSYCHIC,14,3,17,13,31,16,11,11-14,0
AF079010526,MEMENTO,HERMES,14,7,7,0,21,7,7,5-7,0
AF079010726,DESTINY,ACE,7,14,0,7,7,21,-7,5-7,0
AF079010826,LEO,SHROUD,14,10,14,13,28,23,4,3-4,0
AF079010926,SPARK,MINDFLAYER,10,14,14,8,24,22,-4,3-4,1
AF079020526,METEOR,PRECISION,10,14,7,14,17,28,-4,3-4,0
AF079020626,MEMENTO,CLASH,7,10,8,7,15,17,-3,3-4,0
AF079020726,MIRAGE,MERCURY,14,7,7,10,21,17,7,5-7,2
AF079020826,CRYSTAL,LAZARUS,10,10,3,0,13,10,0,level,0
AF079020926,CRYSTAL,PSYCHIC,6,7,6,6,12,13,-1,1-2,0
AF079021026,ROCKET,HURRICANE,17,10,7,13,24,23,7,5-7,0
AF079030526,LEO,OVERDRIVE,14,14,10,7,24,21,0,level,0
AF079030626,METEOR,VALIANT,7,0,7,8,14,8,7,5-7,0
AF079030726,SENTRY,PRECISION,21,7,7,0,28,7,14,11-14,0
AF079030826,OCTANE,MONSTER,14,13,10,13,24,26,1,1-2,1
AF079030926,SHURIKEN,PRISMATIC,10,3,0,6,10,9,7,5-7,0
AF079031026,MEMENTO,MERCENARY,7,14,15,10,22,24,-7,5-7,2
AF079040526,METEOR,PRECISION,7,14,13,7,20,21,-7,5-7,0
AF079040626,KRAKEN,ROCKET,0,7,7,3,7,10,-7,5-7,0
AF079040726,LAZARUS,HURRICANE,3,14,7,7,10,21,-11,11-14,0
AF079040826,MONSTER,SUMMIT,7,7,8,14,15,21,0,level,0
AF079040926,PHOENIX,JUDGEMENT,7,7,7,6,14,13,0,level,1
AF079041026,OFFICER,HERMES,14,7,15,24,29,31,7,5-7,3
AF079050626,SHROUD,HURRICANE,7,14,0,14,7,28,-7,5-7,0
AF079050726,LEO,METEOR,0,14,16,0,16,14,-14,11-14,1
AF079050826,IMPERIAL,GENIUS,14,24,8,10,22,34,-10,8-10,0
AF079060526,KRAKEN,GENIUS,10,3,6,10,16,13,7,5-7,0
AF079060626,KRAKEN,HURRICANE,21,28,7,14,28,42,-7,5-7,0
AF079060726,UNICORN,SUMMIT,10,7,0,7,10,14,3,3-4,1
AF079060826,LUNA,SAGE,7,3,7,3,14,6,4,3-4,0
AF079060926,WARRIOR,STRIDER,7,0,10,14,17,14,7,5-7,0
AF079061026,PINNACLE,CLASH,3,7,8,7,11,14,-4,3-4,0
AF079070526,PRECISION,ROCKET,14,14,20,8,34,22,0,level,0
AF079070626,METEOR,LEO,14,7,7,6,21,13,7,5-7,0
AF079070726,OCTANE,JUDGEMENT,7,14,6,14,13,28,-7,5-7,0
AF079070826,MISSILE,RICOCHET,7,3,0,7,7,10,4,3-4,1
AF079070926,METEOR,ACE,3,0,12,13,15,13,3,3-4,2
AF079080626,HERMES,METEOR,7,7,7,10,14,17,0,level,0
AF079080726,SAGE,ROCKET,7,10,14,14,21,24,-3,3-4,0
AF079080826,PATHFINDER,SHROUD,3,14,0,7,3,21,-11,11-14,0
AF079080926,HERMES,ACE,6,14,9,0,15,14,-8,8-10,1
AF079090626,SHROUD,PATHFINDER,20,14,3,7,23,21,6,5-7,2
AF079090726,LAZARUS,VALIANT,14,7,0,14,14,21,7,5-7,1
AF079090826,HERMES,RELIC,14,7,10,0,24,7,7,5-7,0
AF079100626,METEOR,VALIANT,7,10,7,0,14,10,-3,3-4,1
AF079100826,PSYCHIC,MONSTER,0,3,13,12,13,15,-3,3-4,4
AF079100926,LYNX,SENTRY,14,7,7,7,21,14,7,5-7,0
AF079110626,OVERDRIVE,HURRICANE,14,0,0,8,14,8,14,11-14,0
AF079110726,GADGET,SHURIKEN,10,7,7,7,17,14,3,3-4,0
AF079110826,METEOR,ROCKET,0,7,7,10,7,17,-7,5-7,0
AF079110926,METEOR,RELIC,14,0,3,7,17,7,14,11-14,0
AF079120626,HERMES,LAZARUS,14,7,7,3,21,10,7,5-7,0
AF079120726,OVERDRIVE,KATANA,7,16,0,0,7,16,-9,8-10,0
AF079120826,HURRICANE,METEOR,7,17,8,7,15,24,-10,8-10,0
AF079130626,PATHFINDER,OVERDRIVE,7,6,7,18,14,24,1,1-2,1
AF079130726,SENTRY,LAZARUS,7,14,13,7,20,21,-7,5-7,0
AF079130826,KRAKEN,CRYSTAL,7,7,7,0,14,7,0,level,0
AF079130926,HERMES,KEVLAR,0,10,14,3,14,13,-10,8-10,1
AF079140626,METEOR,KATANA,0,14,7,7,7,21,-14,11-14,0
AF079140826,CRYSTAL,PHOENIX,7,7,13,7,20,14,0,level,0
AF079150626,HERMES,PATHFINDER,7,0,0,14,7,14,7,5-7,1
AF079150726,DON,MIDAS,7,10,7,0,14,10,-3,3-4,1
AF079150926,PRECISION,LYNX,0,7,7,7,7,14,-7,5-7,0
AF079160626,LEGEND,CLASH,7,7,10,7,17,14,0,level,2
AF079160726,LEO,SABRE,14,0,17,13,31,13,14,11-14,0
AF079160826,MEMENTO,LAZARUS,7,7,10,7,17,14,0,level,0
AF079160926,SUMMIT,MIDAS,10,10,8,7,18,17,0,level,1
AF079170626,OVERDRIVE,KATANA,14,17,14,7,28,24,-3,3-4,3
AF079170726,MINDFLAYER,SHURIKEN,14,7,3,7,17,14,7,5-7,0
AF079170826,KATANA,CRYSTAL,3,7,7,6,10,13,-4,3-4,0
AF079170926,KEVLAR,HERMES,3,10,7,7,10,17,-7,5-7,0
AF079180526,AVATAR,CLASH,14,10,0,0,14,10,4,3-4,0
AF079180626,LEGEND,PRECISION,10,7,7,14,17,21,3,3-4,1
AF079180726,JUDGEMENT,SHROUD,21,7,7,6,28,13,14,11-14,0
AF079180826,OCTANE,CRYSTAL,7,0,7,7,14,7,7,5-7,0
AF079190526,CRYSTAL,OCTANE,14,14,6,7,20,21,0,level,0
AF079190726,ROCKET,KATANA,10,0,10,7,20,7,10,8-10,0
AF079190826,SABRE,ASTRONAUT,10,3,10,18,20,21,7,5-7,3
AF079190926,JUDGEMENT,ACE,14,3,7,7,21,10,11,11-14,0
AF079200526,VALIANT,LAZARUS,7,14,8,3,15,17,-7,5-7,2
AF079200726,LUNA,MONSTER,14,9,7,15,21,24,5,5-7,1
AF079200826,SABRE,ASTRONAUT,24,7,3,0,27,7,17,15+,0
AF079200926,KEVLAR,AVATAR,14,10,9,14,23,24,4,3-4,1
AF079210726,ROCKET,KRAKEN,7,7,0,3,7,10,0,level,0
AF079210826,JUDGEMENT,LUNA,7,0,10,7,17,7,7,5-7,0
AF079210926,LEGEND,OFFICER,10,7,0,7,10,14,3,3-4,1
AF079220626,SHARK,SAGE,14,7,7,11,21,18,7,5-7,0
AF079220726,DAME,DESTINY,3,7,7,10,10,17,-4,3-4,2
AF079220826,OVERDRIVE,ROCKET,17,7,3,7,20,14,10,8-10,0
AF079220926,HERMES,PATHFINDER,14,0,0,0,14,0,14,11-14,0
AF079230626,KATANA,LYNX,7,14,12,6,19,20,-7,5-7,2
AF079230726,LUNA,CRYSTAL,7,7,14,10,21,17,0,level,3
AF079230826,HERMES,ACE,3,3,9,10,12,13,0,level,3
AF079230926,LEGEND,JUDGEMENT,7,7,7,9,14,16,0,level,1
AF079240626,SORCERER,LUNA,3,14,8,7,11,21,-11,11-14,0
AF079240726,PHOENIX,LUNA,0,14,0,3,0,17,-14,11-14,0
AF079240826,METEOR,PATHFINDER,10,3,7,6,17,9,7,5-7,0
AF079240926,HERMES,KEVLAR,5,10,0,7,5,17,-5,5-7,0
AF079250526,SHROUD,CRYSTAL,0,0,10,0,10,0,0,level,0
AF079250626,KRAKEN,LAZARUS,0,7,0,7,0,14,-7,5-7,0
AF079250726,LAZARUS,VALIANT,3,7,7,0,10,7,-4,3-4,1
AF079250826,METEOR,SAGE,0,3,7,10,7,13,-3,3-4,2
AF079250926,MEMENTO,PATHFINDER,7,14,13,7,20,21,-7,5-7,0
AF079260626,SHROUD,KATANA,0,7,7,3,7,10,-7,5-7,0
AF079260726,SENTRY,METEOR,10,0,0,0,10,0,10,8-10,0
AF079260826,HURRICANE,IMPERIAL,10,7,0,0,10,7,3,3-4,0
AF079260926,PRECISION,HERMES,7,14,14,14,21,28,-7,5-7,2
AF079270426,LEGEND,MEMENTO,0,10,7,7,7,17,-10,8-10,0
AF079270526,SEEKER,OCTANE,10,0,3,14,13,14,10,8-10,1
AF079270626,SHROUD,CRYSTAL,14,0,0,0,14,0,14,11-14,0
AF079270726,SHURIKEN,SPARK,7,7,7,8,14,15,0,level,1
AF079270826,FUSE,GADGET,3,14,15,7,18,21,-11,11-14,2
AF079270926,LEGEND,PRECISION,7,14,0,0,7,14,-7,5-7,0
AF079280426,LEO,PRECISION,7,7,7,10,14,17,0,level,0
AF079280526,OVERDRIVE,CRYSTAL,7,10,7,0,14,10,-3,3-4,1
AF079280626,CRYSTAL,OVERDRIVE,14,21,10,0,24,21,-7,5-7,1
AF079280726,SAGE,CRYSTAL,17,7,7,8,24,15,10,8-10,0
AF079280826,LYNX,OFFICER,7,17,14,14,21,31,-10,8-10,0
AF079280926,PSYCHIC,IMPERIAL,10,14,8,7,18,21,-4,3-4,0
AF079290426,PRECISION,LEGEND,14,14,0,7,14,21,0,level,0
AF079290526,ASTRONAUT,LEO,7,14,7,7,14,21,-7,5-7,0
AF079290626,CRYSTAL,LEO,7,7,7,10,14,17,0,level,0
AF079290826,JUDGEMENT,ROCKET,3,7,6,3,9,10,-4,3-4,2
AF079290926,PRECISION,MEMENTO,14,7,13,13,27,20,7,5-7,2
AF079300526,NIGHTMARE,FENRIR,14,10,13,0,27,10,4,3-4,0
AF079300626,KEVLAR,LEGEND,24,0,10,13,34,13,24,15+,0
AF079300726,LEO,PATHFINDER,14,17,14,14,28,31,-3,3-4,4
AF079300826,PRECISION,LAZARUS,17,0,3,7,20,7,17,15+,0
AF079300926,HERMES,OVERDRIVE,10,0,0,2,10,2,10,8-10,0
AF079310526,VALIANT,CRYSTAL,14,7,0,0,14,7,7,5-7,0
AF079310726,OVERDRIVE,LAZARUS,14,21,7,3,21,24,-7,5-7,0
AF079310826,PRECISION,ASTRONAUT,10,10,18,20,28,30,0,level,4
AF080010526,VALIANT,ROCKET,14,7,10,6,24,13,7,5-7,0
AF080010626,VALIANT,MONSTER,10,7,0,0,10,7,3,3-4,0
AF080010726,ANVIL,PHOENIX,0,14,0,3,0,17,-14,11-14,0
AF080010826,OFFICER,PATHFINDER,14,7,7,7,21,14,7,5-7,0
AF080010926,MINDFLAYER,SPARK,0,28,0,0,0,28,-28,15+,0
AF080011026,SHROUD,ACE,14,10,7,9,21,19,4,3-4,0
AF080020526,PRECISION,METEOR,14,17,0,10,14,27,-3,3-4,0
AF080020626,PRECISION,ASTRONAUT,21,7,3,6,24,13,14,11-14,0
AF080020726,MERCURY,MIRAGE,28,0,0,14,28,14,28,15+,0
AF080020826,SENTRY,PINNACLE,7,21,17,7,24,28,-14,11-14,0
AF080020926,KEVLAR,METEOR,13,7,3,7,16,14,6,5-7,0
AF080030526,PINNACLE,LEGEND,7,14,13,7,20,21,-7,5-7,0
AF080030626,LEGEND,MEMENTO,7,7,7,3,14,10,0,level,1
AF080030726,SENTINEL,VALIANT,7,24,16,21,23,45,-17,15+,0
AF080030826,MEMENTO,SABRE,7,7,21,14,28,21,0,level,0
AF080030926,HEADHUNTER,LIZARD,0,14,6,3,6,17,-14,11-14,0
AF080040526,LAZARUS,CLASH,14,14,0,3,14,17,0,level,0
AF080040626,ANVIL,ROCKET,0,7,0,0,0,7,-7,5-7,0
AF080040726,OFFICER,SHROUD,10,0,0,7,10,7,10,8-10,0
AF080040826,JUDGEMENT,CRYSTAL,14,10,0,7,14,17,4,3-4,1
AF080040926,MEMENTO,HERMES,7,0,14,14,21,14,7,5-7,0
AF080050626,LEGEND,LAZARUS,7,14,6,0,13,14,-7,5-7,0
AF080050726,PRECISION,PATHFINDER,7,7,3,0,10,7,0,level,0
AF080050826,LAZARUS,METEOR,14,10,3,0,17,10,4,3-4,0
AF080050926,JUDGEMENT,ROCKET,7,7,7,13,14,20,0,level,0
AF080060526,PRECISION,HURRICANE,7,7,0,21,7,28,0,level,0
AF080060626,OVERDRIVE,HERMES,0,10,9,0,9,10,-10,8-10,0
AF080060726,LEO,KRAKEN,0,3,12,14,12,17,-3,3-4,0
AF080060826,LYNX,LEGEND,5,7,0,7,5,14,-2,1-2,0
AF080060926,KATANA,ROCKET,0,7,7,10,7,17,-7,5-7,0
AF080061026,LEGEND,OFFICER,14,24,13,14,27,38,-10,8-10,0
AF080070626,LAZARUS,KEVLAR,7,14,7,7,14,21,-7,5-7,0
AF080070726,LYNX,OFFICER,12,10,7,7,19,17,2,1-2,2
AF080070826,ORIGINAL,MISSILE,7,10,7,13,14,23,-3,3-4,0
AF080080626,PRECISION,SENTRY,0,9,17,10,17,19,-9,8-10,2
AF080080726,CLASH,AVATAR,7,0,7,0,14,0,7,5-7,0
AF080080826,AVATAR,PRECISION,17,0,3,7,20,7,17,15+,0
AF080090626,KEVLAR,JUDGEMENT,20,7,3,7,23,14,13,11-14,0
AF080090726,KEVLAR,HERMES,0,7,7,3,7,10,-7,5-7,0
AF080090826,MEMENTO,PRECISION,7,10,6,10,13,20,-3,3-4,0
AF080090926,RELIC,KRAKEN,7,17,13,7,20,24,-10,8-10,0
AF080100626,LAZARUS,LEGEND,10,7,3,14,13,21,3,3-4,1
AF080100726,MEMENTO,AVATAR,14,14,18,17,32,31,0,level,3
AF080100826,ACE,HERMES,10,0,3,7,13,7,10,8-10,0
AF080100926,LUNA,ACE,3,3,7,9,10,12,0,level,2
AF080110626,MEMENTO,LEGEND,0,14,3,7,3,21,-14,11-14,0
AF080110726,NIGHTMARE,LIZARD,14,7,7,17,21,24,7,5-7,1
AF080110926,OFFICER,PRECISION,21,21,14,17,35,38,0,level,2
AF080120626,SENTRY,OFFICER,7,14,24,7,31,21,-7,5-7,1
AF080120726,CLASH,PRECISION,7,0,14,0,21,0,7,5-7,0
AF080120826,LEO,PATHFINDER,9,14,22,8,31,22,-5,5-7,1
AF080130626,MEMENTO,SENTRY,7,7,0,3,7,10,0,level,0
AF080130726,MEMENTO,AVATAR,14,7,7,0,21,7,7,5-7,0
AF080130826,LYNX,PRECISION,14,0,7,7,21,7,14,11-14,0
AF080130926,LUNA,IMPERIAL,7,10,14,7,21,17,-3,3-4,3
AF080140626,CLASH,LAZARUS,7,0,3,0,10,0,7,5-7,0
AF080140726,MEMENTO,METEOR,7,10,10,14,17,24,-3,3-4,0
AF080140826,AVATAR,METEOR,14,14,0,14,14,28,0,level,0
AF080150626,PINNACLE,SENTRY,10,0,7,7,17,7,10,8-10,0
AF080150726,LEO,PATHFINDER,14,14,21,22,35,36,0,level,3
AF080150926,ASTRONAUT,SHROUD,3,7,14,14,17,21,-4,3-4,4
AF080160626,ANVIL,GENIUS,14,7,7,7,21,14,7,5-7,0
AF080160726,LEGEND,PRECISION,21,14,14,20,35,34,7,5-7,0
AF080160826,CLASH,SENTRY,7,3,0,7,7,10,4,3-4,1
AF080160926,OVERDRIVE,ASTRONAUT,0,3,7,0,7,3,-3,3-4,1
AF080170626,PRECISION,HERMES,0,10,0,7,0,17,-10,8-10,0
AF080170726,MINDFLAYER,MIRAGE,0,7,7,6,7,13,-7,5-7,0
AF080170826,LYNX,LEO,24,13,7,16,31,29,11,11-14,0
AF080170926,ACE,SAGE,14,7,7,0,21,7,7,5-7,0
AF080180526,MONSTER,NEON,14,3,14,15,28,18,11,11-14,0
AF080180726,OFFICER,SENTRY,0,6,14,6,14,12,-6,5-7,1
AF080180826,LEGEND,PRECISION,8,13,13,10,21,23,-5,5-7,2
AF080190526,LEO,LYNX,7,21,8,0,15,21,-14,11-14,0
AF080190726,MEMENTO,ASTRONAUT,10,7,6,7,16,14,3,3-4,2
AF080190826,MEMENTO,HERMES,14,7,7,10,21,17,7,5-7,0
AF080200526,MEMENTO,KEVLAR,14,7,9,14,23,21,7,5-7,2
AF080200726,LEGEND,MEMENTO,14,17,21,14,35,31,-3,3-4,3
AF080200826,LEO,MERCENARY,0,10,6,2,6,12,-10,8-10,0
AF080200926,ROCKET,HURRICANE,0,7,6,7,6,14,-7,5-7,0
AF080210726,PINNACLE,MEMENTO,14,10,17,7,31,17,4,3-4,0
AF080210826,LEO,MEMENTO,21,14,7,0,28,14,7,5-7,0
AF080210926,ACE,OVERDRIVE,14,14,19,18,33,32,0,level,2
AF080220626,PRECISION,AVATAR,14,10,0,14,14,24,4,3-4,1
AF080220726,CRYSTAL,ASTRONAUT,14,7,3,12,17,19,7,5-7,3
AF080220826,PINNACLE,LAZARUS,10,7,14,14,24,21,3,3-4,4
AF080220926,HURRICANE,SAGE,7,0,6,10,13,10,7,5-7,0
AF080230626,MEMENTO,ACE,21,7,6,7,27,14,14,11-14,0
AF080230726,LEO,HERMES,14,21,6,0,20,21,-7,5-7,0
AF080230826,LAZARUS,KEVLAR,7,7,0,10,7,17,0,level,0
AF080230926,KRAKEN,ASTRONAUT,3,0,7,7,10,7,3,3-4,0
AF080240626,KATANA,LYNX,10,17,3,7,13,24,-7,5-7,0
AF080240726,LYNX,PATHFINDER,14,14,7,0,21,14,0,level,0
AF080240826,HERMES,PATHFINDER,3,10,0,10,3,20,-7,5-7,0
AF080240926,ROCKET,PSYCHIC,7,7,3,2,10,9,0,level,1
AF080250526,CLASH,LAZARUS,14,0,0,7,14,7,14,11-14,0
AF080250626,JUDGEMENT,MEMENTO,0,14,7,3,7,17,-14,11-14,0
AF080250826,LEGEND,LEO,10,3,6,8,16,11,7,5-7,2
AF080260526,MEMENTO,LYNX,7,17,12,3,19,20,-10,8-10,0
AF080260626,LEGEND,OFFICER,10,0,3,7,13,7,10,8-10,0
AF080260726,KEVLAR,MEMENTO,3,14,7,7,10,21,-11,11-14,0
AF080260826,SAGE,HERMES,14,14,7,10,21,24,0,level,0
AF080260926,ASTRONAUT,VALIANT,6,0,0,0,6,0,6,5-7,0
AF080270426,MONSTER,UNICORN,24,17,0,14,24,31,7,5-7,1
AF080270526,ROCKET,SHROUD,7,14,7,7,14,21,-7,5-7,0
AF080270626,ACE,PATHFINDER,14,17,3,7,17,24,-3,3-4,0
AF080270726,LYNX,KEVLAR,7,10,7,7,14,17,-3,3-4,0
AF080270826,GADGET,FUSE,7,20,7,15,14,35,-13,11-14,0
AF080270926,ROMAN,SHARK,7,7,10,8,17,15,0,level,0
AF080280426,OFFICER,LYNX,24,7,7,6,31,13,17,15+,0
AF080280526,HERMES,LAZARUS,7,14,7,7,14,21,-7,5-7,0
AF080280626,OFFICER,HERMES,14,14,7,14,21,28,0,level,1
AF080280726,ACE,AVATAR,14,21,0,7,14,28,-7,5-7,0
AF080280826,PHOENIX,MONSTER,17,7,7,10,24,17,10,8-10,0
AF080280926,CLASH,OFFICER,14,8,20,14,34,22,6,5-7,0
AF080290426,GENIUS,SUMMIT,6,14,8,3,14,17,-8,8-10,0
AF080290526,OFFICER,LYNX,14,7,10,7,24,14,7,5-7,0
AF080290626,HERMES,LEGEND,21,14,7,7,28,21,7,5-7,0
AF080290726,HERMES,METEOR,10,14,10,3,20,17,-4,3-4,1
AF080290826,LAZARUS,HERMES,7,0,3,14,10,14,7,5-7,1
AF080290926,RELIC,SAGE,10,14,0,0,10,14,-4,3-4,0
AF080300526,MAVERICK,REGRET,10,7,7,7,17,14,3,3-4,0
AF080300626,VALIANT,ANVIL,14,7,3,7,17,14,7,5-7,0
AF080300726,PINNACLE,SENTRY,14,10,7,7,21,17,4,3-4,2
AF080300826,KEVLAR,HERMES,3,7,10,3,13,10,-4,3-4,1
AF080300926,STRIDER,PSYCHIC,17,14,7,14,24,28,3,3-4,3
AF080310526,SHROUD,VALIANT,7,7,8,14,15,21,0,level,0
AF080310726,MEMENTO,OFFICER,21,14,7,15,28,29,7,5-7,1
AF080310826,SENTRY,KEVLAR,7,7,14,10,21,17,0,level,3
AF081010526,PRECISION,LAZARUS,10,7,7,7,17,14,3,3-4,2
AF081010726,JUDGEMENT,METEOR,3,7,7,0,10,7,-4,3-4,1
AF081010826,DON,WARRIOR,7,7,0,17,7,24,0,level,0
AF081010926,MERCENARY,LEO,10,0,14,22,24,22,10,8-10,0
AF081020526,OFFICER,HERMES,7,7,10,0,17,7,0,level,0
AF081020626,PATHFINDER,ASTRONAUT,10,14,21,21,31,35,-4,3-4,4
AF081020726,PRECISION,KEVLAR,14,7,0,3,14,10,7,5-7,0
AF081020826,WARRIOR,SHARK,3,7,0,3,3,10,-4,3-4,0
AF081021026,MIMIC,SUMMIT,17,14,10,7,27,21,3,3-4,0
AF081030526,LUNA,PRECISION,0,7,10,7,10,14,-7,5-7,2
AF081030726,LAZARUS,HURRICANE,3,7,9,7,12,14,-4,3-4,0
AF081030826,ROMAN,SHARK,17,7,0,7,17,14,10,8-10,0
AF081030926,MIRAGE,SCHOLAR,14,7,7,17,21,24,7,5-7,1
AF081031026,MEMENTO,OFFICER,14,7,0,8,14,15,7,5-7,1
AF081040526,MONSTER,KRAKEN,14,21,0,0,14,21,-7,5-7,0
AF081040626,VALIANT,METEOR,7,14,0,0,7,14,-7,5-7,0
AF081040726,PSYCHIC,LUNA,14,7,7,7,21,14,7,5-7,0
AF081040826,PRECISION,LAZARUS,14,7,7,13,21,20,7,5-7,0
AF081041026,SHROUD,ACE,17,14,10,7,27,21,3,3-4,0
AF081050626,SUMMIT,PSYCHIC,0,3,7,7,7,10,-3,3-4,2
AF081050726,PSYCHIC,ROCKET,7,0,0,14,7,14,7,5-7,1
AF081050826,ROMAN,SHARK,7,13,7,6,14,19,-6,5-7,0
AF081050926,SENTRY,PRECISION,10,7,7,14,17,21,3,3-4,3
AF081060626,OFFICER,AVATAR,21,0,6,0,27,0,21,15+,0
AF081060726,BLAZE,ACE,0,3,7,6,7,9,-3,3-4,2
AF081060826,KRAKEN,HURRICANE,10,14,14,14,24,28,-4,3-4,4
AF081060926,LEGEND,CLASH,10,3,10,8,20,11,7,5-7,0
AF081070626,CLASH,OFFICER,7,10,7,0,14,10,-3,3-4,1
AF081070726,SORCERER,LUNA,14,14,16,15,30,29,0,level,3
AF081070826,MISSILE,ORIGINAL,2,14,7,0,9,14,-12,11-14,0
AF081070926,IMPERIAL,PHOENIX,10,14,14,7,24,21,-4,3-4,1
AF081080626,MONSTER,SEEKER,16,0,3,3,19,3,16,15+,0
AF081080726,ANVIL,LUNA,7,7,6,14,13,21,0,level,0
AF081080826,CRYSTAL,OVERDRIVE,10,7,7,9,17,16,3,3-4,0
AF081080926,KATANA,SAGE,7,10,14,7,21,17,-3,3-4,3
AF081090626,UNICORN,ROCKET,0,3,21,14,21,17,-3,3-4,5
AF081090726,SHARK,ACE,13,10,7,14,20,24,3,3-4,3
AF081090826,HURRICANE,PHOENIX,10,14,0,0,10,14,-4,3-4,0
AF081090926,SABRE,JUDGEMENT,3,7,8,10,11,17,-4,3-4,0
AF081100626,SEEKER,KRAKEN,7,7,7,6,14,13,0,level,0
AF081100726,CRYSTAL,MONSTER,0,14,6,0,6,14,-14,11-14,0
AF081100826,LAZARUS,MERCENARY,14,14,7,8,21,22,0,level,1
AF081100926,MEMENTO,KEVLAR,10,14,7,0,17,14,-4,3-4,1
AF081110626,ANVIL,SUMMIT,14,0,3,3,17,3,14,11-14,0
AF081110726,SHURIKEN,SPARK,3,7,14,7,17,14,-4,3-4,1
AF081110826,GENIUS,MONSTER,10,7,7,7,17,14,3,3-4,0
AF081110926,LUNA,ACE,7,7,7,3,14,10,0,level,0
AF081120626,SENTINEL,PHOENIX,10,14,0,7,10,21,-4,3-4,0
AF081120726,MONSTER,PSYCHIC,17,7,7,6,24,13,10,8-10,0
AF081120826,DESTINY,SHARK,3,7,0,0,3,7,-4,3-4,0
AF081130626,PSYCHIC,CRYSTAL,7,7,10,7,17,14,0,level,0
AF081130726,SHARK,WARRIOR,0,6,17,8,17,14,-6,5-7,1
AF081130926,LEO,SENTRY,10,7,6,14,16,21,3,3-4,1
AF081140626,PSYCHIC,ROCKET,3,7,0,7,3,14,-4,3-4,0
AF081140726,ANVIL,GENIUS,0,10,7,0,7,10,-10,8-10,0
AF081150626,KATANA,MONSTER,6,3,0,0,6,3,3,3-4,0
AF081150726,DON,ACE,3,17,7,7,10,24,-14,11-14,0
AF081150826,CRYSTAL,ROCKET,15,0,7,8,22,8,15,15+,0
AF081150926,AVATAR,PRECISION,7,14,3,7,10,21,-7,5-7,0
AF081160626,ROCKET,LUNA,7,10,7,0,14,10,-3,3-4,1
AF081160726,ANVIL,SAGE,14,14,0,10,14,24,0,level,0
AF081160826,GENIUS,CRYSTAL,14,17,14,13,28,30,-3,3-4,4
AF081160926,SUMMIT,UNICORN,7,3,7,14,14,17,4,3-4,1
AF081170726,CLOCKWORK,ORIGINAL,7,10,6,0,13,10,-3,3-4,1
AF081180526,UNICORN,METEOR,0,3,3,3,3,6,-3,3-4,0
AF081180626,LAZARUS,PATHFINDER,7,13,8,6,15,19,-6,5-7,0
AF081180726,IMPERIAL,LUNA,14,7,7,7,21,14,7,5-7,0
AF081180826,SUMMIT,KRAKEN,10,10,7,10,17,20,0,level,0
AF081180926,LUNA,KRAKEN,3,6,7,7,10,13,-3,3-4,2
AF081190726,VALIANT,CRYSTAL,14,14,7,10,21,24,0,level,0
AF081190826,DON,STRIDER,10,14,0,0,10,14,-4,3-4,0
AF081200526,METEOR,OCTANE,7,7,7,14,14,21,0,level,1
AF081200726,STRIDER,GENIUS,3,10,10,0,13,10,-7,5-7,1
AF081200826,SHARK,ROMAN,14,0,0,8,14,8,14,11-14,0
AF081210726,DESTINY,ACE,7,10,3,7,10,17,-3,3-4,0
AF081210826,PSYCHIC,KRAKEN,14,13,14,7,28,20,1,1-2,0
AF081210926,MEMENTO,LYNX,7,10,8,7,15,17,-3,3-4,0
AF081220626,KRAKEN,DAME,14,17,14,7,28,24,-3,3-4,3
AF081220726,KEVLAR,LYNX,10,7,7,7,17,14,3,3-4,0
AF081220826,VALIANT,PHOENIX,0,7,8,10,8,17,-7,5-7,0
AF081220926,HERMES,PRECISION,14,7,14,22,28,29,7,5-7,1
AF081230726,MIDAS,WARRIOR,0,14,7,7,7,21,-14,11-14,0
AF081230826,VALIANT,OCTANE,24,21,7,7,31,28,3,3-4,0
AF081230926,LEO,LYNX,24,28,8,14,32,42,-4,3-4,0
AF081240626,SORCERER,CRYSTAL,7,7,14,0,21,7,0,level,0
AF081240726,SHARK,WARRIOR,3,7,0,7,3,14,-4,3-4,0
AF081240826,ACE,PATHFINDER,3,10,3,7,6,17,-7,5-7,0
AF081240926,GADGET,REGRET,24,10,6,6,30,16,14,11-14,0
AF081250626,LUNA,ANVIL,17,7,11,7,28,14,10,8-10,0
AF081250826,HURRICANE,MONSTER,3,7,7,7,10,14,-4,3-4,2
AF081250926,NIRVANA,MAVERICK,0,10,0,7,0,17,-10,8-10,0
AF081260526,GENIUS,UNICORN,7,10,6,7,13,17,-3,3-4,0
AF081260626,PSYCHIC,MONSTER,21,6,0,7,21,13,15,15+,0
AF081260826,ROMAN,DESTINY,7,0,7,7,14,7,7,5-7,0
AF081270526,LAZARUS,LEGEND,7,14,8,0,15,14,-7,5-7,1
AF081270626,OVERDRIVE,LUNA,14,7,3,0,17,7,7,5-7,0
AF081270726,DON,DESTINY,14,0,0,0,14,0,14,11-14,0
AF081270826,PRECISION,HERMES,0,7,14,17,14,24,-7,5-7,0
AF081270926,SHARK,PSYCHIC,0,7,8,7,8,14,-7,5-7,0
AF081280426,SAGE,UNICORN,20,0,7,7,27,7,20,15+,0
AF081280526,SAGE,ROCKET,7,14,7,3,14,17,-7,5-7,0
AF081280726,DESTINY,SHARK,0,14,0,7,0,21,-14,11-14,0
AF081280826,SHROUD,OVERDRIVE,6,6,7,0,13,6,0,level,0
AF081280926,KATANA,KRAKEN,0,14,0,7,0,21,-14,11-14,0
AF081290426,CRYSTAL,HURRICANE,10,14,7,7,17,21,-4,3-4,2
AF081290526,ANVIL,PHOENIX,7,7,0,7,7,14,0,level,0
AF081290626,UNICORN,SHARK,10,7,7,7,17,14,3,3-4,2
AF081290726,DAME,WARRIOR,7,7,3,17,10,24,0,level,0
AF081290826,VALIANT,LUNA,7,0,3,7,10,7,7,5-7,0
AF081300426,ANVIL,KRAKEN,7,7,3,7,10,14,0,level,1
AF081300526,PHOENIX,UNICORN,7,7,21,14,28,21,0,level,1
AF081300626,JUDGEMENT,CRYSTAL,14,7,3,14,17,21,7,5-7,1
AF081300726,UNICORN,CRYSTAL,0,7,11,7,11,14,-7,5-7,0
AF081300826,KRAKEN,VALIANT,14,14,0,28,14,42,0,level,0
AF081310526,IMPERIAL,LUNA,0,10,3,7,3,17,-10,8-10,0
AF081310726,VALIANT,SUMMIT,10,0,7,8,17,8,10,8-10,0
AF081310826,GENIUS,LUNA,3,7,12,15,15,22,-4,3-4,2
AF082010526,SHROUD,CRYSTAL,7,0,3,7,10,7,7,5-7,0
AF082010626,MEMENTO,CLASH,14,14,0,3,14,17,0,level,0
AF082010726,ACE,ROMAN,10,17,22,21,32,38,-7,5-7,0
AF082010826,OVERDRIVE,JUDGEMENT,21,7,3,0,24,7,14,11-14,0
AF082010926,DESTINY,STRIDER,6,10,0,14,6,24,-4,3-4,0
AF082020526,SHROUD,PHOENIX,10,0,7,0,17,0,10,8-10,0
AF082020626,LYNX,MEMENTO,6,14,0,7,6,21,-8,8-10,0
AF082020726,CRYSTAL,ROCKET,7,14,7,7,14,21,-7,5-7,0
AF082020826,ASTRONAUT,KATANA,7,14,7,10,14,24,-7,5-7,0
AF082021026,GENIUS,MIMIC,7,3,6,0,13,3,4,3-4,0
AF082030526,METEOR,SENTRY,0,7,13,14,13,21,-7,5-7,0
AF082030726,PRECISION,PATHFINDER,21,14,6,7,27,21,7,5-7,0
AF082030826,GENIUS,PHOENIX,7,10,20,7,27,17,-3,3-4,1
AF082030926,MEMENTO,LEGEND,14,6,0,13,14,19,8,8-10,1
AF082031026,ROCKET,WARRIOR,14,7,6,6,20,13,7,5-7,0
AF082040626,HERMES,AVATAR,0,7,10,0,10,7,-7,5-7,1
AF082040726,VALIANT,KRAKEN,0,14,0,0,0,14,-14,11-14,0
AF082040826,SUMMIT,MIMIC,0,3,14,7,14,10,-3,3-4,1
AF082040926,JUDGEMENT,ROCKET,14,0,0,3,14,3,14,11-14,0
AF082041026,HURRICANE,ACE,7,14,0,10,7,24,-7,5-7,0
AF082050626,IMPERIAL,OVERDRIVE,17,14,0,14,17,28,3,3-4,1
AF082050726,HURRICANE,SENTRY,3,7,0,3,3,10,-4,3-4,0
AF082050826,UNICORN,SORCERER,7,0,7,9,14,9,7,5-7,0
AF082050926,KRAKEN,PHOENIX,3,21,14,3,17,24,-18,15+,0
AF082060526,GENIUS,SHROUD,7,14,0,10,7,24,-7,5-7,0
AF082060626,HURRICANE,IMPERIAL,7,7,14,0,21,7,0,level,0
AF082060926,STRIDER,SHARK,6,7,7,14,13,21,-1,1-2,0
AF082070626,LEO,PATHFINDER,7,7,7,0,14,7,0,level,0
AF082070726,KATANA,CRYSTAL,3,6,7,7,10,13,-3,3-4,0
AF082070826,SENTRY,OFFICER,7,7,10,7,17,14,0,level,1
AF082070926,JUDGEMENT,METEOR,7,0,6,7,13,7,7,5-7,0
AF082080626,ROCKET,LEO,10,14,14,7,24,21,-4,3-4,3
AF082080726,LAZARUS,KEVLAR,7,7,7,0,14,7,0,level,0
AF082080826,JUDGEMENT,LAZARUS,7,14,7,3,14,17,-7,5-7,0
AF082080926,ACE,METEOR,3,10,10,0,13,10,-7,5-7,1
AF082090626,PHOENIX,HERMES,7,10,0,0,7,10,-3,3-4,0
AF082090726,LUNA,CRYSTAL,7,7,8,7,15,14,0,level,1
AF082090826,LUNA,ACE,0,21,13,0,13,21,-21,15+,0
AF082100626,SHROUD,PATHFINDER,7,14,0,14,7,28,-7,5-7,0
AF082100826,PSYCHIC,GENIUS,7,3,7,3,14,6,4,3-4,0
AF082110626,SAGE,HERMES,7,7,3,7,10,14,0,level,1
AF082110726,FENRIR,HEADHUNTER,14,10,10,11,24,21,4,3-4,0
AF082110826,HERMES,SABRE,13,7,7,7,20,14,6,5-7,0
AF082110926,AVATAR,PRECISION,21,7,9,21,30,28,14,11-14,2
AF082120726,PHOENIX,METEOR,14,21,14,3,28,24,-7,5-7,1
AF082120826,KRAKEN,METEOR,3,21,7,7,10,28,-18,15+,0
AF082130626,LAZARUS,JUDGEMENT,7,7,0,3,7,10,0,level,0
AF082130726,SABRE,HERMES,14,0,10,21,24,21,14,11-14,2
AF082130826,JUDGEMENT,ASTRONAUT,7,21,11,7,18,28,-14,11-14,0
AF082130926,PHOENIX,VALIANT,7,6,3,0,10,6,1,1-2,0
AF082140626,VALIANT,PATHFINDER,21,0,14,7,35,7,21,15+,0
AF082140726,OCTANE,ASTRONAUT,7,7,21,14,28,21,0,level,0
AF082140826,LUNA,ROCKET,7,14,7,3,14,17,-7,5-7,0
AF082150726,CRYSTAL,JUDGEMENT,3,7,14,7,17,14,-4,3-4,3
AF082150826,CRYSTAL,PHOENIX,7,7,10,7,17,14,0,level,2
AF082150926,LYNX,AVATAR,0,14,7,7,7,21,-14,11-14,0
AF082160626,CLASH,SAGE,14,7,0,0,14,7,7,5-7,0
AF082160726,HERMES,MEMENTO,3,16,14,10,17,26,-13,11-14,0
AF082160826,LEO,HERMES,14,14,0,3,14,17,0,level,0
AF082160926,LUNA,ACE,14,7,10,3,24,10,7,5-7,0
AF082170626,HURRICANE,JUDGEMENT,7,7,7,8,14,15,0,level,1
AF082170726,SHURIKEN,PRISMATIC,14,7,0,3,14,10,7,5-7,0
AF082170826,ACE,SAGE,7,0,3,14,10,14,7,5-7,1
AF082180526,LEGEND,KEVLAR,7,14,7,3,14,17,-7,5-7,0
AF082180626,PRECISION,AVATAR,21,21,7,10,28,31,0,level,0
AF082180726,OVERDRIVE,AVATAR,3,7,14,14,17,21,-4,3-4,4
AF082180826,SAGE,LAZARUS,3,7,7,7,10,14,-4,3-4,2
AF082180926,LUNA,PHOENIX,7,10,14,13,21,23,-3,3-4,4
AF082190526,VALIANT,SHROUD,14,14,7,0,21,14,0,level,0
AF082190726,OCTANE,KRAKEN,14,7,7,7,21,14,7,5-7,0
AF082190826,JUDGEMENT,METEOR,14,3,0,0,14,3,11,11-14,0
AF082190926,HURRICANE,PSYCHIC,14,7,7,12,21,19,7,5-7,0
AF082200726,HERMES,PSYCHIC,14,10,7,0,21,10,4,3-4,0
AF082200826,LUNA,CRYSTAL,14,14,7,10,21,24,0,level,2
AF082200926,ROCKET,IMPERIAL,7,7,7,8,14,15,0,level,1
AF082210726,OCTANE,SAGE,7,7,3,14,10,21,0,level,1
AF082220626,LYNX,WARRIOR,7,7,7,0,14,7,0,level,0
AF082220726,DESTINY,ACE,10,14,3,7,13,21,-4,3-4,0
AF082220826,SHROUD,PRECISION,6,14,6,0,12,14,-8,8-10,0
AF082230726,UNICORN,HURRICANE,14,21,8,7,22,28,-7,5-7,0
AF082240526,PRECISION,MEMENTO,14,14,6,7,20,21,0,level,0
AF082240626,LUNA,CRYSTAL,7,7,8,7,15,14,0,level,1
AF082240726,HERMES,OVERDRIVE,21,10,10,6,31,16,11,11-14,0
AF082240826,SENTRY,PINNACLE,7,14,14,10,21,24,-7,5-7,0
AF082240926,HEADHUNTER,GADGET,7,17,7,10,14,27,-10,8-10,0
AF082250526,OVERDRIVE,LEO,0,21,20,7,20,28,-21,15+,0
AF082250826,SABRE,ASTRONAUT,14,7,10,7,24,14,7,5-7,0
AF082250926,NIRVANA,SHURIKEN,0,21,7,0,7,21,-21,15+,0
AF082260526,SAGE,LAZARUS,14,7,0,8,14,15,7,5-7,1
AF082260626,PHOENIX,KRAKEN,7,7,7,0,14,7,0,level,0
AF082260726,HERMES,PATHFINDER,7,10,0,17,7,27,-3,3-4,0
AF082260826,PHOENIX,MIMIC,7,0,0,0,7,0,7,5-7,0
AF082270426,CLASH,PRECISION,7,17,14,0,21,17,-10,8-10,1
AF082270526,OCTANE,GENIUS,14,3,7,7,21,10,11,11-14,0
AF082270626,WARRIOR,LAZARUS,7,7,6,7,13,14,0,level,0
AF082270726,OCTANE,KATANA,7,7,0,3,7,10,0,level,0
AF082270826,LUNA,JUDGEMENT,7,0,7,3,14,3,7,5-7,0
AF082270926,PSYCHIC,ROMAN,0,7,13,7,13,14,-7,5-7,0
AF082280426,VALIANT,MEMENTO,7,7,8,10,15,17,0,level,0
AF082280526,VALIANT,PATHFINDER,7,10,0,0,7,10,-3,3-4,0
AF082280626,ROCKET,LEO,14,8,6,16,20,24,6,5-7,3
AF082280726,PSYCHIC,OVERDRIVE,0,21,7,7,7,28,-21,15+,0
AF082280826,OFFICER,MEMENTO,7,0,7,15,14,15,7,5-7,1
AF082280926,LYNX,OFFICER,7,7,14,21,21,28,0,level,0
AF082290426,LAZARUS,KEVLAR,3,14,6,7,9,21,-11,11-14,0
AF082290626,SENTRY,KRAKEN,21,7,14,7,35,14,14,11-14,0
AF082290726,ANVIL,OVERDRIVE,7,7,14,7,21,14,0,level,1
AF082290826,CRYSTAL,SHROUD,0,7,7,3,7,10,-7,5-7,0
AF082300526,ANVIL,UNICORN,13,3,0,0,13,3,10,8-10,0
AF082300626,KEVLAR,CLASH,10,0,14,7,24,7,10,8-10,0
AF082300726,PATHFINDER,LEGEND,14,21,7,3,21,24,-7,5-7,0
AF082300826,LAZARUS,MEMENTO,14,21,14,14,28,35,-7,5-7,0
AF082310526,CRYSTAL,SHROUD,14,7,3,8,17,15,7,5-7,0
AF082310726,RELIC,KRAKEN,14,7,7,0,21,7,7,5-7,0
AF082310826,LEGEND,SABRE,14,10,0,3,14,13,4,3-4,0
AF083010526,PRECISION,HERMES,14,14,22,13,36,27,0,level,0
AF083010726,PHOENIX,SUMMIT,17,7,3,7,20,14,10,8-10,0
AF083010826,PATHFINDER,MERCENARY,14,7,8,14,22,21,7,5-7,2
AF083010926,CRYSTAL,SABRE,14,17,8,35,22,52,-3,3-4,0
AF083020526,SENTRY,CRYSTAL,7,7,7,0,14,7,0,level,0
AF083020626,ASTRONAUT,PRECISION,14,7,10,14,24,21,7,5-7,0
AF083020726,LYNX,JUDGEMENT,7,7,14,0,21,7,0,level,0
AF083020826,SENTRY,CLASH,14,7,17,14,31,21,7,5-7,2
AF083020926,KEVLAR,HERMES,7,7,7,0,14,7,0,level,0
AF083021026,GENIUS,SUMMIT,10,10,7,6,17,16,0,level,0
AF083030526,PINNACLE,KEVLAR,10,7,3,3,13,10,3,3-4,0
AF083030626,LEGEND,KEVLAR,7,10,7,14,14,24,-3,3-4,0
AF083030726,VALIANT,PSYCHIC,7,7,0,10,7,17,0,level,0
AF083030826,MEMENTO,LEGEND,21,7,7,0,28,7,14,11-14,0
AF083030926,LUNA,SUMMIT,10,10,3,21,13,31,0,level,0
AF083031026,MERCENARY,OFFICER,10,10,13,14,23,24,0,level,0
AF083040526,LAZARUS,LEGEND,17,14,0,0,17,14,3,3-4,0
AF083040626,UNICORN,NEON,7,7,14,7,21,14,0,level,0
AF083040726,OFFICER,PRECISION,7,3,7,7,14,10,4,3-4,2
AF083040826,CRYSTAL,SAGE,0,7,7,6,7,13,-7,5-7,0
AF083040926,LEGEND,PRECISION,14,3,14,7,28,10,11,11-14,0
AF083041026,OVERDRIVE,ACE,21,14,0,0,21,14,7,5-7,0
AF083050726,PRECISION,LEGEND,7,10,17,12,24,22,-3,3-4,1
AF083050826,LAZARUS,HERMES,3,7,7,7,10,14,-4,3-4,2
AF083050926,JUDGEMENT,SHROUD,10,0,10,8,20,8,10,8-10,0
AF083051026,MEMENTO,LYNX,10,17,0,0,10,17,-7,5-7,0
AF083060526,HURRICANE,VALIANT,0,10,14,3,14,13,-10,8-10,1
AF083060726,LEO,OVERDRIVE,14,7,13,14,27,21,7,5-7,0
AF083060826,LEGEND,MERCENARY,7,14,7,7,14,21,-7,5-7,0
AF083060926,ROCKET,ACE,3,3,0,3,3,6,0,level,0
AF083061026,CLASH,MERCENARY,7,14,17,6,24,20,-7,5-7,1
AF083070626,KEVLAR,SENTRY,7,14,15,7,22,21,-7,5-7,1
AF083070726,LYNX,HERMES,27,7,3,7,30,14,20,15+,0
AF083070826,HURRICANE,IMPERIAL,14,14,17,3,31,17,0,level,1
AF083070926,SENTRY,PINNACLE,3,7,14,6,17,13,-4,3-4,1
AF083080626,PRECISION,LEGEND,3,0,7,7,10,7,3,3-4,0
AF083080726,CLASH,PRECISION,10,3,14,7,24,10,7,5-7,0
AF083080826,AVATAR,SENTRY,0,7,8,13,8,20,-7,5-7,0
AF083090626,KEVLAR,LYNX,7,7,10,7,17,14,0,level,0
AF083090726,KEVLAR,SABRE,14,7,14,16,28,23,7,5-7,0
AF083090826,MEMENTO,LEGEND,24,3,7,14,31,17,21,15+,0
AF083090926,KRAKEN,SAGE,10,7,7,7,17,14,3,3-4,2
AF083100626,LAZARUS,MEMENTO,3,7,9,8,12,15,-4,3-4,2
AF083100826,ACE,PATHFINDER,14,7,7,12,21,19,7,5-7,0
AF083100926,SENTRY,KEVLAR,14,0,7,0,21,0,14,11-14,0
AF083110626,MEMENTO,AVATAR,7,21,0,3,7,24,-14,11-14,0
AF083110726,GADGET,REGRET,3,31,0,0,3,31,-28,15+,0
AF083110826,MERCENARY,CLASH,14,0,7,0,21,0,14,11-14,0
AF083110926,RELIC,ACE,7,7,13,12,20,19,0,level,2
AF083120626,SENTRY,LYNX,0,10,23,14,23,24,-10,8-10,0
AF083120726,CLASH,OFFICER,7,10,6,7,13,17,-3,3-4,0
AF083120826,PATHFINDER,MEMENTO,13,14,6,8,19,22,-1,1-2,2
AF083130626,SENTRY,OFFICER,0,14,13,7,13,21,-14,11-14,0
AF083130726,MEMENTO,MERCENARY,3,10,13,7,16,17,-7,5-7,0
AF083130826,LYNX,AVATAR,0,3,0,3,0,6,-3,3-4,0
AF083130926,HERMES,SENTRY,7,0,10,0,17,0,7,5-7,0
AF083140626,CLASH,PRECISION,17,7,7,0,24,7,10,8-10,0
AF083140726,MEMENTO,LEO,7,14,23,14,30,28,-7,5-7,5
AF083140826,METEOR,LEGEND,7,2,14,22,21,24,5,5-7,5
AF083150626,PINNACLE,LEGEND,21,7,7,7,28,14,14,11-14,0
AF083150726,LYNX,MEMENTO,10,14,14,7,24,21,-4,3-4,3
AF083150826,LUNA,CRYSTAL,7,7,10,7,17,14,0,level,2
AF083150926,JUDGEMENT,AVATAR,16,14,8,14,24,28,2,1-2,3
AF083160626,GENIUS,MONSTER,14,0,3,7,17,7,14,11-14,0
AF083160726,LEGEND,MERCENARY,14,7,3,7,17,14,7,5-7,0
AF083160826,SENTRY,AVATAR,7,17,7,10,14,27,-10,8-10,0
AF083160926,MIDAS,MIMIC,7,10,0,7,7,17,-3,3-4,0
AF083170626,PRECISION,MEMENTO,7,21,7,3,14,24,-14,11-14,0
AF083170726,MINDFLAYER,PRISMATIC,14,24,21,7,35,31,-10,8-10,1
AF083170826,CLASH,LEO,10,21,7,14,17,35,-11,11-14,0
AF083180526,SEEKER,GENIUS,7,7,0,17,7,24,0,level,0
AF083180726,OFFICER,MEMENTO,14,7,7,8,21,15,7,5-7,0
AF083180826,LEGEND,LYNX,7,3,7,7,14,10,4,3-4,2
AF083180926,PHOENIX,LUNA,7,0,14,7,21,7,7,5-7,0
AF083190526,LEO,LEGEND,14,14,0,3,14,17,0,level,0
AF083190726,MEMENTO,LEO,14,14,14,21,28,35,0,level,0
AF083190826,MEMENTO,LEGEND,14,0,17,7,31,7,14,11-14,0
AF083200726,CLASH,MEMENTO,13,7,10,0,23,7,6,5-7,0
AF083200826,LEO,LEGEND,0,14,19,3,19,17,-14,11-14,1
AF083200926,AVATAR,PRECISION,10,7,7,7,17,14,3,3-4,0
AF083210726,PINNACLE,LEGEND,17,14,14,0,31,14,3,3-4,0
AF083210826,LEO,HERMES,14,0,17,21,31,21,14,11-14,0
AF083210926,OFFICER,LYNX,14,0,7,22,21,22,14,11-14,1
AF083220626,LEGEND,AVATAR,7,28,7,17,14,45,-21,15+,0
AF083220726,ASTRONAUT,KRAKEN,14,7,3,7,17,14,7,5-7,0
AF083220826,PINNACLE,MEMENTO,10,0,7,0,17,0,10,8-10,0
AF083230626,MEMENTO,PRECISION,7,7,7,0,14,7,0,level,0
AF083230726,LEO,PATHFINDER,13,0,7,7,20,7,13,11-14,0
AF083230826,LAZARUS,OFFICER,7,14,14,17,21,31,-7,5-7,0
AF083240526,CRYSTAL,LUNA,7,7,10,7,17,14,0,level,1
AF083240626,LYNX,KATANA,3,0,0,7,3,7,3,3-4,1
AF083240726,LYNX,METEOR,14,14,10,7,24,21,0,level,0
AF083240826,ROMAN,STRIDER,6,7,0,7,6,14,-1,1-2,0
AF083240926,HEADHUNTER,REGRET,11,14,17,6,28,20,-3,3-4,1
AF083250526,CLASH,PATHFINDER,7,7,14,0,21,7,0,level,0
AF083250626,JUDGEMENT,HERMES,14,7,10,0,24,7,7,5-7,0
AF083250826,LEGEND,MEMENTO,0,21,20,7,20,28,-21,15+,0
AF083250926,SHURIKEN,MAVERICK,3,7,3,0,6,7,-4,3-4,0
AF083260526,MEMENTO,KEVLAR,17,3,3,0,20,3,14,11-14,0
AF083260626,OFFICER,SENTRY,3,0,9,7,12,7,3,3-4,2
AF083260726,KEVLAR,PRECISION,14,14,10,7,24,21,0,level,0
AF083260826,SAGE,MEMENTO,3,14,7,7,10,21,-11,11-14,0
AF083270426,SEEKER,NEON,10,0,3,0,13,0,10,8-10,0
AF083270526,SHROUD,METEOR,7,3,0,7,7,10,4,3-4,1
AF083270626,ACE,SENTRY,14,7,0,0,14,7,7,5-7,0
AF083270726,MERCENARY,LEGEND,7,7,7,14,14,21,0,level,1
AF083270826,LYNX,ACE,7,0,0,10,7,10,7,5-7,1
AF083270926,PSYCHIC,DON,7,0,10,0,17,0,7,5-7,0
AF083280426,LYNX,CLASH,10,0,7,14,17,14,10,8-10,0
AF083280526,HERMES,ASTRONAUT,7,14,29,14,36,28,-7,5-7,1
AF083280626,OFFICER,CLASH,14,0,10,0,24,0,14,11-14,0
AF083280726,ACE,LEO,0,14,0,7,0,21,-14,11-14,0
AF083280826,MONSTER,VALIANT,3,14,3,0,6,14,-11,11-14,0
AF083280926,IMPERIAL,KRAKEN,3,10,0,7,3,17,-7,5-7,0
AF083290426,ROCKET,KRAKEN,10,14,0,0,10,14,-4,3-4,0
AF083290526,LYNX,MEMENTO,3,7,10,3,13,10,-4,3-4,1
AF083290626,HERMES,MEMENTO,0,7,7,14,7,21,-7,5-7,0
AF083290726,HERMES,JUDGEMENT,7,10,7,7,14,17,-3,3-4,0
AF083290826,LAZARUS,LEGEND,6,27,31,11,37,38,-21,15+,0
AF083300526,UNICORN,ANVIL,7,7,7,10,14,17,0,level,2
AF083300626,VALIANT,OVERDRIVE,14,28,15,3,29,31,-14,11-14,2
AF083300726,PINNACLE,MERCENARY,21,7,7,18,28,25,14,11-14,0
AF083300826,KEVLAR,CLASH,0,7,9,7,9,14,-7,5-7,0
AF083310526,LUNA,KRAKEN,14,3,7,0,21,3,11,11-14,0
AF083310826,SENTRY,MERCENARY,0,6,7,6,7,12,-6,5-7,2
AF084010526,SHROUD,ROCKET,14,0,7,0,21,0,14,11-14,0
AF084010726,HERMES,OCTANE,12,0,7,7,19,7,12,11-14,0
AF084010826,WARRIOR,ROMAN,21,14,10,7,31,21,7,5-7,0
AF084010926,PRECISION,PINNACLE,7,7,14,15,21,22,0,level,2
AF084020526,LEGEND,LAZARUS,0,7,14,10,14,17,-7,5-7,0
AF084020626,CLASH,LYNX,7,7,7,10,14,17,0,level,0
AF084020726,CLASH,MERCENARY,0,7,17,7,17,14,-7,5-7,1
AF084020826,WARRIOR,DON,10,0,14,8,24,8,10,8-10,0
AF084021026,SUMMIT,MIMIC,7,7,0,3,7,10,0,level,0
AF084030526,LUNA,OCTANE,14,0,7,15,21,15,14,11-14,0
AF084030726,HURRICANE,CRYSTAL,0,0,3,10,3,10,0,level,0
AF084030826,ROMAN,DON,7,10,15,14,22,24,-3,3-4,0
AF084030926,RELIC,CRYSTAL,7,7,7,10,14,17,0,level,2
AF084040526,MONSTER,SEEKER,3,0,0,7,3,7,3,3-4,1
AF084040626,SAGE,PHOENIX,7,14,10,0,17,14,-7,5-7,1
AF084040726,PSYCHIC,PHOENIX,7,0,9,14,16,14,7,5-7,2
AF084040826,MEMENTO,PINNACLE,3,7,15,10,18,17,-4,3-4,1
AF084040926,LUNA,VALIANT,7,0,3,7,10,7,7,5-7,0
AF084041026,ACE,SHROUD,10,7,0,7,10,14,3,3-4,1
AF084050626,SUMMIT,GENIUS,0,19,0,7,0,26,-19,15+,0
AF084050726,PSYCHIC,LUNA,7,10,15,7,22,17,-3,3-4,1
AF084050826,ROMAN,DON,10,0,0,0,10,0,10,8-10,0
AF084050926,PRECISION,MEMENTO,7,7,13,7,20,14,0,level,0
AF084051026,KEVLAR,HERMES,7,14,7,3,14,17,-7,5-7,0
AF084060526,OVERDRIVE,LAZARUS,0,7,9,3,9,10,-7,5-7,2
AF084060626,PRECISION,PINNACLE,14,7,0,0,14,7,7,5-7,0
AF084060726,BLAZE,DON,7,3,3,14,10,17,4,3-4,1
AF084060826,HURRICANE,SUMMIT,21,7,10,7,31,14,14,11-14,0
AF084060926,PINNACLE,OFFICER,7,7,0,10,7,17,0,level,0
AF084061026,OFFICER,HERMES,14,0,0,15,14,15,14,11-14,1
AF084070626,PRECISION,PINNACLE,14,21,14,6,28,27,-7,5-7,1
AF084070726,SORCERER,GENIUS,14,7,7,8,21,15,7,5-7,0
AF084070826,LUNA,CRYSTAL,21,21,8,7,29,28,0,level,1
AF084070926,IMPERIAL,HURRICANE,3,7,7,7,10,14,-4,3-4,2
AF084080626,MONSTER,SUMMIT,10,7,6,7,16,14,3,3-4,2
AF084080726,ANVIL,SUMMIT,0,7,0,0,0,7,-7,5-7,0
AF084080826,CRYSTAL,LUNA,7,7,6,7,13,14,0,level,0
AF084080926,SAGE,ROCKET,3,7,6,7,9,14,-4,3-4,0
AF084090626,UNICORN,GENIUS,14,7,0,17,14,24,7,5-7,1
AF084090726,SHARK,DON,7,14,8,7,15,21,-7,5-7,0
AF084090826,HURRICANE,KRAKEN,7,14,15,10,22,24,-7,5-7,0
AF084090926,JUDGEMENT,METEOR,17,14,10,7,27,21,3,3-4,0
AF084100626,SEEKER,OCTANE,17,28,0,7,17,35,-11,11-14,0
AF084100726,CRYSTAL,SUMMIT,7,7,7,11,14,18,0,level,2
AF084100826,LEGEND,PINNACLE,10,14,7,7,17,21,-4,3-4,2
AF084110626,SEEKER,ANVIL,10,7,6,7,16,14,3,3-4,2
AF084110726,FENRIR,LIZARD,14,14,14,17,28,31,0,level,4
AF084110826,GENIUS,UNICORN,10,0,0,0,10,0,10,8-10,0
AF084110926,AVATAR,OFFICER,7,21,21,14,28,35,-14,11-14,0
AF084120626,SENTINEL,PSYCHIC,7,7,10,6,17,13,0,level,0
AF084120726,MONSTER,VALIANT,14,7,14,15,28,22,7,5-7,2
AF084120826,SHARK,ROMAN,7,10,7,0,14,10,-3,3-4,1
AF084120926,HURRICANE,VALIANT,0,13,8,3,8,16,-13,11-14,0
AF084130626,CRYSTAL,KRAKEN,14,7,0,0,14,7,7,5-7,0
AF084130726,ACE,SHARK,10,2,0,6,10,8,8,8-10,0
AF084130826,OCTANE,ROCKET,7,10,7,0,14,10,-3,3-4,1
AF084130926,LUNA,VALIANT,0,21,3,3,3,24,-21,15+,0
AF084140626,PSYCHIC,KRAKEN,7,0,7,0,14,0,7,5-7,0
AF084140726,ANVIL,SORCERER,24,7,7,7,31,14,17,15+,0
AF084140826,VALIANT,MONSTER,14,17,14,0,28,17,-3,3-4,1
AF084150626,KATANA,SUMMIT,7,14,8,7,15,21,-7,5-7,0
AF084150726,BLAZE,MIDAS,0,17,0,7,0,24,-17,15+,0
AF084150826,ROCKET,CRYSTAL,6,3,7,0,13,3,3,3-4,0
AF084150926,PRECISION,AVATAR,21,7,0,11,21,18,14,11-14,0
AF084160626,LUNA,OCTANE,7,14,15,7,22,21,-7,5-7,1
AF084160726,ANVIL,SEEKER,7,3,0,7,7,10,4,3-4,1
AF084160826,CRYSTAL,LUNA,0,10,7,0,7,10,-10,8-10,0
AF084160926,OVERDRIVE,ACE,10,14,0,7,10,21,-4,3-4,0
AF084170726,SHURIKEN,MIRAGE,10,14,8,3,18,17,-4,3-4,1
AF084170826,UNICORN,MONSTER,14,14,0,7,14,21,0,level,0
AF084180526,LEO,SUMMIT,14,0,0,6,14,6,14,11-14,0
AF084180626,PATHFINDER,ASTRONAUT,14,7,14,7,28,14,7,5-7,0
AF084180726,IMPERIAL,VALIANT,3,3,8,10,11,13,0,level,2
AF084180826,SUMMIT,GENIUS,21,7,17,0,38,7,14,11-14,0
AF084180926,PHOENIX,KRAKEN,10,0,0,7,10,7,10,8-10,0
AF084190726,VALIANT,GENIUS,28,13,10,13,38,26,15,15+,0
AF084190826,DON,MIDAS,14,7,7,0,21,7,7,5-7,0
AF084200726,DAME,GENIUS,10,6,14,6,24,12,4,3-4,0
AF084200826,SHARK,WARRIOR,7,0,7,0,14,0,7,5-7,0
AF084200926,HURRICANE,PSYCHIC,12,0,3,7,15,7,12,11-14,0
AF084210826,PSYCHIC,MIMIC,7,7,0,7,7,14,0,level,0
AF084220626,GENIUS,DAME,7,14,3,0,10,14,-7,5-7,0
AF084220726,MEMENTO,MERCENARY,3,10,8,10,11,20,-7,5-7,0
AF084220826,VALIANT,HURRICANE,13,14,0,8,13,22,-1,1-2,0
AF084220926,SAGE,KATANA,7,7,2,12,9,19,0,level,0
AF084230826,VALIANT,HURRICANE,7,6,6,8,13,14,1,1-2,1
AF084230926,KRAKEN,HURRICANE,10,7,7,0,17,7,3,3-4,0
AF084240526,PATHFINDER,LEO,14,7,7,15,21,22,7,5-7,1
AF084240626,KEVLAR,CLASH,3,17,12,9,15,26,-14,11-14,0
AF084240726,SHARK,ACE,6,3,0,7,6,10,3,3-4,1
AF084240826,OCTANE,UNICORN,0,14,7,10,7,24,-14,11-14,0
AF084250526,PHOENIX,GENIUS,21,7,14,6,35,13,14,11-14,0
AF084250626,LUNA,KATANA,7,6,0,15,7,21,1,1-2,1
AF084250826,HURRICANE,KRAKEN,7,14,10,7,17,21,-7,5-7,0
AF084260526,GENIUS,SUMMIT,3,7,7,7,10,14,-4,3-4,2
AF084260626,MONSTER,ROCKET,13,3,0,17,13,20,10,8-10,1
AF084260826,ROMAN,SHARK,7,28,14,7,21,35,-21,15+,0
AF084270426,SHROUD,OVERDRIVE,14,14,7,10,21,24,0,level,0
AF084270526,HURRICANE,MEMENTO,0,14,14,6,14,20,-14,11-14,0
AF084270626,OVERDRIVE,IMPERIAL,10,0,7,14,17,14,10,8-10,0
AF084270726,STRIDER,SHARK,10,7,13,10,23,17,3,3-4,2
AF084270826,CLASH,KEVLAR,10,7,7,0,17,7,3,3-4,0
AF084270926,ROMAN,PSYCHIC,7,0,0,11,7,11,7,5-7,1
AF084280426,UNICORN,LUNA,0,14,3,0,3,14,-14,11-14,0
AF084280526,SAGE,LUNA,7,3,7,6,14,9,4,3-4,0
AF084280826,OVERDRIVE,ASTRONAUT,14,13,10,7,24,20,1,1-2,0
AF084280926,LYNX,CLASH,10,14,0,14,10,28,-4,3-4,0
AF084290426,METEOR,OVERDRIVE,21,14,0,10,21,24,7,5-7,1
AF084290626,UNICORN,LUNA,17,0,0,21,17,21,17,15+,1
AF084290726,DAME,SHARK,0,10,7,7,7,17,-10,8-10,0
AF084290826,VALIANT,KRAKEN,14,7,10,7,24,14,7,5-7,0
AF084300426,ANVIL,SEEKER,7,3,6,7,13,10,4,3-4,0
AF084300526,ANVIL,PHOENIX,14,14,7,6,21,20,0,level,0
AF084300726,UNICORN,LUNA,14,14,8,7,22,21,0,level,1
AF084310526,KRAKEN,IMPERIAL,21,0,14,7,35,7,21,15+,0
AF084310826,GENIUS,PSYCHIC,3,7,14,13,17,20,-4,3-4,0
AF085010526,MEMENTO,LAZARUS,7,7,14,6,21,13,0,level,0
AF085010726,DESTINY,SHARK,14,0,3,8,17,8,14,11-14,0
AF085010826,JUDGEMENT,SHROUD,3,7,7,0,10,7,-4,3-4,1
AF085010926,SHARK,MIDAS,13,3,0,7,13,10,10,8-10,0
AF085020526,PSYCHIC,IMPERIAL,7,3,7,7,14,10,4,3-4,0
AF085020626,ASTRONAUT,PATHFINDER,14,14,14,15,28,29,0,level,2
AF085020826,ASTRONAUT,LAZARUS,3,7,0,7,3,14,-4,3-4,0
AF085020926,HURRICANE,PSYCHIC,14,7,0,0,14,7,7,5-7,0
AF085021026,MIMIC,GENIUS,3,7,14,7,17,14,-4,3-4,3
AF085030526,METEOR,OVERDRIVE,10,7,6,21,16,28,3,3-4,1
AF085030726,SENTRY,OFFICER,16,21,14,6,30,27,-5,5-7,1
AF085030826,GENIUS,MONSTER,7,21,10,3,17,24,-14,11-14,0
AF085030926,HERMES,LYNX,14,7,0,10,14,17,7,5-7,1
AF085031026,SHURIKEN,MISSILE,10,0,3,0,13,0,10,8-10,0
AF085040626,LAZARUS,ASTRONAUT,14,7,3,0,17,7,7,5-7,0
AF085040726,VALIANT,HURRICANE,7,7,7,6,14,13,0,level,0
AF085040826,MONSTER,OCTANE,10,14,0,7,10,21,-4,3-4,0
AF085040926,PHOENIX,ACE,7,21,7,3,14,24,-14,11-14,0
AF085041026,ACE,HURRICANE,17,14,7,7,24,21,3,3-4,2
AF085050626,IMPERIAL,HURRICANE,3,7,10,14,13,21,-4,3-4,0
AF085050726,HURRICANE,METEOR,14,7,14,8,28,15,7,5-7,0
AF085050826,UNICORN,GENIUS,0,7,0,24,0,31,-7,5-7,0
AF085051026,HERMES,KEVLAR,14,14,14,15,28,29,0,level,1
AF085060526,KRAKEN,MONSTER,7,14,3,0,10,14,-7,5-7,0
AF085060626,KRAKEN,PHOENIX,0,0,13,0,13,0,0,level,0
AF085060826,HERMES,SAGE,3,7,0,14,3,21,-4,3-4,0
AF085070626,METEOR,SHROUD,14,7,14,6,28,13,7,5-7,0
AF085070726,KATANA,JUDGEMENT,21,7,3,7,24,14,14,11-14,0
AF085070826,LEGEND,LAZARUS,21,7,7,7,28,14,14,11-14,0
AF085070926,JUDGEMENT,ACE,14,21,22,14,36,35,-7,5-7,1
AF085080626,ROCKET,METEOR,7,7,7,8,14,15,0,level,1
AF085080726,LAZARUS,ROCKET,21,6,3,14,24,20,15,15+,0
AF085080826,JUDGEMENT,SHROUD,3,7,8,7,11,14,-4,3-4,0
AF085080926,HERMES,JUDGEMENT,7,7,8,7,15,14,0,level,1
AF085090626,PHOENIX,PATHFINDER,0,10,14,7,14,17,-10,8-10,0
AF085090726,LUNA,VALIANT,7,0,7,15,14,15,7,5-7,1
AF085100626,SHROUD,VALIANT,9,14,8,7,17,21,-5,5-7,2
AF085100826,SAGE,MONSTER,17,6,10,7,27,13,11,11-14,0
AF085100926,SENTRY,MEMENTO,10,10,0,3,10,13,0,level,0
AF085110626,SAGE,HURRICANE,14,10,7,7,21,17,4,3-4,2
AF085110726,GADGET,SPARK,14,7,0,17,14,24,7,5-7,1
AF085110826,HERMES,ROCKET,7,3,10,6,17,9,4,3-4,0
AF085120626,LEO,LAZARUS,21,7,0,0,21,7,14,11-14,0
AF085120726,PHOENIX,KATANA,0,7,7,3,7,10,-7,5-7,0
AF085120826,METEOR,HURRICANE,3,0,7,14,10,14,3,3-4,3
AF085120926,HURRICANE,KRAKEN,14,3,0,9,14,12,11,11-14,0
AF085130626,JUDGEMENT,OVERDRIVE,7,7,3,7,10,14,0,level,1
AF085130726,SABRE,LAZARUS,7,14,0,7,7,21,-7,5-7,0
AF085130826,JUDGEMENT,CRYSTAL,3,0,7,3,10,3,3,3-4,0
AF085140626,VALIANT,KATANA,7,7,0,10,7,17,0,level,0
AF085140726,OCTANE,KATANA,7,7,21,15,28,22,0,level,0
AF085140826,ROCKET,PHOENIX,7,21,16,0,23,21,-14,11-14,1
AF085150726,LUNA,HERMES,21,7,14,18,35,25,14,11-14,0
AF085150926,AVATAR,LYNX,10,14,8,6,18,20,-4,3-4,0
AF085160626,LEGEND,CRYSTAL,7,3,7,8,14,11,4,3-4,0
AF085160726,HERMES,SABRE,0,14,6,7,6,21,-14,11-14,0
AF085160826,HERMES,LAZARUS,7,7,13,8,20,15,0,level,2
AF085160926,SUMMIT,MIMIC,14,7,7,7,21,14,7,5-7,0
AF085170626,HURRICANE,KATANA,10,7,0,0,10,7,3,3-4,0
AF085170726,DREAD,ORIGINAL,0,10,7,3,7,13,-10,8-10,0
AF085170826,KATANA,SAGE,7,7,0,3,7,10,0,level,0
AF085180526,AVATAR,KEVLAR,7,3,0,21,7,24,4,3-4,1
AF085180626,LEGEND,KEVLAR,7,3,24,31,31,34,4,3-4,1
AF085180726,OVERDRIVE,SHROUD,0,14,18,3,18,17,-14,11-14,1
AF085180826,SAGE,CRYSTAL,7,0,3,7,10,7,7,5-7,0
AF085180926,KRAKEN,LUNA,10,7,14,20,24,27,3,3-4,5
AF085190526,VALIANT,OCTANE,17,14,7,7,24,21,3,3-4,2
AF085190726,OCTANE,KATANA,10,7,0,7,10,14,3,3-4,1
AF085190826,JUDGEMENT,ASTRONAUT,0,7,8,7,8,14,-7,5-7,0
AF085190926,JUDGEMENT,OVERDRIVE,17,14,7,7,24,21,3,3-4,2
AF085200726,MONSTER,PSYCHIC,21,14,7,0,28,14,7,5-7,0
AF085200826,LUNA,ASTRONAUT,17,7,0,14,17,21,10,8-10,1
AF085210726,OCTANE,KRAKEN,10,3,10,14,20,17,7,5-7,2
AF085210826,IMPERIAL,LUNA,10,3,3,0,13,3,7,5-7,0
AF085210926,OFFICER,MEMENTO,14,14,10,8,24,22,0,level,0
AF085220626,SHARK,WARRIOR,10,0,6,0,16,0,10,8-10,0
AF085220726,DAME,DESTINY,14,7,0,0,14,7,7,5-7,0
AF085220826,SHROUD,ROCKET,7,0,17,21,24,21,7,5-7,0
AF085220926,HERMES,LYNX,0,21,7,6,7,27,-21,15+,0
AF085230726,UNICORN,CRYSTAL,7,7,0,13,7,20,0,level,0
AF085230826,METEOR,ACE,17,14,10,10,27,24,3,3-4,2
AF085240526,OFFICER,PINNACLE,14,0,6,21,20,21,14,11-14,3
AF085240626,ROMAN,CRYSTAL,7,10,7,7,14,17,-3,3-4,0
AF085240726,HERMES,LUNA,14,0,3,0,17,0,14,11-14,0
AF085240826,LAZARUS,LEGEND,7,7,7,10,14,17,0,level,2
AF085240926,GADGET,HEADHUNTER,0,21,14,7,14,28,-21,15+,0
AF085250526,OVERDRIVE,CRYSTAL,14,7,7,3,21,10,7,5-7,0
AF085250626,SAGE,LAZARUS,7,14,6,7,13,21,-7,5-7,0
AF085250826,SABRE,SAGE,7,7,14,13,21,20,0,level,0
AF085260626,KRAKEN,KATANA,0,10,7,14,7,24,-10,8-10,0
AF085260726,HERMES,METEOR,3,10,7,7,10,17,-7,5-7,0
AF085260826,PHOENIX,IMPERIAL,14,7,3,7,17,14,7,5-7,0
AF085270426,LEGEND,PRECISION,3,0,7,0,10,0,3,3-4,0
AF085270526,SEEKER,LUNA,7,3,7,7,14,10,4,3-4,2
AF085270626,WARRIOR,CRYSTAL,14,14,7,9,21,23,0,level,1
AF085270726,MONSTER,KRAKEN,14,10,14,10,28,20,4,3-4,2
AF085270826,PSYCHIC,UNICORN,14,17,14,0,28,17,-3,3-4,1
AF085280426,MEMENTO,PRECISION,0,14,23,7,23,21,-14,11-14,1
AF085280526,VALIANT,CRYSTAL,0,0,0,7,0,7,0,level,0
AF085280626,ROCKET,OVERDRIVE,7,14,14,17,21,31,-7,5-7,0
AF085280726,PSYCHIC,CRYSTAL,7,14,11,7,18,21,-7,5-7,0
AF085280926,IMPERIAL,KATANA,7,7,0,3,7,10,0,level,0
AF085290426,LEGEND,KEVLAR,0,7,13,21,13,28,-7,5-7,0
AF085290526,JUDGEMENT,LEO,7,0,9,0,16,0,7,5-7,0
AF085290626,SENTRY,LEO,0,7,3,7,3,14,-7,5-7,0
AF085290726,ANVIL,SUMMIT,7,3,7,7,14,10,4,3-4,2
AF085290826,CRYSTAL,ROCKET,7,0,0,14,7,14,7,5-7,1
AF085300526,PHOENIX,UNICORN,7,10,7,0,14,10,-3,3-4,1
AF085300626,PRECISION,LEGEND,0,14,25,7,25,21,-14,11-14,1
AF085300726,PATHFINDER,LYNX,7,14,6,10,13,24,-7,5-7,0
AF085300826,PRECISION,LAZARUS,10,17,14,10,24,27,-7,5-7,0
AF085310526,CRYSTAL,VALIANT,7,0,7,13,14,13,7,5-7,0
AF085310726,OVERDRIVE,LAZARUS,0,10,3,3,3,13,-10,8-10,0
AF085310826,LEGEND,ASTRONAUT,14,3,10,12,24,15,11,11-14,0
AF086010526,VALIANT,CRYSTAL,7,24,0,0,7,24,-17,15+,0
AF086010626,VALIANT,NEON,14,0,0,0,14,0,14,11-14,0
AF086010726,ANVIL,KRAKEN,7,0,7,16,14,16,7,5-7,3
AF086010826,OFFICER,LYNX,7,24,27,7,34,31,-17,15+,1
AF086010926,ROCKET,MONSTER,16,0,3,0,19,0,16,15+,0
AF086020526,SPLINTER,PRECISION,0,10,14,6,14,16,-10,8-10,2
AF086020626,MEMENTO,CLASH,17,7,0,14,17,21,10,8-10,1
AF086020726,LAZARUS,LEGEND,7,14,7,14,14,28,-7,5-7,0
AF086020826,ACE,PINNACLE,0,14,8,10,8,24,-14,11-14,0
AF086020926,LEGEND,METEOR,7,3,3,0,10,3,4,3-4,0
AF086021026,SUMMIT,GENIUS,7,7,15,0,22,7,0,level,0
AF086030526,CLASH,LEGEND,7,7,14,6,21,13,0,level,0
AF086030626,PRECISION,MEMENTO,7,0,7,7,14,7,7,5-7,0
AF086030726,SENTINEL,PHOENIX,1,3,7,7,8,10,-2,1-2,2
AF086030826,MERCENARY,SABRE,10,10,10,8,20,18,0,level,2
AF086030926,MIMIC,HURRICANE,7,14,0,7,7,21,-7,5-7,0
AF086031026,NIRVANA,MISSILE,10,20,0,14,10,34,-10,8-10,0
AF086040526,MEMENTO,CLASH,7,10,7,10,14,20,-3,3-4,2
AF086040626,VALIANT,KRAKEN,7,7,0,3,7,10,0,level,0
AF086040726,OVERDRIVE,SHROUD,10,7,10,0,20,7,3,3-4,0
AF086040826,JUDGEMENT,ACE,10,7,7,0,17,7,3,3-4,0
AF086040926,LEGEND,HERMES,0,14,0,14,0,28,-14,11-14,0
AF086041026,ACE,OVERDRIVE,7,0,10,3,17,3,7,5-7,0
AF086050726,OFFICER,PATHFINDER,7,3,13,14,20,17,4,3-4,4
AF086050826,LEO,METEOR,7,7,7,3,14,10,0,level,1
AF086050926,SHROUD,ROCKET,14,7,7,17,21,24,7,5-7,3
AF086051026,PRECISION,KEVLAR,7,7,14,13,21,20,0,level,0
AF086060526,PRECISION,CRYSTAL,7,14,7,3,14,17,-7,5-7,0
AF086060626,OVERDRIVE,ASTRONAUT,14,24,14,3,28,27,-10,8-10,1
AF086060726,CRYSTAL,KRAKEN,7,7,14,13,21,20,0,level,1
AF086060826,LYNX,AVATAR,14,7,0,3,14,10,7,5-7,0
AF086060926,KATANA,HURRICANE,6,14,8,3,14,17,-8,8-10,0
AF086070626,LAZARUS,MEMENTO,14,14,10,8,24,22,0,level,0
AF086070726,LEGEND,OFFICER,7,14,8,7,15,21,-7,5-7,0
AF086070826,VALIANT,PSYCHIC,7,3,10,7,17,10,4,3-4,0
AF086080626,CLASH,SENTRY,14,7,6,14,20,21,7,5-7,1
AF086080726,MEMENTO,AVATAR,10,7,7,14,17,21,3,3-4,3
AF086080826,OFFICER,PRECISION,7,10,8,7,15,17,-3,3-4,0
AF086090626,AVATAR,JUDGEMENT,7,7,7,0,14,7,0,level,0
AF086090726,AVATAR,HERMES,14,7,0,10,14,17,7,5-7,1
AF086090826,CLASH,PRECISION,3,14,16,14,19,28,-11,11-14,0
AF086090926,RELIC,PHOENIX,14,19,6,2,20,21,-5,5-7,2
AF086100626,KEVLAR,LEGEND,17,7,3,10,20,17,10,8-10,0
AF086100726,AVATAR,MEMENTO,7,14,19,17,26,31,-7,5-7,0
AF086100826,HERMES,ACE,7,7,0,14,7,21,0,level,0
AF086100926,ACE,SABRE,14,3,0,3,14,6,11,11-14,0
AF086110626,PINNACLE,LEGEND,14,0,14,14,28,14,14,11-14,0
AF086110726,NIGHTMARE,HEADHUNTER,10,0,0,13,10,13,10,8-10,1
AF086110926,PRECISION,MEMENTO,0,17,7,3,7,20,-17,15+,0
AF086120626,MEMENTO,OFFICER,14,14,6,7,20,21,0,level,1
AF086120726,MERCENARY,PRECISION,14,17,7,0,21,17,-3,3-4,1
AF086120826,LEO,HERMES,7,7,7,10,14,17,0,level,0
AF086120926,HURRICANE,PHOENIX,17,3,0,8,17,11,14,11-14,0
AF086130626,MEMENTO,PRECISION,14,21,8,3,22,24,-7,5-7,0
AF086130726,KEVLAR,AVATAR,7,7,21,8,28,15,0,level,0
AF086130826,LAZARUS,PRECISION,7,14,14,3,21,17,-7,5-7,1
AF086140626,OFFICER,LAZARUS,21,0,7,20,28,20,21,15+,0
AF086140726,CLASH,METEOR,14,14,3,7,17,21,0,level,0
AF086140826,AVATAR,OVERDRIVE,21,21,7,9,28,30,0,level,2
AF086150626,MEMENTO,SENTRY,14,7,3,7,17,14,7,5-7,0
AF086150726,PATHFINDER,MEMENTO,7,14,10,7,17,21,-7,5-7,2
AF086150826,JUDGEMENT,SENTRY,0,10,0,0,0,10,-10,8-10,0
AF086160626,ANVIL,SEEKER,7,13,7,0,14,13,-6,5-7,1
AF086160726,KEVLAR,PRECISION,14,0,3,7,17,7,14,11-14,0
AF086160826,CLASH,PRECISION,7,10,28,8,35,18,-3,3-4,1
AF086170626,PATHFINDER,HERMES,3,0,7,7,10,7,3,3-4,2
AF086170726,MIRAGE,PRISMATIC,13,7,7,14,20,21,6,5-7,1
AF086180526,MONSTER,GENIUS,13,10,21,0,34,10,3,3-4,0
AF086180626,ROCKET,LUNA,7,10,7,0,14,10,-3,3-4,1
AF086180726,MERCENARY,SENTRY,10,14,14,14,24,28,-4,3-4,2
AF086180826,HERMES,PRECISION,7,14,13,10,20,24,-7,5-7,0
AF086180926,PHOENIX,LUNA,14,7,14,15,28,22,7,5-7,0
AF086190526,ASTRONAUT,LYNX,7,0,14,14,21,14,7,5-7,0
AF086190726,CLASH,ASTRONAUT,7,14,7,3,14,17,-7,5-7,0
AF086190826,ACE,HERMES,10,0,10,7,20,7,10,8-10,0
AF086200726,CLASH,LEGEND,7,7,10,7,17,14,0,level,1
AF086200826,PRECISION,MERCENARY,0,10,7,14,7,24,-10,8-10,0
AF086200926,ROCKET,PSYCHIC,21,14,3,6,24,20,7,5-7,0
AF086210726,SABRE,MEMENTO,10,7,14,14,24,21,3,3-4,2
AF086210826,SENTRY,MEMENTO,7,0,7,13,14,13,7,5-7,0
AF086210926,OVERDRIVE,STRIDER,10,7,14,0,24,7,3,3-4,0
AF086220726,CRYSTAL,SABRE,7,7,7,6,14,13,0,level,0
AF086220826,MERCENARY,LAZARUS,14,10,14,8,28,18,4,3-4,0
AF086220926,HURRICANE,KATANA,10,14,0,0,10,14,-4,3-4,0
AF086230626,MERCENARY,ACE,0,3,14,13,14,16,-3,3-4,4
AF086230726,PINNACLE,HERMES,10,0,10,0,20,0,10,8-10,0
AF086230826,MEMENTO,KEVLAR,24,14,0,7,24,21,10,8-10,0
AF086240526,ROCKET,PHOENIX,10,7,7,7,17,14,3,3-4,2
AF086240626,PHOENIX,METEOR,3,10,7,6,10,16,-7,5-7,0
AF086240726,OFFICER,PATHFINDER,10,7,7,7,17,14,3,3-4,2
AF086240826,SHARK,MIDAS,7,7,7,14,14,21,0,level,1
AF086250526,AVATAR,LAZARUS,14,7,6,14,20,21,7,5-7,1
AF086250626,LEGEND,MEMENTO,7,21,17,6,24,27,-14,11-14,2
AF086250726,JUDGEMENT,LEGEND,0,7,0,3,0,10,-7,5-7,0
AF086250826,PRECISION,LEO,21,14,0,0,21,14,7,5-7,0
AF086250926,MAVERICK,SHURIKEN,10,0,2,9,12,9,10,8-10,0
AF086260526,ASTRONAUT,LYNX,3,10,14,14,17,24,-7,5-7,0
AF086260626,LEGEND,HERMES,7,14,7,3,14,17,-7,5-7,0
AF086260726,PINNACLE,MEMENTO,10,14,29,14,39,28,-4,3-4,3
AF086260826,JUDGEMENT,HERMES,7,21,14,14,21,35,-14,11-14,0
AF086270426,MONSTER,NEON,10,7,0,7,10,14,3,3-4,1
AF086270526,ROCKET,OVERDRIVE,21,10,13,7,34,17,11,11-14,0
AF086270626,LEO,PATHFINDER,7,20,0,0,7,20,-13,11-14,0
AF086270726,LEGEND,KEVLAR,14,7,3,7,17,14,7,5-7,0
AF086270826,LAZARUS,PATHFINDER,7,3,7,6,14,9,4,3-4,0
AF086280426,OFFICER,LAZARUS,7,14,9,7,16,21,-7,5-7,0
AF086280526,LEGEND,LAZARUS,14,7,13,8,27,15,7,5-7,0
AF086280626,MERCENARY,HERMES,7,14,7,10,14,24,-7,5-7,0
AF086280726,LEGEND,AVATAR,14,17,7,7,21,24,-3,3-4,2
AF086280826,PHOENIX,LUNA,21,7,3,7,24,14,14,11-14,0
AF086280926,OFFICER,PINNACLE,7,14,6,7,13,21,-7,5-7,0
AF086290426,SUMMIT,KRAKEN,0,10,7,7,7,17,-10,8-10,0
AF086290626,PATHFINDER,LEGEND,7,14,17,7,24,21,-7,5-7,3
AF086290726,PRECISION,METEOR,14,10,7,14,21,24,4,3-4,3
AF086290826,OFFICER,HERMES,14,7,10,7,24,14,7,5-7,0
AF086300526,UNICORN,PHOENIX,7,0,14,13,21,13,7,5-7,0
AF086300626,LUNA,ANVIL,17,0,10,0,27,0,17,15+,0
AF086300726,AVATAR,SENTRY,7,3,0,0,7,3,4,3-4,0
AF086300826,PINNACLE,HERMES,14,3,7,7,21,10,11,11-14,0
AF086310526,IMPERIAL,KRAKEN,0,10,14,7,14,17,-10,8-10,0
AF086310726,ACE,OFFICER,14,17,0,10,14,27,-3,3-4,0
AF086310826,CLASH,KEVLAR,7,3,7,6,14,9,4,3-4,0
AF087010526,HERMES,LAZARUS,7,7,0,7,7,14,0,level,0
AF087010726,HERMES,METEOR,14,7,0,10,14,17,7,5-7,1
AF087010826,DON,SHARK,7,3,14,8,21,11,4,3-4,0
AF087010926,PINNACLE,LEO,14,10,14,0,28,10,4,3-4,0
AF087020526,LAZARUS,HERMES,7,21,7,3,14,24,-14,11-14,0
AF087020626,ASTRONAUT,PRECISION,0,14,14,17,14,31,-14,11-14,0
AF087020726,MERCENARY,KEVLAR,17,10,7,7,24,17,7,5-7,0
AF087020826,ROMAN,SHARK,7,3,21,14,28,17,4,3-4,0
AF087020926,UNICORN,ROMAN,14,14,6,14,20,28,0,level,0
AF087030526,HURRICANE,PRECISION,7,7,3,7,10,14,0,level,1
AF087030726,LAZARUS,SAGE,7,7,8,10,15,17,0,level,2
AF087030826,ROMAN,SHARK,12,10,10,8,22,18,2,1-2,2
AF087030926,SAGE,ACE,0,3,9,7,9,10,-3,3-4,0
AF087031026,SHURIKEN,NIRVANA,3,7,3,0,6,7,-4,3-4,0
AF087040526,VALIANT,KRAKEN,7,14,14,6,21,20,-7,5-7,1
AF087040626,SHROUD,PATHFINDER,7,7,0,3,7,10,0,level,0
AF087040726,CRYSTAL,LUNA,7,7,3,0,10,7,0,level,0
AF087040826,MEMENTO,LAZARUS,24,7,10,7,34,14,17,15+,0
AF087040926,LUNA,IMPERIAL,13,14,7,14,20,28,-1,1-2,0
AF087050626,SUMMIT,PSYCHIC,10,7,3,0,13,7,3,3-4,0
AF087050726,VALIANT,ROCKET,0,14,14,3,14,17,-14,11-14,0
AF087050926,SENTRY,HERMES,7,7,10,7,17,14,0,level,2
AF087051026,HERMES,PRECISION,3,7,14,17,17,24,-4,3-4,2
AF087060526,OVERDRIVE,KEVLAR,10,14,7,0,17,14,-4,3-4,1
AF087060626,PRECISION,AVATAR,7,21,14,7,21,28,-14,11-14,0
AF087060726,ROMAN,ACE,14,7,7,10,21,17,7,5-7,0
AF087060826,KRAKEN,CRYSTAL,14,7,0,0,14,7,7,5-7,0
AF087060926,PINNACLE,CLASH,7,7,10,0,17,7,0,level,0
AF087061026,NIRVANA,ORIGINAL,3,10,14,10,17,20,-7,5-7,0
AF087070626,PRECISION,OFFICER,15,24,8,14,23,38,-9,8-10,0
AF087070726,SEEKER,LUNA,10,7,3,3,13,10,3,3-4,0
AF087070826,ROCKET,ACE,7,10,7,7,14,17,-3,3-4,2
AF087070926,ROCKET,PHOENIX,14,0,6,7,20,7,14,11-14,0
AF087080626,GENIUS,SEEKER,10,7,0,0,10,7,3,3-4,0
AF087080726,SENTINEL,LUNA,7,14,0,7,7,21,-7,5-7,0
AF087080826,VALIANT,OVERDRIVE,17,3,0,17,17,20,14,11-14,1
AF087090626,VALIANT,ROCKET,0,7,8,0,8,7,-7,5-7,1
AF087090726,DAME,ACE,7,10,8,10,15,20,-3,3-4,0
AF087090826,IMPERIAL,PHOENIX,0,7,9,7,9,14,-7,5-7,0
AF087090926,SABRE,ROCKET,7,14,8,21,15,35,-7,5-7,0
AF087100626,SAGE,KRAKEN,14,7,3,7,17,14,7,5-7,0
AF087100826,MERCENARY,PINNACLE,10,14,7,7,17,21,-4,3-4,2
AF087100926,KEVLAR,LYNX,7,10,20,14,27,24,-3,3-4,1
AF087110626,SEEKER,SUMMIT,0,7,7,8,7,15,-7,5-7,0
AF087110726,SHURIKEN,REGRET,7,10,14,13,21,23,-3,3-4,2
AF087110826,MIMIC,MONSTER,14,7,7,8,21,15,7,5-7,2
AF087110926,ACE,METEOR,10,7,7,3,17,10,3,3-4,0
AF087120626,SEEKER,PHOENIX,7,0,7,6,14,6,7,5-7,0
AF087120726,SORCERER,PSYCHIC,7,21,14,14,21,35,-14,11-14,0
AF087120826,DESTINY,DON,0,7,6,7,6,14,-7,5-7,0
AF087130626,PSYCHIC,HURRICANE,14,7,7,12,21,19,7,5-7,0
AF087130726,ACE,WARRIOR,7,7,13,0,20,7,0,level,0
AF087140626,SUMMIT,ROCKET,14,7,7,6,21,13,7,5-7,0
AF087140726,UNICORN,GENIUS,7,7,0,7,7,14,0,level,0
AF087140826,SENTINEL,PSYCHIC,7,7,6,7,13,14,0,level,0
AF087150626,SENTINEL,MONSTER,3,7,7,0,10,7,-4,3-4,1
AF087150726,ACE,MIDAS,10,0,3,0,13,0,10,8-10,0
AF087160626,ROCKET,HURRICANE,14,7,0,14,14,21,7,5-7,1
AF087160726,KRAKEN,SAGE,7,3,14,0,21,3,4,3-4,0
AF087160826,GENIUS,OCTANE,7,10,28,28,35,38,-3,3-4,0
AF087170626,OCTANE,ROCKET,7,10,0,7,7,17,-3,3-4,0
AF087170726,ORIGINAL,RICOCHET,10,0,7,7,17,7,10,8-10,0
AF087180526,UNICORN,SUMMIT,7,14,8,7,15,21,-7,5-7,0
AF087180626,LAZARUS,LYNX,14,14,7,6,21,20,0,level,0
AF087180726,PHOENIX,LUNA,3,0,7,7,10,7,3,3-4,2
AF087180826,KRAKEN,SUMMIT,14,14,7,17,21,31,0,level,0
AF087190726,HURRICANE,CRYSTAL,7,10,6,0,13,10,-3,3-4,1
AF087190826,WARRIOR,STRIDER,14,7,7,10,21,17,7,5-7,0
AF087190926,ORIGINAL,PURSUIT,0,17,14,10,14,27,-17,15+,0
AF087200726,DAME,STRIDER,7,14,15,7,22,21,-7,5-7,1
AF087200826,MIDAS,ROMAN,17,3,6,14,23,17,14,11-14,0
AF087210726,GENIUS,ACE,7,7,0,13,7,20,0,level,0
AF087210826,MONSTER,KRAKEN,7,28,11,3,18,31,-21,15+,0
AF087210926,LYNX,LEGEND,0,14,0,7,0,21,-14,11-14,0
AF087220726,MEMENTO,LYNX,10,10,7,0,17,10,0,level,0
AF087220826,PSYCHIC,PHOENIX,0,3,7,7,7,10,-3,3-4,0
AF087220926,KATANA,HURRICANE,7,7,14,17,21,24,0,level,4
AF087230726,ACE,WARRIOR,10,0,0,12,10,12,10,8-10,1
AF087240526,SHROUD,HURRICANE,10,7,7,7,17,14,3,3-4,2
AF087240626,LAZARUS,PATHFINDER,7,7,16,15,23,22,0,level,3
AF087240726,DAME,WARRIOR,14,7,7,17,21,24,7,5-7,1
AF087240826,LEO,HERMES,7,14,7,3,14,17,-7,5-7,0
AF087240926,REGRET,HEADHUNTER,14,14,7,10,21,24,0,level,0
AF087250526,MONSTER,SEEKER,3,0,0,10,3,10,3,3-4,1
AF087250626,ROMAN,ANVIL,7,7,0,7,7,14,0,level,0
AF087250726,DAME,ROMAN,14,14,14,10,28,24,0,level,2
AF087250826,SUMMIT,MONSTER,7,14,7,3,14,17,-7,5-7,0
AF087260526,KRAKEN,UNICORN,14,10,7,3,21,13,4,3-4,0
AF087260626,PSYCHIC,VALIANT,7,3,0,7,7,10,4,3-4,1
AF087260826,MIDAS,DESTINY,7,0,14,6,21,6,7,5-7,0
AF087270426,SPLINTER,OVERDRIVE,7,14,15,14,22,28,-7,5-7,0
AF087270526,HURRICANE,LEGEND,7,17,7,3,14,20,-10,8-10,0
AF087270626,PHOENIX,LUNA,0,7,8,7,8,14,-7,5-7,0
AF087270726,SHARK,DESTINY,3,7,7,21,10,28,-4,3-4,0
AF087270826,KEVLAR,HERMES,7,7,10,0,17,7,0,level,0
AF087280426,SAGE,OCTANE,3,10,8,6,11,16,-7,5-7,2
AF087280626,PSYCHIC,PHOENIX,0,10,0,7,0,17,-10,8-10,0
AF087280726,WARRIOR,SHARK,7,7,11,10,18,17,0,level,2
AF087280826,SHROUD,ACE,7,17,8,0,15,17,-10,8-10,0
AF087280926,KRAKEN,PSYCHIC,3,7,14,17,17,24,-4,3-4,4
AF087290426,HURRICANE,OVERDRIVE,14,7,7,15,21,22,7,5-7,1
AF087290626,SORCERER,SHARK,7,14,15,15,22,29,-7,5-7,2
AF087290726,ROMAN,WARRIOR,0,10,3,7,3,17,-10,8-10,0
AF087290826,RELIC,LUNA,24,14,10,17,34,31,10,8-10,0
AF087300426,SAGE,KRAKEN,7,7,6,7,13,14,0,level,0
AF087300626,PATHFINDER,CRYSTAL,0,14,26,14,26,28,-14,11-14,0
AF087300826,LUNA,VALIANT,10,7,0,7,10,14,3,3-4,1
AF087310526,OFFICER,PINNACLE,0,14,22,10,22,24,-14,11-14,2
AF087310826,JUDGEMENT,LUNA,21,7,14,8,35,15,14,11-14,0
AF088010526,ROCKET,CRYSTAL,3,7,0,7,3,14,-4,3-4,0
AF088010726,DESTINY,ROMAN,14,7,7,18,21,25,7,5-7,1
AF088010826,OVERDRIVE,LEO,3,10,0,7,3,17,-7,5-7,0
AF088010926,MIDAS,STRIDER,0,17,7,0,7,17,-17,15+,0
AF088020526,IMPERIAL,PHOENIX,7,20,7,3,14,23,-13,11-14,0
AF088020626,ASTRONAUT,PATHFINDER,21,21,7,0,28,21,0,level,0
AF088020726,SAGE,ROCKET,7,7,3,14,10,21,0,level,1
AF088020826,CRYSTAL,KATANA,21,7,3,7,24,14,14,11-14,0
AF088030526,LEO,SENTRY,7,21,13,10,20,31,-14,11-14,0
AF088030626,METEOR,HURRICANE,7,0,3,20,10,20,7,5-7,1
AF088030726,SENTRY,PATHFINDER,14,14,14,7,28,21,0,level,0
AF088030826,OCTANE,PHOENIX,14,14,14,13,28,27,0,level,0
AF088030926,LYNX,LEGEND,7,21,7,7,14,28,-14,11-14,0
AF088031026,MISSILE,SHURIKEN,0,7,0,0,0,7,-7,5-7,0
AF088040526,METEOR,PATHFINDER,0,7,7,7,7,14,-7,5-7,0
AF088040626,ASTRONAUT,AVATAR,17,27,7,0,24,27,-10,8-10,0
AF088040726,LAZARUS,KRAKEN,13,5,7,0,20,5,8,8-10,0
AF088040826,MONSTER,MIMIC,14,14,7,10,21,24,0,level,0
AF088040926,PHOENIX,ROCKET,14,7,7,15,21,22,7,5-7,1
AF088050626,SHROUD,OVERDRIVE,14,7,3,7,17,14,7,5-7,0
AF088050726,LEO,SENTRY,7,7,3,0,10,7,0,level,0
AF088050826,IMPERIAL,SORCERER,19,0,7,14,26,14,19,15+,0
AF088050926,KRAKEN,LUNA,14,7,10,8,24,15,7,5-7,0
AF088060526,KRAKEN,SHROUD,0,14,15,3,15,17,-14,11-14,2
AF088060626,KRAKEN,IMPERIAL,3,3,10,8,13,11,0,level,2
AF088060726,UNICORN,PHOENIX,10,7,16,0,26,7,3,3-4,0
AF088060926,STRIDER,SHARK,3,0,0,12,3,12,3,3-4,1
AF088061026,ORIGINAL,SCHOLAR,3,7,7,7,10,14,-4,3-4,0
AF088070626,METEOR,PATHFINDER,13,14,6,21,19,35,-1,1-2,0
AF088070726,OCTANE,CRYSTAL,7,17,6,7,13,24,-10,8-10,0
AF088070826,LAZARUS,OFFICER,7,14,7,3,14,17,-7,5-7,0
AF088070926,METEOR,JUDGEMENT,6,7,0,7,6,14,-1,1-2,0
AF088080626,HERMES,LEO,7,7,7,0,14,7,0,level,0
AF088080726,SAGE,KEVLAR,3,7,7,7,10,14,-4,3-4,0
AF088080826,PATHFINDER,LAZARUS,17,7,7,7,24,14,10,8-10,0
AF088090626,SHROUD,HERMES,7,14,8,7,15,21,-7,5-7,0
AF088090726,LAZARUS,CRYSTAL,7,7,8,14,15,21,0,level,2
AF088090826,HERMES,ACE,14,0,7,2,21,2,14,11-14,0
AF088100626,METEOR,PATHFINDER,17,14,0,7,17,21,3,3-4,1
AF088100726,OVERDRIVE,KRAKEN,14,3,8,23,22,26,11,11-14,3
AF088110626,OVERDRIVE,HERMES,0,10,12,14,12,24,-10,8-10,0
AF088110726,LIZARD,HEADHUNTER,14,7,7,7,21,14,7,5-7,0
AF088110826,METEOR,SABRE,10,7,7,14,17,21,3,3-4,3
AF088110926,AVATAR,MEMENTO,17,7,10,15,27,22,10,8-10,0
AF088120826,KRAKEN,HURRICANE,7,7,7,3,14,10,0,level,1
AF088130626,LAZARUS,PATHFINDER,10,7,7,13,17,20,3,3-4,3
AF088130726,SENTRY,HERMES,14,0,7,0,21,0,14,11-14,0
AF088130826,KRAKEN,ASTRONAUT,14,7,7,0,21,7,7,5-7,0
AF088140626,METEOR,PATHFINDER,7,14,0,9,7,23,-7,5-7,0
AF088140826,LUNA,CRYSTAL,14,10,0,7,14,17,4,3-4,1
AF088150626,HERMES,LYNX,14,14,9,6,23,20,0,level,2
AF088150726,JUDGEMENT,HERMES,10,7,21,21,31,28,3,3-4,0
AF088150826,SHROUD,ASTRONAUT,6,17,8,3,14,20,-11,11-14,0
AF088160626,LEGEND,SAGE,7,10,7,10,14,20,-3,3-4,2
AF088160726,LEO,MEMENTO,0,7,16,17,16,24,-7,5-7,0
AF088160826,LEO,MEMENTO,14,7,7,17,21,24,7,5-7,1
AF088170626,OVERDRIVE,JUDGEMENT,0,7,3,0,3,7,-7,5-7,0
AF088170726,SHURIKEN,MINDFLAYER,14,7,7,6,21,13,7,5-7,0
AF088180626,LEGEND,AVATAR,10,10,0,3,10,13,0,level,0
AF088180726,JUDGEMENT,AVATAR,21,0,7,29,28,29,21,15+,1
AF088180826,OCTANE,LAZARUS,3,14,8,0,11,14,-11,11-14,0
AF088190526,CRYSTAL,SHROUD,7,7,3,7,10,14,0,level,1
AF088190726,ROCKET,KRAKEN,7,0,3,14,10,14,7,5-7,1
AF088190826,SABRE,METEOR,14,13,10,8,24,21,1,1-2,0
AF088190926,PURSUIT,ORIGINAL,10,7,15,13,25,20,3,3-4,0
AF088200726,MONSTER,HERMES,7,14,0,3,7,17,-7,5-7,0
AF088200826,SABRE,CRYSTAL,14,14,7,10,21,24,0,level,0
AF088210726,ROCKET,SAGE,14,14,7,9,21,23,0,level,0
AF088210826,JUDGEMENT,ROCKET,0,17,0,3,0,20,-17,15+,0
AF088220726,DAME,ACE,0,7,14,10,14,17,-7,5-7,2
AF088220826,OVERDRIVE,PRECISION,7,14,14,14,21,28,-7,5-7,0
AF088220926,SAGE,HURRICANE,10,0,3,7,13,7,10,8-10,0
AF088230626,KATANA,JUDGEMENT,0,7,0,0,0,7,-7,5-7,0
AF088230726,LUNA,HURRICANE,3,7,16,8,19,15,-4,3-4,3
AF088240526,PINNACLE,MEMENTO,21,14,13,25,34,39,7,5-7,1
AF088240626,OCTANE,LUNA,7,7,0,3,7,10,0,level,0
AF088240726,PHOENIX,OVERDRIVE,7,7,14,7,21,14,0,level,0
AF088240826,LEGEND,PINNACLE,14,7,0,8,14,15,7,5-7,1
AF088240926,GADGET,REGRET,7,7,15,17,22,24,0,level,3
AF088250526,SHROUD,LEO,14,7,10,7,24,14,7,5-7,0
AF088250726,LAZARUS,LUNA,8,11,0,0,8,11,-3,3-4,0
AF088250826,METEOR,ASTRONAUT,7,0,10,15,17,15,7,5-7,0
AF088260526,VALIANT,LAZARUS,7,7,0,3,7,10,0,level,0
AF088260626,PHOENIX,SHROUD,0,14,0,0,0,14,-14,11-14,0
AF088260726,SENTRY,PATHFINDER,7,14,3,7,10,21,-7,5-7,0
AF088260826,HURRICANE,MIMIC,10,3,7,0,17,3,7,5-7,0
AF088270426,OVERDRIVE,SPLINTER,6,17,6,0,12,17,-11,11-14,0
AF088270526,SEEKER,GENIUS,3,7,0,7,3,14,-4,3-4,0
AF088270626,SHROUD,LAZARUS,7,7,10,7,17,14,0,level,0
AF088270726,KRAKEN,KATANA,6,7,0,7,6,14,-1,1-2,0
AF088270826,UNICORN,JUDGEMENT,0,14,0,0,0,14,-14,11-14,0
AF088280426,VALIANT,LEO,7,7,0,3,7,10,0,level,0
AF088280526,OVERDRIVE,PATHFINDER,14,7,14,20,28,27,7,5-7,0
AF088280626,CRYSTAL,LEO,7,14,8,7,15,21,-7,5-7,0
AF088280726,SAGE,OVERDRIVE,7,7,0,10,7,17,0,level,0
AF088280826,LYNX,MEMENTO,7,21,14,10,21,31,-14,11-14,0
AF088280926,LYNX,PINNACLE,27,7,0,7,27,14,20,15+,0
AF088290426,LEGEND,LAZARUS,14,7,7,8,21,15,7,5-7,0
AF088290626,CRYSTAL,KRAKEN,0,14,10,7,10,21,-14,11-14,0
AF088290726,RELIC,OVERDRIVE,7,21,8,6,15,27,-14,11-14,0
AF088290826,JUDGEMENT,SHROUD,17,0,3,14,20,14,17,15+,0
AF088300626,CLASH,LEGEND,0,6,0,3,0,9,-6,5-7,0
AF088300726,LEO,LEGEND,7,14,0,7,7,21,-7,5-7,0
AF088300826,PRECISION,MEMENTO,21,14,3,0,24,14,7,5-7,0
AF088310526,KRAKEN,VALIANT,7,14,14,8,21,22,-7,5-7,2
AF088310726,LAZARUS,KRAKEN,10,7,7,7,17,14,3,3-4,0
AF088310826,PRECISION,SABRE,3,7,21,14,24,21,-4,3-4,5
AF089010526,PRECISION,MEMENTO,7,10,0,11,7,21,-3,3-4,0
AF089010726,ANVIL,SUMMIT,0,7,14,8,14,15,-7,5-7,2
AF089010826,OFFICER,MERCENARY,7,10,7,13,14,23,-3,3-4,2
AF089010926,MONSTER,SABRE,7,14,3,3,10,17,-7,5-7,0
AF089020526,PRECISION,CRYSTAL,7,7,0,7,7,14,0,level,0
AF089020626,CLASH,MEMENTO,3,0,7,14,10,14,3,3-4,3
AF089020726,LEGEND,JUDGEMENT,14,14,21,13,35,27,0,level,0
AF089020826,CLASH,PINNACLE,7,14,30,26,37,40,-7,5-7,2
AF089020926,HERMES,METEOR,14,14,7,10,21,24,0,level,0
AF089030626,KEVLAR,MEMENTO,7,21,8,0,15,21,-14,11-14,0
AF089030726,SENTINEL,PSYCHIC,0,13,0,8,0,21,-13,11-14,0
AF089030826,LEGEND,SABRE,14,7,7,6,21,13,7,5-7,0
AF089030926,HURRICANE,SUMMIT,21,14,7,8,28,22,7,5-7,0
AF089031026,NIRVANA,MISSILE,0,3,0,7,0,10,-3,3-4,0
AF089040526,LEGEND,CLASH,0,7,0,7,0,14,-7,5-7,0
AF089040626,KRAKEN,NEON,14,10,7,6,21,16,4,3-4,0
AF089040726,PRECISION,SHROUD,0,7,14,10,14,17,-7,5-7,0
AF089040826,JUDGEMENT,SAGE,7,7,3,6,10,13,0,level,0
AF089040926,MEMENTO,PRECISION,13,14,15,7,28,21,-1,1-2,1
AF089050726,LEGEND,PATHFINDER,7,13,14,3,21,16,-6,5-7,3
AF089050826,HERMES,METEOR,3,21,7,7,10,28,-18,15+,0
AF089050926,JUDGEMENT,SHROUD,3,10,0,3,3,13,-7,5-7,0
AF089060526,PRECISION,VALIANT,7,7,3,0,10,7,0,level,0
AF089060726,OVERDRIVE,KRAKEN,7,7,8,14,15,21,0,level,0
AF089060826,LYNX,MERCENARY,10,7,7,14,17,21,3,3-4,3
AF089060926,KATANA,ACE,7,14,14,6,21,20,-7,5-7,1
AF089061026,ORIGINAL,SHURIKEN,10,3,0,8,10,11,7,5-7,1
AF089070626,LAZARUS,SENTRY,0,14,8,0,8,14,-14,11-14,0
AF089070826,PSYCHIC,IMPERIAL,7,0,7,8,14,8,7,5-7,0
AF089080626,LEGEND,SENTRY,17,0,0,0,17,0,17,15+,0
AF089080726,PRECISION,AVATAR,7,28,0,7,7,35,-21,15+,0
AF089080826,SENTRY,PRECISION,0,14,7,0,7,14,-14,11-14,0
AF089090626,LYNX,JUDGEMENT,14,10,0,7,14,17,4,3-4,1
AF089090726,SABRE,HERMES,16,14,6,7,22,21,2,1-2,2
AF089090826,LEGEND,PRECISION,7,14,22,21,29,35,-7,5-7,2
AF089090926,RELIC,SAGE,7,14,7,10,14,24,-7,5-7,0
AF089100626,MEMENTO,LEGEND,7,7,8,10,15,17,0,level,0
AF089100826,HERMES,PATHFINDER,10,7,0,7,10,14,3,3-4,1
AF089100926,SENTRY,LYNX,3,3,10,9,13,12,0,level,0
AF089110626,AVATAR,LEGEND,14,10,7,7,21,17,4,3-4,2
AF089110726,SPARK,REGRET,14,0,3,9,17,9,14,11-14,0
AF089110926,RELIC,METEOR,7,7,3,7,10,14,0,level,0
AF089120626,LYNX,OFFICER,7,7,7,0,14,7,0,level,0
AF089120726,OFFICER,PRECISION,7,14,15,7,22,21,-7,5-7,1
AF089120826,LEO,MEMENTO,11,17,8,7,19,24,-6,5-7,0
AF089130626,MEMENTO,OFFICER,7,3,14,15,21,18,4,3-4,0
AF089130726,MERCENARY,AVATAR,3,7,7,0,10,7,-4,3-4,1
AF089130826,AVATAR,PRECISION,0,10,21,0,21,10,-10,8-10,1
AF089140626,PRECISION,LAZARUS,14,0,0,6,14,6,14,11-14,0
AF089140726,LEO,METEOR,14,7,21,14,35,21,7,5-7,0
AF089140826,AVATAR,LEGEND,14,14,10,14,24,28,0,level,1
AF089150626,LEGEND,SENTRY,14,14,3,7,17,21,0,level,1
AF089150726,PATHFINDER,LYNX,7,7,10,0,17,7,0,level,0
AF089150826,PRECISION,OFFICER,24,14,10,8,34,22,10,8-10,0
AF089160626,ANVIL,MONSTER,7,21,0,10,7,31,-14,11-14,0
AF089160726,MERCENARY,PRECISION,21,14,10,14,31,28,7,5-7,0
AF089160826,CLASH,AVATAR,10,7,11,13,21,20,3,3-4,2
AF089170626,MEMENTO,HERMES,10,0,7,7,17,7,10,8-10,0
AF089170726,PRISMATIC,MIRAGE,14,14,9,0,23,14,0,level,0
AF089180626,ROCKET,VALIANT,3,7,0,0,3,7,-4,3-4,0
AF089180726,MEMENTO,SENTRY,17,3,3,7,20,10,14,11-14,0
AF089180826,LYNX,PRECISION,7,0,3,0,10,0,7,5-7,0
AF089190526,LEGEND,LYNX,10,7,7,7,17,14,3,3-4,2
AF089190726,LEO,ASTRONAUT,14,0,7,7,21,7,14,11-14,0
AF089190926,STEEL,PURSUIT,17,14,14,7,31,21,3,3-4,0
AF089200726,MEMENTO,AVATAR,14,7,10,7,24,14,7,5-7,0
AF089200826,LEGEND,MERCENARY,7,28,7,3,14,31,-21,15+,0
AF089210626,CLASH,OFFICER,21,7,7,6,28,13,14,11-14,0
AF089210726,LEGEND,MEMENTO,7,17,21,14,28,31,-10,8-10,2
AF089210826,HERMES,MEMENTO,17,3,3,0,20,3,14,11-14,0
AF089220726,CRYSTAL,KRAKEN,7,3,7,14,14,17,4,3-4,1
AF089220826,MEMENTO,LAZARUS,10,7,7,7,17,14,3,3-4,2
AF089220926,KATANA,SAGE,0,14,8,0,8,14,-14,11-14,0
AF089230626,PRECISION,ACE,7,3,6,0,13,3,4,3-4,0
AF089230726,PATHFINDER,HERMES,7,7,0,3,7,10,0,level,0
AF089230826,OFFICER,KEVLAR,14,7,17,14,31,21,7,5-7,0
AF089240526,PHOENIX,LUNA,7,7,7,14,14,21,0,level,0
AF089240626,OVERDRIVE,METEOR,14,14,14,6,28,20,0,level,1
AF089240726,METEOR,PATHFINDER,14,21,7,7,21,28,-7,5-7,0
AF089240826,MIDAS,STRIDER,0,7,6,7,6,14,-7,5-7,0
AF089240926,HEADHUNTER,GADGET,10,14,0,3,10,17,-4,3-4,0
AF089250526,PATHFINDER,LAZARUS,14,28,7,3,21,31,-14,11-14,0
AF089250626,HERMES,MEMENTO,3,7,7,6,10,13,-4,3-4,0
AF089250726,SENTRY,LEGEND,14,0,5,7,19,7,14,11-14,0
AF089250826,MEMENTO,LEO,14,14,6,17,20,31,0,level,0
AF089260526,KEVLAR,LYNX,7,13,0,7,7,20,-6,5-7,0
AF089260626,LEGEND,SENTRY,14,0,3,14,17,14,14,11-14,0
AF089260726,PRECISION,MEMENTO,10,21,14,14,24,35,-11,11-14,0
AF089260826,MEMENTO,HERMES,24,0,0,7,24,7,24,15+,0
AF089270426,SHROUD,SPLINTER,16,0,14,20,30,20,16,15+,0
AF089270526,ROCKET,METEOR,14,14,9,14,23,28,0,level,1
AF089270626,SENTRY,PATHFINDER,10,21,0,0,10,21,-11,11-14,0
AF089270726,MERCENARY,LYNX,10,0,14,14,24,14,10,8-10,0
AF089270826,PATHFINDER,ACE,14,14,0,14,14,28,0,level,0
AF089280426,OFFICER,CLASH,10,3,7,8,17,11,7,5-7,0
AF089280526,ASTRONAUT,LAZARUS,14,28,0,3,14,31,-14,11-14,0
AF089280626,CLASH,HERMES,7,10,14,7,21,17,-3,3-4,3
AF089280726,LEO,AVATAR,7,14,8,20,15,34,-7,5-7,0
AF089280826,PHOENIX,VALIANT,7,14,14,0,21,14,-7,5-7,1
AF089280926,IMPERIAL,PSYCHIC,6,14,16,7,22,21,-8,8-10,1
AF089290426,SUMMIT,ROCKET,21,3,7,6,28,9,18,15+,0
AF089290526,OFFICER,MEMENTO,14,17,17,8,31,25,-3,3-4,1
AF089290626,MEMENTO,LEGEND,14,7,7,0,21,7,7,5-7,0
AF089290726,JUDGEMENT,METEOR,6,0,10,7,16,7,6,5-7,0
AF089290826,LEGEND,HERMES,14,0,0,9,14,9,14,11-14,0
AF089300626,OVERDRIVE,ANVIL,7,14,20,14,27,28,-7,5-7,0
AF089300726,MERCENARY,SENTRY,14,0,0,10,14,10,14,11-14,0
AF089300826,CLASH,HERMES,10,3,21,7,31,10,7,5-7,0
AF089310526,LEO,METEOR,14,7,20,0,34,7,7,5-7,0
AF089310726,HERMES,MEMENTO,7,10,0,7,7,17,-3,3-4,0
AF089310826,MERCENARY,KEVLAR,14,14,17,14,31,28,0,level,2
AF090010526,SHROUD,VALIANT,14,14,7,10,21,24,0,level,0
AF090010726,JUDGEMENT,OCTANE,7,7,13,7,20,14,0,level,0
AF090010826,DON,ROMAN,17,21,14,7,31,28,-4,3-4,3
AF090010926,PRECISION,MERCENARY,0,7,7,3,7,10,-7,5-7,0
AF090020526,LEGEND,OFFICER,3,7,11,10,14,17,-4,3-4,0
AF090020626,ASTRONAUT,PRECISION,10,3,0,10,10,13,7,5-7,1
AF090020726,CLASH,PRECISION,7,10,21,14,28,24,-3,3-4,3
AF090020826,DON,SHARK,0,3,0,13,0,16,-3,3-4,0
AF090020926,MIDAS,ROMAN,3,14,6,7,9,21,-11,11-14,0
AF090030526,OCTANE,PRECISION,10,10,3,6,13,16,0,level,0
AF090030726,LAZARUS,CRYSTAL,7,7,7,6,14,13,0,level,0
AF090030826,DON,SHARK,7,14,6,0,13,14,-7,5-7,0
AF090030926,ACE,CRYSTAL,0,14,0,0,0,14,-14,11-14,0
AF090031026,NIRVANA,SHURIKEN,3,3,14,15,17,18,0,level,2
AF090040526,SEEKER,KRAKEN,0,14,14,13,14,27,-14,11-14,0
AF090040626,PATHFINDER,PHOENIX,7,7,15,21,22,28,0,level,1
AF090040726,PHOENIX,LUNA,6,7,6,6,12,13,-1,1-2,0
AF090040826,PRECISION,PINNACLE,3,7,0,14,3,21,-4,3-4,0
AF090050626,GENIUS,PSYCHIC,14,7,0,0,14,7,7,5-7,0
AF090050726,LUNA,ROCKET,7,7,8,14,15,21,0,level,2
AF090050826,DON,SHARK,14,7,3,7,17,14,7,5-7,0
AF090050926,SENTRY,MEMENTO,0,21,7,0,7,21,-21,15+,0
AF090060626,OFFICER,PINNACLE,5,7,7,0,12,7,-2,1-2,1
AF090060726,DON,ACE,7,7,3,7,10,14,0,level,1
AF090060826,KRAKEN,SUMMIT,14,14,17,10,31,24,0,level,2
AF090060926,LEGEND,OFFICER,14,14,13,8,27,22,0,level,2
AF090061026,ORIGINAL,NIRVANA,7,7,10,7,17,14,0,level,0
AF090070626,CLASH,PINNACLE,3,0,8,14,11,14,3,3-4,1
AF090070726,GENIUS,LUNA,17,15,16,7,33,22,2,1-2,2
AF090070826,ACE,CRYSTAL,14,7,7,17,21,24,7,5-7,3
AF090070926,HURRICANE,PHOENIX,0,3,14,0,14,3,-3,3-4,1
AF090080626,SUMMIT,SEEKER,6,0,6,7,12,7,6,5-7,2
AF090080826,LUNA,OVERDRIVE,13,9,10,20,23,29,4,3-4,1
AF090080926,KATANA,ROCKET,10,7,7,14,17,21,3,3-4,1
AF090090626,GENIUS,ROCKET,10,0,10,14,20,14,10,8-10,2
AF090090726,DON,ACE,14,21,6,7,20,28,-7,5-7,0
AF090090826,KRAKEN,PHOENIX,0,17,7,0,7,17,-17,15+,0
AF090090926,SABRE,METEOR,0,14,12,10,12,24,-14,11-14,0
AF090100626,OCTANE,KRAKEN,17,10,7,0,24,10,7,5-7,0
AF090100726,SUMMIT,MONSTER,7,17,8,3,15,20,-10,8-10,0
AF090100826,MERCENARY,LEGEND,10,14,17,10,27,24,-4,3-4,3
AF090110626,ANVIL,SUMMIT,7,21,0,10,7,31,-14,11-14,0
AF090110726,FENRIR,NIGHTMARE,0,7,10,0,10,7,-7,5-7,1
AF090110826,UNICORN,MONSTER,10,7,14,14,24,21,3,3-4,2
AF090120626,PSYCHIC,PHOENIX,0,10,7,0,7,10,-10,8-10,0
AF090120726,VALIANT,PSYCHIC,7,7,8,14,15,21,0,level,0
AF090120826,DESTINY,ROMAN,0,14,14,14,14,28,-14,11-14,0
AF090130626,PSYCHIC,KRAKEN,14,6,0,7,14,13,8,8-10,0
AF090130726,SHARK,WARRIOR,7,14,6,14,13,28,-7,5-7,0
AF090140626,KRAKEN,ROCKET,3,14,3,7,6,21,-11,11-14,0
AF090140726,SORCERER,GENIUS,10,0,13,14,23,14,10,8-10,0
AF090140826,SENTINEL,MONSTER,0,10,13,14,13,24,-10,8-10,0
AF090150626,SUMMIT,MONSTER,0,0,10,0,10,0,0,level,0
AF090150726,ACE,BLAZE,10,0,0,7,10,7,10,8-10,0
AF090150826,PSYCHIC,PHOENIX,10,0,0,0,10,0,10,8-10,0
AF090160626,ROCKET,OCTANE,14,10,7,14,21,24,4,3-4,3
AF090160726,SEEKER,SAGE,3,0,0,7,3,7,3,3-4,1
AF090160826,GENIUS,LUNA,7,14,14,10,21,24,-7,5-7,0
AF090170626,KRAKEN,ROCKET,0,14,0,0,0,14,-14,11-14,0
AF090170726,RICOCHET,ORIGINAL,10,17,10,0,20,17,-7,5-7,1
AF090180626,LAZARUS,ASTRONAUT,7,10,7,7,14,17,-3,3-4,0
AF090180726,VALIANT,LUNA,8,10,7,0,15,10,-2,1-2,1
AF090190726,GENIUS,CRYSTAL,7,10,6,7,13,17,-3,3-4,0
AF090190826,MIDAS,STRIDER,7,14,0,7,7,21,-7,5-7,0
AF090190926,STEEL,ORIGINAL,7,7,10,7,17,14,0,level,0
AF090200726,GENIUS,ACE,7,14,0,7,7,21,-7,5-7,0
AF090200826,WARRIOR,ROMAN,7,14,11,3,18,17,-7,5-7,1
AF090210626,KRAKEN,LUNA,7,10,7,0,14,10,-3,3-4,1
AF090210826,MIMIC,KRAKEN,7,14,10,7,17,21,-7,5-7,2
AF090220726,KEVLAR,MERCENARY,0,7,10,0,10,7,-7,5-7,1
AF090220826,HURRICANE,PHOENIX,0,3,14,0,14,3,-3,3-4,1
AF090220926,HURRICANE,KATANA,0,10,7,3,7,13,-10,8-10,0
AF090230726,SHARK,WARRIOR,3,7,8,7,11,14,-4,3-4,0
AF090230826,HURRICANE,OCTANE,0,0,7,0,7,0,0,level,0
AF090240526,HURRICANE,LEO,14,14,7,14,21,28,0,level,0
AF090240626,PATHFINDER,CLASH,7,7,0,3,7,10,0,level,0
AF090240726,ACE,WARRIOR,3,0,0,17,3,17,3,3-4,1
AF090240826,HERMES,UNICORN,17,0,7,7,24,7,17,15+,0
AF090240926,HEADHUNTER,REGRET,14,3,7,7,21,10,11,11-14,0
AF090250526,GENIUS,SEEKER,7,3,7,3,14,6,4,3-4,0
AF090250626,KATANA,ANVIL,7,0,6,7,13,7,7,5-7,0
AF090250726,WARRIOR,ROMAN,3,7,16,0,19,7,-4,3-4,1
AF090250826,KRAKEN,MONSTER,14,17,7,2,21,19,-3,3-4,1
AF090260526,SUMMIT,UNICORN,7,10,11,15,18,25,-3,3-4,2
AF090260626,PSYCHIC,ROCKET,21,6,7,8,28,14,15,15+,0
AF090260826,SHARK,DESTINY,7,14,10,0,17,14,-7,5-7,1
AF090270426,OVERDRIVE,SHROUD,14,0,3,6,17,6,14,11-14,0
AF090270526,LAZARUS,MEMENTO,17,14,7,8,24,22,3,3-4,0
AF090270626,IMPERIAL,LUNA,0,7,6,0,6,7,-7,5-7,0
AF090270726,STRIDER,DON,17,3,3,7,20,10,14,11-14,0
AF090270826,CLASH,PRECISION,14,10,0,7,14,17,4,3-4,1
AF090280426,SAGE,LUNA,3,3,8,7,11,10,0,level,1
AF090280526,LUNA,ROCKET,0,7,0,7,0,14,-7,5-7,0
AF090280626,OCTANE,PHOENIX,21,14,7,6,28,20,7,5-7,0
AF090280726,ROMAN,SHARK,14,21,7,10,21,31,-7,5-7,0
AF090280826,SHROUD,ASTRONAUT,7,3,7,6,14,9,4,3-4,0
AF090280926,FUSE,MERLIN,3,7,7,7,10,14,-4,3-4,2
AF090290426,HURRICANE,METEOR,14,0,14,0,28,0,14,11-14,0
AF090290526,ANVIL,UNICORN,7,3,14,6,21,9,4,3-4,0
AF090290626,LUNA,SHARK,6,14,15,14,21,28,-8,8-10,0
AF090290726,SHARK,WARRIOR,0,20,6,7,6,27,-20,15+,0
AF090290826,KRAKEN,LUNA,7,3,14,0,21,3,4,3-4,0
AF090300426,SEEKER,KRAKEN,7,21,6,0,13,21,-14,11-14,0
AF090300526,LEO,PRECISION,7,7,7,0,14,7,0,level,0
AF090300726,LUNA,CRYSTAL,14,7,7,7,21,14,7,5-7,0
AF090300826,ROCKET,VALIANT,14,7,10,0,24,7,7,5-7,0
AF090310726,SENTINEL,VALIANT,0,14,0,7,0,21,-14,11-14,0
AF090310826,PSYCHIC,LUNA,0,24,8,0,8,24,-24,15+,0
AF091010526,LEGEND,LAZARUS,7,7,3,0,10,7,0,level,0
AF091010626,MEMENTO,LYNX,17,10,10,0,27,10,7,5-7,0
AF091010726,ACE,SHARK,10,0,0,7,10,7,10,8-10,0
AF091010826,OVERDRIVE,SHROUD,14,21,12,14,26,35,-7,5-7,0
AF091010926,SHARK,DESTINY,14,0,7,0,21,0,14,11-14,0
AF091020526,PSYCHIC,SHROUD,14,0,0,6,14,6,14,11-14,0
AF091020626,LYNX,LEGEND,14,14,0,7,14,21,0,level,0
AF091020826,LAZARUS,KATANA,7,0,3,0,10,0,7,5-7,0
AF091030526,OVERDRIVE,SENTRY,14,3,7,15,21,18,11,11-14,0
AF091030626,VALIANT,HURRICANE,14,7,0,0,14,7,7,5-7,0
AF091030726,PRECISION,OFFICER,14,14,6,14,20,28,0,level,1
AF091030826,MONSTER,PHOENIX,7,14,3,6,10,20,-7,5-7,0
AF091030926,HERMES,MEMENTO,0,0,18,15,18,15,0,level,2
AF091040526,PRECISION,PATHFINDER,21,7,0,0,21,7,14,11-14,0
AF091040626,LAZARUS,HERMES,14,21,14,6,28,27,-7,5-7,1
AF091040726,HURRICANE,KRAKEN,0,10,7,0,7,10,-10,8-10,0
AF091040826,SUMMIT,OCTANE,14,10,13,20,27,30,4,3-4,3
AF091040926,JUDGEMENT,ACE,7,7,21,10,28,17,0,level,1
AF091050626,HURRICANE,OVERDRIVE,7,7,16,14,23,21,0,level,2
AF091050726,METEOR,SENTRY,21,7,0,7,21,14,14,11-14,0
AF091050826,GENIUS,SORCERER,28,7,3,8,31,15,21,15+,0
AF091060626,HURRICANE,PHOENIX,7,7,7,17,14,24,0,level,0
AF091060726,SUMMIT,PHOENIX,10,14,0,7,10,21,-4,3-4,0
AF091060926,STRIDER,WARRIOR,7,14,6,0,13,14,-7,5-7,0
AF091061026,SCHOLAR,ORIGINAL,10,14,21,0,31,14,-4,3-4,1
AF091070626,LEO,SHROUD,0,14,7,3,7,17,-14,11-14,0
AF091070726,JUDGEMENT,CRYSTAL,6,3,3,7,9,10,3,3-4,1
AF091070826,LEGEND,SENTRY,7,3,10,0,17,3,4,3-4,0
AF091070926,METEOR,ACE,14,0,7,7,21,7,14,11-14,0
AF091080626,METEOR,LEO,10,14,10,3,20,17,-4,3-4,1
AF091080826,SHROUD,LAZARUS,21,14,10,6,31,20,7,5-7,0
AF091080926,ACE,JUDGEMENT,7,10,7,7,14,17,-3,3-4,2
AF091090626,PATHFINDER,HERMES,0,0,8,10,8,10,0,level,2
AF091090726,VALIANT,CRYSTAL,7,7,0,7,7,14,0,level,0
AF091090826,RELIC,ACE,14,7,10,7,24,14,7,5-7,0
AF091100626,VALIANT,PATHFINDER,0,7,8,7,8,14,-7,5-7,0
AF091100826,GENIUS,SAGE,7,14,7,6,14,20,-7,5-7,0
AF091100926,ASTRONAUT,ACE,14,14,17,14,31,28,0,level,4
AF091110626,HURRICANE,HERMES,7,7,0,7,7,14,0,level,0
AF091110726,GADGET,SHURIKEN,7,7,3,0,10,7,0,level,0
AF091110826,ROCKET,SABRE,7,7,14,7,21,14,0,level,0
AF091120726,KATANA,METEOR,7,9,6,2,13,11,-2,1-2,1
AF091120826,KRAKEN,METEOR,14,21,13,7,27,28,-7,5-7,0
AF091130626,LAZARUS,OVERDRIVE,7,0,3,3,10,3,7,5-7,0
AF091130726,LAZARUS,HERMES,14,14,16,6,30,20,0,level,0
AF091130826,CRYSTAL,ASTRONAUT,10,10,0,7,10,17,0,level,0
AF091140626,KATANA,PATHFINDER,7,7,3,10,10,17,0,level,1
AF091140726,KATANA,ASTRONAUT,7,0,0,13,7,13,7,5-7,1
AF091140826,LUNA,PHOENIX,10,10,14,8,24,18,0,level,0
AF091150626,PATHFINDER,LYNX,7,14,7,14,14,28,-7,5-7,0
AF091150726,JUDGEMENT,LUNA,10,7,6,7,16,14,3,3-4,2
AF091150826,KRAKEN,ACE,7,17,0,0,7,17,-10,8-10,0
AF091160626,CLASH,CRYSTAL,7,7,7,3,14,10,0,level,1
AF091160726,SABRE,MEMENTO,7,28,14,7,21,35,-21,15+,0
AF091160826,LEO,LAZARUS,12,17,7,14,19,31,-5,5-7,0
AF091170626,KATANA,JUDGEMENT,7,0,0,10,7,10,7,5-7,1
AF091170726,MIRAGE,MINDFLAYER,7,14,14,14,21,28,-7,5-7,2
AF091180626,PRECISION,KEVLAR,7,3,10,7,17,10,4,3-4,0
AF091180726,SHROUD,AVATAR,14,14,10,7,24,21,0,level,0
AF091180826,CRYSTAL,LAZARUS,14,3,7,11,21,14,11,11-14,0
AF091190526,OCTANE,SHROUD,7,17,0,7,7,24,-10,8-10,0
AF091190726,KATANA,KRAKEN,10,0,7,7,17,7,10,8-10,0
AF091190826,ASTRONAUT,METEOR,3,0,10,7,13,7,3,3-4,0
AF091190926,ORIGINAL,PURSUIT,7,14,3,17,10,31,-7,5-7,0
AF091200726,PSYCHIC,LUNA,7,14,8,10,15,24,-7,5-7,0
AF091200826,ASTRONAUT,CRYSTAL,7,3,0,7,7,10,4,3-4,1
AF091210626,VALIANT,OVERDRIVE,7,3,10,8,17,11,4,3-4,0
AF091210726,KRAKEN,SAGE,3,3,17,14,20,17,0,level,2
AF091210826,LUNA,ROCKET,7,13,14,11,21,24,-6,5-7,2
AF091210926,ACE,STRIDER,7,17,9,0,16,17,-10,8-10,0
AF091220726,DESTINY,DAME,7,7,7,21,14,28,0,level,0
AF091220826,ROCKET,PRECISION,7,14,11,7,18,21,-7,5-7,0
AF091230626,LYNX,JUDGEMENT,14,0,7,25,21,25,14,11-14,1
AF091230726,CRYSTAL,HURRICANE,7,10,9,7,16,17,-3,3-4,0
AF091240526,OFFICER,PRECISION,14,10,14,15,28,25,4,3-4,2
AF091240626,LUNA,CRYSTAL,0,21,3,0,3,21,-21,15+,0
AF091240726,LUNA,OVERDRIVE,3,14,7,10,10,24,-11,11-14,0
AF091240826,LAZARUS,SENTRY,14,3,7,21,21,24,11,11-14,1
AF091250526,CRYSTAL,LEO,0,14,0,0,0,14,-14,11-14,0
AF091250726,VALIANT,LUNA,7,7,7,8,14,15,0,level,1
AF091250826,SAGE,ASTRONAUT,0,3,0,7,0,10,-3,3-4,0
AF091260626,PHOENIX,KATANA,10,3,7,15,17,18,7,5-7,1
AF091260726,METEOR,PATHFINDER,0,17,21,7,21,24,-17,15+,0
AF091260826,IMPERIAL,MIMIC,14,7,7,13,21,20,7,5-7,0
AF091270426,SPLINTER,OVERDRIVE,7,10,14,8,21,18,-3,3-4,1
AF091270526,OCTANE,LUNA,7,7,0,7,7,14,0,level,0
AF091270626,CRYSTAL,LAZARUS,7,7,6,8,13,15,0,level,0
AF091270726,MONSTER,OCTANE,14,7,0,10,14,17,7,5-7,1
AF091270826,PSYCHIC,LUNA,3,7,7,7,10,14,-4,3-4,2
AF091280426,VALIANT,PRECISION,21,17,6,7,27,24,4,3-4,0
AF091280526,CRYSTAL,PATHFINDER,0,7,10,0,10,7,-7,5-7,1
AF091280626,OVERDRIVE,LEO,8,21,7,6,15,27,-13,11-14,0
AF091280726,CRYSTAL,OVERDRIVE,7,13,7,13,14,26,-6,5-7,2
AF091280826,OFFICER,PATHFINDER,21,7,7,7,28,14,14,11-14,0
AF091280926,NIGHTMARE,FUSE,10,0,3,14,13,14,10,8-10,1
AF091290426,KEVLAR,PRECISION,7,7,16,14,23,21,0,level,2
AF091290626,LEO,KRAKEN,7,14,17,7,24,21,-7,5-7,1
AF091290726,SUMMIT,OVERDRIVE,0,28,0,0,0,28,-28,15+,0
AF091290826,ROCKET,SHROUD,8,7,0,0,8,7,1,1-2,0
AF091300526,LUNA,KRAKEN,7,7,10,6,17,13,0,level,0
AF091300626,CLASH,PRECISION,7,0,3,7,10,7,7,5-7,0
AF091300726,LYNX,LEGEND,7,10,0,0,7,10,-3,3-4,0
AF091300826,LAZARUS,MEMENTO,14,13,0,3,14,16,1,1-2,1
AF091310526,PHOENIX,LUNA,14,7,3,14,17,21,7,5-7,1
AF091310726,OVERDRIVE,RELIC,10,7,10,7,20,14,3,3-4,0
AF091310826,ASTRONAUT,SABRE,14,21,7,10,21,31,-7,5-7,0
AF092010526,HURRICANE,PRECISION,7,7,10,13,17,20,0,level,3
AF092010626,MONSTER,NEON,7,10,14,14,21,24,-3,3-4,2
AF092010726,PHOENIX,KRAKEN,10,14,14,7,24,21,-4,3-4,3
AF092010826,PATHFINDER,LYNX,7,10,7,10,14,20,-3,3-4,0
AF092020526,SPLINTER,SENTRY,7,7,6,7,13,14,0,level,0
AF092020626,SENTINEL,SEEKER,0,3,7,7,7,10,-3,3-4,2
AF092020726,LAZARUS,LYNX,7,7,7,6,14,13,0,level,0
AF092020826,CLASH,ACE,7,3,7,0,14,3,4,3-4,0
AF092020926,HERMES,LEGEND,7,7,13,14,20,21,0,level,1
AF092030526,KEVLAR,CLASH,7,14,7,3,14,17,-7,5-7,0
AF092030626,KEVLAR,PRECISION,13,3,7,7,20,10,10,8-10,0
AF092030726,VALIANT,PHOENIX,0,7,7,3,7,10,-7,5-7,0
AF092030826,LEGEND,MERCENARY,14,24,21,13,35,37,-10,8-10,2
AF092030926,MIMIC,LUNA,7,17,10,7,17,24,-10,8-10,0
AF092040526,LEGEND,MEMENTO,10,7,3,0,13,7,3,3-4,0
AF092040626,VALIANT,UNICORN,14,3,14,7,28,10,11,11-14,0
AF092040726,PRECISION,OVERDRIVE,21,14,6,15,27,29,7,5-7,1
AF092040826,CRYSTAL,ACE,7,7,7,0,14,7,0,level,0
AF092040926,HERMES,PRECISION,7,7,14,17,21,24,0,level,4
AF092050726,LEGEND,OFFICER,7,7,7,8,14,15,0,level,1
AF092050826,HERMES,LEO,14,7,10,7,24,14,7,5-7,0
AF092050926,JUDGEMENT,ROCKET,10,7,14,7,24,14,3,3-4,0
AF092060526,HURRICANE,CRYSTAL,10,0,7,0,17,0,10,8-10,0
AF092060626,HERMES,ASTRONAUT,17,14,7,14,24,28,3,3-4,1
AF092060726,OVERDRIVE,CRYSTAL,10,3,10,15,20,18,7,5-7,2
AF092060826,LEGEND,AVATAR,21,28,7,3,28,31,-7,5-7,0
AF092060926,ROCKET,HURRICANE,14,14,10,7,24,21,0,level,0
AF092061026,NIRVANA,ORIGINAL,7,0,7,0,14,0,7,5-7,0
AF092070626,KEVLAR,MEMENTO,0,14,17,7,17,21,-14,11-14,0
AF092070726,HERMES,LEGEND,14,14,0,3,14,17,0,level,0
AF092070826,VALIANT,HURRICANE,14,7,7,7,21,14,7,5-7,0
AF092070926,PINNACLE,KEVLAR,7,10,7,3,14,13,-3,3-4,1
AF092080626,LEGEND,CLASH,14,7,6,0,20,7,7,5-7,0
AF092080726,PRECISION,MEMENTO,7,7,17,15,24,22,0,level,2
AF092080826,SENTRY,OFFICER,24,23,7,15,31,38,1,1-2,1
AF092090626,LYNX,AVATAR,7,14,0,7,7,21,-7,5-7,0
AF092090726,SABRE,AVATAR,14,35,8,3,22,38,-21,15+,0
AF092090826,LEGEND,CLASH,14,7,0,10,14,17,7,5-7,1
AF092090926,KRAKEN,PHOENIX,14,27,7,7,21,34,-13,11-14,0
AF092100626,MEMENTO,KEVLAR,10,7,7,14,17,21,3,3-4,3
AF092100826,PATHFINDER,HERMES,0,7,14,10,14,17,-7,5-7,0
AF092100926,LUNA,ASTRONAUT,14,0,0,12,14,12,14,11-14,0
AF092110626,AVATAR,PINNACLE,3,3,9,14,12,17,0,level,1
AF092110826,CLASH,LEGEND,21,14,14,7,35,21,7,5-7,0
AF092120626,LYNX,MEMENTO,14,3,0,15,14,18,11,11-14,1
AF092120726,OFFICER,MERCENARY,7,7,7,10,14,17,0,level,0
AF092120826,PATHFINDER,HERMES,14,14,21,22,35,36,0,level,1
AF092130626,SENTRY,PRECISION,7,14,0,3,7,17,-7,5-7,0
AF092130726,MERCENARY,KEVLAR,7,10,7,14,14,24,-3,3-4,0
AF092130826,AVATAR,LAZARUS,14,7,10,0,24,7,7,5-7,0
AF092140626,PRECISION,OFFICER,7,21,0,0,7,21,-14,11-14,0
AF092140726,LEO,CLASH,7,14,8,17,15,31,-7,5-7,0
AF092140826,METEOR,OVERDRIVE,17,14,14,14,31,28,3,3-4,4
AF092150626,LEGEND,MEMENTO,0,7,0,7,0,14,-7,5-7,0
AF092150726,MEMENTO,LEO,14,0,7,6,21,6,14,11-14,0
AF092150826,OFFICER,SENTRY,21,7,3,7,24,14,14,11-14,0
AF092160626,GENIUS,SEEKER,14,3,0,6,14,9,11,11-14,0
AF092160726,MERCENARY,KEVLAR,7,0,10,0,17,0,7,5-7,0
AF092160826,SENTRY,PRECISION,7,7,20,7,27,14,0,level,0
AF092170626,MEMENTO,PATHFINDER,14,0,3,0,17,0,14,11-14,0
AF092170726,ORIGINAL,CLOCKWORK,7,7,10,7,17,14,0,level,0
AF092180726,MEMENTO,MERCENARY,7,3,0,7,7,10,4,3-4,1
AF092180826,LYNX,HERMES,10,7,7,7,17,14,3,3-4,0
AF092190526,LEGEND,ASTRONAUT,14,7,7,7,21,14,7,5-7,0
AF092190726,LEO,CLASH,14,7,10,15,24,22,7,5-7,2
AF092190826,LEGEND,ACE,0,10,31,14,31,24,-10,8-10,1
AF092190926,PURSUIT,STEEL,7,7,17,7,24,14,0,level,0
AF092200726,CLASH,AVATAR,14,10,0,0,14,10,4,3-4,0
AF092200826,LEGEND,PRECISION,21,21,10,7,31,28,0,level,0
AF092210626,KEVLAR,PRECISION,21,7,7,7,28,14,14,11-14,0
AF092210726,LEGEND,SABRE,14,14,0,21,14,35,0,level,0
AF092210826,HERMES,SENTRY,14,0,0,7,14,7,14,11-14,0
AF092210926,STRIDER,ACE,7,7,7,13,14,20,0,level,1
AF092220726,ASTRONAUT,SABRE,14,24,6,14,20,38,-10,8-10,0
AF092220826,MEMENTO,MERCENARY,3,17,7,21,10,38,-14,11-14,0
AF092230626,PRECISION,MERCENARY,7,7,10,13,17,20,0,level,0
AF092230726,PATHFINDER,PINNACLE,7,14,14,10,21,24,-7,5-7,2
AF092230826,OFFICER,MEMENTO,14,14,21,13,35,27,0,level,1
AF092240526,ROCKET,CRYSTAL,3,7,21,10,24,17,-4,3-4,1
AF092240626,METEOR,PHOENIX,10,7,7,0,17,7,3,3-4,0
AF092240726,METEOR,OFFICER,7,21,0,0,7,21,-14,11-14,0
AF092240826,SHARK,ROMAN,7,0,7,0,14,0,7,5-7,0
AF092250526,PATHFINDER,AVATAR,21,7,14,14,35,21,14,11-14,0
AF092250626,HERMES,LEGEND,21,14,0,14,21,28,7,5-7,1
AF092250726,SENTRY,JUDGEMENT,3,0,17,17,20,17,3,3-4,4
AF092250826,MEMENTO,PRECISION,21,3,10,21,31,24,18,15+,0
AF092260526,KEVLAR,ASTRONAUT,7,7,6,3,13,10,0,level,1
AF092260626,OFFICER,HERMES,14,7,0,0,14,7,7,5-7,0
AF092260726,PRECISION,PINNACLE,23,11,3,0,26,11,12,11-14,0
AF092260826,MEMENTO,JUDGEMENT,21,7,3,7,24,14,14,11-14,0
AF092270526,SHROUD,OVERDRIVE,14,7,7,17,21,24,7,5-7,1
AF092270626,SENTRY,LEO,7,14,13,7,20,21,-7,5-7,0
AF092270726,MERCENARY,KEVLAR,3,7,6,7,9,14,-4,3-4,0
AF092270826,LAZARUS,LYNX,7,7,7,3,14,10,0,level,1
AF092280426,LYNX,LAZARUS,3,10,15,10,18,20,-7,5-7,2
AF092280526,ASTRONAUT,LEGEND,24,14,7,14,31,28,10,8-10,0
AF092280626,CLASH,MERCENARY,7,3,3,10,10,13,4,3-4,1
AF092280726,LEO,LEGEND,7,7,7,10,14,17,0,level,0
AF092280826,MONSTER,LUNA,7,14,3,7,10,21,-7,5-7,0
AF092280926,MERLIN,NIGHTMARE,14,3,14,0,28,3,11,11-14,0
AF092290426,KRAKEN,GENIUS,7,0,0,0,7,0,7,5-7,0
AF092290626,MEMENTO,PATHFINDER,10,14,14,6,24,20,-4,3-4,1
AF092290726,JUDGEMENT,PRECISION,17,7,8,24,25,31,10,8-10,3
AF092290826,LEGEND,OFFICER,7,0,17,20,24,20,7,5-7,0
AF092300526,CRYSTAL,SHROUD,14,10,0,7,14,17,4,3-4,1
AF092300626,OVERDRIVE,LUNA,14,0,14,7,28,7,14,11-14,0
AF092300726,MERCENARY,AVATAR,17,23,0,0,17,23,-6,5-7,0
AF092300826,CLASH,PINNACLE,14,21,20,0,34,21,-7,5-7,1
AF092310526,PRECISION,ASTRONAUT,21,24,21,14,42,38,-3,3-4,3
AF092310726,HERMES,OFFICER,14,28,13,7,27,35,-14,11-14,0
AF092310826,MERCENARY,CLASH,0,10,10,3,10,13,-10,8-10,0
AF093010526,JUDGEMENT,OVERDRIVE,3,7,11,10,14,17,-4,3-4,0
AF093010626,PRECISION,PATHFINDER,14,0,7,7,21,7,14,11-14,0
AF093010726,METEOR,OCTANE,21,21,7,14,28,35,0,level,1
AF093010826,WARRIOR,SHARK,7,14,10,0,17,14,-7,5-7,1
AF093010926,PRECISION,LEO,17,21,20,18,37,39,-4,3-4,0
AF093020526,LEGEND,HERMES,14,0,0,7,14,7,14,11-14,0
AF093020626,SAGE,ROCKET,9,20,7,7,16,27,-11,11-14,0
AF093020726,CLASH,KEVLAR,10,7,10,7,20,14,3,3-4,0
AF093020826,DON,ROMAN,14,7,14,8,28,15,7,5-7,0
AF093020926,MIDAS,UNICORN,10,14,14,14,24,28,-4,3-4,2
AF093030526,OCTANE,HURRICANE,0,7,10,7,10,14,-7,5-7,2
AF093030626,ANVIL,KRAKEN,0,0,0,7,0,7,0,level,0
AF093030726,HURRICANE,SAGE,3,3,20,21,23,24,0,level,1
AF093030826,DON,ROMAN,14,7,0,0,14,7,7,5-7,0
AF093030926,SAGE,RELIC,17,21,8,7,25,28,-4,3-4,0
AF093040526,SEEKER,VALIANT,0,10,0,6,0,16,-10,8-10,0
AF093040626,SHROUD,SAGE,7,10,14,0,21,10,-3,3-4,1
AF093040726,PHOENIX,CRYSTAL,5,17,0,0,5,17,-12,11-14,0
AF093040826,LAZARUS,PINNACLE,7,14,15,10,22,24,-7,5-7,2
AF093040926,IMPERIAL,VALIANT,21,21,7,3,28,24,0,level,0
AF093050626,GENIUS,SUMMIT,14,7,13,13,27,20,7,5-7,2
AF093050726,LUNA,VALIANT,21,0,3,8,24,8,21,15+,0
AF093050926,PRECISION,HERMES,0,7,17,7,17,14,-7,5-7,3
AF093060526,KEVLAR,LAZARUS,7,0,10,15,17,15,7,5-7,2
AF093060626,AVATAR,PINNACLE,14,7,14,7,28,14,7,5-7,0
AF093060726,DON,ROMAN,14,7,14,0,28,7,7,5-7,0
AF093060826,HURRICANE,CRYSTAL,14,3,10,15,24,18,11,11-14,2
AF093060926,CLASH,OFFICER,0,14,14,10,14,24,-14,11-14,0
AF093061026,SHURIKEN,ORIGINAL,8,14,0,8,8,22,-6,5-7,0
AF093070726,GENIUS,SEEKER,7,10,14,14,21,24,-3,3-4,2
AF093070826,ROCKET,LUNA,7,7,0,10,7,17,0,level,0
AF093070926,HURRICANE,ROCKET,7,10,7,0,14,10,-3,3-4,1
AF093080626,SUMMIT,GENIUS,3,0,3,10,6,10,3,3-4,1
AF093080726,SUMMIT,SENTINEL,12,17,12,6,24,23,-5,5-7,3
AF093080826,LUNA,VALIANT,7,7,6,7,13,14,0,level,0
AF093090626,GENIUS,VALIANT,0,7,6,3,6,10,-7,5-7,0
AF093090726,DON,DAME,3,3,6,7,9,10,0,level,0
AF093090826,KRAKEN,IMPERIAL,10,14,21,13,31,27,-4,3-4,3
AF093090926,JUDGEMENT,ROCKET,7,14,3,7,10,21,-7,5-7,0
AF093100626,OCTANE,SAGE,7,7,0,3,7,10,0,level,0
AF093100826,PINNACLE,LAZARUS,7,7,15,21,22,28,0,level,0
AF093100926,SABRE,ASTRONAUT,21,3,3,13,24,16,18,15+,0
AF093110626,ANVIL,SEEKER,0,7,7,10,7,17,-7,5-7,0
AF093110826,UNICORN,MIMIC,7,14,14,0,21,14,-7,5-7,1
AF093120626,PSYCHIC,SEEKER,10,10,6,7,16,17,0,level,0
AF093120726,VALIANT,SORCERER,7,7,3,0,10,7,0,level,0
AF093120826,SHARK,DON,14,0,3,8,17,8,14,11-14,0
AF093130626,CRYSTAL,HURRICANE,3,7,10,7,13,14,-4,3-4,2
AF093130726,SHARK,ACE,0,13,0,3,0,16,-13,11-14,0
AF093130826,ROCKET,LUNA,13,7,10,14,23,21,6,5-7,0
AF093140626,KRAKEN,SUMMIT,7,7,10,8,17,15,0,level,0
AF093140726,SORCERER,UNICORN,7,7,15,14,22,21,0,level,2
AF093140826,VALIANT,PSYCHIC,14,3,7,0,21,3,11,11-14,0
AF093150626,SUMMIT,SENTINEL,14,14,10,0,24,14,0,level,0
AF093150726,MIDAS,DON,17,0,0,3,17,3,17,15+,0
AF093150826,PHOENIX,VALIANT,10,7,0,10,10,17,3,3-4,1
AF093160626,LUNA,HURRICANE,0,7,0,0,0,7,-7,5-7,0
AF093160726,SEEKER,KRAKEN,14,6,0,13,14,19,8,8-10,1
AF093160826,CRYSTAL,OCTANE,14,14,8,10,22,24,0,level,2
AF093170626,KRAKEN,OCTANE,7,10,14,14,21,24,-3,3-4,4
AF093170726,PRISMATIC,SHURIKEN,21,6,14,7,35,13,15,15+,0
AF093180626,PATHFINDER,LYNX,7,14,7,7,14,21,-7,5-7,0
AF093180726,VALIANT,PHOENIX,0,7,6,7,6,14,-7,5-7,0
AF093180826,GENIUS,KRAKEN,14,10,3,10,17,20,4,3-4,1
AF093190726,GENIUS,HURRICANE,7,7,23,21,30,28,0,level,2
AF093190926,ORIGINAL,STEEL,0,7,10,0,10,7,-7,5-7,1
AF093200726,DAME,ACE,7,6,0,8,7,14,1,1-2,1
AF093200826,WARRIOR,MIDAS,3,3,14,7,17,10,0,level,0
AF093210626,CRYSTAL,ROCKET,0,10,3,3,3,13,-10,8-10,0
AF093210826,MIMIC,MONSTER,14,10,16,14,30,24,4,3-4,4
AF093210926,STRIDER,OVERDRIVE,14,7,0,10,14,17,7,5-7,1
AF093220726,LYNX,MERCENARY,10,7,7,14,17,21,3,3-4,1
AF093220826,HURRICANE,PSYCHIC,7,3,8,14,15,17,4,3-4,1
AF093230626,LUNA,SORCERER,17,17,7,0,24,17,0,level,0
AF093230726,SHARK,ACE,14,7,3,14,17,21,7,5-7,1
AF093240526,SHROUD,PATHFINDER,10,7,0,0,10,7,3,3-4,0
AF093240626,LAZARUS,KEVLAR,7,7,0,7,7,14,0,level,0
AF093240726,ACE,DAME,7,7,15,14,22,21,0,level,2
AF093250526,GENIUS,MONSTER,14,7,8,17,22,24,7,5-7,3
AF093250626,KATANA,ROMAN,0,14,16,17,16,31,-14,11-14,0
AF093250726,WARRIOR,DAME,7,0,3,3,10,3,7,5-7,0
AF093250826,KRAKEN,SUMMIT,14,14,7,3,21,17,0,level,1
AF093260526,SUMMIT,KRAKEN,7,7,15,0,22,7,0,level,0
AF093260626,MONSTER,VALIANT,7,7,7,6,14,13,0,level,0
AF093260826,SHARK,MIDAS,10,7,14,14,24,21,3,3-4,0
AF093270526,LEGEND,MEMENTO,7,3,0,6,7,9,4,3-4,1
AF093270626,IMPERIAL,PHOENIX,7,0,14,11,21,11,7,5-7,0
AF093270726,STRIDER,DESTINY,24,28,14,7,38,35,-4,3-4,1
AF093270826,CLASH,HERMES,7,7,14,7,21,14,0,level,0
AF093280426,UNICORN,OCTANE,7,7,15,13,22,20,0,level,1
AF093280626,OCTANE,PSYCHIC,7,7,7,3,14,10,0,level,1
AF093280726,ROMAN,WARRIOR,3,7,3,10,6,17,-4,3-4,0
AF093280826,OVERDRIVE,ACE,7,14,0,3,7,17,-7,5-7,0
AF093280926,MERLIN,FUSE,7,7,0,7,7,14,0,level,0
AF093290426,OVERDRIVE,CRYSTAL,7,17,6,10,13,27,-10,8-10,0
AF093290626,LUNA,SORCERER,17,7,7,14,24,21,10,8-10,0
AF093290726,SHARK,ROMAN,7,3,7,6,14,9,4,3-4,0
AF093290826,KRAKEN,RELIC,7,21,21,14,28,35,-14,11-14,0
AF093300426,SEEKER,SAGE,7,3,7,15,14,18,4,3-4,1
AF093300526,PRECISION,OFFICER,14,14,0,21,14,35,0,level,0
AF093300826,ROCKET,LUNA,7,7,3,0,10,7,0,level,0
AF093310526,CLASH,PINNACLE,14,7,3,0,17,7,7,5-7,0
AF093310726,SENTINEL,SUMMIT,7,14,14,8,21,22,-7,5-7,2
AF093310826,PSYCHIC,JUDGEMENT,7,10,7,3,14,13,-3,3-4,1
AF094010526,OFFICER,HERMES,14,7,7,0,21,7,7,5-7,0
AF094010626,CLASH,LYNX,10,0,7,7,17,7,10,8-10,0
AF094010726,ROMAN,SHARK,14,21,17,14,31,35,-7,5-7,2
AF094010826,JUDGEMENT,LEO,7,28,7,10,14,38,-21,15+,0
AF094010926,SHARK,STRIDER,21,17,21,21,42,38,4,3-4,6
AF094020526,PSYCHIC,PHOENIX,14,7,3,7,17,14,7,5-7,0
AF094020626,AVATAR,SHROUD,21,7,3,7,24,14,14,11-14,0
AF094020826,LAZARUS,CRYSTAL,14,14,7,10,21,24,0,level,0
AF094020926,PSYCHIC,CRYSTAL,6,7,0,7,6,14,-1,1-2,0
AF094030526,OVERDRIVE,LEO,7,14,7,3,14,17,-7,5-7,0
AF094030626,VALIANT,METEOR,10,7,0,7,10,14,3,3-4,1
AF094030726,PATHFINDER,OFFICER,14,10,14,13,28,23,4,3-4,0
AF094030826,MONSTER,OCTANE,0,10,7,10,7,20,-10,8-10,0
AF094030926,HERMES,LEGEND,21,21,10,7,31,28,0,level,0
AF094031026,MISSILE,SHURIKEN,14,7,10,8,24,15,7,5-7,0
AF094040526,PRECISION,METEOR,14,17,14,13,28,30,-3,3-4,2
AF094040626,LAZARUS,AVATAR,21,14,7,11,28,25,7,5-7,0
AF094040726,HURRICANE,LAZARUS,7,0,7,8,14,8,7,5-7,0
AF094040826,MIMIC,OCTANE,7,10,7,14,14,24,-3,3-4,0
AF094040926,ROCKET,ACE,7,7,17,14,24,21,0,level,0
AF094050626,HURRICANE,SHROUD,7,14,13,10,20,24,-7,5-7,0
AF094050726,METEOR,LEO,10,7,0,0,10,7,3,3-4,0
AF094050826,GENIUS,IMPERIAL,7,14,15,15,22,29,-7,5-7,0
AF094050926,PHOENIX,LUNA,10,14,6,10,16,24,-4,3-4,0
AF094060526,SHROUD,MONSTER,14,6,10,0,24,6,8,8-10,0
AF094060626,IMPERIAL,PHOENIX,14,14,11,20,25,34,0,level,0
AF094060726,SUMMIT,UNICORN,7,7,0,3,7,10,0,level,0
AF094060826,HERMES,LUNA,14,7,0,14,14,21,7,5-7,1
AF094060926,SHARK,WARRIOR,14,3,0,12,14,15,11,11-14,1
AF094070626,PATHFINDER,SHROUD,7,14,0,3,7,17,-7,5-7,0
AF094070726,JUDGEMENT,OCTANE,7,3,10,8,17,11,4,3-4,0
AF094070826,LEGEND,OFFICER,7,14,14,0,21,14,-7,5-7,1
AF094070926,ACE,METEOR,7,10,7,14,14,24,-3,3-4,0
AF094080626,METEOR,HERMES,7,7,8,7,15,14,0,level,1
AF094080726,ROCKET,SAGE,7,7,9,3,16,10,0,level,0
AF094080826,SHROUD,PATHFINDER,14,16,10,9,24,25,-2,1-2,2
AF094080926,METEOR,JUDGEMENT,7,3,7,14,14,17,4,3-4,3
AF094090626,PATHFINDER,SHROUD,0,3,14,10,14,13,-3,3-4,1
AF094090826,RELIC,HERMES,14,14,14,17,28,31,0,level,0
AF094100626,VALIANT,METEOR,10,7,0,7,10,14,3,3-4,1
AF094100826,MONSTER,PSYCHIC,10,0,0,3,10,3,10,8-10,0
AF094100926,ACE,ASTRONAUT,3,10,14,3,17,13,-7,5-7,1
AF094110626,HURRICANE,OVERDRIVE,0,14,14,10,14,24,-14,11-14,0
AF094110826,ROCKET,METEOR,7,7,24,14,31,21,0,level,0
AF094120626,LAZARUS,HERMES,14,7,6,14,20,21,7,5-7,1
AF094120726,KATANA,OVERDRIVE,10,7,0,7,10,14,3,3-4,1
AF094120826,METEOR,HURRICANE,10,14,11,9,21,23,-4,3-4,2
AF094130626,JUDGEMENT,PATHFINDER,0,7,17,7,17,14,-7,5-7,3
AF094130726,LAZARUS,SENTRY,10,7,7,7,17,14,3,3-4,0
AF094130826,CRYSTAL,KRAKEN,0,14,10,7,10,21,-14,11-14,0
AF094140626,KATANA,METEOR,7,0,7,7,14,7,7,5-7,0
AF094140826,ROCKET,CRYSTAL,7,7,8,10,15,17,0,level,2
AF094150626,PATHFINDER,HERMES,3,3,14,7,17,10,0,level,0
AF094150726,HERMES,CRYSTAL,7,0,7,17,14,17,7,5-7,3
AF094150826,ACE,ASTRONAUT,7,14,3,0,10,14,-7,5-7,0
AF094160626,SAGE,CRYSTAL,7,7,10,3,17,10,0,level,0
AF094160726,SABRE,LEO,3,14,21,14,24,28,-11,11-14,0
AF094160826,HERMES,MEMENTO,0,3,14,14,14,17,-3,3-4,0
AF094170626,KATANA,OVERDRIVE,0,3,9,14,9,17,-3,3-4,0
AF094170726,PRISMATIC,MINDFLAYER,7,7,14,16,21,23,0,level,0
AF094180626,AVATAR,KEVLAR,10,0,12,7,22,7,10,8-10,0
AF094180726,SHROUD,JUDGEMENT,7,14,15,14,22,28,-7,5-7,0
AF094180826,CRYSTAL,OCTANE,0,7,14,3,14,10,-7,5-7,1
AF094190526,OCTANE,CRYSTAL,6,9,6,14,12,23,-3,3-4,0
AF094190726,KATANA,ROCKET,7,7,10,7,17,14,0,level,0
AF094190826,ASTRONAUT,SABRE,7,7,9,7,16,14,0,level,1
AF094190926,ORIGINAL,STEEL,0,10,21,10,21,20,-10,8-10,1
AF094200726,MONSTER,LUNA,7,14,7,10,14,24,-7,5-7,0
AF094200826,ASTRONAUT,SABRE,7,3,3,0,10,3,4,3-4,0
AF094210626,METEOR,LAZARUS,7,0,7,0,14,0,7,5-7,0
AF094210726,KRAKEN,ROCKET,3,14,0,0,3,14,-11,11-14,0
AF094210926,OVERDRIVE,ACE,6,21,21,14,27,35,-15,15+,0
AF094220726,DESTINY,ACE,7,7,7,10,14,17,0,level,0
AF094220826,ROCKET,OVERDRIVE,7,14,14,10,21,24,-7,5-7,0
AF094230626,LYNX,KATANA,14,0,6,0,20,0,14,11-14,0
AF094230726,CRYSTAL,LUNA,7,7,8,10,15,17,0,level,2
AF094230826,ACE,HERMES,7,3,7,14,14,17,4,3-4,1
AF094240526,OFFICER,MEMENTO,14,21,7,3,21,24,-7,5-7,0
AF094240726,LUNA,PHOENIX,7,0,13,7,20,7,7,5-7,0
AF094240826,LAZARUS,PINNACLE,7,14,15,10,22,24,-7,5-7,2
AF094250526,CRYSTAL,SHROUD,10,14,16,14,26,28,-4,3-4,0
AF094250626,LAZARUS,KRAKEN,14,7,7,7,21,14,7,5-7,0
AF094250726,VALIANT,LAZARUS,7,7,7,0,14,7,0,level,0
AF094250826,SAGE,METEOR,10,0,10,14,20,14,10,8-10,0
AF094260626,KRAKEN,SHROUD,9,0,7,6,16,6,9,8-10,0
AF094260726,METEOR,SENTRY,7,14,14,10,21,24,-7,5-7,0
AF094260826,IMPERIAL,HURRICANE,0,9,7,3,7,12,-9,8-10,0
AF094270626,CRYSTAL,SHROUD,10,7,0,7,10,14,3,3-4,1
AF094270726,MONSTER,KATANA,7,0,15,19,22,19,7,5-7,4
AF094270826,PSYCHIC,JUDGEMENT,7,10,7,7,14,17,-3,3-4,2
AF094280426,MEMENTO,LEO,14,14,14,7,28,21,0,level,1
AF094280526,CRYSTAL,OVERDRIVE,3,10,7,3,10,13,-7,5-7,0
AF094280626,OVERDRIVE,CRYSTAL,9,7,9,13,18,20,2,1-2,1
AF094280726,CRYSTAL,SAGE,7,7,7,6,14,13,0,level,0
AF094280826,MEMENTO,PATHFINDER,7,0,7,10,14,10,7,5-7,2
AF094290426,LEGEND,PRECISION,7,24,0,3,7,27,-17,15+,0
AF094290526,JUDGEMENT,ASTRONAUT,7,7,10,7,17,14,0,level,2
AF094290626,LEO,CRYSTAL,7,7,7,9,14,16,0,level,2
AF094290826,ROCKET,JUDGEMENT,0,20,0,7,0,27,-20,15+,0
AF094300526,KRAKEN,IMPERIAL,6,14,13,7,19,21,-8,8-10,0
AF094300626,LEGEND,KEVLAR,0,21,7,0,7,21,-21,15+,0
AF094300726,LYNX,LEO,13,0,0,0,13,0,13,11-14,0
AF094300826,LAZARUS,PRECISION,10,10,0,10,10,20,0,level,0
AF094310526,LUNA,VALIANT,7,7,0,3,7,10,0,level,0
AF094310726,OVERDRIVE,KRAKEN,14,14,17,7,31,21,0,level,0
AF094310826,ASTRONAUT,PRECISION,3,0,7,14,10,14,3,3-4,3
AF095010726,SUMMIT,KRAKEN,0,7,15,7,15,14,-7,5-7,1
AF095010826,MERCENARY,LYNX,21,10,10,7,31,17,11,11-14,0
AF095010926,ROCKET,SABRE,21,14,7,8,28,22,7,5-7,0
AF095020526,SPLINTER,CRYSTAL,10,7,0,7,10,14,3,3-4,1
AF095020626,NEON,GENIUS,0,7,0,0,0,7,-7,5-7,0
AF095020726,LAZARUS,JUDGEMENT,7,7,0,3,7,10,0,level,0
AF095020826,PINNACLE,SENTRY,14,3,7,3,21,6,11,11-14,0
AF095020926,METEOR,KEVLAR,10,7,7,14,17,21,3,3-4,3
AF095030526,LEGEND,PINNACLE,7,7,8,10,15,17,0,level,2
AF095030626,MEMENTO,LEGEND,3,0,7,7,10,7,3,3-4,2
AF095030726,PSYCHIC,PHOENIX,0,10,6,7,6,17,-10,8-10,0
AF095030826,SABRE,MEMENTO,7,10,15,14,22,24,-3,3-4,0
AF095030926,MIMIC,SUMMIT,7,10,7,0,14,10,-3,3-4,1
AF095040526,CLASH,LAZARUS,14,3,0,8,14,11,11,11-14,0
AF095040626,VALIANT,NEON,7,6,3,0,10,6,1,1-2,0
AF095040726,SHROUD,OFFICER,9,14,8,7,17,21,-5,5-7,0
AF095040826,SAGE,ACE,6,0,3,7,9,7,6,5-7,0
AF095040926,HERMES,MEMENTO,7,14,0,7,7,21,-7,5-7,0
AF095050726,PATHFINDER,PRECISION,17,7,0,14,17,21,10,8-10,1
AF095050826,METEOR,LAZARUS,14,17,7,0,21,17,-3,3-4,1
AF095050926,SHROUD,JUDGEMENT,7,14,15,7,22,21,-7,5-7,1
AF095060526,VALIANT,CRYSTAL,7,0,6,10,13,10,7,5-7,2
AF095060726,KRAKEN,LEO,17,7,7,16,24,23,10,8-10,0
AF095060826,MERCENARY,AVATAR,14,7,7,17,21,24,7,5-7,1
AF095060926,ACE,HURRICANE,14,7,0,0,14,7,7,5-7,0
AF095070626,SENTRY,MEMENTO,7,3,10,0,17,3,4,3-4,0
AF095070726,OFFICER,LYNX,6,3,7,14,13,17,3,3-4,3
AF095070826,VALIANT,IMPERIAL,3,10,7,7,10,17,-7,5-7,0
AF095080626,SENTRY,PRECISION,7,14,17,8,24,22,-7,5-7,1
AF095080726,AVATAR,CLASH,3,3,7,3,10,6,0,level,1
AF095080826,PRECISION,AVATAR,7,7,7,0,14,7,0,level,0
AF095090626,JUDGEMENT,KEVLAR,7,14,3,0,10,14,-7,5-7,0
AF095090726,HERMES,KEVLAR,7,14,7,3,14,17,-7,5-7,0
AF095090826,PRECISION,MEMENTO,14,10,7,3,21,13,4,3-4,0
AF095090926,SAGE,PHOENIX,7,7,10,7,17,14,0,level,0
AF095100626,LEGEND,LAZARUS,13,21,13,8,26,29,-8,8-10,2
AF095100826,PATHFINDER,ACE,14,10,14,15,28,25,4,3-4,0
AF095100926,ASTRONAUT,LUNA,7,14,10,0,17,14,-7,5-7,1
AF095110626,LEGEND,MEMENTO,7,7,3,0,10,7,0,level,0
AF095110726,OVERDRIVE,KRAKEN,10,0,21,14,31,14,10,8-10,0
AF095120626,OFFICER,SENTRY,14,14,10,7,24,21,0,level,0
AF095120726,PRECISION,CLASH,10,7,3,7,13,14,3,3-4,1
AF095120826,MEMENTO,HERMES,17,0,10,7,27,7,17,15+,0
AF095130626,OFFICER,PRECISION,21,7,14,14,35,21,14,11-14,0
AF095130726,AVATAR,MEMENTO,16,21,14,14,30,35,-5,5-7,0
AF095130826,PRECISION,LYNX,10,3,7,7,17,10,7,5-7,0
AF095140626,LAZARUS,CLASH,0,10,7,7,7,17,-10,8-10,0
AF095140726,METEOR,MEMENTO,10,10,10,6,20,16,0,level,0
AF095140826,LEGEND,OVERDRIVE,20,14,3,7,23,21,6,5-7,2
AF095150626,SENTRY,PINNACLE,7,7,7,14,14,21,0,level,0
AF095150726,PATHFINDER,LEO,14,7,10,7,24,14,7,5-7,0
AF095150826,PRECISION,JUDGEMENT,21,7,0,13,21,20,14,11-14,0
AF095160626,MONSTER,SEEKER,14,7,6,17,20,24,7,5-7,1
AF095160726,PRECISION,LEGEND,14,7,0,10,14,17,7,5-7,1
AF095160826,AVATAR,PRECISION,21,7,14,7,35,14,14,11-14,0
AF095170626,HERMES,PRECISION,7,21,0,3,7,24,-14,11-14,0
AF095170726,MIRAGE,SHURIKEN,7,7,7,9,14,16,0,level,1
AF095180626,VALIANT,LUNA,7,7,10,7,17,14,0,level,0
AF095180726,SENTRY,OFFICER,7,7,7,10,14,17,0,level,0
AF095180826,PRECISION,LEGEND,17,7,3,14,20,21,10,8-10,1
AF095190526,LYNX,LEO,7,10,7,0,14,10,-3,3-4,1
AF095190726,ASTRONAUT,MEMENTO,17,15,15,8,32,23,2,1-2,0
AF095190826,HERMES,MEMENTO,21,7,10,7,31,14,14,11-14,0
AF095190926,PURSUIT,ORIGINAL,21,0,10,21,31,21,21,15+,0
AF095200826,MERCENARY,LEO,14,14,14,7,28,21,0,level,0
AF095210626,OFFICER,PRECISION,17,0,7,6,24,6,17,15+,0
AF095210726,MEMENTO,PINNACLE,14,28,14,3,28,31,-14,11-14,0
AF095210926,STRIDER,ACE,6,0,10,14,16,14,6,5-7,0
AF095220726,KRAKEN,SABRE,7,7,0,7,7,14,0,level,0
AF095220826,LAZARUS,PINNACLE,7,10,13,14,20,24,-3,3-4,0
AF095230626,ACE,MEMENTO,0,14,0,0,0,14,-14,11-14,0
AF095230726,HERMES,LEO,7,10,7,14,14,24,-3,3-4,0
AF095230826,KEVLAR,LAZARUS,14,14,14,7,28,21,0,level,0
AF095240526,ROCKET,LUNA,7,3,7,0,14,3,4,3-4,0
AF095240626,OVERDRIVE,PHOENIX,7,0,3,14,10,14,7,5-7,1
AF095240726,PATHFINDER,LYNX,7,7,8,14,15,21,0,level,0
AF095240826,SHARK,STRIDER,7,10,7,7,14,17,-3,3-4,0
AF095250526,LAZARUS,CLASH,10,0,7,7,17,7,10,8-10,0
AF095250626,MEMENTO,JUDGEMENT,10,7,8,14,18,21,3,3-4,1
AF095250726,LEGEND,SHROUD,0,7,0,7,0,14,-7,5-7,0
AF095250826,LEO,LEGEND,21,21,10,7,31,28,0,level,1
AF095260526,LYNX,MEMENTO,0,14,14,3,14,17,-14,11-14,0
AF095260626,SENTRY,HERMES,7,14,3,14,10,28,-7,5-7,0
AF095260726,MEMENTO,KEVLAR,7,7,20,27,27,34,0,level,3
AF095260826,HERMES,SAGE,14,7,3,7,17,14,7,5-7,0
AF095270526,METEOR,OVERDRIVE,7,17,14,10,21,27,-10,8-10,0
AF095270626,PATHFINDER,ACE,7,3,21,14,28,17,4,3-4,0
AF095270726,LEGEND,LYNX,7,14,21,10,28,24,-7,5-7,1
AF095270826,LAZARUS,ACE,17,7,7,7,24,14,10,8-10,0
AF095280426,CLASH,LAZARUS,7,0,7,8,14,8,7,5-7,0
AF095280526,LAZARUS,HERMES,21,0,0,7,21,7,21,15+,0
AF095280626,HERMES,OFFICER,10,14,7,7,17,21,-4,3-4,2
AF095280726,AVATAR,ACE,10,0,10,7,20,7,10,8-10,0
AF095280826,VALIANT,LUNA,7,3,14,0,21,3,4,3-4,0
AF095290426,SUMMIT,GENIUS,7,14,16,14,23,28,-7,5-7,0
AF095290626,LEGEND,HERMES,14,7,10,15,24,22,7,5-7,2
AF095290726,METEOR,HERMES,0,7,7,3,7,10,-7,5-7,0
AF095290826,HERMES,LAZARUS,7,7,7,10,14,17,0,level,0
AF095300626,ANVIL,VALIANT,14,21,6,7,20,28,-7,5-7,0
AF095300726,SENTRY,PINNACLE,14,7,10,13,24,20,7,5-7,0
AF095300826,HERMES,KEVLAR,13,14,0,7,13,21,-1,1-2,0
AF095310526,ASTRONAUT,METEOR,7,7,14,10,21,17,0,level,1
AF095310726,ACE,MEMENTO,28,14,17,12,45,26,14,11-14,0
AF096010726,METEOR,JUDGEMENT,14,7,24,8,38,15,7,5-7,0
AF096010826,ROMAN,SHARK,17,14,7,14,24,28,3,3-4,3
AF096010926,PINNACLE,MERCENARY,10,7,0,7,10,14,3,3-4,1
AF096020526,LAZARUS,OFFICER,7,7,9,7,16,14,0,level,1
AF096020626,OCTANE,PHOENIX,7,14,15,14,22,28,-7,5-7,0
AF096020726,MERCENARY,PRECISION,7,13,13,13,20,26,-6,5-7,4
AF096020826,SHARK,WARRIOR,7,7,6,7,13,14,0,level,0
AF096030526,PRECISION,LUNA,10,14,3,20,13,34,-4,3-4,0
AF096030726,CRYSTAL,SAGE,7,0,10,0,17,0,7,5-7,0
AF096030826,SHARK,ROMAN,14,7,21,14,35,21,7,5-7,0
AF096030926,SAGE,CRYSTAL,14,7,3,7,17,14,7,5-7,0
AF096040526,KRAKEN,MONSTER,14,7,14,0,28,7,7,5-7,0
AF096040626,SHROUD,PHOENIX,7,14,13,7,20,21,-7,5-7,0
AF096040726,LUNA,PSYCHIC,7,14,6,7,13,21,-7,5-7,0
AF096040826,LAZARUS,PRECISION,21,21,14,6,35,27,0,level,1
AF096050626,PSYCHIC,SUMMIT,14,0,10,7,24,7,14,11-14,0
AF096050726,ROCKET,PSYCHIC,7,14,0,3,7,17,-7,5-7,0
AF096050826,SHARK,ROMAN,10,7,21,14,31,21,3,3-4,0
AF096050926,MEMENTO,HERMES,0,21,0,3,0,24,-21,15+,0
AF096060626,AVATAR,OFFICER,3,14,14,14,17,28,-11,11-14,0
AF096060726,ACE,BLAZE,0,14,8,7,8,21,-14,11-14,0
AF096060826,SUMMIT,CRYSTAL,7,10,0,10,7,20,-3,3-4,0
AF096060926,CLASH,LEGEND,14,14,7,10,21,24,0,level,0
AF096070626,OFFICER,CLASH,14,6,0,6,14,12,8,8-10,0
AF096070726,LUNA,SORCERER,7,17,14,7,21,24,-10,8-10,0
AF096070826,ROCKET,CRYSTAL,7,0,7,3,14,3,7,5-7,0
AF096080626,SEEKER,MONSTER,0,7,3,3,3,10,-7,5-7,0
AF096080726,LUNA,ANVIL,10,0,7,0,17,0,10,8-10,0
AF096080826,OVERDRIVE,CRYSTAL,7,0,10,7,17,7,7,5-7,0
AF096090626,ROCKET,UNICORN,0,10,7,0,7,10,-10,8-10,0
AF096090726,ACE,SHARK,3,3,10,0,13,3,0,level,0
AF096090826,PHOENIX,HURRICANE,7,7,7,3,14,10,0,level,1
AF096090926,METEOR,ROCKET,14,7,10,14,24,21,7,5-7,0
AF096100626,KRAKEN,SEEKER,14,10,3,6,17,16,4,3-4,0
AF096100726,MONSTER,CRYSTAL,10,7,10,7,20,14,3,3-4,0
AF096100826,MERCENARY,LAZARUS,10,7,7,7,17,14,3,3-4,2
AF096110626,SUMMIT,SEEKER,21,0,7,7,28,7,21,15+,0
AF096110726,PSYCHIC,KRAKEN,14,7,0,10,14,17,7,5-7,1
AF096110826,MONSTER,GENIUS,14,0,7,24,21,24,14,11-14,1
AF096120626,PHOENIX,SENTINEL,0,3,7,0,7,3,-3,3-4,1
AF096120726,PSYCHIC,MONSTER,17,17,6,7,23,24,0,level,0
AF096120826,ROMAN,DON,14,28,7,3,21,31,-14,11-14,0
AF096130626,KRAKEN,HURRICANE,14,7,3,8,17,15,7,5-7,0
AF096130726,WARRIOR,ACE,0,7,15,10,15,17,-7,5-7,0
AF096140626,ROCKET,PSYCHIC,7,6,14,0,21,6,1,1-2,0
AF096140726,GENIUS,ANVIL,14,14,14,0,28,14,0,level,0
AF096140826,MONSTER,PSYCHIC,13,14,8,10,21,24,-1,1-2,0
AF096150626,MONSTER,KATANA,14,14,7,6,21,20,0,level,0
AF096150726,ACE,DON,0,3,7,7,7,10,-3,3-4,2
AF096160626,OCTANE,HURRICANE,3,7,8,7,11,14,-4,3-4,0
AF096160726,SAGE,ANVIL,14,0,3,0,17,0,14,11-14,0
AF096160826,LUNA,OCTANE,10,7,14,7,24,14,3,3-4,0
AF096170726,ORIGINAL,DREAD,14,14,7,14,21,28,0,level,0
AF096180626,ASTRONAUT,LYNX,0,0,7,13,7,13,0,level,0
AF096180726,LUNA,IMPERIAL,3,7,8,14,11,21,-4,3-4,0
AF096180826,GENIUS,SUMMIT,13,0,8,0,21,0,13,11-14,0
AF096190726,CRYSTAL,VALIANT,17,7,7,7,24,14,10,8-10,0
AF096190826,STRIDER,DON,7,14,0,0,7,14,-7,5-7,0
AF096190926,STEEL,PURSUIT,17,7,14,7,31,14,10,8-10,0
AF096200826,ROMAN,SHARK,3,14,6,3,9,17,-11,11-14,0
AF096210626,LUNA,ROCKET,17,14,7,0,24,14,3,3-4,0
AF096210826,KRAKEN,PSYCHIC,3,7,7,13,10,20,-4,3-4,0
AF096220826,PHOENIX,VALIANT,3,7,0,7,3,14,-4,3-4,0
AF096230826,OCTANE,VALIANT,14,3,0,0,14,3,11,11-14,0
AF096240526,SHROUD,LEO,13,14,14,14,27,28,-1,1-2,0
AF096240626,LAZARUS,CLASH,3,17,13,7,16,24,-14,11-14,0
AF096240726,WARRIOR,SHARK,10,10,7,10,17,20,0,level,0
AF096240826,LEO,UNICORN,7,7,0,3,7,10,0,level,0
AF096250526,SEEKER,PHOENIX,3,7,7,0,10,7,-4,3-4,1
AF096250626,ANVIL,LUNA,7,7,7,21,14,28,0,level,0
AF096250726,ROMAN,SHARK,10,7,21,25,31,32,3,3-4,3
AF096250826,MONSTER,HURRICANE,7,17,13,7,20,24,-10,8-10,0
AF096260526,UNICORN,GENIUS,0,14,8,0,8,14,-14,11-14,0
AF096260626,ROCKET,VALIANT,10,0,7,13,17,13,10,8-10,0
AF096260826,DESTINY,ROMAN,7,10,13,7,20,17,-3,3-4,1
AF096270526,LEGEND,LAZARUS,7,7,7,0,14,7,0,level,0
AF096270626,LUNA,OVERDRIVE,17,14,3,14,20,28,3,3-4,1
AF096270726,SHARK,DON,7,7,0,13,7,20,0,level,0
AF096270826,KEVLAR,PRECISION,6,7,11,17,17,24,-1,1-2,2
AF096280426,LUNA,OCTANE,7,10,7,7,14,17,-3,3-4,2
AF096280526,ROCKET,SAGE,7,3,7,14,14,17,4,3-4,3
AF096280626,PHOENIX,LUNA,7,7,10,14,17,21,0,level,2
AF096280726,SHARK,DESTINY,7,3,10,8,17,11,4,3-4,0
AF096280826,ASTRONAUT,ACE,28,21,2,14,30,35,7,5-7,1
AF096290426,HURRICANE,CRYSTAL,10,3,10,15,20,18,7,5-7,2
AF096290626,SHARK,UNICORN,10,7,7,3,17,10,3,3-4,0
AF096290726,WARRIOR,DAME,14,7,14,0,28,7,7,5-7,0
AF096300426,KRAKEN,ANVIL,14,0,0,0,14,0,14,11-14,0
AF096310826,LUNA,GENIUS,17,0,7,8,24,8,17,15+,0
AF097010526,HERMES,LAZARUS,0,3,7,7,7,10,-3,3-4,0
AF097010626,CLASH,MEMENTO,21,7,7,11,28,18,14,11-14,0
AF097010726,ROMAN,ACE,6,0,13,22,19,22,6,5-7,5
AF097010826,SHROUD,LEO,21,28,8,14,29,42,-7,5-7,0
AF097010926,MIDAS,DESTINY,10,0,14,3,24,3,10,8-10,0
AF097020526,IMPERIAL,SHROUD,7,7,7,0,14,7,0,level,0
AF097020626,SHROUD,LEGEND,7,0,14,15,21,15,7,5-7,0
AF097020726,SAGE,CRYSTAL,0,7,0,7,0,14,-7,5-7,0
AF097020826,KATANA,ASTRONAUT,9,10,7,3,16,13,-1,1-2,1
AF097030526,SENTRY,METEOR,0,13,3,7,3,20,-13,11-14,0
AF097030726,PATHFINDER,PRECISION,10,14,7,6,17,20,-4,3-4,0
AF097030826,PHOENIX,GENIUS,7,7,15,14,22,21,0,level,2
AF097030926,LYNX,MEMENTO,14,7,7,7,21,14,7,5-7,0
AF097040626,ASTRONAUT,HERMES,0,0,17,14,17,14,0,level,1
AF097040726,KRAKEN,VALIANT,7,14,0,3,7,17,-7,5-7,0
AF097040826,MIMIC,SUMMIT,3,7,7,14,10,21,-4,3-4,0
AF097050626,OVERDRIVE,IMPERIAL,7,0,3,0,10,0,7,5-7,0
AF097060526,SHROUD,GENIUS,0,0,15,17,15,17,0,level,2
AF097060626,IMPERIAL,HURRICANE,21,7,7,7,28,14,14,11-14,0
AF097060726,PHOENIX,SENTINEL,21,14,7,0,28,14,7,5-7,0
AF097060826,SAGE,LUNA,3,7,9,8,12,15,-4,3-4,2
AF097060926,SHARK,STRIDER,6,0,8,0,14,0,6,5-7,0
AF097070626,PATHFINDER,LEO,10,7,7,7,17,14,3,3-4,2
AF097070726,CRYSTAL,KATANA,14,7,7,7,21,14,7,5-7,0
AF097070826,LAZARUS,SENTRY,7,7,14,17,21,24,0,level,2
AF097080626,LEO,ROCKET,14,14,8,7,22,21,0,level,1
AF097080726,KEVLAR,LAZARUS,14,7,7,7,21,14,7,5-7,0
AF097080826,LAZARUS,JUDGEMENT,7,3,14,21,21,24,4,3-4,5
AF097080926,METEOR,ACE,14,14,14,20,28,34,0,level,0
AF097090626,HERMES,PHOENIX,0,21,0,0,0,21,-21,15+,0
AF097090726,CRYSTAL,LUNA,7,7,10,8,17,15,0,level,2
AF097090826,ACE,LUNA,0,14,15,13,15,27,-14,11-14,0
AF097100626,PATHFINDER,SHROUD,7,6,7,6,14,12,1,1-2,0
AF097100826,GENIUS,PSYCHIC,3,7,3,7,6,14,-4,3-4,0
AF097110626,HERMES,SAGE,14,10,7,3,21,13,4,3-4,0
AF097110826,SABRE,HERMES,7,0,7,15,14,15,7,5-7,1
AF097120726,METEOR,PHOENIX,14,0,3,15,17,15,14,11-14,2
AF097120826,KRAKEN,HURRICANE,6,7,10,7,16,14,-1,1-2,1
AF097130626,OVERDRIVE,PATHFINDER,10,21,7,10,17,31,-11,11-14,0
AF097130726,HERMES,SABRE,7,7,7,3,14,10,0,level,1
AF097130826,ASTRONAUT,JUDGEMENT,7,3,7,7,14,10,4,3-4,2
AF097140626,PATHFINDER,VALIANT,0,7,7,3,7,10,-7,5-7,0
AF097140726,ASTRONAUT,OCTANE,3,28,7,3,10,31,-25,15+,0
AF097140826,PHOENIX,CRYSTAL,10,7,7,8,17,15,3,3-4,0
AF097150726,JUDGEMENT,CRYSTAL,7,0,3,0,10,0,7,5-7,0
AF097150826,KRAKEN,SHROUD,7,14,7,3,14,17,-7,5-7,0
AF097160626,SAGE,CLASH,17,14,0,14,17,28,3,3-4,1
AF097160726,MEMENTO,HERMES,7,7,17,15,24,22,0,level,2
AF097160826,LAZARUS,MEMENTO,14,14,6,17,20,31,0,level,0
AF097170626,JUDGEMENT,HURRICANE,14,7,0,3,14,10,7,5-7,0
AF097170726,MINDFLAYER,SHURIKEN,0,7,0,0,0,7,-7,5-7,0
AF097180626,AVATAR,PRECISION,14,14,8,7,22,21,0,level,1
AF097180726,AVATAR,OVERDRIVE,24,14,6,7,30,21,10,8-10,0
AF097180826,LAZARUS,SAGE,14,7,7,7,21,14,7,5-7,0
AF097190526,SHROUD,VALIANT,0,7,0,3,0,10,-7,5-7,0
AF097190726,KRAKEN,OCTANE,7,14,7,3,14,17,-7,5-7,0
AF097190926,STEEL,ORIGINAL,17,0,10,0,27,0,17,15+,0
AF097200826,CRYSTAL,LUNA,6,7,10,7,16,14,-1,1-2,3
AF097210626,OVERDRIVE,LAZARUS,0,3,7,7,7,10,-3,3-4,0
AF097210726,SAGE,OCTANE,7,7,13,14,20,21,0,level,1
AF097210826,ROCKET,IMPERIAL,0,17,16,7,16,24,-17,15+,0
AF097220726,ACE,DESTINY,13,0,7,7,20,7,13,11-14,0
AF097220826,PRECISION,SHROUD,14,7,10,13,24,20,7,5-7,0
AF097230726,HURRICANE,UNICORN,14,14,10,7,24,21,0,level,0
AF097240526,PINNACLE,PRECISION,14,7,14,7,28,14,7,5-7,0
AF097240626,OCTANE,CRYSTAL,7,7,10,7,17,14,0,level,0
AF097240726,OVERDRIVE,HERMES,0,14,7,7,7,21,-14,11-14,0
AF097240826,LEGEND,SENTRY,14,3,0,0,14,3,11,11-14,0
AF097250526,LEO,OVERDRIVE,7,6,8,8,15,14,1,1-2,2
AF097250726,LUNA,CRYSTAL,7,0,7,8,14,8,7,5-7,0
AF097250826,ASTRONAUT,SABRE,0,7,31,25,31,32,-7,5-7,6
AF097260626,KATANA,SHROUD,7,7,7,10,14,17,0,level,0
AF097260726,PATHFINDER,HERMES,0,7,22,17,22,24,-7,5-7,0
AF097260826,MIMIC,PHOENIX,0,7,0,14,0,21,-7,5-7,0
AF097270526,GENIUS,OCTANE,14,14,8,7,22,21,0,level,1
AF097270626,LAZARUS,WARRIOR,7,7,13,14,20,21,0,level,0
AF097270726,KRAKEN,OCTANE,7,7,7,10,14,17,0,level,0
AF097270826,UNICORN,LUNA,7,10,14,14,21,24,-3,3-4,4
AF097280426,PRECISION,LEO,14,14,7,0,21,14,0,level,0
AF097280526,PATHFINDER,VALIANT,7,7,14,15,21,22,0,level,1
AF097280626,LEO,ROCKET,17,0,7,7,24,7,17,15+,0
AF097280726,OVERDRIVE,PSYCHIC,14,7,17,21,31,28,7,5-7,2
AF097280826,MEMENTO,OFFICER,7,14,7,3,14,17,-7,5-7,0
AF097290526,LEO,ASTRONAUT,10,7,7,7,17,14,3,3-4,2
AF097290626,KRAKEN,SENTRY,7,7,0,13,7,20,0,level,0
AF097290726,OVERDRIVE,ANVIL,14,3,7,7,21,10,11,11-14,0
AF097290826,SHROUD,CRYSTAL,14,7,7,0,21,7,7,5-7,0
AF097300626,CLASH,KEVLAR,14,7,3,7,17,14,7,5-7,0
AF097300726,LEGEND,PATHFINDER,14,7,7,24,21,31,7,5-7,3
AF097300826,MEMENTO,PRECISION,10,7,8,10,18,17,3,3-4,2
AF097310526,PHOENIX,KRAKEN,14,7,3,7,17,14,7,5-7,0
AF097310726,LAZARUS,RELIC,10,14,20,14,30,28,-4,3-4,5
AF097310826,SABRE,LEGEND,12,14,17,21,29,35,-2,1-2,2
AF098010526,METEOR,PRECISION,7,7,3,7,10,14,0,level,1
AF098010726,SUMMIT,PHOENIX,0,24,0,0,0,24,-24,15+,0
AF098010826,MERCENARY,PATHFINDER,7,9,15,6,22,15,-2,1-2,3
AF098010926,MONSTER,CRYSTAL,7,17,7,3,14,20,-10,8-10,0
AF098020526,PRECISION,SENTRY,0,24,14,0,14,24,-24,15+,0
AF098020626,GENIUS,SEEKER,0,7,7,3,7,10,-7,5-7,0
AF098020726,LEGEND,LYNX,14,7,7,7,21,14,7,5-7,0
AF098020826,CLASH,SENTRY,3,14,0,0,3,14,-11,11-14,0
AF098030526,KEVLAR,PINNACLE,7,14,0,7,7,21,-7,5-7,0
AF098030626,KEVLAR,LEGEND,14,14,0,3,14,17,0,level,0
AF098030726,PSYCHIC,VALIANT,0,7,0,10,0,17,-7,5-7,0
AF098030926,HURRICANE,LUNA,0,14,7,3,7,17,-14,11-14,0
AF098040526,LEGEND,LAZARUS,14,7,6,8,20,15,7,5-7,2
AF098040626,KRAKEN,UNICORN,0,7,7,10,7,17,-7,5-7,0
AF098040726,PRECISION,OFFICER,14,21,7,7,21,28,-7,5-7,0
AF098040826,SAGE,CRYSTAL,7,7,10,7,17,14,0,level,0
AF098050726,LEGEND,PRECISION,3,10,7,3,10,13,-7,5-7,0
AF098050826,HERMES,LAZARUS,7,0,0,10,7,10,7,5-7,1
AF098050926,SHROUD,ROCKET,14,0,14,3,28,3,14,11-14,0
AF098060526,VALIANT,HURRICANE,13,14,11,8,24,22,-1,1-2,3
AF098060726,OVERDRIVE,LEO,16,14,15,13,31,27,2,1-2,4
AF098060826,MERCENARY,LEGEND,17,14,17,14,34,28,3,3-4,2
AF098060926,ACE,ROCKET,7,7,3,0,10,7,0,level,0
AF098070626,SENTRY,KEVLAR,10,10,10,8,20,18,0,level,2
AF098070726,HERMES,LYNX,7,7,7,10,14,17,0,level,0
AF098070826,PSYCHIC,HURRICANE,7,0,0,10,7,10,7,5-7,1
AF098070926,PINNACLE,SENTRY,14,14,10,7,24,21,0,level,0
AF098080626,LEGEND,PRECISION,21,14,14,14,35,28,7,5-7,0
AF098080826,SENTRY,AVATAR,14,3,7,6,21,9,11,11-14,0
AF098090626,LYNX,KEVLAR,7,14,8,10,15,24,-7,5-7,0
AF098090726,SABRE,KEVLAR,6,7,11,7,17,14,-1,1-2,1
AF098090826,LEGEND,MEMENTO,7,14,0,14,7,28,-7,5-7,0
AF098090926,SAGE,KRAKEN,10,14,12,7,22,21,-4,3-4,3
AF098100626,MEMENTO,LAZARUS,10,7,7,6,17,13,3,3-4,2
AF098100726,AVATAR,MEMENTO,7,14,24,14,31,28,-7,5-7,1
AF098100826,HERMES,ACE,21,14,14,8,35,22,7,5-7,0
AF098110626,AVATAR,MEMENTO,7,0,17,0,24,0,7,5-7,0
AF098110726,OVERDRIVE,KRAKEN,3,0,21,7,24,7,3,3-4,2
AF098120626,LYNX,SENTRY,17,14,7,7,24,21,3,3-4,2
AF098120726,OFFICER,CLASH,17,7,7,0,24,7,10,8-10,0
AF098120826,MEMENTO,PATHFINDER,7,21,7,7,14,28,-14,11-14,0
AF098130626,OFFICER,SENTRY,7,3,0,0,7,3,4,3-4,0
AF098130726,MERCENARY,MEMENTO,10,3,14,0,24,3,7,5-7,0
AF098130826,AVATAR,LYNX,3,21,7,7,10,28,-18,15+,0
AF098140626,PRECISION,CLASH,14,14,7,0,21,14,0,level,0
AF098140726,LEO,MEMENTO,14,7,10,16,24,23,7,5-7,4
AF098140826,LEGEND,METEOR,14,3,3,6,17,9,11,11-14,0
AF098150626,LEGEND,PINNACLE,21,28,0,10,21,38,-7,5-7,0
AF098150826,PRECISION,SENTRY,14,21,9,12,23,33,-7,5-7,0
AF098160626,MONSTER,GENIUS,3,7,6,7,9,14,-4,3-4,0
AF098160726,MERCENARY,LEGEND,10,10,6,7,16,17,0,level,0
AF098160826,AVATAR,SENTRY,0,9,8,14,8,23,-9,8-10,0
AF098170626,MEMENTO,PRECISION,21,14,7,7,28,21,7,5-7,0
AF098170726,PRISMATIC,MIRAGE,10,14,8,10,18,24,-4,3-4,0
AF098180726,MEMENTO,OFFICER,21,0,10,13,31,13,21,15+,0
AF098180826,LYNX,LEGEND,3,7,14,7,17,14,-4,3-4,3
AF098190526,LEGEND,LEO,14,14,7,0,21,14,0,level,0
AF098190726,LEO,MEMENTO,7,21,7,7,14,28,-14,11-14,0
AF098190826,LEGEND,MEMENTO,10,7,11,28,21,35,3,3-4,1
AF098190926,KRAKEN,HURRICANE,7,7,6,3,13,10,0,level,1
AF098200826,LEGEND,LEO,31,0,7,25,38,25,31,15+,0
AF098210626,OFFICER,KEVLAR,7,3,7,3,14,6,4,3-4,0
AF098210726,LEGEND,PINNACLE,0,24,21,3,21,27,-24,15+,0
AF098210826,HERMES,LEO,0,14,7,7,7,21,-14,11-14,0
AF098220726,KRAKEN,ASTRONAUT,7,10,7,7,14,17,-3,3-4,2
AF098230626,PRECISION,MEMENTO,10,7,14,7,24,14,3,3-4,0
AF098230726,PATHFINDER,LEO,21,7,21,0,42,7,14,11-14,0
AF098240526,PHOENIX,CRYSTAL,7,14,0,3,7,17,-7,5-7,0
AF098240626,OVERDRIVE,METEOR,0,14,7,3,7,17,-14,11-14,0
AF098240726,METEOR,LYNX,0,14,0,7,0,21,-14,11-14,0
AF098240826,MIDAS,ROMAN,7,7,7,14,14,21,0,level,1
AF098250526,PATHFINDER,CLASH,0,21,15,0,15,21,-21,15+,0
AF098250626,HERMES,JUDGEMENT,17,7,3,0,20,7,10,8-10,0
AF098250726,SENTRY,SHROUD,10,14,14,7,24,21,-4,3-4,1
AF098250826,MEMENTO,LEGEND,14,14,0,3,14,17,0,level,0
AF098260526,KEVLAR,MEMENTO,3,10,7,3,10,13,-7,5-7,0
AF098260626,SENTRY,OFFICER,0,21,3,7,3,28,-21,15+,0
AF098260726,PRECISION,KEVLAR,10,7,0,21,10,28,3,3-4,1
AF098270526,METEOR,SHROUD,3,7,14,14,17,21,-4,3-4,0
AF098270626,SENTRY,ACE,14,10,7,0,21,10,4,3-4,0
AF098270826,PATHFINDER,LYNX,0,3,10,0,10,3,-3,3-4,1
AF098280426,CLASH,LYNX,13,14,0,7,13,21,-1,1-2,0
AF098280526,ASTRONAUT,HERMES,14,21,10,0,24,21,-7,5-7,1
AF098280626,CLASH,OFFICER,24,7,7,8,31,15,17,15+,0
AF098280726,LEO,ACE,7,7,7,3,14,10,0,level,1
AF098280826,VALIANT,MONSTER,7,14,18,17,25,31,-7,5-7,2
AF098290526,MEMENTO,LYNX,20,14,6,7,26,21,6,5-7,0
AF098290626,MEMENTO,HERMES,17,0,3,0,20,0,17,15+,0
AF098290726,JUDGEMENT,HERMES,0,7,0,14,0,21,-7,5-7,0
AF098290826,LEGEND,LAZARUS,14,10,24,16,38,26,4,3-4,0
AF098300526,CRYSTAL,VALIANT,3,0,10,14,13,14,3,3-4,1
AF098300626,OVERDRIVE,VALIANT,3,3,3,6,6,9,0,level,1
AF098300726,MERCENARY,PINNACLE,3,3,7,3,10,6,0,level,1
AF098300826,CLASH,KEVLAR,7,7,17,14,24,21,0,level,0
AF098310526,PRECISION,LEO,7,14,10,7,17,21,-7,5-7,2
AF098310726,OFFICER,MEMENTO,21,14,14,16,35,30,7,5-7,0
AF098310826,MERCENARY,SENTRY,10,0,7,7,17,7,10,8-10,0
AF099010526,MEMENTO,OVERDRIVE,14,21,15,6,29,27,-7,5-7,1
AF099010726,OCTANE,HERMES,0,7,13,7,13,14,-7,5-7,0
AF099010826,ROMAN,WARRIOR,14,14,8,7,22,21,0,level,1
AF099010926,LEO,MERCENARY,0,10,10,7,10,17,-10,8-10,0
AF099020526,HERMES,OFFICER,31,21,14,6,45,27,10,8-10,0
AF099020626,PHOENIX,ROCKET,14,10,14,8,28,18,4,3-4,0
AF099020726,KEVLAR,PRECISION,7,10,14,14,21,24,-3,3-4,4
AF099020826,DON,WARRIOR,6,0,7,0,13,0,6,5-7,0
AF099030526,OCTANE,LUNA,7,14,13,7,20,21,-7,5-7,0
AF099030726,CRYSTAL,HURRICANE,3,7,6,3,9,10,-4,3-4,2
AF099030826,DON,ROMAN,7,7,3,0,10,7,0,level,0
AF099030926,ACE,RELIC,7,14,17,7,24,21,-7,5-7,3
AF099040526,SEEKER,MONSTER,3,7,7,7,10,14,-4,3-4,2
AF099040626,PATHFINDER,SAGE,0,14,7,7,7,21,-14,11-14,0
AF099040726,PHOENIX,PSYCHIC,14,14,10,7,24,21,0,level,1
AF099040826,PINNACLE,MEMENTO,10,7,14,14,24,21,3,3-4,0
AF099040926,VALIANT,LUNA,7,7,0,7,7,14,0,level,0
AF099050626,GENIUS,SUMMIT,3,7,14,0,17,7,-4,3-4,1
AF099050726,LUNA,PSYCHIC,7,0,7,6,14,6,7,5-7,0
AF099050826,DON,ROMAN,14,7,7,0,21,7,7,5-7,0
AF099050926,MEMENTO,PRECISION,21,14,7,8,28,22,7,5-7,0
AF099060526,LAZARUS,OVERDRIVE,0,7,9,0,9,7,-7,5-7,1
AF099060626,PINNACLE,PRECISION,17,21,7,7,24,28,-4,3-4,2
AF099060726,DON,BLAZE,0,0,7,10,7,10,0,level,0
AF099060826,SUMMIT,HURRICANE,7,17,14,17,21,34,-10,8-10,0
AF099060926,OFFICER,PINNACLE,7,7,13,8,20,15,0,level,2
AF099070626,PINNACLE,PRECISION,10,3,10,16,20,19,7,5-7,0
AF099070726,GENIUS,SORCERER,7,14,22,22,29,36,-7,5-7,2
AF099070826,ACE,LUNA,0,3,8,11,8,14,-3,3-4,0
AF099070926,HURRICANE,IMPERIAL,3,0,7,9,10,9,3,3-4,0
AF099080626,SUMMIT,MONSTER,6,7,0,3,6,10,-1,1-2,0
AF099080726,SUMMIT,ANVIL,14,17,14,7,28,24,-3,3-4,1
AF099080826,LUNA,CRYSTAL,7,7,14,15,21,22,0,level,1
AF099080926,ROCKET,SAGE,14,7,0,10,14,17,7,5-7,1
AF099090626,GENIUS,UNICORN,7,7,7,17,14,24,0,level,2
AF099090726,DON,SHARK,7,7,20,23,27,30,0,level,0
AF099090826,KRAKEN,HURRICANE,10,7,14,8,24,15,3,3-4,0
AF099090926,METEOR,JUDGEMENT,7,14,7,7,14,21,-7,5-7,0
AF099100626,OCTANE,SEEKER,14,3,0,6,14,9,11,11-14,0
AF099100726,SUMMIT,CRYSTAL,0,7,6,3,6,10,-7,5-7,0
AF099110626,ANVIL,SUMMIT,7,14,14,0,21,14,-7,5-7,1
AF099110726,PSYCHIC,KRAKEN,0,6,12,7,12,13,-6,5-7,0
AF099110826,UNICORN,GENIUS,10,7,7,0,17,7,3,3-4,0
AF099120626,PSYCHIC,SENTINEL,7,0,6,7,13,7,7,5-7,0
AF099120726,VALIANT,MONSTER,14,17,3,10,17,27,-3,3-4,0
AF099120826,ROMAN,SHARK,14,7,10,14,24,21,7,5-7,0
AF099130626,KRAKEN,CRYSTAL,6,12,7,0,13,12,-6,5-7,1
AF099130726,SHARK,WARRIOR,10,7,7,14,17,21,3,3-4,3
AF099140626,KRAKEN,PSYCHIC,14,7,7,8,21,15,7,5-7,2
AF099140726,SORCERER,ANVIL,14,14,7,14,21,28,0,level,0
AF099140826,MONSTER,VALIANT,0,7,9,7,9,14,-7,5-7,0
AF099150626,SUMMIT,KATANA,0,7,0,7,0,14,-7,5-7,0
AF099160626,OCTANE,LUNA,7,10,7,7,14,17,-3,3-4,0
AF099160726,SEEKER,ANVIL,14,0,3,7,17,7,14,11-14,0
AF099160826,LUNA,CRYSTAL,7,7,14,7,21,14,0,level,0
AF099170726,RICOCHET,ORIGINAL,14,0,3,14,17,14,14,11-14,0
AF099180626,ASTRONAUT,PATHFINDER,10,0,7,7,17,7,10,8-10,0
AF099180826,KRAKEN,SUMMIT,13,12,10,8,23,20,1,1-2,2
AF099190526,ANVIL,ROCKET,10,10,0,7,10,17,0,level,0
AF099190726,GENIUS,VALIANT,7,7,10,7,17,14,0,level,1
AF099190826,MIDAS,DON,3,14,28,14,31,28,-11,11-14,3
AF099190926,KRAKEN,PSYCHIC,7,14,0,3,7,17,-7,5-7,0
AF099200826,WARRIOR,SHARK,3,10,0,3,3,13,-7,5-7,0
AF099210626,LUNA,CRYSTAL,7,0,0,0,7,0,7,5-7,0
AF099210826,MIMIC,PSYCHIC,3,3,7,8,10,11,0,level,1
AF099220726,MERCENARY,MEMENTO,7,10,28,8,35,18,-3,3-4,1
AF099220826,HURRICANE,VALIANT,7,14,7,3,14,17,-7,5-7,0
AF099230726,SHARK,MIDAS,7,21,8,0,15,21,-14,11-14,0
AF099230826,HURRICANE,VALIANT,3,21,0,14,3,35,-18,15+,0
AF099240526,HURRICANE,PATHFINDER,7,0,3,0,10,0,7,5-7,0
AF099240626,PATHFINDER,KEVLAR,3,0,7,7,10,7,3,3-4,2
AF099240726,ACE,SHARK,13,21,8,3,21,24,-8,8-10,0
AF099240826,HERMES,OCTANE,14,0,0,8,14,8,14,11-14,0
AF099250526,GENIUS,PHOENIX,3,21,7,0,10,21,-18,15+,0
AF099250626,KATANA,LUNA,6,0,7,10,13,10,6,5-7,2
AF099250726,WARRIOR,SHARK,2,10,15,10,17,20,-8,8-10,0
AF099250826,KRAKEN,HURRICANE,14,7,3,0,17,7,7,5-7,0
AF099260526,SUMMIT,GENIUS,6,7,6,6,12,13,-1,1-2,2
AF099260626,ROCKET,MONSTER,7,0,10,14,17,14,7,5-7,0
AF099260826,SHARK,ROMAN,7,17,30,21,37,38,-10,8-10,2
AF099270526,MEMENTO,HURRICANE,17,14,7,8,24,22,3,3-4,0
AF099270626,IMPERIAL,OVERDRIVE,27,23,7,21,34,44,4,3-4,1
AF099270726,DESTINY,DON,3,7,8,7,11,14,-4,3-4,0
AF099270826,HERMES,PRECISION,23,7,7,8,30,15,16,15+,0
AF099280426,LUNA,UNICORN,14,7,3,0,17,7,7,5-7,0
AF099280526,LUNA,SAGE,7,6,0,3,7,9,1,1-2,1
AF099280626,OCTANE,LUNA,7,7,6,7,13,14,0,level,0
AF099280726,ROMAN,DESTINY,10,0,7,14,17,14,10,8-10,0
AF099280826,ASTRONAUT,OVERDRIVE,9,10,14,7,23,17,-1,1-2,1
AF099290526,UNICORN,PHOENIX,3,10,7,7,10,17,-7,5-7,0
AF099290626,LUNA,UNICORN,14,7,0,3,14,10,7,5-7,0
AF099290726,SHARK,DAME,0,3,7,0,7,3,-3,3-4,1
AF099290826,KRAKEN,VALIANT,7,0,0,6,7,6,7,5-7,0
AF099300426,SEEKER,ANVIL,10,10,17,7,27,17,0,level,0
AF099300526,LEO,OFFICER,3,3,7,13,10,16,0,level,1
AF099300726,LUNA,UNICORN,14,7,7,8,21,15,7,5-7,0
AF099300826,ROCKET,KRAKEN,3,7,13,10,16,17,-4,3-4,4
AF099310726,SUMMIT,VALIANT,7,14,3,3,10,17,-7,5-7,0
AF099310826,PSYCHIC,GENIUS,21,10,0,14,21,24,11,11-14,1
AF100010526,OFFICER,LEGEND,7,14,7,3,14,17,-7,5-7,0
AF100010726,SHARK,DESTINY,7,0,7,0,14,0,7,5-7,0
AF100010826,SHROUD,JUDGEMENT,14,3,17,13,31,16,11,11-14,0
AF100020526,PHOENIX,SHROUD,7,7,0,3,7,10,0,level,0
AF100020626,AVATAR,LYNX,14,7,10,14,24,21,7,5-7,2
AF100020726,ROCKET,CRYSTAL,7,3,0,0,7,3,4,3-4,0
AF100020826,LAZARUS,ASTRONAUT,7,13,7,0,14,13,-6,5-7,1
AF100030526,OVERDRIVE,METEOR,0,14,3,0,3,14,-14,11-14,0
AF100030726,OFFICER,SENTRY,14,7,7,13,21,20,7,5-7,0
AF100030826,MONSTER,GENIUS,3,7,10,3,13,10,-4,3-4,1
AF100030926,LEGEND,MEMENTO,24,14,14,14,38,28,10,8-10,0
AF100040626,AVATAR,HERMES,28,7,0,7,28,14,21,15+,0
AF100040726,HURRICANE,VALIANT,7,0,5,6,12,6,7,5-7,0
AF100040826,OCTANE,MONSTER,3,0,14,9,17,9,3,3-4,0
AF100040926,ACE,PHOENIX,7,7,21,22,28,29,0,level,1
AF100050626,HURRICANE,IMPERIAL,14,28,21,28,35,56,-14,11-14,0
AF100050726,METEOR,HURRICANE,3,7,6,0,9,7,-4,3-4,1
AF100050826,GENIUS,UNICORN,0,7,8,6,8,13,-7,5-7,0
AF100060526,MONSTER,KRAKEN,14,0,7,7,21,7,14,11-14,0
AF100060626,PHOENIX,KRAKEN,7,14,0,10,7,24,-7,5-7,0
AF100060726,SUMMIT,SENTINEL,14,0,3,0,17,0,14,11-14,0
AF100060826,SAGE,HERMES,7,14,9,7,16,21,-7,5-7,0
AF100070626,SHROUD,METEOR,7,0,14,0,21,0,7,5-7,0
AF100070726,JUDGEMENT,KATANA,7,7,14,0,21,7,0,level,0
AF100070826,OFFICER,SENTRY,14,7,3,7,17,14,7,5-7,0
AF100070926,METEOR,JUDGEMENT,14,7,15,28,29,35,7,5-7,1
AF100080626,METEOR,ROCKET,17,7,7,14,24,21,10,8-10,0
AF100080726,ROCKET,LAZARUS,7,7,0,17,7,24,0,level,0
AF100080826,SHROUD,JUDGEMENT,14,10,0,10,14,20,4,3-4,1
AF100080926,JUDGEMENT,HERMES,7,14,6,0,13,14,-7,5-7,0
AF100090626,PATHFINDER,PHOENIX,7,14,7,7,14,21,-7,5-7,0
AF100090726,VALIANT,LUNA,7,14,8,10,15,24,-7,5-7,0
AF100090826,RELIC,LUNA,0,14,17,13,17,27,-14,11-14,0
AF100100626,VALIANT,SHROUD,7,7,0,7,7,14,0,level,0
AF100110626,HURRICANE,SAGE,0,10,7,7,7,17,-10,8-10,0
AF100110726,PSYCHIC,OVERDRIVE,10,14,6,7,16,21,-4,3-4,0
AF100110826,ROCKET,HERMES,14,14,7,8,21,22,0,level,1
AF100120726,KATANA,PHOENIX,7,17,14,7,21,24,-10,8-10,0
AF100120826,HURRICANE,METEOR,21,7,7,24,28,31,14,11-14,3
AF100130626,OVERDRIVE,JUDGEMENT,7,10,7,7,14,17,-3,3-4,2
AF100130726,LAZARUS,SABRE,17,7,0,7,17,14,10,8-10,0
AF100140626,KATANA,VALIANT,3,0,8,10,11,10,3,3-4,2
AF100140726,KATANA,OCTANE,10,21,29,21,39,42,-11,11-14,0
AF100140826,PHOENIX,ROCKET,6,7,10,0,16,7,-1,1-2,1
AF100150826,KRAKEN,ASTRONAUT,7,7,0,7,7,14,0,level,0
AF100160626,CRYSTAL,LEGEND,0,3,6,7,6,10,-3,3-4,0
AF100160726,SABRE,HERMES,14,10,7,0,21,10,4,3-4,0
AF100160826,LAZARUS,HERMES,14,7,7,0,21,7,7,5-7,0
AF100170626,KATANA,HURRICANE,0,7,9,14,9,21,-7,5-7,0
AF100170726,HERMES,LEO,21,7,14,31,35,38,14,11-14,1
AF100180626,KEVLAR,LEGEND,7,7,14,15,21,22,0,level,2
AF100180726,SHROUD,OVERDRIVE,0,10,7,14,7,24,-10,8-10,0
AF100180826,CRYSTAL,SAGE,7,7,0,3,7,10,0,level,0
AF100190526,OCTANE,VALIANT,0,7,6,14,6,21,-7,5-7,0
AF100190726,KATANA,OCTANE,14,10,7,7,21,17,4,3-4,2
AF100190826,ASTRONAUT,JUDGEMENT,0,7,10,13,10,20,-7,5-7,0
AF100190926,PSYCHIC,KRAKEN,10,0,0,7,10,7,10,8-10,0
AF100200826,ASTRONAUT,LUNA,0,0,7,6,7,6,0,level,1
AF100210626,OVERDRIVE,METEOR,10,7,3,3,13,10,3,3-4,0
AF100210726,KRAKEN,OCTANE,7,7,17,15,24,22,0,level,2
AF100210826,LUNA,IMPERIAL,7,0,0,10,7,10,7,5-7,1
AF100220726,ACE,DAME,0,14,20,7,20,21,-14,11-14,0
AF100230726,CRYSTAL,UNICORN,7,7,10,8,17,15,0,level,2
AF100230826,ACE,METEOR,7,14,17,7,24,21,-7,5-7,1
AF100240526,MEMENTO,PRECISION,0,7,0,10,0,17,-7,5-7,0
AF100240626,LUNA,ROMAN,14,7,10,7,24,14,7,5-7,0
AF100240726,LUNA,HERMES,7,14,15,7,22,21,-7,5-7,1
AF100240826,PINNACLE,SENTRY,7,7,10,7,17,14,0,level,0
AF100250526,CRYSTAL,OVERDRIVE,7,7,3,7,10,14,0,level,1
AF100250726,VALIANT,CRYSTAL,0,7,14,6,14,13,-7,5-7,1
AF100250826,SAGE,SABRE,10,17,7,7,17,24,-7,5-7,0
AF100260626,KATANA,KRAKEN,7,3,3,0,10,3,4,3-4,0
AF100260726,METEOR,HERMES,7,10,7,0,14,10,-3,3-4,1
AF100260826,IMPERIAL,PHOENIX,3,7,7,0,10,7,-4,3-4,1
AF100270526,LUNA,SEEKER,14,3,0,8,14,11,11,11-14,0
AF100270626,CRYSTAL,WARRIOR,14,7,7,0,21,7,7,5-7,0
AF100270726,KATANA,OCTANE,3,3,3,0,6,3,0,level,0
AF100270826,JUDGEMENT,LUNA,7,7,14,7,21,14,0,level,1
AF100280426,PRECISION,MEMENTO,7,7,7,0,14,7,0,level,0
AF100280526,CRYSTAL,VALIANT,10,7,7,7,17,14,3,3-4,2
AF100280626,OVERDRIVE,ROCKET,21,7,7,8,28,15,14,11-14,0
AF100280726,CRYSTAL,PSYCHIC,7,7,0,3,7,10,0,level,0
AF100280826,PATHFINDER,LYNX,14,0,7,0,21,0,14,11-14,0
AF100290526,LEO,JUDGEMENT,13,0,7,15,20,15,13,11-14,0
AF100290626,LEO,SENTRY,7,7,16,21,23,28,0,level,0
AF100290726,SUMMIT,ANVIL,14,7,0,0,14,7,7,5-7,0
AF100290826,ROCKET,CRYSTAL,7,7,10,8,17,15,0,level,2
AF100300526,LUNA,IMPERIAL,14,14,7,10,21,24,0,level,1
AF100300626,CRYSTAL,PATHFINDER,0,21,14,6,14,27,-21,15+,0
AF100300726,LYNX,PATHFINDER,14,10,14,7,28,17,4,3-4,0
AF100300826,LAZARUS,MEMENTO,7,14,8,7,15,21,-7,5-7,0
AF100310526,PHOENIX,VALIANT,7,7,0,7,7,14,0,level,0
AF100310726,KRAKEN,RELIC,7,21,7,7,14,28,-14,11-14,0
AF100310826,ASTRONAUT,LEGEND,7,24,7,3,14,27,-17,15+,0
AF101010626,NEON,VALIANT,7,7,0,3,7,10,0,level,0
AF101010726,KRAKEN,ANVIL,7,7,7,14,14,21,0,level,0
AF101010826,LYNX,OFFICER,7,14,7,21,14,35,-7,5-7,0
AF101010926,SABRE,CRYSTAL,7,0,3,6,10,6,7,5-7,0
AF101020526,CRYSTAL,SENTRY,10,7,7,13,17,20,3,3-4,3
AF101020626,NEON,SENTINEL,7,7,9,0,16,7,0,level,0
AF101020726,JUDGEMENT,LYNX,10,3,0,10,10,13,7,5-7,1
AF101020926,HURRICANE,PSYCHIC,10,3,14,0,24,3,7,5-7,0
AF101030726,PHOENIX,SENTINEL,0,3,10,0,10,3,-3,3-4,1
AF101030926,SUMMIT,LUNA,10,17,9,0,19,17,-7,5-7,1
AF101040526,OVERDRIVE,METEOR,14,10,7,7,21,17,4,3-4,2
AF101040626,NEON,UNICORN,0,7,8,7,8,14,-7,5-7,0
AF101040826,ACE,JUDGEMENT,3,3,7,3,10,6,0,level,1
AF101040926,HERMES,LEGEND,7,14,7,3,14,17,-7,5-7,0
AF101050626,LAZARUS,AVATAR,6,14,15,8,21,22,-8,8-10,2
AF101050926,ROCKET,SHROUD,14,14,7,10,21,24,0,level,0
AF101060526,CRYSTAL,PRECISION,0,7,7,3,7,10,-7,5-7,0
AF101060826,AVATAR,LYNX,14,7,10,7,24,14,7,5-7,0
AF101060926,HURRICANE,KATANA,7,3,8,3,15,6,4,3-4,0
AF101070626,MEMENTO,LAZARUS,7,0,7,0,14,0,7,5-7,0
AF101070826,IMPERIAL,HURRICANE,14,7,0,3,14,10,7,5-7,0
AF101070926,MERCENARY,PINNACLE,7,14,7,3,14,17,-7,5-7,0
AF101080626,FENRIR,LIZARD,10,14,14,7,24,21,-4,3-4,3
AF101090926,PHOENIX,RELIC,13,0,10,0,23,0,13,11-14,0
AF101110726,PRECISION,MEMENTO,9,7,8,7,17,14,2,1-2,2
AF101110826,MERCENARY,CLASH,10,14,18,7,28,21,-4,3-4,1
AF101120626,LEO,LAZARUS,14,0,3,8,17,8,14,11-14,0
AF101120826,HERMES,LEO,14,17,14,7,28,24,-3,3-4,3
AF101130626,PRECISION,MEMENTO,10,7,3,0,13,7,3,3-4,0
AF101130826,OCTANE,ROCKET,7,14,7,14,14,28,-7,5-7,0
AF101140726,OCTANE,KATANA,10,3,3,14,13,17,7,5-7,1
AF101140826,OVERDRIVE,AVATAR,28,21,7,13,35,34,7,5-7,0
AF101150626,LYNX,HERMES,7,14,7,7,14,21,-7,5-7,0
AF101150826,OFFICER,JUDGEMENT,14,10,7,7,21,17,4,3-4,2
AF101160626,SEEKER,ANVIL,7,14,7,7,14,21,-7,5-7,0
AF101170626,BLAZE,OCTANE,7,14,7,7,14,21,-7,5-7,0
AF101170726,WARRIOR,SHARK,7,14,7,7,14,21,-7,5-7,0
AF101180626,LUNA,ROCKET,10,7,0,10,10,17,3,3-4,1
AF101190526,ENFORCER,RICOCHET,7,10,6,0,13,10,-3,3-4,1
AF101190926,PSYCHIC,HURRICANE,21,17,7,14,28,31,4,3-4,3
AF101210626,PRECISION,CLASH,14,31,0,7,14,38,-17,15+,0
AF101210726,ACE,GENIUS,17,7,0,7,17,14,10,8-10,0
AF101220726,SABRE,CRYSTAL,0,14,15,7,15,21,-14,11-14,0
AF101230626,MIRAGE,ENFORCER,7,10,14,14,21,24,-3,3-4,4
AF101230826,LIZARD,NIGHTMARE,10,10,10,0,20,10,0,level,0
AF101240526,LUNA,CRYSTAL,7,7,7,0,14,7,0,level,0
AF101240626,METEOR,PHOENIX,14,7,3,7,17,14,7,5-7,0
AF101240826,STRIDER,ROMAN,10,7,14,0,24,7,3,3-4,0
AF101250626,ORIGINAL,SCHOLAR,7,7,8,14,15,21,0,level,0
AF101250726,SCHOLAR,MIRAGE,7,14,6,3,13,17,-7,5-7,0
AF101260526,VALIANT,LAZARUS,10,7,0,7,10,14,3,3-4,1
AF101260626,HERMES,LEGEND,7,14,7,7,14,21,-7,5-7,0
AF101260726,LAZARUS,RELIC,14,7,3,0,17,7,7,5-7,0
AF101270526,OVERDRIVE,ROCKET,10,7,7,9,17,16,3,3-4,0
AF101270726,KEVLAR,LEGEND,14,0,7,7,21,7,14,11-14,0
AF101270826,ACE,LYNX,0,21,7,3,7,24,-21,15+,0
AF101280426,LAZARUS,OFFICER,17,7,7,7,24,14,10,8-10,0
AF101280526,SAGE,LUNA,10,7,3,7,13,14,3,3-4,1
AF101280626,MIRAGE,TOMBSTONE,10,3,10,14,20,17,7,5-7,0
AF101300426,MINDFLAYER,PRISMATIC,10,0,0,7,10,7,10,8-10,0
AF101300626,PATHFINDER,CRYSTAL,21,14,14,20,35,34,7,5-7,0
AF101300726,UNICORN,IMPERIAL,14,14,7,8,21,22,0,level,1
AF101310526,PRECISION,METEOR,7,10,21,14,28,24,-3,3-4,3
AF101310726,OFFICER,ACE,10,0,10,7,20,7,10,8-10,0
AF102010726,METEOR,HERMES,3,14,21,7,24,21,-11,11-14,3
AF102010826,SHARK,DON,7,10,7,0,14,10,-3,3-4,1
AF102010926,LEO,PINNACLE,7,21,8,3,15,24,-14,11-14,0
AF102020526,HERMES,LAZARUS,0,7,0,0,0,7,-7,5-7,0
AF102020626,OCTANE,SAGE,7,7,13,14,20,21,0,level,3
AF102020726,KEVLAR,MERCENARY,14,7,10,21,24,28,7,5-7,1
AF102020926,MONSTER,UNICORN,31,14,3,14,34,28,17,15+,0
AF102030626,ROCKET,KRAKEN,21,14,14,7,35,21,7,5-7,0
AF102030726,SAGE,LAZARUS,0,7,10,0,10,7,-7,5-7,1
AF102030926,CRYSTAL,RELIC,0,14,3,7,3,21,-14,11-14,0
AF102040526,OVERDRIVE,PATHFINDER,21,7,7,0,28,7,14,11-14,0
AF102040626,PHOENIX,SAGE,14,10,14,6,28,16,4,3-4,0
AF102040726,NIRVANA,SPARK,14,7,10,15,24,22,7,5-7,2
AF102040826,LAZARUS,MEMENTO,21,21,13,15,34,36,0,level,1
AF102040926,IMPERIAL,LUNA,7,3,7,14,14,17,4,3-4,3
AF102050626,LEGEND,PINNACLE,7,7,10,14,17,21,0,level,3
AF102050826,SHARK,DON,7,7,7,10,14,17,0,level,1
AF102050926,HERMES,SENTRY,7,21,15,7,22,28,-14,11-14,0
AF102060526,KEVLAR,OVERDRIVE,7,7,7,0,14,7,0,level,0
AF102060626,AVATAR,PRECISION,10,14,11,14,21,28,-4,3-4,0
AF102060826,CRYSTAL,KRAKEN,14,0,0,10,14,10,14,11-14,0
AF102060926,CLASH,PINNACLE,10,21,12,3,22,24,-11,11-14,2
AF102070626,OFFICER,PRECISION,7,7,0,10,7,17,0,level,0
AF102070826,CRYSTAL,LUNA,7,10,14,7,21,17,-3,3-4,3
AF102070926,SENTRY,MERCENARY,0,10,0,9,0,19,-10,8-10,0
AF102080626,NIGHTMARE,FENRIR,14,7,14,7,28,14,7,5-7,0
AF102090926,ROCKET,SABRE,0,3,7,7,7,10,-3,3-4,2
AF102110726,MONSTER,LUNA,14,14,7,3,21,17,0,level,1
AF102110826,MERCENARY,LEGEND,14,7,10,21,24,28,7,5-7,3
AF102120626,LEO,HERMES,14,7,0,14,14,21,7,5-7,1
AF102120826,DON,DESTINY,0,0,10,7,10,7,0,level,0
AF102130626,HURRICANE,PSYCHIC,14,0,7,0,21,0,14,11-14,0
AF102130826,OCTANE,LUNA,7,7,8,16,15,23,0,level,0
AF102140726,ASTRONAUT,KATANA,7,7,14,0,21,7,0,level,0
AF102140826,PSYCHIC,SENTINEL,7,7,6,14,13,21,0,level,0
AF102150626,PATHFINDER,LYNX,2,7,14,0,16,7,-5,5-7,1
AF102160626,HURRICANE,ROCKET,14,7,7,7,21,14,7,5-7,0
AF102160826,OCTANE,GENIUS,21,7,12,20,33,27,14,11-14,0
AF102170626,BLAZE,ROCKET,0,7,0,3,0,10,-7,5-7,0
AF102170726,PHOENIX,VALIANT,7,13,7,3,14,16,-6,5-7,2
AF102180626,LYNX,LAZARUS,7,14,0,0,7,14,-7,5-7,0
AF102190526,RICOCHET,ENFORCER,17,3,10,0,27,3,14,11-14,0
AF102190726,NIRVANA,MINDFLAYER,7,6,0,0,7,6,1,1-2,0
AF102190926,HURRICANE,KRAKEN,10,6,14,0,24,6,4,3-4,0
AF102210626,ROCKET,KRAKEN,14,7,0,17,14,24,7,5-7,1
AF102210726,GENIUS,ACE,6,7,6,7,12,14,-1,1-2,0
AF102220726,LYNX,MEMENTO,7,7,0,14,7,21,0,level,0
AF102230626,MIRAGE,PRISMATIC,0,28,7,7,7,35,-28,15+,0
AF102230826,NIGHTMARE,LIZARD,7,0,17,21,24,21,7,5-7,2
AF102240526,LEO,PATHFINDER,7,7,10,7,17,14,0,level,0
AF102240626,CLASH,KEVLAR,14,7,0,10,14,17,7,5-7,1
AF102240826,UNICORN,OCTANE,7,10,7,3,14,13,-3,3-4,1
AF102250626,ENFORCER,SCHOLAR,7,7,0,14,7,21,0,level,0
AF102250726,MAVERICK,MIRAGE,0,3,10,6,10,9,-3,3-4,1
AF102260526,SAGE,VALIANT,14,7,7,0,21,7,7,5-7,0
AF102260626,VALIANT,PSYCHIC,24,7,3,14,27,21,17,15+,0
AF102260726,OCTANE,VALIANT,14,7,14,0,28,7,7,5-7,0
AF102270526,LEGEND,HURRICANE,7,0,3,0,10,0,7,5-7,0
AF102270726,DESTINY,SHARK,0,10,15,7,15,17,-10,8-10,0
AF102270826,HERMES,KEVLAR,7,7,17,14,24,21,0,level,2
AF102280426,OCTANE,SAGE,0,14,6,2,6,16,-14,11-14,0
AF102280526,ROCKET,LUNA,14,3,0,8,14,11,11,11-14,0
AF102280626,TOMBSTONE,MISSILE,0,17,14,7,14,24,-17,15+,0
AF102280826,ACE,SHROUD,7,17,14,14,21,31,-10,8-10,0
AF102300426,TOMBSTONE,PRISMATIC,14,7,3,7,17,14,7,5-7,0
AF102300626,JUDGEMENT,PATHFINDER,3,10,6,10,9,20,-7,5-7,0
AF102300726,IMPERIAL,LUNA,14,0,0,6,14,6,14,11-14,0
AF102310526,CLASH,OFFICER,7,7,0,3,7,10,0,level,0
AF103010526,OFFICER,LAZARUS,14,7,21,6,35,13,7,5-7,0
AF103010726,ROMAN,DESTINY,10,7,7,3,17,10,3,3-4,0
AF103010926,STRIDER,MIDAS,0,7,0,3,0,10,-7,5-7,0
AF103020526,PHOENIX,IMPERIAL,14,14,7,0,21,14,0,level,0
AF103020626,AVATAR,LEGEND,14,17,14,13,28,30,-3,3-4,4
AF103020726,ROCKET,SAGE,10,0,7,10,17,10,10,8-10,0
AF103020926,MONSTER,ROMAN,0,10,7,3,7,13,-10,8-10,0
AF103030626,HURRICANE,METEOR,14,7,7,7,21,14,7,5-7,0
AF103030726,PATHFINDER,SENTRY,21,17,6,7,27,24,4,3-4,0
AF103030926,LEGEND,LYNX,14,3,10,14,24,17,11,11-14,0
AF103040526,OVERDRIVE,PRECISION,7,14,8,0,15,14,-7,5-7,1
AF103040626,AVATAR,ASTRONAUT,14,0,16,24,30,24,14,11-14,2
AF103040726,NIRVANA,REGRET,10,7,7,7,17,14,3,3-4,2
AF103040826,MIMIC,MONSTER,7,17,7,10,14,27,-10,8-10,0
AF103040926,ROCKET,PHOENIX,21,3,10,0,31,3,18,15+,0
AF103050626,PINNACLE,AVATAR,0,14,7,7,7,21,-14,11-14,0
AF103050826,ROMAN,SHARK,14,21,18,7,32,28,-7,5-7,3
AF103060526,SHROUD,KRAKEN,17,7,7,0,24,7,10,8-10,0
AF103060626,IMPERIAL,KRAKEN,7,14,9,14,16,28,-7,5-7,0
AF103060926,SHARK,WARRIOR,10,0,7,7,17,7,10,8-10,0
AF103070626,PATHFINDER,METEOR,7,10,6,14,13,24,-3,3-4,0
AF103070826,OFFICER,LAZARUS,0,6,7,6,7,12,-6,5-7,2
AF103070926,KEVLAR,MERCENARY,7,10,0,11,7,21,-3,3-4,0
AF103080626,LIZARD,NIGHTMARE,7,6,14,6,21,12,1,1-2,2
AF103080926,METEOR,HERMES,10,14,14,11,24,25,-4,3-4,2
AF103110726,SHROUD,KRAKEN,14,14,15,17,29,31,0,level,0
AF103110826,LEGEND,MERCENARY,14,10,0,6,14,16,4,3-4,1
AF103120626,HERMES,LEO,7,7,8,10,15,17,0,level,2
AF103120826,METEOR,KRAKEN,21,10,7,7,28,17,11,11-14,0
AF103130626,PATHFINDER,LAZARUS,14,0,0,3,14,3,14,11-14,0
AF103130826,LUNA,OCTANE,7,3,7,3,14,6,4,3-4,0
AF103140726,OCTANE,ASTRONAUT,7,24,20,9,27,33,-17,15+,0
AF103140826,CRYSTAL,LUNA,7,7,7,6,14,13,0,level,1
AF103150626,HERMES,PATHFINDER,10,7,7,14,17,21,3,3-4,3
AF103150826,ACE,SHROUD,14,7,10,15,24,22,7,5-7,2
AF103160626,SAGE,LEGEND,14,7,14,3,28,10,7,5-7,0
AF103160826,MEMENTO,LEO,14,21,14,8,28,29,-7,5-7,2
AF103170626,BLAZE,KRAKEN,0,10,7,7,7,17,-10,8-10,0
AF103170726,OFFICER,MERCENARY,3,7,7,7,10,14,-4,3-4,2
AF103180626,AVATAR,LEGEND,24,21,7,14,31,35,3,3-4,3
AF103190526,MAVERICK,RICOCHET,7,7,6,7,13,14,0,level,0
AF103190726,MAVERICK,NIRVANA,7,14,11,10,18,24,-7,5-7,0
AF103210626,LAZARUS,VALIANT,7,0,3,8,10,8,7,5-7,0
AF103210726,DESTINY,GENIUS,0,7,6,7,6,14,-7,5-7,0
AF103220726,DESTINY,DAME,7,7,0,14,7,21,0,level,0
AF103230626,PRISMATIC,MIRAGE,10,21,13,7,23,28,-11,11-14,0
AF103230826,FENRIR,NIGHTMARE,14,0,10,14,24,14,14,11-14,0
AF103240526,MEMENTO,PINNACLE,12,6,20,15,32,21,6,5-7,0
AF103240626,CRYSTAL,ROMAN,7,7,7,0,14,7,0,level,0
AF103240826,PINNACLE,LEGEND,7,14,14,3,21,17,-7,5-7,1
AF103250626,ORIGINAL,ENFORCER,14,0,7,7,21,7,14,11-14,0
AF103250726,ORIGINAL,MIRAGE,7,13,0,0,7,13,-6,5-7,0
AF103260526,SAGE,LAZARUS,0,14,7,0,7,14,-14,11-14,0
AF103260626,SHROUD,PHOENIX,7,7,10,7,17,14,0,level,2
AF103260726,OCTANE,LAZARUS,0,17,0,0,0,17,-17,15+,0
AF103270526,GENIUS,SEEKER,3,0,7,7,10,7,3,3-4,2
AF103270726,KATANA,KRAKEN,7,7,3,7,10,14,0,level,1
AF103270826,JUDGEMENT,UNICORN,17,14,7,7,24,21,3,3-4,0
AF103280426,LEO,VALIANT,0,14,0,7,0,21,-14,11-14,0
AF103280526,SAGE,ROCKET,14,0,7,22,21,22,14,11-14,1
AF103280626,MISSILE,MIRAGE,10,14,7,10,17,24,-4,3-4,0
AF103280826,MEMENTO,LYNX,14,28,8,3,22,31,-14,11-14,0
AF103300426,TOMBSTONE,MINDFLAYER,21,14,3,0,24,14,7,5-7,0
AF103300626,JUDGEMENT,CRYSTAL,7,7,10,0,17,7,0,level,0
AF103300726,IMPERIAL,CRYSTAL,21,7,7,6,28,13,14,11-14,0
AF103310526,LUNA,KRAKEN,7,3,3,0,10,3,4,3-4,0
AF104010726,SUMMIT,ANVIL,3,7,7,7,10,14,-4,3-4,2
AF104010826,MERCENARY,OFFICER,0,10,10,7,10,17,-10,8-10,0
AF104010926,SABRE,MONSTER,14,14,3,0,17,14,0,level,0
AF104020526,CRYSTAL,PRECISION,14,8,0,0,14,8,6,5-7,0
AF104020626,NEON,SEEKER,7,14,0,14,7,28,-7,5-7,0
AF104020726,JUDGEMENT,LEGEND,17,10,10,15,27,25,7,5-7,0
AF104020926,HURRICANE,CRYSTAL,7,7,9,7,16,14,0,level,2
AF104030726,PSYCHIC,SENTINEL,3,7,13,0,16,7,-4,3-4,1
AF104030926,SUMMIT,HURRICANE,0,3,6,10,6,13,-3,3-4,0
AF104040526,PATHFINDER,OVERDRIVE,7,19,7,3,14,22,-12,11-14,0
AF104040626,NEON,KRAKEN,6,17,0,7,6,24,-11,11-14,0
AF104040726,SPARK,NIRVANA,14,10,0,14,14,24,4,3-4,1
AF104040826,SAGE,JUDGEMENT,14,7,3,0,17,7,7,5-7,0
AF104040926,LUNA,IMPERIAL,3,14,7,7,10,21,-11,11-14,0
AF104050626,LEGEND,AVATAR,7,0,3,7,10,7,7,5-7,0
AF104050826,DON,ROMAN,21,7,3,0,24,7,14,11-14,0
AF104050926,ROCKET,JUDGEMENT,0,7,0,7,0,14,-7,5-7,0
AF104060526,VALIANT,PRECISION,7,14,7,7,14,21,-7,5-7,0
AF104060826,MERCENARY,LYNX,7,0,14,7,21,7,7,5-7,0
AF104060926,ACE,KATANA,14,2,0,10,14,12,12,11-14,0
AF104070626,SENTRY,LAZARUS,13,14,6,7,19,21,-1,1-2,0
AF104070826,IMPERIAL,PSYCHIC,7,14,7,10,14,24,-7,5-7,0
AF104070926,PINNACLE,MERCENARY,7,14,7,7,14,21,-7,5-7,0
AF104080626,FENRIR,LIZARD,14,0,17,14,31,14,14,11-14,0
AF104110726,PRECISION,SENTRY,0,10,7,7,7,17,-10,8-10,0
AF104110826,LEGEND,CLASH,17,21,14,7,31,28,-4,3-4,3
AF104120626,HERMES,LAZARUS,0,14,13,0,13,14,-14,11-14,0
AF104120826,MEMENTO,LEO,0,3,17,11,17,14,-3,3-4,1
AF104130626,OFFICER,MEMENTO,14,7,14,0,28,7,7,5-7,0
AF104130826,LUNA,ROCKET,14,14,0,7,14,21,0,level,0
AF104140726,KATANA,OCTANE,14,7,14,7,28,14,7,5-7,0
AF104150626,LYNX,HERMES,21,7,0,0,21,7,14,11-14,0
AF104150826,SENTRY,JUDGEMENT,7,3,7,7,14,10,4,3-4,2
AF104160626,MONSTER,ANVIL,17,7,7,7,24,14,10,8-10,0
AF104160826,AVATAR,CLASH,7,7,0,7,7,14,0,level,0
AF104170626,ROCKET,BLAZE,7,7,7,0,14,7,0,level,0
AF104170726,ROMAN,DAME,10,7,10,14,20,21,3,3-4,1
AF104180626,VALIANT,ROCKET,7,0,14,7,21,7,7,5-7,0
AF104190526,MAVERICK,ENFORCER,7,3,7,8,14,11,4,3-4,0
AF104190726,MAVERICK,MINDFLAYER,14,7,14,0,28,7,7,5-7,0
AF104210626,OFFICER,CLASH,10,0,7,0,17,0,10,8-10,0
AF104210726,DESTINY,ACE,0,13,8,3,8,16,-13,11-14,0
AF104220726,KRAKEN,CRYSTAL,14,14,7,0,21,14,0,level,0
AF104230626,PRISMATIC,ENFORCER,21,0,7,7,28,7,21,15+,0
AF104230826,FENRIR,LIZARD,7,14,17,7,24,21,-7,5-7,1
AF104240526,LUNA,PHOENIX,14,7,7,0,21,7,7,5-7,0
AF104240626,OVERDRIVE,PHOENIX,24,14,7,7,31,21,10,8-10,0
AF104240826,STRIDER,MIDAS,17,14,7,0,24,14,3,3-4,0
AF104250626,SCHOLAR,ORIGINAL,3,3,6,7,9,10,0,level,0
AF104250726,MIRAGE,SCHOLAR,7,14,9,14,16,28,-7,5-7,0
AF104260526,LAZARUS,VALIANT,14,7,0,3,14,10,7,5-7,0
AF104260626,SENTRY,LEGEND,0,7,17,7,17,14,-7,5-7,1
AF104260726,OCTANE,RELIC,14,7,0,10,14,17,7,5-7,1
AF104270526,METEOR,ROCKET,7,0,7,0,14,0,7,5-7,0
AF104270726,LYNX,MERCENARY,7,10,7,7,14,17,-3,3-4,2
AF104270826,ACE,PATHFINDER,3,7,0,10,3,17,-4,3-4,0
AF104280426,CLASH,OFFICER,7,7,0,3,7,10,0,level,0
AF104280526,LUNA,SAGE,7,3,0,7,7,10,4,3-4,1
AF104280626,MIRAGE,MISSILE,17,7,7,7,24,14,10,8-10,0
AF104280826,VALIANT,PHOENIX,3,10,6,0,9,10,-7,5-7,0
AF104290526,MEMENTO,OFFICER,0,21,3,7,3,28,-21,15+,0
AF104300426,STEEL,PRISMATIC,7,0,14,19,21,19,7,5-7,0
AF104300526,SHROUD,VALIANT,14,7,3,0,17,7,7,5-7,0
AF104300626,CRYSTAL,PATHFINDER,3,7,0,14,3,21,-4,3-4,0
AF104300726,LUNA,IMPERIAL,14,7,7,15,21,22,7,5-7,1
AF104310526,ASTRONAUT,LEO,14,14,10,7,24,21,0,level,1
AF104310726,MEMENTO,HERMES,10,0,7,14,17,14,10,8-10,0
AF105010926,MERCENARY,PRECISION,10,14,7,0,17,14,-4,3-4,1
AF105020526,OFFICER,LEGEND,7,7,17,7,24,14,0,level,0
AF105020626,OCTANE,ROCKET,3,7,7,7,10,14,-4,3-4,2
AF105020726,PRECISION,CLASH,10,10,8,14,18,24,0,level,2
AF105020926,MONSTER,MIDAS,14,7,3,7,17,14,7,5-7,0
AF105030626,VALIANT,HURRICANE,0,14,29,16,29,30,-14,11-14,2
AF105030726,CRYSTAL,LAZARUS,3,7,14,0,17,7,-4,3-4,1
AF105030926,CRYSTAL,ACE,7,7,7,8,14,15,0,level,1
AF105040626,PHOENIX,PATHFINDER,7,14,14,6,21,20,-7,5-7,1
AF105040726,REGRET,NIRVANA,7,7,10,14,17,21,0,level,1
AF105040926,VALIANT,IMPERIAL,14,7,7,13,21,20,7,5-7,0
AF105050626,PINNACLE,LAZARUS,10,7,10,7,20,14,3,3-4,0
AF105050926,MEMENTO,SENTRY,7,14,6,7,13,21,-7,5-7,0
AF105060526,OVERDRIVE,KEVLAR,10,14,0,0,10,14,-4,3-4,0
AF105060626,HERMES,ASTRONAUT,7,3,0,7,7,10,4,3-4,1
AF105060826,SUMMIT,KRAKEN,10,10,0,14,10,24,0,level,0
AF105070826,CRYSTAL,ACE,7,7,16,0,23,7,0,level,0
AF105070926,MERCENARY,SENTRY,10,7,0,0,10,7,3,3-4,0
AF105080626,LIZARD,FENRIR,14,14,21,15,35,29,0,level,2
AF105080926,ROCKET,KATANA,14,7,6,7,20,14,7,5-7,0
AF105110826,CLASH,MERCENARY,6,0,3,10,9,10,6,5-7,3
AF105120626,LAZARUS,LEO,7,7,7,0,14,7,0,level,0
AF105120826,ROMAN,DESTINY,14,0,13,3,27,3,14,11-14,0
AF105130626,KRAKEN,PSYCHIC,7,7,7,6,14,13,0,level,0
AF105130826,ROCKET,OCTANE,0,10,7,0,7,10,-10,8-10,0
AF105140826,MONSTER,SENTINEL,0,21,0,0,0,21,-21,15+,0
AF105150626,PATHFINDER,LYNX,14,0,14,14,28,14,14,11-14,0
AF105160626,OCTANE,ROCKET,7,7,10,7,17,14,0,level,1
AF105170626,KRAKEN,BLAZE,14,14,10,7,24,21,0,level,1
AF105170726,MONSTER,LUNA,14,17,7,14,21,31,-3,3-4,0
AF105180626,ASTRONAUT,LAZARUS,7,7,0,3,7,10,0,level,0
AF105190526,ENFORCER,RICOCHET,7,7,8,7,15,14,0,level,1
AF105190726,MINDFLAYER,NIRVANA,7,7,7,8,14,15,0,level,1
AF105210626,LUNA,KRAKEN,13,18,8,6,21,24,-5,5-7,0
AF105210726,ACE,GENIUS,13,14,15,7,28,21,-1,1-2,1
AF105230626,ENFORCER,MIRAGE,0,7,10,0,10,7,-7,5-7,1
AF105230826,LIZARD,NIGHTMARE,14,7,3,14,17,21,7,5-7,1
AF105240526,LEO,HURRICANE,28,7,14,14,42,21,21,15+,0
AF105240626,CLASH,PATHFINDER,7,14,6,17,13,31,-7,5-7,0
AF105240826,UNICORN,HERMES,17,31,8,10,25,41,-14,11-14,0
AF105250626,ENFORCER,SCHOLAR,14,7,7,3,21,10,7,5-7,0
AF105250726,MIRAGE,MAVERICK,14,7,7,13,21,20,7,5-7,0
AF105260526,VALIANT,SAGE,0,10,0,3,0,13,-10,8-10,0
AF105260626,ROCKET,PSYCHIC,14,0,0,8,14,8,14,11-14,0
AF105260726,VALIANT,LAZARUS,0,21,14,14,14,35,-21,15+,0
AF105270726,DON,STRIDER,10,14,7,7,17,21,-4,3-4,2
AF105270826,PRECISION,CLASH,0,24,7,10,7,34,-24,15+,0
AF105280426,LUNA,SAGE,10,14,14,7,24,21,-4,3-4,3
AF105280826,ASTRONAUT,SHROUD,7,21,13,14,20,35,-14,11-14,0
AF105300426,MINDFLAYER,PRISMATIC,7,10,0,7,7,17,-3,3-4,0
AF105300626,PATHFINDER,JUDGEMENT,0,10,7,14,7,24,-10,8-10,0
AF105310526,PINNACLE,OFFICER,14,7,8,14,22,21,7,5-7,2
AF105310726,VALIANT,SENTINEL,3,14,15,0,18,14,-11,11-14,1
AF106010526,HERMES,LEGEND,0,7,0,10,0,17,-7,5-7,0
AF106010626,NEON,ROCKET,0,10,0,6,0,16,-10,8-10,0
AF106010826,SHROUD,OVERDRIVE,0,10,7,7,7,17,-10,8-10,0
AF106010926,DESTINY,SHARK,10,7,0,7,10,14,3,3-4,1
AF106020526,SHROUD,PSYCHIC,0,7,14,0,14,7,-7,5-7,1
AF106020626,SHROUD,LYNX,10,14,14,9,24,23,-4,3-4,1
AF106020926,CRYSTAL,HURRICANE,6,0,0,10,6,10,6,5-7,1
AF106030626,METEOR,VALIANT,7,0,6,14,13,14,7,5-7,1
AF106040626,HERMES,LAZARUS,7,3,7,0,14,3,4,3-4,0
AF106040726,GADGET,NIRVANA,21,10,10,19,31,29,11,11-14,2
AF106040926,LUNA,VALIANT,7,0,7,9,14,9,7,5-7,0
AF106050626,AVATAR,LAZARUS,21,7,13,6,34,13,14,11-14,0
AF106060526,LAZARUS,KEVLAR,7,14,7,3,14,17,-7,5-7,0
AF106070826,SENTRY,LEGEND,7,21,14,3,21,24,-14,11-14,0
AF106080926,ROMAN,ROCKET,3,10,6,7,9,17,-7,5-7,0
AF106110726,LAZARUS,KRAKEN,7,7,10,7,17,14,0,level,0
AF106110826,LEGEND,MERCENARY,7,7,0,7,7,14,0,level,0
AF106120626,HERMES,LEO,14,7,3,7,17,14,7,5-7,0
AF106120826,HURRICANE,KRAKEN,10,7,7,14,17,21,3,3-4,3
AF106130626,OVERDRIVE,LAZARUS,7,14,7,3,14,17,-7,5-7,0
AF106130826,LUNA,OCTANE,21,7,7,7,28,14,14,11-14,0
AF106140826,PHOENIX,LUNA,3,10,14,14,17,24,-7,5-7,0
AF106150826,ASTRONAUT,SHROUD,17,7,14,7,31,14,10,8-10,0
AF106160826,LAZARUS,LEO,21,21,17,14,38,35,0,level,0
AF106170726,MERCENARY,LEO,7,10,13,7,20,17,-3,3-4,1
AF106180626,LUNA,VALIANT,7,0,7,15,14,15,7,5-7,1
AF106190526,RICOCHET,MAVERICK,7,7,0,7,7,14,0,level,0
AF106190726,NIRVANA,MAVERICK,14,0,0,7,14,7,14,11-14,0
AF106210626,OVERDRIVE,VALIANT,10,10,10,8,20,18,0,level,0
AF106210726,GENIUS,DESTINY,13,7,9,19,22,26,6,5-7,3
AF106230626,PRISMATIC,MIRAGE,14,7,7,3,21,10,7,5-7,0
AF106230826,NIGHTMARE,FENRIR,21,0,17,7,38,7,21,15+,0
AF106240526,PRECISION,OFFICER,14,14,7,3,21,17,0,level,1
AF106240626,CRYSTAL,LUNA,7,7,3,0,10,7,0,level,0
AF106240826,SENTRY,LAZARUS,10,14,7,6,17,20,-4,3-4,0
AF106250626,ENFORCER,ORIGINAL,0,14,7,3,7,17,-14,11-14,0
AF106250726,MIRAGE,ORIGINAL,3,21,7,0,10,21,-18,15+,0
AF106260526,LAZARUS,SAGE,14,7,7,20,21,27,7,5-7,1
AF106260626,KATANA,PHOENIX,7,14,15,14,22,28,-7,5-7,0
AF106260726,RELIC,LAZARUS,3,14,0,10,3,24,-11,11-14,0
AF106270726,OCTANE,MONSTER,28,9,14,13,42,22,19,15+,0
AF106280426,PRECISION,VALIANT,0,10,14,0,14,10,-10,8-10,1
AF106300426,MINDFLAYER,STEEL,7,7,17,14,24,21,0,level,1
AF106300626,CRYSTAL,JUDGEMENT,3,10,21,13,24,23,-7,5-7,3
AF106310526,VALIANT,KRAKEN,7,7,7,3,14,10,0,level,1
AF106310726,RELIC,OVERDRIVE,7,17,3,3,10,20,-10,8-10,0
AF107010526,METEOR,HURRICANE,0,14,7,14,7,28,-14,11-14,0
AF107010626,PATHFINDER,PRECISION,0,7,7,3,7,10,-7,5-7,0
AF107010926,CRYSTAL,ROCKET,7,0,7,0,14,0,7,5-7,0
AF107020526,SENTRY,SPLINTER,21,14,10,15,31,29,7,5-7,2
AF107020626,GENIUS,SENTINEL,0,3,7,7,7,10,-3,3-4,2
AF107020726,LYNX,LAZARUS,3,0,7,7,10,7,3,3-4,2
AF107030626,KRAKEN,ROCKET,10,10,0,14,10,24,0,level,0
AF107030926,LUNA,MIMIC,21,14,7,0,28,14,7,5-7,0
AF107040626,UNICORN,VALIANT,7,7,3,0,10,7,0,level,0
AF107040926,IMPERIAL,LUNA,7,7,0,7,7,14,0,level,0
AF107050626,AVATAR,PINNACLE,14,7,3,7,17,14,7,5-7,0
AF107050926,SHROUD,JUDGEMENT,7,7,10,7,17,14,0,level,0
AF107060526,OVERDRIVE,LAZARUS,7,0,15,8,22,8,7,5-7,0
AF107060626,OVERDRIVE,ASTRONAUT,3,14,9,14,12,28,-11,11-14,0
AF107060826,LUNA,HERMES,7,10,14,7,21,17,-3,3-4,3
AF107070826,HURRICANE,VALIANT,17,7,10,7,27,14,10,8-10,0
AF107080926,KATANA,ROMAN,7,7,8,10,15,17,0,level,2
AF107110726,SENTRY,MEMENTO,14,7,3,0,17,7,7,5-7,0
AF107150826,SENTRY,OFFICER,10,6,21,8,31,14,4,3-4,0
AF107170726,DAME,SHARK,14,7,0,0,14,7,7,5-7,0
AF107180626,ROCKET,LUNA,14,7,3,0,17,7,7,5-7,0
AF107190526,ENFORCER,MAVERICK,10,7,7,7,17,14,3,3-4,2
AF107190726,MINDFLAYER,MAVERICK,0,13,6,6,6,19,-13,11-14,0
AF107210726,ACE,DESTINY,10,0,0,7,10,7,10,8-10,0
AF107230626,PRISMATIC,ENFORCER,14,14,14,0,28,14,0,level,0
AF107230826,LIZARD,FENRIR,17,14,10,0,27,14,3,3-4,0
AF107240526,CRYSTAL,ROCKET,7,7,7,6,14,13,0,level,0
AF107240626,PHOENIX,METEOR,7,14,7,3,14,17,-7,5-7,0
AF107240826,ROMAN,SHARK,9,10,9,6,18,16,-1,1-2,1
AF107250626,ORIGINAL,SCHOLAR,14,3,3,8,17,11,11,11-14,0
AF107250726,SCHOLAR,MIRAGE,7,0,17,21,24,21,7,5-7,0
AF107260726,LAZARUS,OCTANE,7,14,28,14,35,28,-7,5-7,1
AF107270726,KEVLAR,MERCENARY,14,0,0,7,14,7,14,11-14,0
AF107270826,LYNX,LAZARUS,0,10,3,7,3,17,-10,8-10,0
AF107290526,HERMES,MEMENTO,10,10,10,7,20,17,0,level,0
AF107300426,PRISMATIC,TOMBSTONE,7,7,7,0,14,7,0,level,0
AF107310526,METEOR,LEO,14,7,14,13,28,20,7,5-7,0
AF107310726,VALIANT,SENTINEL,7,0,7,6,14,6,7,5-7,0
AF108010526,MEMENTO,JUDGEMENT,14,7,3,7,17,14,7,5-7,0
AF108010626,MONSTER,ROCKET,10,7,7,21,17,28,3,3-4,3
AF108020526,HERMES,LEGEND,0,7,0,10,0,17,-7,5-7,0
AF108020626,PHOENIX,SAGE,10,7,7,9,17,16,3,3-4,0
AF108020726,KEVLAR,CLASH,10,7,7,0,17,7,3,3-4,0
AF108020926,ROMAN,MONSTER,14,14,6,0,20,14,0,level,0
AF108030626,ANVIL,ROCKET,7,10,0,10,7,20,-3,3-4,0
AF108030926,RELIC,SAGE,10,3,14,7,24,10,7,5-7,0
AF108040726,NIRVANA,SPARK,7,7,7,6,14,13,0,level,0
AF108050626,AVATAR,LEGEND,3,7,12,7,15,14,-4,3-4,1
AF108050926,LUNA,PHOENIX,7,10,14,14,21,24,-3,3-4,4
AF108060526,KEVLAR,OVERDRIVE,14,14,6,10,20,24,0,level,0
AF108060626,ASTRONAUT,HERMES,21,7,7,0,28,7,14,11-14,0
AF108060826,SAGE,LUNA,7,7,3,7,10,14,0,level,1
AF108070826,LUNA,ROCKET,7,10,14,14,21,24,-3,3-4,2
AF108080926,SAGE,ROMAN,0,7,8,0,8,7,-7,5-7,1
AF108110726,IMPERIAL,LUNA,7,7,14,17,21,24,0,level,4
AF108150826,VALIANT,PHOENIX,7,7,0,7,7,14,0,level,0
AF108170726,LUNA,VALIANT,7,7,7,6,14,13,0,level,0
AF108180626,VALIANT,ROCKET,0,7,6,10,6,17,-7,5-7,0
AF108190726,MINDFLAYER,MAVERICK,0,21,8,3,8,24,-21,15+,0
AF108230626,MIRAGE,ENFORCER,7,0,10,6,17,6,7,5-7,0
AF108230826,LIZARD,FENRIR,7,14,14,0,21,14,-7,5-7,1
AF108240526,PATHFINDER,SHROUD,7,21,7,0,14,21,-14,11-14,0
AF108240626,KEVLAR,LAZARUS,14,7,0,8,14,15,7,5-7,1
AF108240826,OCTANE,LEO,20,22,15,22,35,44,-2,1-2,0
AF108250626,ENFORCER,SCHOLAR,0,14,8,7,8,21,-14,11-14,0
AF108250726,MAVERICK,MIRAGE,6,7,0,7,6,14,-1,1-2,0
AF108260726,RELIC,OCTANE,14,7,13,21,27,28,7,5-7,1
AF108270726,DESTINY,STRIDER,14,14,6,7,20,21,0,level,0
AF108270826,HERMES,CLASH,14,0,10,7,24,7,14,11-14,0
AF108290526,ASTRONAUT,JUDGEMENT,7,0,0,10,7,10,7,5-7,1
AF108300426,MINDFLAYER,TOMBSTONE,7,7,7,10,14,17,0,level,0
AF108300526,OFFICER,PRECISION,21,0,7,14,28,14,21,15+,0
AF108310526,PINNACLE,CLASH,7,7,14,12,21,19,0,level,0
AF108310726,SENTINEL,SUMMIT,14,7,0,10,14,17,7,5-7,1
AF109010526,LAZARUS,LEGEND,14,7,0,3,14,10,7,5-7,0
AF109010626,PRECISION,PATHFINDER,3,0,9,6,12,6,3,3-4,0
AF109010926,STRIDER,SHARK,14,10,7,0,21,10,4,3-4,0
AF109020526,PHOENIX,PSYCHIC,17,0,3,0,20,0,17,15+,0
AF109020626,LEGEND,LYNX,7,10,7,7,14,17,-3,3-4,2
AF109020926,PSYCHIC,HURRICANE,0,0,3,14,3,14,0,level,0
AF109030626,ROCKET,KRAKEN,7,10,14,6,21,16,-3,3-4,1
AF109030926,LEGEND,HERMES,14,7,14,7,28,14,7,5-7,0
AF109040626,AVATAR,LAZARUS,14,14,15,17,29,31,0,level,2
AF109040726,NIRVANA,REGRET,9,7,7,0,16,7,2,1-2,0
AF109050926,PHOENIX,LUNA,3,7,8,14,11,21,-4,3-4,0
AF109060626,HERMES,OVERDRIVE,0,10,7,7,7,17,-10,8-10,0
AF109060826,HERMES,SAGE,7,7,8,7,15,14,0,level,1
AF109070826,OFFICER,LEGEND,17,7,7,14,24,21,10,8-10,0
AF109080926,ROCKET,ROMAN,10,14,8,7,18,21,-4,3-4,0
AF109110726,KRAKEN,SHROUD,7,14,7,17,14,31,-7,5-7,0
AF109150826,ASTRONAUT,ACE,10,3,0,13,10,16,7,5-7,1
AF109170726,OFFICER,HERMES,21,0,0,3,21,3,21,15+,0
AF109190526,RICOCHET,ENFORCER,0,13,6,10,6,23,-13,11-14,0
AF109190726,NIRVANA,MINDFLAYER,14,3,7,8,21,11,11,11-14,0
AF109230626,ENFORCER,MIRAGE,7,7,0,7,7,14,0,level,0
AF109230826,NIGHTMARE,LIZARD,10,7,10,10,20,17,3,3-4,0
AF109240526,MEMENTO,OFFICER,3,7,6,14,9,21,-4,3-4,0
AF109240626,ROMAN,OCTANE,0,14,6,3,6,17,-14,11-14,0
AF109240826,PINNACLE,LAZARUS,14,14,0,7,14,21,0,level,0
AF109250626,ORIGINAL,ENFORCER,7,14,0,7,7,21,-7,5-7,0
AF109250726,ORIGINAL,MIRAGE,7,21,14,7,21,28,-14,11-14,0
AF109270726,KATANA,MONSTER,14,21,14,10,28,31,-7,5-7,0
AF109270826,JUDGEMENT,PSYCHIC,7,3,0,8,7,11,4,3-4,1
AF109290526,OFFICER,HERMES,14,0,10,14,24,14,14,11-14,0
AF109300426,PRISMATIC,STEEL,7,7,17,15,24,22,0,level,2
AF109300526,IMPERIAL,KRAKEN,0,3,0,7,0,10,-3,3-4,0
AF109310526,VALIANT,LUNA,0,7,6,0,6,7,-7,5-7,0
AF109310726,VALIANT,SUMMIT,0,14,19,7,19,21,-14,11-14,0
AF110010526,PRECISION,HURRICANE,7,14,7,3,14,17,-7,5-7,0
AF110010626,VALIANT,ROCKET,28,24,7,0,35,24,4,3-4,0
AF110010926,SABRE,ROCKET,21,14,7,7,28,21,7,5-7,0
AF110020526,CRYSTAL,SPLINTER,6,7,7,3,13,10,-1,1-2,1
AF110020626,SEEKER,SENTINEL,13,14,6,7,19,21,-1,1-2,0
AF110020726,JUDGEMENT,LAZARUS,0,7,15,7,15,14,-7,5-7,1
AF110030626,HURRICANE,METEOR,14,7,9,6,23,13,7,5-7,0
AF110030926,SUMMIT,MIMIC,10,3,7,3,17,6,7,5-7,0
AF110040626,NEON,VALIANT,7,0,3,12,10,12,7,5-7,1
AF110040726,NIRVANA,GADGET,7,7,14,7,21,14,0,level,0
AF110050926,KRAKEN,PHOENIX,14,10,6,7,20,17,4,3-4,2
AF110060626,ASTRONAUT,OVERDRIVE,7,21,24,7,31,28,-14,11-14,1
AF110060826,LUNA,HERMES,7,14,8,7,15,21,-7,5-7,0
AF110070826,IMPERIAL,VALIANT,10,10,21,8,31,18,0,level,0
AF110080926,ROMAN,KATANA,7,14,15,15,22,29,-7,5-7,2
AF110110726,MEMENTO,PRECISION,0,17,21,6,21,23,-17,15+,0
AF110170726,ROMAN,WARRIOR,0,10,0,7,0,17,-10,8-10,0
AF110190526,MAVERICK,RICOCHET,14,14,17,20,31,34,0,level,3
AF110190726,MAVERICK,NIRVANA,10,10,2,7,12,17,0,level,0
AF110230626,MIRAGE,PRISMATIC,7,7,7,3,14,10,0,level,0
AF110230826,FENRIR,NIGHTMARE,21,7,7,15,28,22,14,11-14,0
AF110240526,LUNA,ROCKET,7,7,7,3,14,10,0,level,1
AF110240626,METEOR,OVERDRIVE,10,0,0,7,10,7,10,8-10,0
AF110240826,STRIDER,SHARK,24,0,3,0,27,0,24,15+,0
AF110250626,SCHOLAR,ORIGINAL,14,7,3,7,17,14,7,5-7,0
AF110250726,MIRAGE,SCHOLAR,14,10,7,8,21,18,4,3-4,0
AF110270826,ACE,LAZARUS,10,7,0,7,10,14,3,3-4,1
AF110290526,LEO,ASTRONAUT,21,10,14,0,35,10,11,11-14,0
AF110300426,STEEL,TOMBSTONE,0,21,7,14,7,35,-21,15+,0
AF110310526,METEOR,ASTRONAUT,28,14,10,7,38,21,14,11-14,0
AF110310726,SENTINEL,VALIANT,7,7,10,0,17,7,0,level,0
AF111010526,OVERDRIVE,JUDGEMENT,10,21,0,0,10,21,-11,11-14,0
AF111020626,ROCKET,SAGE,0,14,15,7,15,21,-14,11-14,0
AF111020726,CRYSTAL,SAGE,7,7,8,10,15,17,0,level,2
AF111020926,CRYSTAL,HURRICANE,7,7,3,7,10,14,0,level,0
AF111030626,ANVIL,ROCKET,0,14,7,3,7,17,-14,11-14,0
AF111030926,CRYSTAL,SAGE,10,7,0,7,10,14,3,3-4,1
AF111040626,PHOENIX,SHROUD,21,7,0,15,21,22,14,11-14,1
AF111050926,KRAKEN,LUNA,14,17,7,7,21,24,-3,3-4,0
AF111060826,SAGE,LUNA,6,7,11,14,17,21,-1,1-2,4
AF111070826,CRYSTAL,ROCKET,7,6,10,8,17,14,1,1-2,0
AF111110726,PSYCHIC,MONSTER,3,0,14,7,17,7,3,3-4,2
AF111170726,MONSTER,PHOENIX,7,20,0,4,7,24,-13,11-14,0
AF111190526,MAVERICK,ENFORCER,14,0,3,7,17,7,14,11-14,0
AF111190726,MAVERICK,MINDFLAYER,7,14,15,7,22,21,-7,5-7,1
AF111230626,PRISMATIC,ENFORCER,14,14,14,0,28,14,0,level,0
AF111230826,FENRIR,LIZARD,7,7,7,10,14,17,0,level,0
AF111240526,LEO,SHROUD,10,14,7,10,17,24,-4,3-4,2
AF111240626,CLASH,LAZARUS,14,10,7,6,21,16,4,3-4,0
AF111240826,UNICORN,LEO,17,0,7,16,24,16,17,15+,0
AF111250626,SAGE,LAZARUS,10,7,7,6,17,13,3,3-4,2
AF111290526,JUDGEMENT,LEO,10,0,13,8,23,8,10,8-10,0
AF111300426,PRISMATIC,MINDFLAYER,21,21,0,7,21,28,0,level,0
AF111310726,SUMMIT,SENTINEL,12,14,7,8,19,22,-2,1-2,2
AF112010526,LAZARUS,HERMES,0,0,14,8,14,8,0,level,2
AF112010626,ROCKET,NEON,0,13,6,0,6,13,-13,11-14,0
AF112020626,LEGEND,SHROUD,14,7,0,0,14,7,7,5-7,0
AF112020726,ROCKET,CRYSTAL,7,10,0,0,7,10,-3,3-4,0
AF112030626,VALIANT,HURRICANE,10,0,0,7,10,7,10,8-10,0
AF112050926,LUNA,PHOENIX,14,7,10,7,24,14,7,5-7,0
AF112110726,LAZARUS,SHROUD,21,21,7,10,28,31,0,level,0
AF112150826,SHROUD,KRAKEN,14,7,3,7,17,14,7,5-7,0
AF112170726,OFFICER,LEO,14,14,13,14,27,28,0,level,0
AF112230626,ENFORCER,PRISMATIC,21,14,14,15,35,29,7,5-7,0
AF112230826,VALIANT,HURRICANE,0,7,3,14,3,21,-7,5-7,0
AF112240626,CRYSTAL,OCTANE,7,7,10,8,17,15,0,level,2
AF112250626,SAGE,KRAKEN,0,14,14,7,14,21,-14,11-14,0
AF112290526,LYNX,HERMES,7,10,7,0,14,10,-3,3-4,1
AF112300426,PRISMATIC,STEEL,14,14,0,7,14,21,0,level,0
AF112310526,KRAKEN,PHOENIX,7,17,0,3,7,20,-10,8-10,0
AF113010526,PRECISION,METEOR,0,3,14,7,14,10,-3,3-4,3
AF113020626,SEEKER,GENIUS,10,21,3,7,13,28,-11,11-14,0
AF113020726,SAGE,ROCKET,3,14,14,7,17,21,-11,11-14,2
AF113110726,SENTRY,MEMENTO,7,14,11,3,18,17,-7,5-7,1
AF113150826,SENTRY,PRECISION,14,7,14,15,28,22,7,5-7,2
AF113170726,ROMAN,SHARK,14,7,6,7,20,14,7,5-7,0
AF113230626,CRYSTAL,LUNA,7,14,16,7,23,21,-7,5-7,3
AF113230826,OCTANE,HURRICANE,7,6,10,7,17,13,1,1-2,0
AF113240626,PHOENIX,OVERDRIVE,17,0,0,7,17,7,17,15+,0
AF113250626,KRAKEN,SAGE,7,7,8,10,15,17,0,level,2
AF113290526,MEMENTO,HERMES,14,24,8,3,22,27,-10,8-10,0
AF113300426,STEEL,MINDFLAYER,14,7,21,0,35,7,7,5-7,0
AF113310526,LEO,PRECISION,14,7,0,10,14,17,7,5-7,1
AF114010526,OVERDRIVE,MEMENTO,21,7,14,15,35,22,14,11-14,0
AF114010626,ROCKET,MONSTER,14,14,14,6,28,20,0,level,0
AF114020626,ROCKET,PHOENIX,14,7,3,0,17,7,7,5-7,0
AF114020726,CRYSTAL,SAGE,6,0,3,7,9,7,6,5-7,2
AF114110726,PSYCHIC,LUNA,3,3,8,6,11,9,0,level,0
AF114170726,MONSTER,VALIANT,3,0,0,7,3,7,3,3-4,1
AF114230626,CRYSTAL,SORCERER,24,14,7,7,31,21,10,8-10,0
AF114230826,VALIANT,OCTANE,14,0,14,18,28,18,14,11-14,0
AF114240626,GADGET,HEADHUNTER,0,7,0,10,0,17,-7,5-7,0
AF114250626,KRAKEN,LAZARUS,14,7,16,18,30,25,7,5-7,0
AF114290526,HERMES,OFFICER,17,7,7,15,24,22,10,8-10,0
AF114300426,TOMBSTONE,PRISMATIC,7,14,7,14,14,28,-7,5-7,0
AF115010526,LEGEND,OFFICER,7,7,7,10,14,17,0,level,0
AF115010626,PATHFINDER,PRECISION,17,7,6,7,23,14,10,8-10,0
AF115020626,LYNX,AVATAR,7,7,17,6,24,13,0,level,0
AF115020726,ROCKET,CRYSTAL,7,10,13,7,20,17,-3,3-4,1
AF115110726,LAZARUS,KRAKEN,7,14,0,7,7,21,-7,5-7,0
AF115170726,MERCENARY,HERMES,6,7,6,0,12,7,-1,1-2,1
AF115230626,JUDGEMENT,KATANA,21,14,7,6,28,20,7,5-7,0
AF115230826,HURRICANE,VALIANT,10,7,7,0,17,7,3,3-4,0
AF115240626,NIGHTMARE,GADGET,17,24,14,8,31,32,-7,5-7,2
AF115250626,LAZARUS,SAGE,10,6,3,10,13,16,4,3-4,1
AF115290526,ASTRONAUT,JUDGEMENT,10,3,3,0,13,3,7,5-7,0
AF115310526,VALIANT,PHOENIX,7,14,7,7,14,21,-7,5-7,0
AF116020626,SENTINEL,NEON,13,7,8,0,21,7,6,5-7,0
AF116110726,SENTRY,PRECISION,3,7,0,7,3,14,-4,3-4,0
AF116150826,PSYCHIC,VALIANT,0,17,25,21,25,38,-17,15+,0
AF116170726,DAME,WARRIOR,7,10,0,14,7,24,-3,3-4,0
AF116230626,LUNA,CRYSTAL,3,10,7,3,10,13,-7,5-7,0
AF116230826,METEOR,PATHFINDER,35,21,10,0,45,21,14,11-14,0
AF116240626,HEADHUNTER,NIGHTMARE,7,10,7,6,14,16,-3,3-4,2
AF116250626,KRAKEN,SAGE,7,7,7,0,14,7,0,level,0
AF116290526,LEO,ASTRONAUT,7,7,10,8,17,15,0,level,0
AF116300426,STEEL,PRISMATIC,3,14,13,14,16,28,-11,11-14,0
AF116310526,METEOR,PRECISION,3,7,0,7,3,14,-4,3-4,0
AF117010626,ROCKET,VALIANT,7,7,0,3,7,10,0,level,0
AF117020626,SAGE,OCTANE,3,14,13,7,16,21,-11,11-14,0
AF117110726,IMPERIAL,MONSTER,14,21,0,0,14,21,-7,5-7,0
AF117150826,PSYCHIC,PHOENIX,0,10,7,7,7,17,-10,8-10,0
AF117170726,LUNA,PHOENIX,7,14,3,0,10,14,-7,5-7,0
AF117230626,LYNX,JUDGEMENT,14,0,7,14,21,14,14,11-14,0
AF117230826,HERMES,PATHFINDER,7,3,7,7,14,10,4,3-4,2
AF117240626,GADGET,HEADHUNTER,14,3,14,11,28,14,11,11-14,0
AF117290526,ANVIL,UNICORN,7,7,0,7,7,14,0,level,0
AF117300526,LEO,OFFICER,7,7,7,10,14,17,0,level,0
AF117310526,OFFICER,CLASH,14,10,7,14,21,24,4,3-4,3
AF118010526,LAZARUS,OFFICER,10,7,0,14,10,21,3,3-4,1
AF118020626,LEGEND,AVATAR,14,14,8,7,22,21,0,level,1
AF118110726,KRAKEN,SHROUD,14,7,0,14,14,21,7,5-7,1
AF118170726,LEO,HERMES,7,10,14,0,21,10,-3,3-4,1
AF118230626,SORCERER,LUNA,13,14,14,10,27,24,-1,1-2,1
AF118230826,ACE,PATHFINDER,7,14,7,7,14,21,-7,5-7,0
AF118240626,NIGHTMARE,GADGET,21,0,7,7,28,7,21,15+,0
AF118290526,ANVIL,PHOENIX,0,17,7,0,7,17,-17,15+,0
AF118300426,TOMBSTONE,STEEL,0,7,0,7,0,14,-7,5-7,0
AF118300526,LEO,PRECISION,14,7,3,7,17,14,7,5-7,0
AF118310526,PINNACLE,OFFICER,7,0,7,0,14,0,7,5-7,0
AF119010626,LYNX,MEMENTO,3,14,12,3,15,17,-11,11-14,0
AF119020626,SEEKER,NEON,3,6,14,14,17,20,-3,3-4,4
AF119110726,MEMENTO,PRECISION,3,7,14,13,17,20,-4,3-4,0
AF119150826,PHOENIX,VALIANT,3,3,14,0,17,3,0,level,0
AF119170726,SHARK,WARRIOR,7,0,7,8,14,8,7,5-7,0
AF119230626,KATANA,LYNX,3,7,7,7,10,14,-4,3-4,2
AF119230826,PATHFINDER,METEOR,14,7,0,13,14,20,7,5-7,1
AF119240626,HEADHUNTER,NIGHTMARE,7,10,7,7,14,17,-3,3-4,2
AF119290526,PHOENIX,ANVIL,14,7,13,0,27,7,7,5-7,0
AF119300426,PRECISION,MEMENTO,7,14,14,10,21,24,-7,5-7,0
AF119300526,PRECISION,LEO,7,0,6,0,13,0,7,5-7,0
AF119310526,CLASH,PINNACLE,7,7,7,8,14,15,0,level,1
AF120010626,ASTRONAUT,PRECISION,14,17,0,0,14,17,-3,3-4,0
AF120020626,ROCKET,OCTANE,7,7,7,10,14,17,0,level,0
AF120110726,LUNA,MONSTER,7,17,11,7,18,24,-10,8-10,2
AF120170726,VALIANT,PHOENIX,10,7,0,7,10,14,3,3-4,1
AF120230626,SORCERER,CRYSTAL,7,14,0,14,7,28,-7,5-7,0
AF120240626,GADGET,HEADHUNTER,17,14,7,0,24,14,3,3-4,0
AF120290526,PHOENIX,UNICORN,6,7,6,0,12,7,-1,1-2,1
AF120300426,SHROUD,VALIANT,7,14,8,3,15,17,-7,5-7,2
AF120300526,PRECISION,OFFICER,7,17,0,7,7,24,-10,8-10,0
AF120310526,OFFICER,CLASH,7,7,0,3,7,10,0,level,0
AF121010526,JUDGEMENT,MEMENTO,3,7,10,7,13,14,-4,3-4,2
AF121010626,CLASH,LYNX,14,10,7,9,21,19,4,3-4,0
AF121110726,LAZARUS,SHROUD,21,28,0,7,21,35,-7,5-7,0
AF121150826,PHOENIX,PSYCHIC,10,0,0,0,10,0,10,8-10,0
AF121170726,LEO,MERCENARY,0,0,7,10,7,10,0,level,1
AF121230626,LUNA,CRYSTAL,7,3,7,7,14,10,4,3-4,0
AF121240626,NIGHTMARE,GADGET,7,14,7,3,14,17,-7,5-7,0
AF121290526,UNICORN,ANVIL,3,7,7,0,10,7,-4,3-4,1
AF121300426,MEMENTO,HERMES,10,14,7,0,17,14,-4,3-4,1
AF121300526,OFFICER,LEO,0,10,6,0,6,10,-10,8-10,0
AF121310526,PINNACLE,OFFICER,7,3,7,14,14,17,4,3-4,3
AF122010526,OVERDRIVE,JUDGEMENT,10,0,7,7,17,7,10,8-10,0
AF122010626,ASTRONAUT,PATHFINDER,14,7,10,13,24,20,7,5-7,0
AF122170726,SHARK,DAME,0,17,7,18,7,35,-17,15+,0
AF122230626,CRYSTAL,SORCERER,7,0,14,0,21,0,7,5-7,0
AF122240626,GADGET,NIGHTMARE,14,7,14,0,28,7,7,5-7,0
AF122290526,PHOENIX,ANVIL,0,10,14,0,14,10,-10,8-10,1
AF122300426,VALIANT,ROCKET,7,10,7,8,14,18,-3,3-4,2
AF122300526,PRECISION,LEO,0,7,14,0,14,7,-7,5-7,1
AF123010526,MEMENTO,OVERDRIVE,21,0,0,11,21,11,21,15+,0
AF123010626,MEMENTO,CLASH,10,14,7,7,17,21,-4,3-4,2
AF123110726,LUNA,IMPERIAL,10,14,14,7,24,21,-4,3-4,3
AF123170726,VALIANT,LUNA,7,13,0,0,7,13,-6,5-7,0
AF123230626,JUDGEMENT,KATANA,14,0,3,8,17,8,14,11-14,0
AF123300426,PRECISION,LAZARUS,14,0,10,15,24,15,14,11-14,0
AF123300526,SHROUD,VALIANT,10,7,0,7,10,14,3,3-4,1
AF124010526,JUDGEMENT,MEMENTO,7,3,7,14,14,17,4,3-4,3
AF124010626,ASTRONAUT,PRECISION,24,14,6,14,30,28,10,8-10,2
AF124110726,SHROUD,KRAKEN,14,14,0,10,14,24,0,level,0
AF124170726,HERMES,OFFICER,0,0,7,17,7,17,0,level,0
AF124230626,LUNA,CRYSTAL,0,10,3,7,3,17,-10,8-10,0
AF124300426,SHROUD,CRYSTAL,0,10,13,14,13,24,-10,8-10,0
AF124300526,LUNA,KRAKEN,3,10,14,3,17,13,-7,5-7,1
AF125010526,OVERDRIVE,JUDGEMENT,3,0,6,7,9,7,3,3-4,2
AF125010626,ASTRONAUT,PATHFINDER,7,10,7,10,14,20,-3,3-4,0
AF125110726,PRECISION,SENTRY,10,7,14,13,24,20,3,3-4,4
AF125170726,WARRIOR,ROMAN,10,0,21,6,31,6,10,8-10,0
AF125230626,LYNX,JUDGEMENT,7,7,6,14,13,21,0,level,0
AF125300426,PRECISION,HERMES,7,14,7,14,14,28,-7,5-7,0
AF125300526,CRYSTAL,SHROUD,7,0,7,8,14,8,7,5-7,0
AF126010526,HURRICANE,METEOR,7,10,14,7,21,17,-3,3-4,1
AF126010626,LYNX,MEMENTO,14,14,0,7,14,21,0,level,0
AF126110726,MONSTER,PSYCHIC,0,13,14,6,14,19,-13,11-14,0
AF126170726,PHOENIX,MONSTER,7,6,7,0,14,6,1,1-2,0
AF126300426,SHROUD,ROCKET,17,13,14,13,31,26,4,3-4,0
AF126300526,KRAKEN,LUNA,10,7,14,7,24,14,3,3-4,2
AF127010526,PRECISION,HURRICANE,0,16,13,7,13,23,-16,15+,0
AF127010626,PRECISION,ASTRONAUT,21,0,3,6,24,6,21,15+,0
AF127110726,KRAKEN,LAZARUS,14,14,0,3,14,17,0,level,0
AF127170726,LEO,OFFICER,14,21,7,2,21,23,-7,5-7,0
AF127300426,MEMENTO,LAZARUS,7,7,10,7,17,14,0,level,0
AF127300526,KRAKEN,IMPERIAL,0,7,13,14,13,21,-7,5-7,0
AF128010526,METEOR,PRECISION,14,0,3,0,17,0,14,11-14,0
AF128010626,CLASH,LYNX,14,7,0,0,14,7,7,5-7,0
AF128110726,MEMENTO,PRECISION,7,7,10,17,17,24,0,level,1
AF128170726,SHARK,ROMAN,14,6,7,0,21,6,8,8-10,0
AF128300426,VALIANT,CRYSTAL,7,0,7,3,14,3,7,5-7,0
AF128300526,CRYSTAL,VALIANT,10,0,3,0,13,0,10,8-10,0
AF129010526,HURRICANE,METEOR,3,0,7,7,10,7,3,3-4,0
AF129010626,PATHFINDER,ASTRONAUT,28,7,0,7,28,14,21,15+,0
AF129110726,LUNA,PSYCHIC,3,7,14,14,17,21,-4,3-4,4
AF129170726,VALIANT,MONSTER,0,13,7,7,7,20,-13,11-14,0
AF129300426,HERMES,LAZARUS,0,14,0,0,0,14,-14,11-14,0
AF129300526,VALIANT,SHROUD,14,14,6,0,20,14,0,level,0
AF130010526,PRECISION,HURRICANE,7,3,7,0,14,3,4,3-4,0
AF130110726,SHROUD,LAZARUS,14,7,7,7,21,14,7,5-7,0
AF130300426,ROCKET,CRYSTAL,17,7,10,15,27,22,10,8-10,0
AF130300526,IMPERIAL,LUNA,21,20,14,7,35,27,1,1-2,0
AF131300426,HERMES,MEMENTO,7,10,0,7,7,17,-3,3-4,0
AF131300526,SHROUD,CRYSTAL,14,0,3,6,17,6,14,11-14,0
AF132300426,ROCKET,VALIANT,14,14,7,8,21,22,0,level,1
AF132300526,KRAKEN,LUNA,7,7,14,8,21,15,0,level,0
AF133300426,LAZARUS,PRECISION,7,3,7,7,14,10,4,3-4,2
AF133300526,VALIANT,CRYSTAL,7,7,6,7,13,14,0,level,0
AF134300426,CRYSTAL,SHROUD,6,0,7,7,13,7,6,5-7,0
AF135300426,HERMES,PRECISION,14,7,3,7,17,14,7,5-7,0
AF136300426,ROCKET,SHROUD,17,7,7,6,24,13,10,8-10,0
