AF001170926,1,0,0,Home Team,0.4265,0.48100000000000004,0,1,1
AF001170926,1,0,0,Home Team,0.4313,0.4515,0,1,1
AF001170926,1,0,0,Home Team,0.4033,0.46,0,1,1
AF001170926,1,0,0,Away Team,0.4033,0.41600000000000004,0,1,1
AF001170926,1,0,0,Away Team,0.4033,0.4025,0,1,1
AF001170926,1,0,0,Away Team,0.2828,0.374,0,1,1
AF001170926,1,0,0,Away Team,0.278,0.35,0,1,1
AF001170926,1,0,0,Away Team,0.2468,0.35600000000000004,0,1,1
AF001170926,1,0,0,Away Team,0.242,0.317,0,1,1
AF001170926,1,0,0,Away Team,0.2632,0.32549999999999996,0,1,1
AF001170926,1,0,0,Away Team,0.231,0.30519999999999997,0,1,1
AF001170926,2,0,0,Away Team,0.2347,0.314,0,1,1
AF001170926,2,0,6,Away Team,0.2347,0.255,0,1,1
AF001170926,2,0,7,Away Team,0.18359999999999999,0.258,0,1,1
AF001170926,2,0,7,Home Team,0.1797,0.24600000000000002,0,1,1
AF001170926,2,0,7,Home Team,0.1916,0.2595,0,1,1
AF001170926,2,0,7,Home Team,0.1956,0.276,0,1,1
AF001170926,2,6,7,Home Team,0.1956,0.34850000000000003,0,1,1
AF001170926,2,7,7,Home Team,0.24489999999999998,0.33049999999999996,0,1,1
AF001170926,2,7,7,Away Team,0.2434,0.36450000000000005,0,1,1
AF001170926,2,7,7,Away Team,0.2625,0.36,0,1,1
AF001170926,2,7,7,Away Team,0.21420000000000003,0.32299999999999995,0,1,1
AF001170926,2,7,7,Away Team,0.25579999999999997,0.3455,0,1,1
AF001170926,2,7,7,Away Team,0.2875,0.38799999999999996,0,1,1
AF001170926,2,7,7,Away Team,0.2875,0.4985,0,1,1
AF001170926,2,7,7,Home Team,0.2912,0.469,0,1,1
AF001170926,2,7,7,Home Team,0.4437,0.4765,0,1,1
AF001170926,2,7,7,Home Team,0.324,0.37770000000000004,0,1,1
AF001170926,2,7,7,Home Team,0.324,0.3045,0,1,1
AF001170926,2,7,7,Away Team,0.35159999999999997,0.34299999999999997,0,1,1
AF001170926,2,7,7,Away Team,0.22649999999999998,0.33,0,1,1
AF001170926,2,7,7,Away Team,0.218,0.311,0,1,1
AF001170926,2,7,7,Away Team,0.2328,0.322,0,1,1
AF001170926,2,7,7,Away Team,0.2262,0.3395,0,1,1
AF001170926,2,7,10,Away Team,0.2262,0.249,0,1,1
AF001180926,1,0,0,Away Team,0.42369999999999997,0.46549999999999997,1,1,1
AF001180926,1,0,0,Away Team,0.43200000000000005,0.46,1,1,1
AF001180926,1,0,0,Away Team,0.4473,0.4815,1,1,1
AF001180926,1,0,0,Away Team,0.4278,0.4545,1,1,1
AF001180926,1,0,0,Away Team,0.365,0.40950000000000003,1,1,1
AF001180926,1,0,0,Away Team,0.36369999999999997,0.381,1,1,1
AF001180926,1,0,0,Away Team,0.3703,0.385,1,1,1
AF001180926,1,0,0,Away Team,0.3703,0.40399999999999997,1,1,1
AF001180926,2,0,0,Home Team,0.3703,0.574,1,1,1
AF001180926,2,0,0,Home Team,0.5752,0.6308,1,1,1
AF001180926,2,0,0,Home Team,0.6097,0.619,1,1,1
AF001180926,2,0,0,Home Team,0.637,0.647,1,1,1
AF001180926,2,0,0,Home Team,0.6354,0.6555,1,1,1
AF001180926,2,0,0,Home Team,0.6648000000000001,0.675,1,1,1
AF001180926,2,0,0,Home Team,0.6717,0.652,1,1,1
AF001180926,2,0,0,Home Team,0.7120000000000001,0.693,1,1,1
AF001180926,2,0,0,Home Team,0.7120000000000001,0.73,1,1,1
AF001180926,2,0,0,Home Team,0.6984999999999999,0.7240000000000001,1,1,1
AF001180926,2,0,0,Home Team,0.7309,0.7290000000000001,1,1,1
AF001180926,2,0,0,Home Team,0.7309,0.6890000000000001,1,1,1
AF001180926,2,3,0,Home Team,0.7309,0.7284999999999999,1,1,1
AF001190926,1,0,0,Home Team,0.5753,0.474,1,1,1
AF001190926,1,0,0,Away Team,0.42710000000000004,0.3065,1,1,1
AF001190926,1,0,0,Away Team,0.4117,0.303,1,1,1
AF001190926,1,0,0,Away Team,0.39490000000000003,0.297,1,1,1
AF001190926,1,0,0,Away Team,0.38880000000000003,0.32,1,1,1
AF001190926,1,0,0,Away Team,0.3593,0.28350000000000003,1,1,1
AF001190926,1,0,6,Away Team,0.3593,0.2395,1,1,1
AF001190926,1,0,7,Away Team,0.3381,0.22399999999999998,1,1,1
AF001190926,1,0,7,Home Team,0.3206,0.23199999999999998,1,1,1
AF001190926,1,0,7,Home Team,0.3318,0.256,1,1,1
AF001190926,1,0,7,Home Team,0.3532,0.2675,1,1,1
AF001190926,2,0,7,Home Team,0.361,0.268,1,1,1
AF001190926,2,0,7,Home Team,0.3768,0.2895,1,1,1
AF001190926,2,0,7,Home Team,0.36840000000000006,0.2955,1,1,1
AF001190926,2,0,7,Home Team,0.342,0.28600000000000003,1,1,1
AF001190926,2,0,7,Home Team,0.33159999999999995,0.23850000000000002,1,1,1
AF001190926,2,6,7,Home Team,0.33159999999999995,0.321,1,1,1
AF001190926,2,7,7,Home Team,0.38770000000000004,0.33,1,1,1
AF001190926,2,7,7,Away Team,0.3712,0.314,1,1,1
AF001190926,2,7,7,Away Team,0.4207,0.345,1,1,1
AF001190926,2,7,7,Away Team,0.4704,0.414,1,1,1
AF001190926,2,7,7,Away Team,0.37070000000000003,0.3,1,1,1
AF001190926,2,7,7,Away Team,0.3591,0.3135,1,1,1
AF001190926,2,7,7,Away Team,0.2865,0.225,1,1,1
AF001190926,2,7,7,Away Team,0.2808,0.2325,1,1,1
AF001190926,2,7,13,Away Team,0.2808,0.1555,1,1,1
AF001190926,2,7,14,Away Team,0.19039999999999999,0.1625,1,1,1
AF001190926,2,7,14,Home Team,0.19039999999999999,0.149,1,1,1
AF001190926,2,7,14,Home Team,0.1674,0.1545,1,1,1
AF001190926,2,7,14,Home Team,0.245,0.124,1,1,1
AF001200926,1,0,0,Home Team,0.5213,0.5367999999999999,0,1,1
AF001200926,1,0,0,Home Team,0.5067,0.5235,0,1,1
AF001200926,1,0,0,Home Team,0.4961,0.6635,0,1,1
AF001200926,1,0,0,Home Team,0.598,0.6253,0,1,1
AF001200926,1,6,0,Home Team,0.598,0.675,0,1,1
AF001200926,1,7,0,Home Team,0.6213000000000001,0.6905,0,1,1
AF001200926,1,7,0,Away Team,0.6075,0.672,0,1,1
AF001200926,1,7,0,Away Team,0.6197,0.6875,0,1,1
AF001200926,1,7,0,Away Team,0.6133,0.6855,0,1,1
AF001200926,1,7,0,Away Team,0.5740999999999999,0.6385000000000001,0,1,1
AF001200926,1,7,0,Away Team,0.6028,0.6515000000000001,0,1,1
AF001200926,1,7,6,Away Team,0.6028,0.5465,0,1,1
AF001200926,1,7,7,Away Team,0.513,0.5385,0,1,1
AF001200926,2,7,7,Home Team,0.5125,0.5672999999999999,0,1,1
AF001200926,2,7,7,Home Team,0.5065,0.5418,0,1,1
AF001200926,2,7,7,Home Team,0.5291,0.5896,0,1,1
AF001200926,2,7,7,Home Team,0.5495,0.589,0,1,1
AF001200926,2,7,7,Home Team,0.5664,0.6085,0,1,1
AF001200926,2,7,7,Home Team,0.5206000000000001,0.5735,0,1,1
AF001200926,2,7,7,Home Team,0.5943999999999999,0.637,0,1,1
AF001200926,2,7,7,Home Team,0.6036,0.636,0,1,1
AF001200926,2,7,7,Home Team,0.5732,0.6435,0,1,1
AF001200926,2,7,7,Home Team,0.5732,0.5820000000000001,0,1,1
AF001200926,2,10,7,Home Team,0.486,0.5855,0,1,1
AF001200926,2,10,7,Away Team,0.47619999999999996,0.5965,0,1,1
AF001200926,2,10,7,Away Team,0.48200000000000004,0.5645,0,1,1
AF001200926,2,10,7,Away Team,0.5403,0.564,0,1,1
AF001200926,2,10,7,Away Team,0.44049999999999995,0.494,0,1,1
AF001200926,2,10,10,Away Team,0.44049999999999995,0.469,0,1,1
AF001200926,2,10,10,Home Team,0.4182,0.48100000000000004,0,1,1
AF001200926,2,10,10,Home Team,0.4113,0.45049999999999996,0,1,1
AF001210926,1,0,0,Home Team,0.5489999999999999,0.5665,0,1,1
AF001210926,1,0,0,Home Team,0.5293,0.5395,0,1,1
AF001210926,1,0,0,Home Team,0.5749,0.5895,0,1,1
AF001210926,1,0,0,Home Team,0.597,0.589,0,1,1
AF001210926,1,0,0,Home Team,0.6019,0.5995,0,1,1
AF001210926,1,0,0,Home Team,0.5679,0.5805,0,1,1
AF001210926,1,0,0,Home Team,0.5957,0.61,0,1,1
AF001210926,1,0,0,Home Team,0.5843,0.5978,0,1,1
AF001210926,2,0,0,Home Team,0.5709000000000001,0.5765,0,1,1
AF001210926,2,0,0,Home Team,0.6249,0.5920000000000001,0,1,1
AF001210926,2,0,0,Home Team,0.6023,0.6,0,1,1
AF001210926,2,0,0,Home Team,0.5633,0.5615,0,1,1
AF001210926,2,0,0,Home Team,0.5633,0.48450000000000004,0,1,1
AF001210926,2,0,0,Home Team,0.4865,0.3635,0,1,1
AF001210926,2,0,0,Away Team,0.3889,0.3575,0,1,1
AF001210926,2,0,0,Away Team,0.38939999999999997,0.3715,0,1,1
AF001210926,2,0,0,Away Team,0.32539999999999997,0.34700000000000003,0,1,1
AF001210926,2,0,0,Away Team,0.29100000000000004,0.2955,0,1,1
AF001210926,2,0,0,Away Team,0.308,0.326,0,1,1
AF001210926,2,0,0,Away Team,0.308,0.3265,0,1,1
AF001210926,2,0,6,Away Team,0.33049999999999996,0.2455,0,1,1
AF001210926,2,0,7,Away Team,0.2125,0.2345,0,1,1
AF001210926,2,0,7,Home Team,0.2557,0.2455,0,1,1
AF001210926,2,0,7,Home Team,0.23309999999999997,0.218,0,1,1
AF001210926,2,0,7,Away Team,0.23309999999999997,0.062,0,1,1
AF001210926,2,0,7,Away Team,0.08,0.078,0,1,1
AF001210926,2,0,7,Home Team,0.1447,0.158,0,1,1
AF001210926,2,0,7,Home Team,0.1378,0.124,0,1,1
AF001220926,1,0,0,Home Team,0.5057,0.608,0,1,1
AF001220926,1,0,0,Home Team,0.4858,0.6015,0,1,1
AF001220926,1,0,0,Home Team,0.5517,0.6459999999999999,0,1,1
AF001220926,1,0,0,Home Team,0.5426,0.6405,0,1,1
AF001220926,1,6,0,Home Team,0.5426,0.688,0,1,1
AF001220926,1,7,0,Home Team,0.5921,0.7140000000000001,0,1,1
AF001220926,1,7,0,Away Team,0.617,0.7240000000000001,0,1,1
AF001220926,1,7,0,Away Team,0.6187,0.715,0,1,1
AF001220926,1,7,0,Away Team,0.5968,0.6995,0,1,1
AF001220926,1,7,0,Away Team,0.5814,0.6990000000000001,0,1,1
AF001220926,1,7,0,Away Team,0.5693,0.6679999999999999,0,1,1
AF001220926,2,7,0,Away Team,0.5783,0.6565000000000001,0,1,1
AF001220926,2,7,6,Away Team,0.5783,0.598,0,1,1
AF001220926,2,7,7,Away Team,0.4914,0.61,0,1,1
AF001220926,2,7,7,Home Team,0.48369999999999996,0.604,0,1,1
AF001220926,2,7,7,Home Team,0.5101,0.622,0,1,1
AF001220926,2,7,7,Home Team,0.5259,0.6305,0,1,1
AF001220926,2,7,7,Home Team,0.5176,0.6015,0,1,1
AF001220926,2,7,7,Home Team,0.4997,0.597,0,1,1
AF001220926,2,7,7,Away Team,0.2869,0.38549999999999995,0,1,1
AF001220926,2,7,7,Away Team,0.267,0.37200000000000005,0,1,1
AF001220926,2,7,7,Away Team,0.2843,0.376,0,1,1
AF001220926,2,7,7,Away Team,0.31329999999999997,0.4335,0,1,1
AF001220926,2,7,7,Away Team,0.26039999999999996,0.3245,0,1,1
AF001220926,2,7,7,Away Team,0.26039999999999996,0.3245,0,1,1
AF001220926,2,7,7,Away Team,0.2025,0.3165,0,1,1
AF001220926,2,7,7,Away Team,0.22690000000000002,0.3265,0,1,1
AF001220926,2,7,7,Away Team,0.2304,0.335,0,1,1
AF001220926,2,7,7,Away Team,0.2304,0.3505,0,1,1
AF001220926,2,7,10,Away Team,0.2273,0.335,0,1,1
AF001220926,2,7,10,Home Team,0.2571,0.3115,0,1,1
AF002170926,1,0,0,Home Team,0.4054,0.5660000000000001,1,1,1
AF002170926,1,0,0,Home Team,0.4079,0.568,1,1,1
AF002170926,1,0,0,Home Team,0.4335,0.6025,1,1,1
AF002170926,1,0,0,Home Team,0.4618,0.6025,1,1,1
AF002170926,1,6,0,Home Team,0.4618,0.695,1,1,1
AF002170926,1,7,0,Home Team,0.5017,0.6943,1,1,1
AF002170926,1,7,0,Away Team,0.5214,0.6943,1,1,1
AF002170926,1,7,0,Away Team,0.5074000000000001,0.6884999999999999,1,1,1
AF002170926,1,7,0,Away Team,0.4876,0.6609999999999999,1,1,1
AF002170926,1,7,0,Away Team,0.49920000000000003,0.6623,1,1,1
AF002170926,1,7,0,Away Team,0.4902,0.6735,1,1,1
AF002170926,2,7,0,Away Team,0.4779,0.6204999999999999,1,1,1
AF002170926,2,7,0,Away Team,0.4654,0.615,1,1,1
AF002170926,2,7,0,Away Team,0.4882,0.6455,1,1,1
AF002170926,2,7,0,Away Team,0.4882,0.7165,1,1,1
AF002170926,2,7,3,Away Team,0.561,0.7395,1,1,1
AF002170926,2,7,3,Home Team,0.5854,0.726,1,1,1
AF002170926,2,7,3,Home Team,0.6175,0.7585,1,1,1
AF002170926,2,7,3,Home Team,0.5767,0.743,1,1,1
AF002170926,2,7,3,Home Team,0.6426999999999999,0.7495,1,1,1
AF002170926,2,13,3,Home Team,0.6426999999999999,0.8345,1,1,1
AF002170926,2,14,3,Home Team,0.716,0.8275,1,1,1
AF002170926,2,14,3,Away Team,0.7369,0.8320000000000001,1,1,1
AF002170926,2,14,3,Away Team,0.7106999999999999,0.8534999999999999,1,1,1
AF002170926,2,14,3,Away Team,0.7615999999999999,0.8759999999999999,1,1,1
AF002170926,2,14,3,Away Team,0.7615999999999999,0.8905,1,1,1
AF002170926,2,14,3,Home Team,0.8978,0.9475,1,1,1
AF002170926,2,14,3,Home Team,0.9125,0.9505,1,1,1
AF002170926,2,14,3,Home Team,0.9351,0.9575,1,1,1
AF002170926,2,14,3,Home Team,0.9351,0.9665,1,1,1
AF002180926,1,0,0,Away Team,0.5403,0.5710000000000001,0,1,1
AF002180926,1,0,6,Away Team,0.5403,0.4752,0,1,1
AF002180926,1,0,7,Away Team,0.3969,0.4595,0,1,1
AF002180926,1,0,7,Home Team,0.3935,0.46149999999999997,0,1,1
AF002180926,1,0,7,Home Team,0.3479,0.4495,0,1,1
AF002180926,1,0,7,Home Team,0.32420000000000004,0.4255,0,1,1
AF002180926,1,0,7,Away Team,0.2187,0.3175,0,1,1
AF002180926,1,0,7,Away Team,0.2213,0.3265,0,1,1
AF002180926,1,0,7,Away Team,0.20379999999999998,0.3,0,1,1
AF002180926,1,0,7,Away Team,0.20980000000000001,0.2926,0,1,1
AF002180926,1,0,13,Away Team,0.20980000000000001,0.2325,0,1,1
AF002180926,1,0,14,Away Team,0.1605,0.228,0,1,1
AF002180926,1,0,14,Home Team,0.1501,0.20149999999999998,0,1,1
AF002180926,1,0,14,Home Team,0.1543,0.23199999999999998,0,1,1
AF002180926,1,0,14,Home Team,0.1616,0.2335,0,1,1
AF002180926,1,0,14,Home Team,0.168,0.2305,0,1,1
AF002180926,1,6,14,Home Team,0.168,0.319,0,1,1
AF002180926,1,7,14,Home Team,0.2488,0.3095,0,1,1
AF002180926,1,7,14,Away Team,0.2275,0.2965,0,1,1
AF002180926,1,7,14,Away Team,0.2302,0.2915,0,1,1
AF002180926,2,7,14,Away Team,0.2484,0.28850000000000003,0,1,1
AF002180926,2,7,14,Away Team,0.2302,0.3325,0,1,1
AF002180926,2,7,14,Away Team,0.2601,0.2335,0,1,1
AF002180926,2,7,14,Away Team,0.2118,0.2581,0,1,1
AF002180926,2,7,20,Away Team,0.2118,0.187,0,1,1
AF002180926,2,7,21,Away Team,0.1433,0.19949999999999998,0,1,1
AF002180926,2,7,21,Home Team,0.1335,0.17550000000000002,0,1,1
AF002180926,2,7,21,Home Team,0.1309,0.179,0,1,1
AF002180926,2,7,21,Home Team,0.1519,0.182,0,1,1
AF002180926,2,7,21,Home Team,0.13949999999999999,0.18899999999999997,0,1,1
AF002180926,2,7,21,Home Team,0.17149999999999999,0.2146,0,1,1
AF002180926,2,7,21,Home Team,0.15839999999999999,0.222,0,1,1
AF002180926,2,7,21,Home Team,0.18789999999999998,0.2375,0,1,1
AF002180926,2,7,21,Home Team,0.175,0.24,0,1,1
AF002180926,2,7,21,Home Team,0.1419,0.201,0,1,1
AF002180926,2,7,21,Away Team,0.08,0.06849999999999999,0,1,1
AF002180926,2,7,21,Away Team,0.08,0.0755,0,1,1
AF002210926,1,0,0,Away Team,0.4929,0.523,1,1,1
AF002210926,1,0,0,Away Team,0.5432,0.5605,1,1,1
AF002210926,1,0,0,Away Team,0.5987,0.5595,1,1,1
AF002210926,1,0,0,Away Team,0.4814,0.4955,1,1,1
AF002210926,1,0,0,Away Team,0.4546,0.48450000000000004,1,1,1
AF002210926,1,0,0,Away Team,0.43770000000000003,0.4755,1,1,1
AF002210926,1,0,0,Away Team,0.44770000000000004,0.4867,1,1,1
AF002210926,1,0,0,Away Team,0.4621,0.4882,1,1,1
AF002210926,1,0,0,Away Team,0.4818,0.493,1,1,1
AF002210926,2,0,0,Away Team,0.4818,0.5539999999999999,1,1,1
AF002210926,2,0,3,Away Team,0.5390999999999999,0.5435,1,1,1
AF002210926,2,0,3,Home Team,0.5527000000000001,0.5489999999999999,1,1,1
AF002210926,2,0,3,Home Team,0.5365,0.5225,1,1,1
AF002210926,2,0,3,Home Team,0.5808,0.5775,1,1,1
AF002210926,2,0,3,Home Team,0.5775,0.5845,1,1,1
AF002210926,2,6,3,Home Team,0.5775,0.6748000000000001,1,1,1
AF002210926,2,7,3,Home Team,0.6581,0.7070000000000001,1,1,1
AF002210926,2,7,3,Away Team,0.6515000000000001,0.6835,1,1,1
AF002210926,2,7,3,Away Team,0.6566,0.6475,1,1,1
AF002210926,2,7,3,Away Team,0.6365999999999999,0.6545000000000001,1,1,1
AF002210926,2,7,3,Away Team,0.6102000000000001,0.63,1,1,1
AF002210926,2,7,3,Away Team,0.6034,0.6409999999999999,1,1,1
AF002210926,2,7,3,Away Team,0.5982,0.631,1,1,1
AF002210926,2,7,9,Away Team,0.5982,0.48950000000000005,1,1,1
AF002210926,2,7,10,Away Team,0.5631,0.512,1,1,1
AF002210926,2,7,10,Home Team,0.5507,0.48950000000000005,1,1,1
AF002210926,2,7,10,Home Team,0.5097999999999999,0.4375,1,1,1
AF002210926,2,7,10,Home Team,0.5490999999999999,0.498,1,1,1
AF002210926,2,7,10,Home Team,0.49829999999999997,0.4755,1,1,1
AF002210926,2,7,10,Home Team,0.6789000000000001,0.5395,1,1,1
AF002210926,2,10,10,Home Team,0.6789000000000001,0.5893,1,1,1
AF002210926,2,10,10,Away Team,0.5953,0.59,1,1,1
AF003170926,1,0,0,Home Team,0.5179,0.46399999999999997,1,1,1
AF003170926,1,0,0,Home Team,0.506,0.48350000000000004,1,1,1
AF003170926,1,0,0,Home Team,0.522,0.47350000000000003,1,1,1
AF003170926,1,0,0,Home Team,0.5165,0.475,1,1,1
AF003170926,1,0,0,Home Team,0.48090000000000005,0.4465,1,1,1
AF003170926,1,0,0,Home Team,0.5431,0.5195000000000001,1,1,1
AF003170926,1,0,0,Home Team,0.5047,0.45770000000000005,1,1,1
AF003170926,1,0,0,Home Team,0.5796,0.53,1,1,1
AF003170926,1,0,0,Home Team,0.6157,0.541,1,1,1
AF003170926,2,6,0,Home Team,0.6157,0.5965,1,1,1
AF003170926,2,7,0,Home Team,0.636,0.612,1,1,1
AF003170926,2,7,0,Away Team,0.6247,0.5915,1,1,1
AF003170926,2,7,0,Away Team,0.588,0.5505,1,1,1
AF003170926,2,7,0,Away Team,0.588,0.5920000000000001,1,1,1
AF003170926,2,7,0,Away Team,0.5931000000000001,0.5465,1,1,1
AF003170926,2,7,0,Away Team,0.6085,0.5995,1,1,1
AF003170926,2,7,0,Away Team,0.6435,0.627,1,1,1
AF003170926,2,7,0,Home Team,0.8019,0.777,1,1,1
AF003170926,2,7,0,Home Team,0.8146,0.7795000000000001,1,1,1
AF003170926,2,7,0,Home Team,0.8325,0.799,1,1,1
AF003170926,2,7,0,Home Team,0.8325,0.8204,1,1,1
AF003180926,1,0,0,Away Team,0.5734,0.51,0,1,1
AF003180926,1,0,0,Away Team,0.5640999999999999,0.4905,0,1,1
AF003180926,1,0,0,Away Team,0.5865,0.5135000000000001,0,1,1
AF003180926,1,0,0,Away Team,0.5959,0.5479999999999999,0,1,1
AF003180926,1,0,0,Away Team,0.5433,0.4865,0,1,1
AF003180926,1,0,0,Away Team,0.5489,0.515,0,1,1
AF003180926,1,0,0,Away Team,0.5947,0.5235,0,1,1
AF003180926,1,0,0,Away Team,0.5183,0.46299999999999997,0,1,1
AF003180926,1,0,0,Away Team,0.5314,0.48950000000000005,0,1,1
AF003180926,1,0,0,Away Team,0.5181,0.45799999999999996,0,1,1
AF003180926,2,0,0,Away Team,0.5181,0.541,0,1,1
AF003180926,2,0,0,Away Team,0.6278,0.4385,0,1,1
AF003180926,2,0,0,Away Team,0.5267000000000001,0.4815,0,1,1
AF003180926,2,0,6,Away Team,0.5267000000000001,0.391,0,1,1
AF003180926,2,0,7,Away Team,0.43479999999999996,0.3825,0,1,1
AF003180926,2,0,7,Home Team,0.45159999999999995,0.401,0,1,1
AF003180926,2,0,7,Home Team,0.48350000000000004,0.4275,0,1,1
AF003180926,2,0,7,Home Team,0.5231,0.4335,0,1,1
AF003180926,2,6,7,Home Team,0.5231,0.47,0,1,1
AF003180926,2,7,7,Home Team,0.5627,0.507,0,1,1
AF003180926,2,7,7,Away Team,0.5564,0.488,0,1,1
AF003180926,2,7,7,Home Team,0.6848000000000001,0.6455,0,1,1
AF003180926,2,7,7,Home Team,0.6848000000000001,0.614,0,1,1
AF003180926,2,7,7,Home Team,0.7225,0.625,0,1,1
AF003180926,2,7,7,Home Team,0.7597,0.6903,0,1,1
AF003180926,2,7,7,Home Team,0.7624,0.7005,0,1,1
AF003180926,2,7,7,Home Team,0.7981,0.7189,0,1,1
AF003180926,2,7,7,Home Team,0.7717,0.705,0,1,1
AF003180926,2,7,7,Home Team,0.7473000000000001,0.6915,0,1,1
AF003180926,2,7,7,Home Team,0.8178,0.7325,0,1,1
AF003180926,2,7,7,Home Team,0.8181999999999999,0.7165,0,1,1
AF003180926,2,7,7,Home Team,0.8456,0.7084999999999999,0,1,1
AF003180926,2,10,7,Home Team,0.8456,0.7685,0,1,1
AF003180926,2,10,7,Away Team,0.8036,0.72,0,1,1
AF003190926,1,0,0,Away Team,0.4379,0.461,0,1,1
AF003190926,1,0,0,Away Team,0.3935,0.4525,0,1,1
AF003190926,1,0,0,Away Team,0.44689999999999996,0.46649999999999997,0,1,1
AF003190926,1,0,0,Away Team,0.4275,0.456,0,1,1
AF003190926,1,0,0,Away Team,0.38770000000000004,0.42700000000000005,0,1,1
AF003190926,1,0,0,Away Team,0.3845,0.408,0,1,1
AF003190926,1,0,6,Away Team,0.3845,0.336,0,1,1
AF003190926,1,0,7,Away Team,0.3393,0.364,0,1,1
AF003190926,1,0,7,Home Team,0.32539999999999997,0.3115,0,1,1
AF003190926,1,0,7,Home Team,0.3407,0.29600000000000004,0,1,1
AF003190926,1,0,7,Home Team,0.2519,0.24050000000000002,0,1,1
AF003190926,2,0,7,Home Team,0.34159999999999996,0.33149999999999996,0,1,1
AF003190926,2,0,7,Home Team,0.3724,0.366,0,1,1
AF003190926,2,0,7,Home Team,0.3751,0.341,0,1,1
AF003190926,2,0,7,Home Team,0.3776,0.366,0,1,1
AF003190926,2,0,7,Home Team,0.4,0.3835,0,1,1
AF003190926,2,6,7,Home Team,0.4,0.47200000000000003,0,1,1
AF003190926,2,7,7,Home Team,0.4213,0.49200000000000005,0,1,1
AF003190926,2,7,7,Away Team,0.4321,0.48200000000000004,0,1,1
AF003190926,2,7,7,Away Team,0.4411,0.5063,0,1,1
AF003190926,2,7,7,Away Team,0.46399999999999997,0.4905,0,1,1
AF003190926,2,7,7,Away Team,0.4282,0.429,0,1,1
AF003190926,2,7,7,Away Team,0.4403,0.442,0,1,1
AF003190926,2,7,7,Away Team,0.418,0.4432,0,1,1
AF003190926,2,7,7,Away Team,0.3923,0.41,0,1,1
AF003190926,2,7,7,Away Team,0.3493,0.3715,0,1,1
AF003190926,2,7,7,Away Team,0.33630000000000004,0.315,0,1,1
AF003190926,2,7,13,Away Team,0.33630000000000004,0.282,0,1,1
AF003190926,2,7,14,Away Team,0.2965,0.2711,0,1,1
AF003190926,2,7,14,Home Team,0.31420000000000003,0.2726,0,1,1
AF003190926,2,7,14,Home Team,0.401,0.37,0,1,1
AF003190926,2,7,14,Home Team,0.3635,0.34299999999999997,0,1,1
AF003190926,2,7,14,Home Team,0.3423,0.298,0,1,1
AF003190926,2,7,14,Home Team,0.3423,0.1485,0,1,1
AF003200926,1,0,0,Away Team,0.5256000000000001,0.5585,1,1,1
AF003200926,1,0,0,Away Team,0.5531,0.5660000000000001,1,1,1
AF003200926,1,0,0,Home Team,0.7415,0.6975,1,1,1
AF003200926,1,6,0,Home Team,0.7415,0.7765000000000001,1,1,1
AF003200926,1,7,0,Home Team,0.7977,0.778,1,1,1
AF003200926,1,7,0,Away Team,0.7809,0.7655,1,1,1
AF003200926,1,7,0,Away Team,0.8190999999999999,0.7675,1,1,1
AF003200926,1,7,0,Away Team,0.7826000000000001,0.764,1,1,1
AF003200926,1,7,0,Away Team,0.7879,0.7705,1,1,1
AF003200926,1,7,0,Away Team,0.7959999999999999,0.7845,1,1,1
AF003200926,1,7,0,Away Team,0.7825,0.755,1,1,1
AF003200926,1,7,0,Away Team,0.7691,0.7465,1,1,1
AF003200926,1,7,0,Away Team,0.7886,0.7665000000000001,1,1,1
AF003200926,1,7,0,Away Team,0.7478,0.7340000000000001,1,1,1
AF003200926,1,7,0,Away Team,0.7536,0.757,1,1,1
AF003200926,2,7,0,Away Team,0.7693000000000001,0.7565000000000001,1,1,1
AF003200926,2,7,0,Away Team,0.7693000000000001,0.8220000000000001,1,1,1
AF003200926,2,7,3,Away Team,0.8205,0.8105,1,1,1
AF003200926,2,7,3,Home Team,0.8567,0.8420000000000001,1,1,1
AF003200926,2,7,3,Home Team,0.8414,0.813,1,1,1
AF003200926,2,7,3,Home Team,0.8701000000000001,0.852,1,1,1
AF003200926,2,7,3,Home Team,0.8649,0.8305,1,1,1
AF003200926,2,13,3,Home Team,0.8649,0.8915000000000001,1,1,1
AF003200926,2,14,3,Home Team,0.8886,0.8925,1,1,1
AF003200926,2,14,3,Away Team,0.9146,0.8985,1,1,1
AF003200926,2,14,3,Away Team,0.9081,0.8865000000000001,1,1,1
AF003200926,2,14,3,Away Team,0.9133,0.9009999999999999,1,1,1
AF003200926,2,14,9,Away Team,0.9133,0.8375,1,1,1
AF003200926,2,14,10,Away Team,0.8595999999999999,0.8320000000000001,1,1,1
AF003200926,2,14,10,Home Team,0.8765999999999999,0.8625,1,1,1
AF003200926,2,14,10,Home Team,0.9,0.8759999999999999,1,1,1
AF003200926,2,14,10,Home Team,0.879,0.861,1,1,1
AF003200926,2,14,10,Home Team,0.879,0.8195,1,1,1
AF003200926,2,14,10,Home Team,0.8672,0.8825,1,1,1
AF003200926,2,14,10,Home Team,0.9152,0.8584999999999999,1,1,1
AF003210926,1,0,0,Home Team,0.47479999999999994,0.45549999999999996,1,1,1
AF003210926,1,0,0,Home Team,0.4451,0.435,1,1,1
AF003210926,1,0,0,Home Team,0.4623,0.444,1,1,1
AF003210926,1,6,0,Home Team,0.4623,0.5625,1,1,1
AF003210926,1,7,0,Home Team,0.6133,0.5545,1,1,1
AF003210926,1,7,0,Away Team,0.6127,0.569,1,1,1
AF003210926,1,7,0,Away Team,0.603,0.5505,1,1,1
AF003210926,1,7,0,Away Team,0.5755,0.5445,1,1,1
AF003210926,1,7,6,Away Team,0.5755,0.467,1,1,1
AF003210926,1,7,7,Away Team,0.4864,0.484,1,1,1
AF003210926,1,7,7,Home Team,0.49060000000000004,0.4635,1,1,1
AF003210926,1,7,7,Home Team,0.4559,0.4575,1,1,1
AF003210926,1,7,7,Home Team,0.40090000000000003,0.38799999999999996,1,1,1
AF003210926,1,13,7,Home Team,0.40090000000000003,0.5465,1,1,1
AF003210926,1,14,7,Home Team,0.612,0.5555,1,1,1
AF003210926,1,14,7,Away Team,0.6192,0.562,1,1,1
AF003210926,1,14,7,Away Team,0.5417000000000001,0.5395,1,1,1
AF003210926,2,14,7,Away Team,0.54,0.5305,1,1,1
AF003210926,2,14,13,Away Team,0.54,0.4875,1,1,1
AF003210926,2,14,14,Away Team,0.5001,0.46950000000000003,1,1,1
AF003210926,2,14,14,Home Team,0.5069,0.499,1,1,1
AF003210926,2,14,14,Home Team,0.49560000000000004,0.5145000000000001,1,1,1
AF003210926,2,14,14,Home Team,0.475,0.495,1,1,1
AF003210926,2,14,14,Home Team,0.534,0.5225,1,1,1
AF003210926,2,14,14,Home Team,0.534,0.552,1,1,1
AF003210926,2,14,14,Home Team,0.5658,0.5710000000000001,1,1,1
AF003210926,2,20,14,Home Team,0.5658,0.589,1,1,1
AF003210926,2,21,14,Home Team,0.6053999999999999,0.5720000000000001,1,1,1
AF003210926,2,21,14,Away Team,0.623,0.6085,1,1,1
AF003210926,2,21,14,Away Team,0.64,0.622,1,1,1
AF003210926,2,21,14,Away Team,0.5625,0.5615,1,1,1
AF003210926,2,21,14,Away Team,0.5193,0.5165,1,1,1
AF003210926,2,21,20,Away Team,0.5193,0.483,1,1,1
AF003210926,2,21,21,Away Team,0.4841,0.4645,1,1,1
AF003210926,2,27,21,Home Team,0.4841,0.755,1,1,1
AF003210926,2,28,21,Home Team,0.6861,0.649,1,1,1
AF003210926,2,28,21,Away Team,0.6734,0.6445000000000001,1,1,1
AF003210926,2,28,21,Away Team,0.6896,0.652,1,1,1
AF003210926,2,28,21,Away Team,0.7217,0.6829999999999999,1,1,1
AF003210926,2,28,21,Away Team,0.6089,0.6185,1,1,1
AF003210926,2,28,24,Away Team,0.6089,0.5605,1,1,1
AF003220926,1,0,0,Away Team,0.4487,0.46549999999999997,1,1,1
AF003220926,1,0,0,Away Team,0.4829,0.4755,1,1,1
AF003220926,1,0,0,Away Team,0.4448,0.45,1,1,1
AF003220926,1,0,0,Away Team,0.44630000000000003,0.461,1,1,1
AF003220926,1,0,0,Away Team,0.4407,0.4595,1,1,1
AF003220926,1,0,0,Away Team,0.4744,0.47950000000000004,1,1,1
AF003220926,1,0,0,Away Team,0.4744,0.5489999999999999,1,1,1
AF003220926,1,0,0,Home Team,0.6206,0.597,1,1,1
AF003220926,1,0,0,Home Team,0.6137,0.613,1,1,1
AF003220926,1,0,0,Home Team,0.6064,0.603,1,1,1
AF003220926,1,0,0,Home Team,0.6409,0.639,1,1,1
AF003220926,1,0,0,Home Team,0.6446,0.66,1,1,1
AF003220926,1,0,0,Home Team,0.6309,0.66,1,1,1
AF003220926,1,0,0,Home Team,0.6738,0.6965,1,1,1
AF003220926,2,6,0,Home Team,0.6738,0.721,1,1,1
AF003220926,2,7,0,Home Team,0.7164,0.7184999999999999,1,1,1
AF003220926,2,7,0,Away Team,0.7384999999999999,0.713,1,1,1
AF003220926,2,7,0,Away Team,0.745,0.7204999999999999,1,1,1
AF003220926,2,7,0,Away Team,0.7791,0.7609999999999999,1,1,1
AF003220926,2,7,0,Away Team,0.711,0.72,1,1,1
AF003220926,2,7,0,Away Team,0.722,0.7115,1,1,1
AF003220926,2,7,0,Away Team,0.7020000000000001,0.7105,1,1,1
AF003220926,2,7,0,Away Team,0.7016,0.69,1,1,1
AF003220926,2,7,0,Away Team,0.7012999999999999,0.7045,1,1,1
AF003220926,2,7,0,Away Team,0.7012999999999999,0.7425,1,1,1
AF003220926,2,7,6,Away Team,0.7354999999999999,0.6645,1,1,1
AF003220926,2,7,7,Away Team,0.7354999999999999,0.6465000000000001,1,1,1
AF003220926,2,7,7,Home Team,0.6503,0.6465000000000001,1,1,1
AF003220926,2,7,7,Home Team,0.6229,0.634,1,1,1
AF003220926,2,7,7,Home Team,0.6733,0.6315,1,1,1
AF003220926,2,7,7,Home Team,0.7253000000000001,0.6925,1,1,1
AF003220926,2,7,7,Home Team,0.7655,0.6915,1,1,1
AF003220926,2,7,7,Home Team,0.7447,0.6835,1,1,1
AF003220926,2,7,7,Home Team,0.7278,0.635,1,1,1
AF003220926,2,10,7,Home Team,0.7278,0.7425,1,1,1
AF004170926,1,0,0,Home Team,0.4985,0.5363,1,1,1
AF004170926,1,0,0,Home Team,0.49979999999999997,0.527,1,1,1
AF004170926,1,0,0,Home Team,0.4668,0.51,1,1,1
AF004170926,1,0,0,Home Team,0.4668,0.4815,1,1,1
AF004170926,1,0,0,Home Team,0.46490000000000004,0.5695,1,1,1
AF004170926,1,0,0,Home Team,0.5218,0.552,1,1,1
AF004170926,1,0,0,Home Team,0.46909999999999996,0.5355,1,1,1
AF004170926,1,0,0,Home Team,0.5183,0.578,1,1,1
AF004170926,1,0,0,Home Team,0.5424,0.565,1,1,1
AF004170926,1,0,0,Home Team,0.5443,0.5995,1,1,1
AF004170926,1,0,0,Home Team,0.5486,0.5905,1,1,1
AF004170926,2,0,0,Home Team,0.5057,0.5670000000000001,1,1,1
AF004170926,2,0,0,Home Team,0.5057,0.5035000000000001,1,1,1
AF004170926,2,0,0,Home Team,0.4643,0.41450000000000004,1,1,1
AF004170926,2,0,0,Away Team,0.35850000000000004,0.39399999999999996,1,1,1
AF004170926,2,0,0,Away Team,0.3789,0.4205,1,1,1
AF004170926,2,0,0,Away Team,0.3132,0.35200000000000004,1,1,1
AF004170926,2,0,0,Away Team,0.3404,0.3875,1,1,1
AF004170926,2,0,0,Away Team,0.4052,0.402,1,1,1
AF004170926,2,0,0,Away Team,0.4052,0.4975,1,1,1
AF004170926,2,0,0,Home Team,0.44420000000000004,0.541,1,1,1
AF004170926,2,0,0,Home Team,0.48369999999999996,0.489,1,1,1
AF004170926,2,0,0,Home Team,0.42979999999999996,0.494,1,1,1
AF004170926,2,0,0,Away Team,0.28600000000000003,0.307,1,1,1
AF004170926,2,0,0,Away Team,0.2588,0.299,1,1,1
AF004170926,2,0,0,Home Team,0.2588,0.5005,1,1,1
AF004170926,2,0,0,Home Team,0.4302,0.5013000000000001,1,1,1
AF004170926,2,0,0,Home Team,0.4224,0.5055,1,1,1
AF004180926,1,0,0,Away Team,0.37920000000000004,0.494,0,1,1
AF004180926,1,0,0,Away Team,0.38939999999999997,0.48350000000000004,0,1,1
AF004180926,1,0,0,Away Team,0.3671,0.451,0,1,1
AF004180926,1,0,0,Away Team,0.40509999999999996,0.46799999999999997,0,1,1
AF004180926,1,0,0,Away Team,0.3839,0.4425,0,1,1
AF004180926,1,0,0,Away Team,0.3809,0.4415,0,1,1
AF004180926,1,0,0,Away Team,0.3546,0.41700000000000004,0,1,1
AF004180926,1,0,0,Away Team,0.3728,0.39890000000000003,0,1,1
AF004180926,2,0,0,Away Team,0.36810000000000004,0.3995,0,1,1
AF004180926,2,0,0,Away Team,0.39630000000000004,0.425,0,1,1
AF004180926,2,0,0,Away Team,0.38060000000000005,0.42,0,1,1
AF004180926,2,0,0,Away Team,0.3467,0.3605,0,1,1
AF004180926,2,0,0,Away Team,0.3564,0.387,0,1,1
AF004180926,2,0,0,Away Team,0.40409999999999996,0.409,0,1,1
AF004180926,2,0,0,Away Team,0.40409999999999996,0.4595,0,1,1
AF004180926,2,0,6,Away Team,0.392,0.3105,0,1,1
AF004180926,2,0,7,Away Team,0.392,0.29350000000000004,0,1,1
AF004180926,2,0,7,Home Team,0.28859999999999997,0.292,0,1,1
AF004180926,2,0,7,Home Team,0.2937,0.32299999999999995,0,1,1
AF004180926,2,0,7,Home Team,0.29359999999999997,0.3155,0,1,1
AF004180926,2,0,7,Home Team,0.3107,0.3345,0,1,1
AF004180926,2,0,7,Home Team,0.38520000000000004,0.35950000000000004,0,1,1
AF004180926,2,6,7,Home Team,0.38520000000000004,0.5075,0,1,1
AF004180926,2,7,7,Home Team,0.4291,0.5085000000000001,0,1,1
AF004180926,2,7,7,Away Team,0.4362,0.4955,0,1,1
AF004180926,2,7,7,Away Team,0.42719999999999997,0.4645,0,1,1
AF004180926,2,7,7,Away Team,0.4311,0.4685,0,1,1
AF004180926,2,7,7,Away Team,0.4285,0.4875,0,1,1
AF004190926,1,0,0,Away Team,0.5018,0.5479999999999999,0,1,1
AF004190926,1,0,0,Away Team,0.48229999999999995,0.5235,0,1,1
AF004190926,1,0,0,Away Team,0.4763,0.51,0,1,1
AF004190926,1,0,0,Away Team,0.4738,0.509,0,1,1
AF004190926,1,0,0,Away Team,0.47609999999999997,0.505,0,1,1
AF004190926,1,0,0,Away Team,0.45770000000000005,0.5105,0,1,1
AF004190926,1,0,0,Away Team,0.44170000000000004,0.488,0,1,1
AF004190926,1,0,0,Away Team,0.473,0.5025,0,1,1
AF004190926,1,0,0,Away Team,0.433,0.486,0,1,1
AF004190926,2,0,0,Away Team,0.4537,0.5055,0,1,1
AF004190926,2,0,0,Away Team,0.43670000000000003,0.4685,0,1,1
AF004190926,2,0,6,Away Team,0.43670000000000003,0.3875,0,1,1
AF004190926,2,0,7,Away Team,0.36719999999999997,0.3895,0,1,1
AF004190926,2,0,7,Home Team,0.37079999999999996,0.38549999999999995,0,1,1
AF004190926,2,0,7,Home Team,0.35229999999999995,0.381,0,1,1
AF004190926,2,0,7,Home Team,0.40299999999999997,0.392,0,1,1
AF004190926,2,0,7,Away Team,0.18289999999999998,0.187,0,1,1
AF004190926,2,0,7,Away Team,0.1589,0.17,0,1,1
AF004190926,2,0,7,Away Team,0.1613,0.1445,0,1,1
AF004190926,2,0,13,Away Team,0.1613,0.1175,0,1,1
AF004190926,2,0,14,Away Team,0.1266,0.10949999999999999,0,1,1
AF004190926,2,0,14,Home Team,0.10949999999999999,0.12,0,1,1
AF004190926,2,0,14,Home Team,0.1069,0.1005,0,1,1
AF004190926,2,0,14,Home Team,0.1267,0.1005,0,1,1
AF004190926,2,0,14,Home Team,0.08779999999999999,0.08800000000000001,0,1,1
AF004190926,2,0,14,Home Team,0.10039999999999999,0.0975,0,1,1
AF004190926,2,3,14,Home Team,0.10039999999999999,0.10800000000000001,0,1,1
AF004190926,2,3,14,Away Team,0.1058,0.11699999999999999,0,1,1
AF004220926,1,0,0,Away Team,0.475,0.41200000000000003,0,1,1
AF004220926,1,0,0,Away Team,0.4715,0.39649999999999996,0,1,1
AF004220926,1,0,0,Away Team,0.5036999999999999,0.41,0,1,1
AF004220926,1,0,0,Away Team,0.6043,0.4415,0,1,1
AF004220926,1,0,0,Away Team,0.45049999999999996,0.3715,0,1,1
AF004220926,1,0,0,Away Team,0.4782,0.3845,0,1,1
AF004220926,1,0,0,Away Team,0.4266,0.3435,0,1,1
AF004220926,1,0,6,Away Team,0.4266,0.2675,0,1,1
AF004220926,1,0,7,Away Team,0.3847,0.27149999999999996,0,1,1
AF004220926,1,0,7,Home Team,0.3836,0.266,0,1,1
AF004220926,1,0,7,Home Team,0.3688,0.271,0,1,1
AF004220926,1,6,7,Home Team,0.3688,0.4075,0,1,1
AF004220926,1,7,7,Home Team,0.4999,0.39299999999999996,0,1,1
AF004220926,1,7,7,Away Team,0.4852,0.3885,0,1,1
AF004220926,1,7,7,Away Team,0.4752,0.3705,0,1,1
AF004220926,2,7,7,Away Team,0.41119999999999995,0.34299999999999997,0,1,1
AF004220926,2,7,7,Away Team,0.4426,0.34950000000000003,0,1,1
AF004220926,2,7,7,Away Team,0.4454,0.3615,0,1,1
AF004220926,2,7,7,Away Team,0.4454,0.4315,0,1,1
AF004220926,2,7,7,Away Team,0.5323,0.3105,0,1,1
AF004220926,2,7,13,Away Team,0.4029,0.2555,0,1,1
AF004220926,2,7,14,Away Team,0.4103,0.237,0,1,1
AF004220926,2,7,14,Home Team,0.3868,0.2645,0,1,1
AF004220926,2,7,14,Home Team,0.4355,0.2695,0,1,1
AF004220926,2,13,14,Home Team,0.4355,0.38549999999999995,0,1,1
AF004220926,2,14,14,Home Team,0.4747,0.39049999999999996,0,1,1
AF004220926,2,14,14,Away Team,0.48450000000000004,0.40049999999999997,0,1,1
AF004220926,2,14,14,Away Team,0.48450000000000004,0.3895,0,1,1
AF004220926,2,14,14,Away Team,0.5118,0.439,0,1,1
AF004220926,2,14,14,Away Team,0.5118,0.5475,0,1,1
AF004220926,2,14,14,Home Team,0.5228,0.5589999999999999,0,1,1
AF004220926,2,14,14,Home Team,0.6796,0.5505,0,1,1
AF004220926,2,14,14,Home Team,0.6361,0.5315,0,1,1
AF004220926,2,14,14,Home Team,0.6886,0.5565,0,1,1
AF004220926,2,14,14,Home Team,0.7541,0.6605,0,1,1
AF004220926,2,17,14,Home Team,0.7541,0.679,0,1,1
AF005170926,1,0,0,Away Team,0.4409,0.46649999999999997,0,1,1
AF005170926,1,0,0,Away Team,0.45770000000000005,0.4545,0,1,1
AF005170926,1,0,0,Away Team,0.45549999999999996,0.4465,0,1,1
AF005170926,1,0,0,Away Team,0.4257,0.41600000000000004,0,1,1
AF005170926,1,0,0,Away Team,0.4532,0.41950000000000004,0,1,1
AF005170926,1,0,0,Away Team,0.4154,0.4215,0,1,1
AF005170926,1,0,0,Away Team,0.4108,0.4075,0,1,1
AF005170926,1,0,0,Away Team,0.39890000000000003,0.3812,0,1,1
AF005170926,1,0,0,Away Team,0.3807,0.3925,0,1,1
AF005170926,2,0,0,Away Team,0.4181,0.4025,0,1,1
AF005170926,2,0,0,Away Team,0.4086,0.446,0,1,1
AF005170926,2,0,0,Away Team,0.4086,0.4955,0,1,1
AF005170926,2,0,3,Away Team,0.483,0.49950000000000006,0,1,1
AF005170926,2,0,3,Home Team,0.5217,0.49450000000000005,0,1,1
AF005170926,2,0,3,Home Team,0.5207,0.467,0,1,1
AF005170926,2,0,3,Home Team,0.5664,0.5325,0,1,1
AF005170926,2,0,3,Home Team,0.5216,0.5105,0,1,1
AF005170926,2,0,3,Home Team,0.5435,0.467,0,1,1
AF005170926,2,0,3,Home Team,0.5435,0.35450000000000004,0,1,1
AF005170926,2,0,3,Away Team,0.4718,0.304,0,1,1
AF005170926,2,0,3,Away Team,0.2902,0.28350000000000003,0,1,1
AF005170926,2,0,3,Away Team,0.33740000000000003,0.3115,0,1,1
AF005170926,2,0,3,Away Team,0.3247,0.27449999999999997,0,1,1
AF005170926,2,0,3,Away Team,0.2988,0.2905,0,1,1
AF005170926,2,0,3,Away Team,0.3091,0.3035,0,1,1
AF005180926,1,0,0,Home Team,0.4608,0.47200000000000003,0,1,1
AF005180926,1,0,0,Home Team,0.43,0.4495,0,1,1
AF005180926,1,0,0,Home Team,0.4521,0.47700000000000004,0,1,1
AF005180926,1,0,0,Home Team,0.4425,0.493,0,1,1
AF005180926,1,0,0,Home Team,0.43420000000000003,0.4805,0,1,1
AF005180926,1,0,0,Home Team,0.4964,0.535,0,1,1
AF005180926,1,6,0,Home Team,0.4964,0.62,0,1,1
AF005180926,1,7,0,Home Team,0.5703,0.625,0,1,1
AF005180926,1,7,0,Away Team,0.5545,0.614,0,1,1
AF005180926,1,7,0,Away Team,0.5976,0.6595,0,1,1
AF005180926,1,7,0,Away Team,0.5871999999999999,0.638,0,1,1
AF005180926,2,7,0,Away Team,0.5871999999999999,0.688,0,1,1
AF005180926,2,7,0,Away Team,0.5935,0.6054999999999999,0,1,1
AF005180926,2,7,0,Away Team,0.5197999999999999,0.5870000000000001,0,1,1
AF005180926,2,7,0,Away Team,0.5559000000000001,0.6125,0,1,1
AF005180926,2,7,0,Away Team,0.5025,0.5795,0,1,1
AF005180926,2,7,0,Away Team,0.5058,0.5705,0,1,1
AF005180926,2,7,0,Away Team,0.5283,0.5875,0,1,1
AF005180926,2,7,0,Away Team,0.4739,0.5475,0,1,1
AF005180926,2,7,0,Away Team,0.5051,0.541,0,1,1
AF005180926,2,7,0,Away Team,0.5289,0.5770000000000001,0,1,1
AF005180926,2,7,0,Away Team,0.46,0.49200000000000005,0,1,1
AF005180926,2,7,6,Away Team,0.46,0.4595,0,1,1
AF005180926,2,7,7,Away Team,0.44229999999999997,0.47350000000000003,0,1,1
AF005180926,2,7,7,Home Team,0.4543,0.4675,0,1,1
AF005180926,2,7,7,Home Team,0.4156,0.442,0,1,1
AF005180926,2,7,7,Home Team,0.3858,0.41100000000000003,0,1,1
AF005180926,2,7,7,Home Team,0.3858,0.42,0,1,1
AF005180926,2,7,7,Home Team,0.3754,0.41350000000000003,0,1,1
AF005180926,2,7,7,Home Team,0.3754,0.43700000000000006,0,1,1
AF005180926,2,7,7,Home Team,0.5146000000000001,0.4175,0,1,1
AF005190926,1,0,0,Home Team,0.5464,0.502,0,1,1
AF005190926,1,0,0,Home Team,0.5619,0.5135000000000001,0,1,1
AF005190926,1,0,0,Home Team,0.5454,0.539,0,1,1
AF005190926,1,0,0,Home Team,0.5975,0.542,0,1,1
AF005190926,1,6,0,Home Team,0.5975,0.608,0,1,1
AF005190926,1,7,0,Home Team,0.6413,0.6104999999999999,0,1,1
AF005190926,1,7,0,Away Team,0.6376,0.6135,0,1,1
AF005190926,1,7,0,Away Team,0.6465000000000001,0.5975,0,1,1
AF005190926,1,7,0,Away Team,0.6448999999999999,0.6,0,1,1
AF005190926,1,7,0,Away Team,0.6199,0.5835,0,1,1
AF005190926,1,7,0,Away Team,0.5839,0.5720000000000001,0,1,1
AF005190926,2,7,0,Away Team,0.5839,0.5398,0,1,1
AF005190926,2,7,0,Away Team,0.5689,0.5638000000000001,0,1,1
AF005190926,2,7,6,Away Team,0.5689,0.504,0,1,1
AF005190926,2,7,7,Away Team,0.5527000000000001,0.526,0,1,1
AF005190926,2,7,7,Home Team,0.5174,0.5165,0,1,1
AF005190926,2,7,7,Home Team,0.5189,0.49200000000000005,0,1,1
AF005190926,2,7,7,Home Team,0.4661,0.467,0,1,1
AF005190926,2,7,7,Home Team,0.5550999999999999,0.54,0,1,1
AF005190926,2,7,7,Home Team,0.5437,0.552,0,1,1
AF005190926,2,7,7,Home Team,0.5194,0.5235,0,1,1
AF005190926,2,7,7,Home Team,0.5194,0.6004999999999999,0,1,1
AF005190926,2,7,7,Home Team,0.6053999999999999,0.6108,0,1,1
AF005190926,2,7,7,Home Team,0.551,0.578,0,1,1
AF005190926,2,13,7,Home Team,0.551,0.6509999999999999,0,1,1
AF005190926,2,14,7,Home Team,0.6524,0.6629999999999999,0,1,1
AF005190926,2,14,7,Away Team,0.629,0.623,0,1,1
AF005190926,2,14,7,Away Team,0.5849,0.6015,0,1,1
AF005190926,2,14,7,Away Team,0.6119,0.619,0,1,1
AF005190926,2,14,7,Away Team,0.5497,0.5695,0,1,1
AF005190926,2,14,7,Away Team,0.5974,0.5920000000000001,0,1,1
AF005190926,2,14,13,Away Team,0.5974,0.4775,0,1,1
AF005190926,2,14,14,Away Team,0.46,0.46299999999999997,0,1,1
AF005190926,2,14,14,Home Team,0.46,0.4715,0,1,1
AF005190926,2,14,14,Home Team,0.4533,0.47450000000000003,0,1,1
AF005190926,2,20,14,Home Team,0.4533,0.7165,0,1,1
AF005190926,2,21,14,Home Team,0.7442,0.7134999999999999,0,1,1
AF005200926,1,0,0,Away Team,0.4303,0.4975,1,1,1
AF005200926,1,0,0,Away Team,0.3607,0.4065,1,1,1
AF005200926,1,0,0,Away Team,0.3845,0.452,1,1,1
AF005200926,1,0,0,Away Team,0.4096,0.4855,1,1,1
AF005200926,1,0,6,Away Team,0.4096,0.3705,1,1,1
AF005200926,1,0,7,Away Team,0.3206,0.358,1,1,1
AF005200926,1,0,7,Home Team,0.3107,0.348,1,1,1
AF005200926,1,0,7,Home Team,0.33909999999999996,0.385,1,1,1
AF005200926,1,0,7,Home Team,0.34,0.385,1,1,1
AF005200926,1,0,7,Home Team,0.3921,0.4285,1,1,1
AF005200926,1,6,7,Home Team,0.3921,0.4815,1,1,1
AF005200926,1,7,7,Home Team,0.43700000000000006,0.47600000000000003,1,1,1
AF005200926,1,7,7,Away Team,0.43200000000000005,0.48,1,1,1
AF005200926,1,7,7,Away Team,0.46380000000000005,0.48100000000000004,1,1,1
AF005200926,1,7,7,Away Team,0.537,0.5185,1,1,1
AF005200926,2,7,7,Away Team,0.4103,0.445,1,1,1
AF005200926,2,7,7,Away Team,0.4629,0.47700000000000004,1,1,1
AF005200926,2,7,7,Away Team,0.4753,0.5095000000000001,1,1,1
AF005200926,2,7,7,Away Team,0.3893,0.4075,1,1,1
AF005200926,2,7,7,Away Team,0.4459,0.5015,1,1,1
AF005200926,2,7,7,Home Team,0.6351,0.6265,1,1,1
AF005200926,2,7,7,Home Team,0.6457999999999999,0.6725,1,1,1
AF005200926,2,7,7,Home Team,0.6856,0.6940000000000001,1,1,1
AF005200926,2,7,7,Home Team,0.6614,0.6695,1,1,1
AF005200926,2,7,7,Home Team,0.6078,0.6175,1,1,1
AF005200926,2,7,7,Home Team,0.6078,0.64,1,1,1
AF005200926,2,7,7,Home Team,0.6082,0.7014,1,1,1
AF005200926,2,7,7,Home Team,0.7188,0.6934999999999999,1,1,1
AF005200926,2,13,7,Home Team,0.7188,0.863,1,1,1
AF005200926,2,13,7,Home Team,0.8258,0.8320000000000001,1,1,1
AF005200926,2,13,7,Away Team,0.8418000000000001,0.8334999999999999,1,1,1
AF005210926,1,0,0,Away Team,0.478,0.473,0,1,1
AF005210926,1,0,6,Away Team,0.478,0.32299999999999995,0,1,1
AF005210926,1,0,7,Away Team,0.3715,0.34850000000000003,0,1,1
AF005210926,1,0,7,Home Team,0.36210000000000003,0.3425,0,1,1
AF005210926,1,0,7,Home Team,0.36310000000000003,0.348,0,1,1
AF005210926,1,0,7,Home Team,0.33759999999999996,0.3385,0,1,1
AF005210926,1,0,7,Home Team,0.33759999999999996,0.2675,0,1,1
AF005210926,1,0,7,Home Team,0.3173,0.325,0,1,1
AF005210926,1,0,7,Home Team,0.34740000000000004,0.33,0,1,1
AF005210926,1,0,7,Home Team,0.33509999999999995,0.324,0,1,1
AF005210926,1,0,7,Home Team,0.33509999999999995,0.233,0,1,1
AF005210926,1,0,7,Away Team,0.33509999999999995,0.228,0,1,1
AF005210926,1,0,13,Away Team,0.2284,0.1265,0,1,1
AF005210926,1,0,14,Away Team,0.1387,0.15,0,1,1
AF005210926,1,0,14,Home Team,0.1386,0.154,0,1,1
AF005210926,1,0,14,Home Team,0.14980000000000002,0.15,0,1,1
AF005210926,1,0,14,Home Team,0.1496,0.149,0,1,1
AF005210926,2,0,14,Home Team,0.1681,0.157,0,1,1
AF005210926,2,0,14,Home Team,0.1586,0.15,0,1,1
AF005210926,2,0,14,Home Team,0.1478,0.1355,0,1,1
AF005210926,2,6,14,Home Team,0.1478,0.1945,0,1,1
AF005210926,2,7,14,Home Team,0.2028,0.1935,0,1,1
AF005210926,2,7,14,Away Team,0.2182,0.196,0,1,1
AF005210926,2,7,14,Away Team,0.23190000000000002,0.214,0,1,1
AF005210926,2,7,14,Away Team,0.2676,0.23199999999999998,0,1,1
AF005210926,2,7,14,Away Team,0.2676,0.3215,0,1,1
AF005210926,2,7,14,Home Team,0.3074,0.327,0,1,1
AF005210926,2,7,14,Home Team,0.413,0.34450000000000003,0,1,1
AF005210926,2,7,14,Home Team,0.397,0.3725,0,1,1
AF005210926,2,7,14,Home Team,0.43170000000000003,0.384,0,1,1
AF005210926,2,7,14,Home Team,0.43170000000000003,0.3835,0,1,1
AF005210926,2,7,14,Home Team,0.4285,0.39049999999999996,0,1,1
AF005210926,2,7,14,Home Team,0.46950000000000003,0.40850000000000003,0,1,1
AF005210926,2,7,14,Home Team,0.45530000000000004,0.426,0,1,1
AF005210926,2,7,14,Home Team,0.4548,0.3995,0,1,1
AF005210926,2,13,14,Home Team,0.4548,0.4685,0,1,1
AF005210926,2,14,14,Home Team,0.5124,0.491,0,1,1
AF005210926,2,14,14,Away Team,0.5057,0.4875,0,1,1
AF005210926,2,14,14,Away Team,0.5176,0.4775,0,1,1
AF005210926,2,14,14,Away Team,0.5607,0.505,0,1,1
AF005210926,2,14,14,Away Team,0.5297,0.48700000000000004,0,1,1
AF005210926,2,14,14,Away Team,0.5498,0.48950000000000005,0,1,1
AF005210926,2,14,14,Home Team,0.6015,0.5395,0,1,1
AF005220926,1,0,0,Home Team,0.42310000000000003,0.44299999999999995,1,1,1
AF005220926,1,0,0,Home Team,0.3818,0.451,1,1,1
AF005220926,1,0,0,Home Team,0.4072,0.4515,1,1,1
AF005220926,1,0,0,Home Team,0.42479999999999996,0.4535,1,1,1
AF005220926,1,0,0,Home Team,0.4487,0.5225,1,1,1
AF005220926,1,0,0,Home Team,0.45740000000000003,0.512,1,1,1
AF005220926,1,0,0,Home Team,0.48840000000000006,0.518,1,1,1
AF005220926,1,0,0,Home Team,0.4777,0.531,1,1,1
AF005220926,1,0,0,Home Team,0.46270000000000006,0.4815,1,1,1
AF005220926,1,6,0,Home Team,0.46270000000000006,0.5765,1,1,1
AF005220926,1,7,0,Home Team,0.5467,0.5825,1,1,1
AF005220926,1,7,0,Away Team,0.5473,0.59,1,1,1
AF005220926,1,7,0,Away Team,0.5257999999999999,0.594,1,1,1
AF005220926,2,7,0,Away Team,0.599,0.62,1,1,1
AF005220926,2,7,0,Away Team,0.4987,0.573,1,1,1
AF005220926,2,7,0,Away Team,0.48210000000000003,0.561,1,1,1
AF005220926,2,7,0,Away Team,0.47450000000000003,0.535,1,1,1
AF005220926,2,7,0,Away Team,0.5007,0.5795,1,1,1
AF005220926,2,7,0,Away Team,0.4775,0.5355,1,1,1
AF005220926,2,7,0,Away Team,0.4633,0.535,1,1,1
AF005220926,2,7,0,Away Team,0.4763,0.537,1,1,1
AF005220926,2,7,0,Away Team,0.5034000000000001,0.5720000000000001,1,1,1
AF005220926,2,7,0,Away Team,0.5034000000000001,0.6114999999999999,1,1,1
AF005220926,2,7,0,Away Team,0.5302,0.5670000000000001,1,1,1
AF005220926,2,7,0,Home Team,0.6955,0.735,1,1,1
AF005220926,2,7,0,Home Team,0.6851,0.74,1,1,1
AF006170926,1,0,0,Home Team,0.44439999999999996,0.515,0,1,1
AF006170926,1,0,0,Home Team,0.3184,0.519,0,1,1
AF006170926,1,0,0,Home Team,0.33399999999999996,0.5115,0,1,1
AF006170926,1,6,0,Home Team,0.33399999999999996,0.637,0,1,1
AF006170926,1,7,0,Home Team,0.5352,0.642,0,1,1
AF006170926,1,7,0,Away Team,0.5365,0.628,0,1,1
AF006170926,1,7,0,Away Team,0.5523,0.6095,0,1,1
AF006170926,1,7,0,Away Team,0.5059,0.62,0,1,1
AF006170926,1,7,0,Away Team,0.418,0.602,0,1,1
AF006170926,1,7,0,Away Team,0.418,0.555,0,1,1
AF006170926,1,7,6,Away Team,0.418,0.503,0,1,1
AF006170926,1,7,7,Away Team,0.40590000000000004,0.536,0,1,1
AF006170926,1,7,7,Home Team,0.37,0.5175,0,1,1
AF006170926,1,7,7,Home Team,0.37,0.5255,0,1,1
AF006170926,1,7,7,Home Team,0.39899999999999997,0.5015,0,1,1
AF006170926,2,7,13,Away Team,0.39899999999999997,0.282,0,1,1
AF006170926,2,7,14,Away Team,0.18109999999999998,0.2845,0,1,1
AF006170926,2,7,14,Home Team,0.1666,0.298,0,1,1
AF006170926,2,7,14,Home Team,0.1751,0.2955,0,1,1
AF006170926,2,7,14,Home Team,0.17489999999999997,0.275,0,1,1
AF006170926,2,7,14,Home Team,0.1585,0.2675,0,1,1
AF006170926,2,7,14,Home Team,0.1788,0.256,0,1,1
AF006170926,2,7,14,Home Team,0.1788,0.23,0,1,1
AF006170926,2,7,14,Home Team,0.1606,0.304,0,1,1
AF006170926,2,7,14,Home Team,0.1711,0.2635,0,1,1
AF006170926,2,7,14,Home Team,0.1711,0.2245,0,1,1
AF006170926,2,7,14,Home Team,0.16,0.154,0,1,1
AF006170926,2,7,14,Away Team,0.1319,0.132,0,1,1
AF006170926,2,7,14,Away Team,0.08,0.1485,0,1,1
AF006170926,2,7,14,Away Team,0.0977,0.13699999999999998,0,1,1
AF006170926,2,7,14,Away Team,0.0977,0.1605,0,1,1
AF006180926,1,0,0,Away Team,0.42310000000000003,0.4985,1,1,1
AF006180926,1,0,0,Away Team,0.4587,0.502,1,1,1
AF006180926,1,0,0,Away Team,0.3665,0.43700000000000006,1,1,1
AF006180926,1,0,0,Away Team,0.36329999999999996,0.46399999999999997,1,1,1
AF006180926,1,0,0,Away Team,0.40979999999999994,0.48700000000000004,1,1,1
AF006180926,1,0,6,Away Team,0.40979999999999994,0.408,1,1,1
AF006180926,1,0,7,Away Team,0.3156,0.3985,1,1,1
AF006180926,1,0,7,Home Team,0.3161,0.3995,1,1,1
AF006180926,1,6,7,Home Team,0.3161,0.536,1,1,1
AF006180926,1,7,7,Home Team,0.44880000000000003,0.5275,1,1,1
AF006180926,1,7,7,Away Team,0.4482,0.5145000000000001,1,1,1
AF006180926,1,7,7,Away Team,0.42729999999999996,0.4915,1,1,1
AF006180926,1,7,7,Away Team,0.379,0.4545,1,1,1
AF006180926,1,7,7,Away Team,0.3962,0.4965,1,1,1
AF006180926,2,7,7,Away Team,0.3962,0.4255,1,1,1
AF006180926,2,7,13,Away Team,0.3962,0.3845,1,1,1
AF006180926,2,7,14,Away Team,0.3151,0.396,1,1,1
AF006180926,2,7,14,Home Team,0.3215,0.40299999999999997,1,1,1
AF006180926,2,7,14,Home Team,0.3046,0.37200000000000005,1,1,1
AF006180926,2,7,14,Home Team,0.29760000000000003,0.368,1,1,1
AF006180926,2,7,14,Home Team,0.3195,0.4045,1,1,1
AF006180926,2,7,14,Home Team,0.32159999999999994,0.397,1,1,1
AF006180926,2,7,14,Home Team,0.38299999999999995,0.42450000000000004,1,1,1
AF006180926,2,7,14,Home Team,0.3613,0.425,1,1,1
AF006180926,2,7,14,Home Team,0.3496,0.4045,1,1,1
AF006180926,2,7,14,Home Team,0.3496,0.4375,1,1,1
AF006180926,2,7,14,Home Team,0.3864,0.469,1,1,1
AF006180926,2,7,14,Home Team,0.42090000000000005,0.452,1,1,1
AF006180926,2,7,14,Home Team,0.42090000000000005,0.5025,1,1,1
AF006180926,2,7,14,Home Team,0.4562,0.502,1,1,1
AF006180926,2,7,14,Home Team,0.4484,0.49950000000000006,1,1,1
AF006180926,2,13,14,Home Team,0.4484,0.5825,1,1,1
AF006180926,2,14,14,Home Team,0.5566,0.575,1,1,1
AF006180926,2,14,14,Away Team,0.5177,0.546,1,1,1
AF006180926,2,14,14,Away Team,0.5109,0.574,1,1,1
AF006210926,1,0,0,Away Team,0.48950000000000005,0.46799999999999997,0,1,1
AF006210926,1,0,0,Away Team,0.4656,0.408,0,1,1
AF006210926,1,0,0,Away Team,0.4233,0.358,0,1,1
AF006210926,1,0,0,Away Team,0.43810000000000004,0.374,0,1,1
AF006210926,1,0,6,Away Team,0.43810000000000004,0.27949999999999997,0,1,1
AF006210926,1,0,7,Away Team,0.361,0.2905,0,1,1
AF006210926,1,0,7,Home Team,0.3514,0.29,0,1,1
AF006210926,1,0,7,Home Team,0.3456,0.275,0,1,1
AF006210926,1,0,7,Home Team,0.34509999999999996,0.2945,0,1,1
AF006210926,1,0,7,Home Team,0.3833,0.335,0,1,1
AF006210926,1,0,7,Home Team,0.36560000000000004,0.3115,0,1,1
AF006210926,1,0,7,Home Team,0.3249,0.302,0,1,1
AF006210926,1,0,7,Home Team,0.42119999999999996,0.365,0,1,1
AF006210926,2,6,7,Home Team,0.42119999999999996,0.42200000000000004,0,1,1
AF006210926,2,7,7,Home Team,0.4576,0.414,0,1,1
AF006210926,2,7,7,Away Team,0.46950000000000003,0.41200000000000003,0,1,1
AF006210926,2,7,7,Away Team,0.4446,0.406,0,1,1
AF006210926,2,7,7,Away Team,0.4347,0.37200000000000005,0,1,1
AF006210926,2,7,7,Away Team,0.43189999999999995,0.361,0,1,1
AF006210926,2,7,7,Away Team,0.40659999999999996,0.365,0,1,1
AF006210926,2,7,7,Away Team,0.4194,0.332,0,1,1
AF006210926,2,7,7,Away Team,0.4194,0.3095,0,1,1
AF006210926,2,7,7,Away Team,0.3714,0.2865,0,1,1
AF006210926,2,7,7,Away Team,0.3714,0.2515,0,1,1
AF006210926,2,7,13,Away Team,0.3714,0.20350000000000001,0,1,1
AF006210926,2,7,14,Away Team,0.2634,0.20800000000000002,0,1,1
AF006210926,2,7,14,Home Team,0.289,0.2345,0,1,1
AF006210926,2,7,14,Home Team,0.2667,0.21100000000000002,0,1,1
AF006210926,2,7,14,Home Team,0.24710000000000001,0.18,0,1,1
AF006210926,2,7,14,Away Team,0.1295,0.174,0,1,1
AF007170926,1,0,0,Away Team,0.49060000000000004,0.5185,0,1,1
AF007170926,1,0,0,Away Team,0.4985,0.5565,0,1,1
AF007170926,1,0,0,Away Team,0.5268999999999999,0.594,0,1,1
AF007170926,1,0,0,Away Team,0.5268999999999999,0.65,0,1,1
AF007170926,1,0,0,Home Team,0.5592,0.6565000000000001,0,1,1
AF007170926,1,0,0,Home Team,0.621,0.619,0,1,1
AF007170926,1,0,0,Home Team,0.6492,0.6855,0,1,1
AF007170926,1,0,0,Home Team,0.6886,0.6915,0,1,1
AF007170926,1,0,0,Home Team,0.6940999999999999,0.6805,0,1,1
AF007170926,1,0,0,Home Team,0.6742,0.6779999999999999,0,1,1
AF007170926,1,0,0,Home Team,0.6575,0.6445000000000001,0,1,1
AF007170926,2,0,0,Home Team,0.6575,0.7290000000000001,0,1,1
AF007170926,2,6,0,Home Team,0.6575,0.769,0,1,1
AF007170926,2,7,0,Home Team,0.7725,0.7775,0,1,1
AF007170926,2,7,0,Away Team,0.7792,0.769,0,1,1
AF007170926,2,7,0,Away Team,0.7834,0.7779,0,1,1
AF007170926,2,7,0,Away Team,0.7676999999999999,0.778,0,1,1
AF007170926,2,7,0,Away Team,0.7746,0.7909999999999999,0,1,1
AF007170926,2,7,0,Away Team,0.7820999999999999,0.7759999999999999,0,1,1
AF007170926,2,7,0,Away Team,0.7417,0.758,0,1,1
AF007170926,2,7,0,Away Team,0.7044,0.738,0,1,1
AF007170926,2,7,0,Away Team,0.716,0.7365,0,1,1
AF007170926,2,7,0,Away Team,0.7402,0.7855,0,1,1
AF007170926,2,7,0,Away Team,0.7084,0.7155,0,1,1
AF007170926,2,7,0,Away Team,0.7120000000000001,0.7145,0,1,1
AF007170926,2,7,0,Away Team,0.7120000000000001,0.672,0,1,1
AF007170926,2,7,7,Away Team,0.6840999999999999,0.6775,0,1,1
AF007170926,2,7,7,Home Team,0.6786,0.6785,0,1,1
AF007170926,2,7,7,Home Team,0.66,0.6565000000000001,0,1,1
AF007170926,2,7,7,Home Team,0.5782,0.5670000000000001,0,1,1
AF007170926,2,7,7,Home Team,0.5782,0.51,0,1,1
AF007170926,2,7,7,Away Team,0.6303,0.4765,0,1,1
AF007170926,2,7,7,Away Team,0.4976,0.5035000000000001,0,1,1
AF007170926,2,7,7,Away Team,0.4727,0.48950000000000005,0,1,1
AF007170926,2,7,7,Away Team,0.4727,0.504,0,1,1
AF007170926,2,7,7,Home Team,0.6607999999999999,0.5965,0,1,1
AF007180926,1,0,0,Away Team,0.4338,0.4495,0,1,1
AF007180926,1,0,0,Away Team,0.4457,0.4675,0,1,1
AF007180926,1,0,0,Away Team,0.4304,0.45649999999999996,0,1,1
AF007180926,1,0,0,Away Team,0.4214,0.45049999999999996,0,1,1
AF007180926,1,0,0,Away Team,0.4122,0.441,0,1,1
AF007180926,1,0,0,Away Team,0.4122,0.5035000000000001,0,1,1
AF007180926,1,0,0,Away Team,0.434,0.4425,0,1,1
AF007180926,1,0,0,Away Team,0.3901,0.4395,0,1,1
AF007180926,1,0,0,Away Team,0.3998,0.43,0,1,1
AF007180926,1,0,0,Away Team,0.39990000000000003,0.4465,0,1,1
AF007180926,2,0,0,Away Team,0.4443,0.4715,0,1,1
AF007180926,2,0,6,Away Team,0.4443,0.38,0,1,1
AF007180926,2,0,7,Away Team,0.3245,0.3875,0,1,1
AF007180926,2,0,7,Home Team,0.324,0.3845,0,1,1
AF007180926,2,0,7,Home Team,0.32939999999999997,0.385,0,1,1
AF007180926,2,0,7,Home Team,0.3036,0.358,0,1,1
AF007180926,2,0,7,Home Team,0.34600000000000003,0.4025,0,1,1
AF007180926,2,0,7,Home Team,0.3603,0.4265,0,1,1
AF007180926,2,0,7,Home Team,0.3639,0.41,0,1,1
AF007180926,2,0,7,Home Team,0.3639,0.436,0,1,1
AF007180926,2,0,7,Home Team,0.385,0.405,0,1,1
AF007180926,2,0,7,Home Team,0.37189999999999995,0.3715,0,1,1
AF007180926,2,6,7,Home Team,0.37189999999999995,0.4595,0,1,1
AF007180926,2,7,7,Home Team,0.4413,0.449,0,1,1
AF007180926,2,7,7,Away Team,0.43229999999999996,0.4465,0,1,1
AF007180926,2,7,7,Away Team,0.48869999999999997,0.475,0,1,1
AF007180926,2,7,7,Away Team,0.4888,0.491,0,1,1
AF007180926,2,7,7,Away Team,0.4888,0.5845,0,1,1
AF007180926,2,7,7,Away Team,0.5095000000000001,0.4705,0,1,1
AF007180926,2,7,7,Away Team,0.401,0.501,0,1,1
AF007180926,2,7,7,Away Team,0.5252,0.4525,0,1,1
AF007190926,1,0,0,Away Team,0.5242,0.5125,1,1,1
AF007190926,1,0,0,Away Team,0.5378000000000001,0.5195000000000001,1,1,1
AF007190926,1,0,0,Away Team,0.5342,0.486,1,1,1
AF007190926,1,0,0,Away Team,0.495,0.4675,1,1,1
AF007190926,1,0,0,Away Team,0.5045000000000001,0.465,1,1,1
AF007190926,1,0,0,Away Team,0.5229,0.5023,1,1,1
AF007190926,1,0,0,Away Team,0.5229,0.5197999999999999,1,1,1
AF007190926,1,0,3,Away Team,0.5667,0.5095000000000001,1,1,1
AF007190926,1,0,3,Home Team,0.5871999999999999,0.5195000000000001,1,1,1
AF007190926,1,0,3,Home Team,0.5962,0.4955,1,1,1
AF007190926,1,0,3,Home Team,0.6517000000000001,0.5820000000000001,1,1,1
AF007190926,2,0,3,Home Team,0.6275999999999999,0.5405,1,1,1
AF007190926,2,0,3,Home Team,0.6509999999999999,0.5835,1,1,1
AF007190926,2,0,3,Home Team,0.6655,0.6045,1,1,1
AF007190926,2,0,3,Home Team,0.6637000000000001,0.611,1,1,1
AF007190926,2,6,3,Home Team,0.6637000000000001,0.6618,1,1,1
AF007190926,2,7,3,Home Team,0.6737000000000001,0.6557999999999999,1,1,1
AF007190926,2,7,3,Away Team,0.6751999999999999,0.6555,1,1,1
AF007190926,2,7,3,Away Team,0.6812,0.6445000000000001,1,1,1
AF007190926,2,7,3,Away Team,0.7262000000000001,0.6875,1,1,1
AF007190926,2,7,3,Away Team,0.7262000000000001,0.765,1,1,1
AF007190926,2,7,3,Home Team,0.7529,0.768,1,1,1
AF007190926,2,7,3,Home Team,0.8858,0.81,1,1,1
AF007190926,2,13,3,Home Team,0.8858,0.8985,1,1,1
AF007190926,2,14,3,Home Team,0.9174,0.8859999999999999,1,1,1
AF007190926,2,14,3,Away Team,0.914,0.898,1,1,1
AF007190926,2,14,9,Away Team,0.914,0.7885,1,1,1
AF007190926,2,14,10,Away Team,0.8651000000000001,0.7945,1,1,1
AF007190926,2,14,10,Home Team,0.8798999999999999,0.8365,1,1,1
AF007190926,2,14,10,Home Team,0.873,0.8195,1,1,1
AF007190926,2,14,10,Home Team,0.8825,0.828,1,1,1
AF007190926,2,14,10,Home Team,0.9107,0.8454999999999999,1,1,1
AF007190926,2,14,10,Home Team,0.9203,0.836,1,1,1
AF007190926,2,17,10,Home Team,0.9203,0.875,1,1,1
AF007200926,1,0,0,Home Team,0.4631,0.4415,0,1,1
AF007200926,1,0,0,Home Team,0.4612,0.41200000000000003,0,1,1
AF007200926,1,0,0,Home Team,0.374,0.3865,0,1,1
AF007200926,1,0,0,Home Team,0.4753,0.46399999999999997,0,1,1
AF007200926,1,0,0,Home Team,0.44439999999999996,0.444,0,1,1
AF007200926,1,0,0,Home Team,0.3576,0.39399999999999996,0,1,1
AF007200926,1,0,0,Home Team,0.3576,0.348,0,1,1
AF007200926,1,0,0,Away Team,0.38280000000000003,0.36200000000000004,0,1,1
AF007200926,1,0,0,Away Team,0.2785,0.32799999999999996,0,1,1
AF007200926,1,0,0,Away Team,0.2304,0.2525,0,1,1
AF007200926,1,6,0,Home Team,0.2304,0.5885,0,1,1
AF007200926,1,7,0,Home Team,0.5888,0.61,0,1,1
AF007200926,1,7,0,Away Team,0.5959,0.5995,0,1,1
AF007200926,1,7,0,Away Team,0.5972,0.6125,0,1,1
AF007200926,1,7,0,Away Team,0.5997,0.6164999999999999,0,1,1
AF007200926,2,7,0,Away Team,0.5697,0.568,0,1,1
AF007200926,2,7,0,Away Team,0.5325,0.537,0,1,1
AF007200926,2,7,0,Away Team,0.5374,0.5585,0,1,1
AF007200926,2,7,0,Away Team,0.5128,0.531,0,1,1
AF007200926,2,7,0,Away Team,0.5128,0.515,0,1,1
AF007200926,2,7,6,Away Team,0.5128,0.4755,0,1,1
AF007200926,2,7,7,Away Team,0.4865,0.4755,0,1,1
AF007200926,2,7,7,Home Team,0.5221,0.48450000000000004,0,1,1
AF007200926,2,7,7,Away Team,0.2607,0.281,0,1,1
AF007200926,2,7,13,Away Team,0.2607,0.1765,0,1,1
AF007200926,2,7,14,Away Team,0.1777,0.2095,0,1,1
AF007200926,2,7,14,Home Team,0.2091,0.24850000000000003,0,1,1
AF007200926,2,7,14,Home Team,0.24600000000000002,0.2775,0,1,1
AF007200926,2,7,14,Home Team,0.24359999999999998,0.264,0,1,1
AF007200926,2,13,14,Home Team,0.24359999999999998,0.32299999999999995,0,1,1
AF007200926,2,14,14,Home Team,0.2662,0.3395,0,1,1
AF007200926,2,14,14,Away Team,0.26030000000000003,0.33399999999999996,0,1,1
AF007200926,2,14,14,Away Team,0.2916,0.33520000000000005,0,1,1
AF007200926,2,14,14,Away Team,0.2804,0.326,0,1,1
AF007200926,2,14,14,Away Team,0.2804,0.3815,0,1,1
AF007200926,2,14,14,Home Team,0.2949,0.442,0,1,1
AF007200926,2,14,14,Home Team,0.2949,0.43,0,1,1
AF007200926,2,14,14,Home Team,0.2949,0.457,0,1,1
AF007200926,2,14,14,Home Team,0.3654,0.38549999999999995,0,1,1
AF007210926,1,0,0,Away Team,0.4868,0.522,0,1,1
AF007210926,1,0,0,Away Team,0.5291,0.5325,0,1,1
AF007210926,1,0,0,Away Team,0.4772,0.5085000000000001,0,1,1
AF007210926,1,0,0,Away Team,0.4548,0.474,0,1,1
AF007210926,1,0,0,Away Team,0.4569,0.478,0,1,1
AF007210926,1,0,0,Away Team,0.4763,0.5065,0,1,1
AF007210926,1,0,0,Away Team,0.4763,0.512,0,1,1
AF007210926,1,0,6,Away Team,0.5027,0.436,0,1,1
AF007210926,1,0,7,Away Team,0.5027,0.4425,0,1,1
AF007210926,1,0,7,Home Team,0.37079999999999996,0.41850000000000004,0,1,1
AF007210926,1,0,7,Home Team,0.4004,0.441,0,1,1
AF007210926,1,0,7,Home Team,0.37670000000000003,0.41600000000000004,0,1,1
AF007210926,1,0,7,Home Team,0.41409999999999997,0.46149999999999997,0,1,1
AF007210926,2,6,7,Home Team,0.41409999999999997,0.5065,0,1,1
AF007210926,2,7,7,Home Team,0.5149,0.514,0,1,1
AF007210926,2,7,7,Away Team,0.4391,0.48450000000000004,0,1,1
AF007210926,2,7,7,Away Team,0.4807,0.5185,0,1,1
AF007210926,2,7,7,Away Team,0.4685,0.5175,0,1,1
AF007210926,2,7,13,Away Team,0.4685,0.423,0,1,1
AF007210926,2,7,14,Away Team,0.37929999999999997,0.4215,0,1,1
AF007210926,2,7,14,Home Team,0.37479999999999997,0.43700000000000006,0,1,1
AF007210926,2,7,14,Home Team,0.3602,0.4175,0,1,1
AF007210926,2,7,14,Home Team,0.415,0.46299999999999997,0,1,1
AF007210926,2,7,14,Home Team,0.4019,0.41350000000000003,0,1,1
AF007210926,2,7,14,Home Team,0.45380000000000004,0.474,0,1,1
AF007210926,2,13,14,Home Team,0.45380000000000004,0.5055,0,1,1
AF007210926,2,14,14,Home Team,0.49920000000000003,0.5135000000000001,0,1,1
AF007210926,2,14,14,Away Team,0.5047,0.505,0,1,1
AF007210926,2,14,14,Away Team,0.47759999999999997,0.4675,0,1,1
AF007210926,2,20,14,Home Team,0.47759999999999997,0.8205,0,1,1
AF007210926,2,21,14,Home Team,0.7972,0.8075,0,1,1
AF007210926,2,21,14,Away Team,0.7762,0.807,0,1,1
AF007210926,2,21,20,Away Team,0.7762,0.7045,0,1,1
AF007210926,2,21,21,Away Team,0.6674,0.6984999999999999,0,1,1
AF007210926,2,21,21,Home Team,0.6712,0.679,0,1,1
AF007210926,2,21,21,Home Team,0.6514,0.6685,0,1,1
AF007210926,2,21,21,Home Team,0.6928,0.7165,0,1,1
AF007210926,2,21,21,Home Team,0.6738,0.6884999999999999,0,1,1
AF007210926,2,21,21,Home Team,0.7739,0.728,0,1,1
AF007210926,2,21,21,Home Team,0.7854000000000001,0.7,0,1,1
AF007210926,2,24,21,Home Team,0.7854000000000001,0.774,0,1,1
AF007210926,2,24,21,Away Team,0.7394,0.7595000000000001,0,1,1
AF007220926,1,0,0,Home Team,0.5398,0.5215,0,1,1
AF007220926,1,0,0,Home Team,0.5708,0.5720000000000001,0,1,1
AF007220926,1,0,0,Home Team,0.6059,0.5815,0,1,1
AF007220926,1,0,0,Home Team,0.5853,0.5775,0,1,1
AF007220926,1,6,0,Home Team,0.5853,0.6275,0,1,1
AF007220926,1,7,0,Home Team,0.6312,0.6495000000000001,0,1,1
AF007220926,1,13,0,Home Team,0.6312,0.8695,0,1,1
AF007220926,1,14,0,Home Team,0.845,0.858,0,1,1
AF007220926,1,14,0,Away Team,0.8663,0.858,0,1,1
AF007220926,1,14,0,Away Team,0.8537,0.8384999999999999,0,1,1
AF007220926,1,14,0,Away Team,0.8504999999999999,0.8445,0,1,1
AF007220926,1,14,0,Away Team,0.8203,0.835,0,1,1
AF007220926,1,14,0,Away Team,0.8206,0.851,0,1,1
AF007220926,2,14,0,Away Team,0.8315,0.851,0,1,1
AF007220926,2,14,6,Away Team,0.8315,0.7979999999999999,0,1,1
AF007220926,2,14,7,Away Team,0.7879,0.775,0,1,1
AF007220926,2,14,7,Home Team,0.7725,0.7975,0,1,1
AF007220926,2,14,7,Home Team,0.7736,0.8029999999999999,0,1,1
AF007220926,2,14,7,Home Team,0.7720999999999999,0.7709999999999999,0,1,1
AF007220926,2,14,7,Home Team,0.7720999999999999,0.6715000000000001,0,1,1
AF007220926,2,14,7,Away Team,0.7448999999999999,0.6675,0,1,1
AF007220926,2,14,7,Away Team,0.6313,0.6325,0,1,1
AF007220926,2,14,7,Away Team,0.6297,0.6214999999999999,0,1,1
AF007220926,2,14,7,Away Team,0.6297,0.565,0,1,1
AF007220926,2,14,7,Away Team,0.5617,0.5665,0,1,1
AF007220926,2,14,7,Away Team,0.5943,0.605,0,1,1
AF007220926,2,14,7,Away Team,0.5943,0.67,0,1,1
AF007220926,2,14,7,Home Team,0.7837000000000001,0.8059999999999999,0,1,1
AF007220926,2,14,7,Home Team,0.7837000000000001,0.787,0,1,1
AF007220926,2,14,7,Home Team,0.7842,0.784,0,1,1
AF007220926,2,14,7,Away Team,0.7073999999999999,0.7659999999999999,0,1,1
AF008170926,1,0,0,Home Team,0.5194,0.5165,1,1,1
AF008170926,1,0,0,Home Team,0.5177,0.5247999999999999,1,1,1
AF008170926,1,6,0,Home Team,0.5177,0.6395000000000001,1,1,1
AF008170926,1,7,0,Home Team,0.6007,0.628,1,1,1
AF008170926,1,7,0,Away Team,0.6119,0.632,1,1,1
AF008170926,1,7,0,Away Team,0.6523,0.6415000000000001,1,1,1
AF008170926,1,7,0,Away Team,0.6754000000000001,0.6715000000000001,1,1,1
AF008170926,1,7,0,Away Team,0.6754000000000001,0.662,1,1,1
AF008170926,1,7,0,Away Team,0.6548,0.6323,1,1,1
AF008170926,1,7,0,Away Team,0.6151,0.639,1,1,1
AF008170926,1,7,0,Away Team,0.6071,0.6214999999999999,1,1,1
AF008170926,1,7,0,Away Team,0.6159,0.6175,1,1,1
AF008170926,2,7,0,Away Team,0.5677,0.5865,1,1,1
AF008170926,2,7,0,Away Team,0.5496,0.5565,1,1,1
AF008170926,2,7,0,Away Team,0.5408,0.5495,1,1,1
AF008170926,2,13,0,Home Team,0.5408,0.8584999999999999,1,1,1
AF008170926,2,14,0,Home Team,0.8811,0.882,1,1,1
AF008170926,2,14,0,Away Team,0.8695999999999999,0.88,1,1,1
AF008170926,2,14,0,Away Team,0.8943000000000001,0.9179999999999999,1,1,1
AF008170926,2,14,0,Away Team,0.9238,0.9375,1,1,1
AF008170926,2,14,0,Away Team,0.9238,0.9570000000000001,1,1,1
AF008170926,2,14,0,Home Team,0.9143000000000001,0.966,1,1,1
AF008170926,2,14,0,Home Team,0.9693999999999999,0.9670000000000001,1,1,1
AF008170926,2,14,0,Home Team,0.9754999999999999,0.975,1,1,1
AF008170926,2,14,0,Home Team,0.9878,0.9775,1,1,1
AF008180926,1,0,0,Home Team,0.6053000000000001,0.527,1,1,1
AF008180926,1,0,0,Home Team,0.5735,0.5203,1,1,1
AF008180926,1,0,0,Home Team,0.617,0.534,1,1,1
AF008180926,1,6,0,Home Team,0.617,0.691,1,1,1
AF008180926,1,7,0,Home Team,0.7211,0.6955,1,1,1
AF008180926,1,7,0,Away Team,0.7269,0.6835,1,1,1
AF008180926,1,7,0,Away Team,0.7317,0.701,1,1,1
AF008180926,1,7,0,Away Team,0.7609,0.693,1,1,1
AF008180926,1,7,0,Away Team,0.7609,0.753,1,1,1
AF008180926,1,7,0,Home Team,0.7711,0.785,1,1,1
AF008180926,1,7,0,Home Team,0.8572,0.8009999999999999,1,1,1
AF008180926,1,7,0,Home Team,0.8839,0.8184999999999999,1,1,1
AF008180926,1,7,0,Home Team,0.8818,0.8145,1,1,1
AF008180926,2,7,0,Home Team,0.8539,0.8115000000000001,1,1,1
AF008180926,2,7,0,Home Team,0.8966,0.857,1,1,1
AF008180926,2,7,0,Home Team,0.8706999999999999,0.852,1,1,1
AF008180926,2,7,0,Home Team,0.8583,0.8315,1,1,1
AF008180926,2,7,0,Home Team,0.8583,0.799,1,1,1
AF008180926,2,10,0,Home Team,0.8128,0.7945,1,1,1
AF008180926,2,10,0,Away Team,0.8144,0.8015000000000001,1,1,1
AF008180926,2,10,0,Away Team,0.7813,0.764,1,1,1
AF008180926,2,10,0,Away Team,0.8168000000000001,0.785,1,1,1
AF008180926,2,10,0,Away Team,0.7754000000000001,0.768,1,1,1
AF008180926,2,10,0,Away Team,0.7618,0.7465,1,1,1
AF008180926,2,10,0,Away Team,0.7648,0.763,1,1,1
AF008180926,2,10,0,Away Team,0.7581,0.769,1,1,1
AF008180926,2,10,0,Away Team,0.7451000000000001,0.7390000000000001,1,1,1
AF008180926,2,10,0,Away Team,0.7304999999999999,0.732,1,1,1
AF008180926,2,10,0,Away Team,0.763,0.7345,1,1,1
AF008180926,2,10,6,Away Team,0.763,0.6204999999999999,1,1,1
AF008180926,2,10,7,Away Team,0.632,0.6255,1,1,1
AF008180926,2,10,7,Home Team,0.6314,0.624,1,1,1
AF008190926,1,0,0,Away Team,0.5202,0.45649999999999996,0,1,1
AF008190926,1,0,0,Away Team,0.5054,0.4535,0,1,1
AF008190926,1,0,0,Away Team,0.52,0.45649999999999996,0,1,1
AF008190926,1,0,0,Away Team,0.5243,0.4705,0,1,1
AF008190926,1,0,0,Away Team,0.4718,0.4375,0,1,1
AF008190926,1,0,0,Away Team,0.4473,0.4165,0,1,1
AF008190926,1,0,0,Away Team,0.4731,0.4255,0,1,1
AF008190926,1,0,0,Away Team,0.4597,0.442,0,1,1
AF008190926,1,0,0,Away Team,0.45280000000000004,0.402,0,1,1
AF008190926,2,0,0,Away Team,0.4487,0.4175,0,1,1
AF008190926,2,0,0,Away Team,0.4487,0.391,0,1,1
AF008190926,2,0,6,Away Team,0.4487,0.32549999999999996,0,1,1
AF008190926,2,0,7,Away Team,0.3882,0.33049999999999996,0,1,1
AF008190926,2,0,7,Home Team,0.39630000000000004,0.3362,0,1,1
AF008190926,2,0,7,Home Team,0.413,0.3295,0,1,1
AF008190926,2,0,7,Home Team,0.4301,0.3627,0,1,1
AF008190926,2,0,7,Home Team,0.4285,0.3577,0,1,1
AF008190926,2,0,7,Home Team,0.3889,0.3197,0,1,1
AF008190926,2,0,7,Home Team,0.3889,0.2576,0,1,1
AF008190926,2,3,7,Home Team,0.327,0.282,0,1,1
AF008190926,2,3,7,Away Team,0.33380000000000004,0.29100000000000004,0,1,1
AF008190926,2,3,7,Away Team,0.3435,0.302,0,1,1
AF008190926,2,3,7,Away Team,0.3453,0.3075,0,1,1
AF008190926,2,3,7,Away Team,0.3181,0.263,0,1,1
AF008190926,2,3,7,Away Team,0.313,0.266,0,1,1
AF008190926,2,3,7,Away Team,0.2553,0.226,0,1,1
AF008190926,2,3,7,Away Team,0.29410000000000003,0.23600000000000002,0,1,1
AF008190926,2,3,7,Away Team,0.2426,0.231,0,1,1
AF008190926,2,3,7,Home Team,0.3934,0.32549999999999996,0,1,1
AF008190926,2,3,7,Home Team,0.4127,0.33,0,1,1
AF008200926,1,0,0,Home Team,0.6583,0.6625,1,1,1
AF008200926,1,0,0,Home Team,0.6940999999999999,0.6775,1,1,1
AF008200926,1,0,0,Home Team,0.6843,0.6685,1,1,1
AF008200926,1,0,0,Home Team,0.7184999999999999,0.7284999999999999,1,1,1
AF008200926,1,0,0,Home Team,0.7273999999999999,0.7155,1,1,1
AF008200926,1,0,0,Home Team,0.6829999999999999,0.6809999999999999,1,1,1
AF008200926,1,6,0,Home Team,0.6829999999999999,0.7855,1,1,1
AF008200926,1,7,0,Home Team,0.7456,0.7975,1,1,1
AF008200926,1,7,0,Away Team,0.7418,0.7915000000000001,1,1,1
AF008200926,1,7,0,Away Team,0.7767000000000001,0.7755,1,1,1
AF008200926,1,7,0,Away Team,0.7906,0.7905,1,1,1
AF008200926,2,7,0,Away Team,0.7906,0.8545,1,1,1
AF008200926,2,7,0,Home Team,0.8242,0.8734999999999999,1,1,1
AF008200926,2,7,0,Home Team,0.8996999999999999,0.895,1,1,1
AF008200926,2,7,0,Home Team,0.8975,0.903,1,1,1
AF008200926,2,7,0,Home Team,0.9031999999999999,0.8909999999999999,1,1,1
AF008200926,2,13,0,Home Team,0.9031999999999999,0.9279999999999999,1,1,1
AF008200926,2,14,0,Home Team,0.9304000000000001,0.929,1,1,1
AF008200926,2,14,0,Away Team,0.9386,0.9365000000000001,1,1,1
AF008200926,2,14,0,Away Team,0.9411,0.9465,1,1,1
AF008200926,2,14,0,Away Team,0.9566,0.9545,1,1,1
AF008200926,2,14,0,Away Team,0.9566,0.946,1,1,1
AF008200926,2,14,0,Home Team,0.9581000000000001,0.972,1,1,1
AF008200926,2,20,0,Home Team,0.9754999999999999,0.992,1,1,1
AF008200926,2,21,0,Home Team,0.9919,0.9904999999999999,1,1,1
AF008200926,2,21,0,Away Team,0.9919,0.9934999999999999,1,1,1
AF008200926,2,21,0,Away Team,0.9913,0.9890000000000001,1,1,1
AF008200926,2,21,0,Away Team,0.9925,0.99,1,1,1
AF008200926,2,21,0,Away Team,0.9926999999999999,0.993,1,1,1
AF008200926,2,21,0,Away Team,0.9926999999999999,0.9940000000000001,1,1,1
AF008220926,1,0,0,Away Team,0.49920000000000003,0.5920000000000001,1,1,1
AF008220926,1,0,0,Away Team,0.5964,0.637,1,1,1
AF008220926,1,0,0,Away Team,0.467,0.542,1,1,1
AF008220926,1,0,0,Away Team,0.4903,0.569,1,1,1
AF008220926,1,0,0,Away Team,0.5053,0.6043,1,1,1
AF008220926,1,0,0,Away Team,0.5053,0.5725,1,1,1
AF008220926,1,0,0,Home Team,0.6912,0.6865000000000001,1,1,1
AF008220926,1,0,0,Home Team,0.715,0.721,1,1,1
AF008220926,2,0,0,Home Team,0.7328,0.7334999999999999,1,1,1
AF008220926,2,0,0,Home Team,0.7056,0.736,1,1,1
AF008220926,2,0,0,Home Team,0.7301000000000001,0.7345,1,1,1
AF008220926,2,0,0,Home Team,0.7301000000000001,0.6745,1,1,1
AF008220926,2,6,0,Home Team,0.6126,0.8140000000000001,1,1,1
AF008220926,2,7,0,Home Team,0.6126,0.831,1,1,1
AF008220926,2,7,0,Away Team,0.7548,0.7979999999999999,1,1,1
AF008220926,2,7,0,Away Team,0.7448999999999999,0.7965000000000001,1,1,1
AF008220926,2,7,0,Away Team,0.7539,0.8085,1,1,1
AF008220926,2,7,0,Away Team,0.7972,0.833,1,1,1
AF008220926,2,7,0,Away Team,0.7972,0.8894,1,1,1
AF008220926,2,7,0,Home Team,0.8081999999999999,0.8948999999999999,1,1,1
AF008220926,2,7,0,Home Team,0.8996999999999999,0.8734000000000001,1,1,1
AF008220926,2,7,0,Home Team,0.9159999999999999,0.8975,1,1,1
AF008220926,2,7,0,Home Team,0.9084,0.9005,1,1,1
AF009170926,1,0,0,Home Team,0.4962,0.46799999999999997,0,1,1
AF009170926,1,0,0,Home Team,0.5077,0.46549999999999997,0,1,1
AF009170926,1,0,0,Home Team,0.5205,0.5263,0,1,1
AF009170926,1,0,0,Home Team,0.5357999999999999,0.508,0,1,1
AF009170926,1,0,0,Home Team,0.5117,0.489,0,1,1
AF009170926,1,0,0,Home Team,0.4681,0.45049999999999996,0,1,1
AF009170926,1,0,0,Home Team,0.4681,0.39799999999999996,0,1,1
AF009170926,1,0,0,Away Team,0.4357,0.35600000000000004,0,1,1
AF009170926,1,0,0,Away Team,0.3682,0.3625,0,1,1
AF009170926,1,0,0,Home Team,0.5506,0.5525,0,1,1
AF009170926,1,0,0,Home Team,0.5472,0.529,0,1,1
AF009170926,1,0,0,Home Team,0.5405,0.511,0,1,1
AF009170926,1,0,0,Home Team,0.5405,0.46950000000000003,0,1,1
AF009170926,1,0,0,Home Team,0.47909999999999997,0.5425,0,1,1
AF009170926,1,0,0,Home Team,0.5584,0.5033,0,1,1
AF009170926,1,0,0,Home Team,0.5584,0.514,0,1,1
AF009170926,1,0,0,Home Team,0.5584,0.5175,0,1,1
AF009170926,1,7,0,Home Team,0.6193,0.611,0,1,1
AF009170926,2,7,0,Away Team,0.6263000000000001,0.605,0,1,1
AF009170926,2,7,0,Away Team,0.6494,0.6355,0,1,1
AF009170926,2,7,0,Away Team,0.7283,0.6729999999999999,0,1,1
AF009170926,2,7,0,Away Team,0.7283,0.7535,0,1,1
AF009170926,2,7,0,Home Team,0.695,0.78,0,1,1
AF009170926,2,13,0,Home Team,0.7717,0.8290000000000001,0,1,1
AF009170926,2,14,0,Home Team,0.8782,0.8345,0,1,1
AF009170926,2,14,0,Away Team,0.87,0.823,0,1,1
AF009170926,2,14,0,Away Team,0.8493999999999999,0.8170000000000001,0,1,1
AF009170926,2,14,6,Away Team,0.8493999999999999,0.7865000000000001,0,1,1
AF009170926,2,14,7,Away Team,0.8045,0.7859999999999999,0,1,1
AF009170926,2,14,7,Home Team,0.8134999999999999,0.768,0,1,1
AF009170926,2,14,7,Home Team,0.7928000000000001,0.8015000000000001,0,1,1
AF009170926,2,14,7,Home Team,0.8339,0.8009999999999999,0,1,1
AF009170926,2,14,7,Home Team,0.8175,0.7745000000000001,0,1,1
AF009170926,2,14,7,Away Team,0.5579,0.5545,0,1,1
AF009170926,2,14,7,Away Team,0.5616,0.58,0,1,1
AF009170926,2,14,7,Away Team,0.6203,0.6365,0,1,1
AF009170926,2,14,7,Away Team,0.6203,0.6995,0,1,1
AF009170926,2,14,10,Away Team,0.6742,0.6729999999999999,0,1,1
AF009170926,2,14,10,Home Team,0.6893,0.675,0,1,1
AF009170926,2,14,10,Home Team,0.6893,0.6579999999999999,0,1,1
AF009170926,2,14,16,Away Team,0.6043,0.2595,0,1,1
AF009170926,2,14,17,Away Team,0.2581,0.26649999999999996,0,1,1
AF009170926,2,14,17,Home Team,0.2422,0.2735,0,1,1
AF009170926,2,14,17,Home Team,0.242,0.2565,0,1,1
AF009180926,1,0,0,Home Team,0.4744,0.486,0,1,1
AF009180926,1,0,0,Home Team,0.4543,0.4955,0,1,1
AF009180926,1,0,0,Home Team,0.45899999999999996,0.4905,0,1,1
AF009180926,1,0,0,Home Team,0.4984,0.529,0,1,1
AF009180926,1,0,0,Home Team,0.4924,0.512,0,1,1
AF009180926,1,0,0,Home Team,0.46090000000000003,0.501,0,1,1
AF009180926,1,0,0,Home Team,0.46090000000000003,0.455,0,1,1
AF009180926,1,0,0,Home Team,0.4228,0.45049999999999996,0,1,1
AF009180926,1,0,0,Home Team,0.4228,0.5495,0,1,1
AF009180926,1,0,0,Home Team,0.49219999999999997,0.5065,0,1,1
AF009180926,2,0,0,Home Team,0.4972,0.557,0,1,1
AF009180926,2,0,0,Home Team,0.4972,0.48450000000000004,0,1,1
AF009180926,2,3,0,Home Team,0.45909999999999995,0.47100000000000003,0,1,1
AF009180926,2,3,0,Away Team,0.4138,0.44799999999999995,0,1,1
AF009180926,2,3,0,Away Team,0.3931,0.47200000000000003,0,1,1
AF009180926,2,3,0,Away Team,0.41590000000000005,0.48950000000000005,0,1,1
AF009180926,2,3,0,Away Team,0.41590000000000005,0.6054999999999999,0,1,1
AF009180926,2,3,0,Away Team,0.4844,0.4215,0,1,1
AF009180926,2,3,0,Away Team,0.3969,0.4495,0,1,1
AF009180926,2,3,0,Away Team,0.436,0.499,0,1,1
AF009180926,2,3,0,Home Team,0.5844,0.6114999999999999,0,1,1
AF009180926,2,3,0,Home Team,0.6483,0.6675,0,1,1
AF009180926,2,3,0,Home Team,0.6481,0.716,0,1,1
AF009180926,2,3,0,Away Team,0.406,0.4635,0,1,1
AF009180926,2,3,0,Away Team,0.37329999999999997,0.456,0,1,1
AF009180926,2,3,0,Away Team,0.3289,0.36450000000000005,0,1,1
AF009180926,2,3,0,Away Team,0.34369999999999995,0.37799999999999995,0,1,1
AF009180926,2,3,6,Away Team,0.34369999999999995,0.3025,0,1,1
AF009180926,2,3,7,Away Team,0.2107,0.29350000000000004,0,1,1
AF009180926,2,3,7,Home Team,0.218,0.29100000000000004,0,1,1
AF009180926,2,3,7,Home Team,0.1968,0.285,0,1,1
AF009180926,2,3,7,Home Team,0.2141,0.3,0,1,1
AF009180926,2,3,7,Home Team,0.18760000000000002,0.27449999999999997,0,1,1
AF009200926,1,0,0,Home Team,0.5125,0.5405,0,1,1
AF009200926,1,0,0,Home Team,0.5254,0.544,0,1,1
AF009200926,1,0,0,Home Team,0.5163,0.536,0,1,1
AF009200926,1,0,0,Home Team,0.5344,0.562,0,1,1
AF009200926,1,0,0,Home Team,0.5424,0.5735,0,1,1
AF009200926,1,0,0,Home Team,0.5296,0.526,0,1,1
AF009200926,1,0,0,Home Team,0.5621,0.581,0,1,1
AF009200926,1,0,0,Home Team,0.5660000000000001,0.5695,0,1,1
AF009200926,1,0,0,Home Team,0.5888,0.612,0,1,1
AF009200926,2,0,0,Home Team,0.5809000000000001,0.597,0,1,1
AF009200926,2,0,0,Away Team,0.3325,0.3845,0,1,1
AF009200926,2,6,0,Home Team,0.3325,0.6705,0,1,1
AF009200926,2,7,0,Home Team,0.6151,0.6905,0,1,1
AF009200926,2,7,0,Away Team,0.6234000000000001,0.6925,0,1,1
AF009200926,2,7,0,Away Team,0.6776000000000001,0.7075,0,1,1
AF009200926,2,7,0,Away Team,0.6386999999999999,0.7015,0,1,1
AF009200926,2,7,0,Away Team,0.6223,0.6925,0,1,1
AF009200926,2,7,0,Away Team,0.6344,0.6995,0,1,1
AF009200926,2,7,0,Away Team,0.6103000000000001,0.687,0,1,1
AF009200926,2,7,0,Away Team,0.545,0.613,0,1,1
AF009200926,2,7,0,Away Team,0.5789,0.636,0,1,1
AF009200926,2,7,0,Away Team,0.5726,0.6365,0,1,1
AF009200926,2,7,0,Away Team,0.5417000000000001,0.6054999999999999,0,1,1
AF009200926,2,7,0,Away Team,0.5426,0.593,0,1,1
AF009200926,2,7,0,Away Team,0.5544,0.5865,0,1,1
AF009200926,2,7,0,Away Team,0.5544,0.6615000000000001,0,1,1
AF009200926,2,7,6,Away Team,0.6112,0.514,0,1,1
AF009200926,2,7,7,Away Team,0.6112,0.4815,0,1,1
AF009200926,2,7,7,Home Team,0.4269,0.49200000000000005,0,1,1
AF009200926,2,7,7,Home Team,0.413,0.4475,0,1,1
AF009210926,1,0,0,Away Team,0.4334,0.423,1,1,1
AF009210926,1,0,0,Away Team,0.44880000000000003,0.402,1,1,1
AF009210926,1,0,0,Home Team,0.6141,0.5920000000000001,1,1,1
AF009210926,1,0,0,Home Team,0.6208,0.614,1,1,1
AF009210926,1,0,0,Home Team,0.6419,0.6104999999999999,1,1,1
AF009210926,1,0,0,Home Team,0.6358,0.613,1,1,1
AF009210926,1,0,0,Home Team,0.6881,0.6505,1,1,1
AF009210926,1,0,0,Home Team,0.6881,0.6345000000000001,1,1,1
AF009210926,1,0,0,Home Team,0.6881,0.614,1,1,1
AF009210926,2,6,0,Home Team,0.6881,0.7075,1,1,1
AF009210926,2,7,0,Home Team,0.7258,0.6970000000000001,1,1,1
AF009210926,2,7,0,Away Team,0.7234999999999999,0.6755,1,1,1
AF009210926,2,7,0,Away Team,0.6993,0.657,1,1,1
AF009210926,2,7,0,Away Team,0.698,0.6595,1,1,1
AF009210926,2,7,0,Away Team,0.6883,0.6655,1,1,1
AF009210926,2,7,0,Away Team,0.6722,0.6665000000000001,1,1,1
AF009210926,2,7,0,Away Team,0.7025,0.6635,1,1,1
AF009210926,2,7,0,Away Team,0.7066,0.662,1,1,1
AF009210926,2,7,0,Away Team,0.7066,0.7505,1,1,1
AF009210926,2,7,3,Away Team,0.7597,0.7805,1,1,1
AF009210926,2,7,3,Home Team,0.7903,0.7829999999999999,1,1,1
AF009210926,2,7,3,Home Team,0.8049,0.7695000000000001,1,1,1
AF009210926,2,7,3,Home Team,0.7744,0.7545000000000001,1,1,1
AF009210926,2,7,3,Home Team,0.8173,0.7879999999999999,1,1,1
AF009210926,2,7,3,Home Team,0.8832,0.8165,1,1,1
AF009210926,2,10,3,Home Team,0.8832,0.8320000000000001,1,1,1
AF009210926,2,10,3,Away Team,0.8687,0.8420000000000001,1,1,1
AF009220926,1,0,0,Home Team,0.42719999999999997,0.3625,0,1,1
AF009220926,1,0,0,Home Team,0.41609999999999997,0.396,0,1,1
AF009220926,1,0,0,Home Team,0.433,0.4,0,1,1
AF009220926,1,0,0,Home Team,0.4313,0.3815,0,1,1
AF009220926,1,0,0,Home Team,0.3981,0.371,0,1,1
AF009220926,1,0,0,Home Team,0.3981,0.331,0,1,1
AF009220926,1,0,0,Home Team,0.37520000000000003,0.42700000000000005,0,1,1
AF009220926,1,6,0,Home Team,0.45530000000000004,0.449,0,1,1
AF009220926,1,7,0,Home Team,0.5255,0.4395,0,1,1
AF009220926,1,7,0,Away Team,0.5201,0.4385,0,1,1
AF009220926,1,7,0,Away Team,0.43119999999999997,0.4225,0,1,1
AF009220926,1,7,6,Away Team,0.43119999999999997,0.363,0,1,1
AF009220926,1,7,7,Away Team,0.45049999999999996,0.38799999999999996,0,1,1
AF009220926,1,7,7,Home Team,0.43060000000000004,0.365,0,1,1
AF009220926,1,7,7,Home Team,0.43060000000000004,0.4305,0,1,1
AF009220926,1,13,7,Home Team,0.43060000000000004,0.441,0,1,1
AF009220926,1,14,7,Home Team,0.526,0.45649999999999996,0,1,1
AF009220926,1,14,7,Away Team,0.5057,0.436,0,1,1
AF009220926,1,14,7,Away Team,0.4882,0.479,0,1,1
AF009220926,1,14,7,Away Team,0.4525,0.4475,0,1,1
AF009220926,2,14,7,Away Team,0.461,0.44549999999999995,0,1,1
AF009220926,2,14,7,Away Team,0.462,0.46299999999999997,0,1,1
AF009220926,2,14,7,Away Team,0.43329999999999996,0.43200000000000005,0,1,1
AF009220926,2,14,7,Away Team,0.41509999999999997,0.4155,0,1,1
AF009220926,2,14,13,Away Team,0.41509999999999997,0.4155,0,1,1
AF009220926,2,14,14,Away Team,0.44880000000000003,0.39649999999999996,0,1,1
AF009220926,2,14,14,Home Team,0.4374,0.405,0,1,1
AF009220926,2,14,14,Home Team,0.4328,0.4285,0,1,1
AF009220926,2,14,14,Home Team,0.41590000000000005,0.39649999999999996,0,1,1
AF009220926,2,14,14,Home Team,0.39049999999999996,0.3625,0,1,1
AF009220926,2,14,14,Home Team,0.39049999999999996,0.2615,0,1,1
AF009220926,2,14,14,Home Team,0.3397,0.439,0,1,1
AF009220926,2,14,14,Home Team,0.4619,0.4175,0,1,1
AF009220926,2,14,14,Home Team,0.41409999999999997,0.391,0,1,1
AF009220926,2,20,14,Home Team,0.41409999999999997,0.503,0,1,1
AF009220926,2,21,14,Home Team,0.5221,0.5055,0,1,1
AF009220926,2,21,14,Away Team,0.4919,0.43799999999999994,0,1,1
AF009220926,2,21,14,Away Team,0.46049999999999996,0.4457,0,1,1
AF009220926,2,21,14,Away Team,0.4693,0.49,0,1,1
AF009220926,2,21,14,Away Team,0.387,0.413,0,1,1
AF009220926,2,21,14,Away Team,0.3803,0.389,0,1,1
AF009220926,2,21,20,Away Team,0.3803,0.335,0,1,1
AF009220926,2,21,21,Away Team,0.3669,0.344,0,1,1
AF009220926,2,21,21,Home Team,0.3741,0.34049999999999997,0,1,1
AF009220926,2,21,21,Home Team,0.3195,0.3127,0,1,1
AF009220926,2,21,21,Away Team,0.2606,0.2925,0,1,1
AF010170926,1,0,0,Home Team,0.5268999999999999,0.47,0,1,1
AF010170926,1,0,0,Home Team,0.49920000000000003,0.47369999999999995,0,1,1
AF010170926,1,0,0,Home Team,0.5434,0.501,0,1,1
AF010170926,1,0,0,Home Team,0.5543,0.5068,0,1,1
AF010170926,1,0,0,Home Team,0.5706,0.5573,0,1,1
AF010170926,1,0,0,Home Team,0.5507,0.54,0,1,1
AF010170926,1,0,0,Home Team,0.598,0.5765,0,1,1
AF010170926,1,0,0,Home Team,0.5796,0.5405,0,1,1
AF010170926,1,0,0,Home Team,0.5464,0.52,0,1,1
AF010170926,1,0,0,Home Team,0.5464,0.4585,0,1,1
AF010170926,2,3,0,Home Team,0.4959,0.452,0,1,1
AF010170926,2,3,0,Away Team,0.46869999999999995,0.4567,0,1,1
AF010170926,2,3,0,Away Team,0.4865,0.47,0,1,1
AF010170926,2,3,0,Away Team,0.4376,0.4485,0,1,1
AF010170926,2,3,0,Away Team,0.4526,0.42450000000000004,0,1,1
AF010170926,2,3,0,Away Team,0.4326,0.4105,0,1,1
AF010170926,2,3,0,Away Team,0.396,0.3945,0,1,1
AF010170926,2,3,0,Away Team,0.39159999999999995,0.406,0,1,1
AF010170926,2,3,0,Away Team,0.3665,0.354,0,1,1
AF010170926,2,3,0,Away Team,0.3688,0.327,0,1,1
AF010170926,2,3,6,Away Team,0.3688,0.27449999999999997,0,1,1
AF010170926,2,3,7,Away Team,0.3097,0.293,0,1,1
AF010170926,2,3,7,Home Team,0.3029,0.281,0,1,1
AF010170926,2,3,7,Home Team,0.3461,0.3385,0,1,1
AF010170926,2,3,7,Home Team,0.33159999999999995,0.317,0,1,1
AF010170926,2,3,7,Home Team,0.3019,0.315,0,1,1
AF010170926,2,3,7,Home Team,0.3019,0.309,0,1,1
AF010170926,2,3,7,Home Team,0.306,0.225,0,1,1
AF010170926,2,3,7,Away Team,0.153,0.24100000000000002,0,1,1
AF010180926,1,0,0,Away Team,0.4472,0.41700000000000004,1,1,1
AF010180926,1,0,0,Away Team,0.43799999999999994,0.41850000000000004,1,1,1
AF010180926,1,0,0,Away Team,0.39640000000000003,0.386,1,1,1
AF010180926,1,0,0,Away Team,0.38,0.38049999999999995,1,1,1
AF010180926,1,0,0,Away Team,0.3766,0.3455,1,1,1
AF010180926,1,0,0,Away Team,0.3772,0.363,1,1,1
AF010180926,1,0,0,Away Team,0.4157,0.39549999999999996,1,1,1
AF010180926,1,0,0,Away Team,0.4157,0.369,1,1,1
AF010180926,1,0,6,Away Team,0.4011,0.27949999999999997,1,1,1
AF010180926,1,0,7,Away Team,0.4011,0.262,1,1,1
AF010180926,1,0,7,Home Team,0.32789999999999997,0.27899999999999997,1,1,1
AF010180926,1,0,7,Home Team,0.3207,0.27949999999999997,1,1,1
AF010180926,2,0,7,Home Team,0.34619999999999995,0.3105,1,1,1
AF010180926,2,0,7,Home Team,0.3236,0.306,1,1,1
AF010180926,2,0,7,Home Team,0.3411,0.3145,1,1,1
AF010180926,2,0,7,Home Team,0.3489,0.3115,1,1,1
AF010180926,2,0,7,Home Team,0.3743,0.33799999999999997,1,1,1
AF010180926,2,0,7,Home Team,0.37979999999999997,0.3375,1,1,1
AF010180926,2,0,7,Home Team,0.4017,0.3815,1,1,1
AF010180926,2,0,7,Home Team,0.42229999999999995,0.363,1,1,1
AF010180926,2,6,7,Home Team,0.42229999999999995,0.4495,1,1,1
AF010180926,2,7,7,Home Team,0.49939999999999996,0.4395,1,1,1
AF010180926,2,7,7,Away Team,0.45399999999999996,0.415,1,1,1
AF010180926,2,13,7,Home Team,0.45399999999999996,0.8165,1,1,1
AF010180926,2,14,7,Home Team,0.8609,0.8140000000000001,1,1,1
AF010180926,2,14,7,Away Team,0.8724,0.8190000000000001,1,1,1
AF010190926,1,0,0,Away Team,0.4863,0.5429999999999999,1,1,1
AF010190926,1,0,0,Away Team,0.4456,0.518,1,1,1
AF010190926,1,0,0,Away Team,0.4814,0.5275,1,1,1
AF010190926,1,0,0,Away Team,0.4549,0.517,1,1,1
AF010190926,1,0,6,Away Team,0.4549,0.39,1,1,1
AF010190926,1,0,7,Away Team,0.3608,0.401,1,1,1
AF010190926,1,0,7,Home Team,0.3563,0.39399999999999996,1,1,1
AF010190926,1,0,7,Home Team,0.391,0.433,1,1,1
AF010190926,1,0,7,Home Team,0.35200000000000004,0.384,1,1,1
AF010190926,1,0,7,Away Team,0.2207,0.2785,1,1,1
AF010190926,1,0,7,Away Team,0.22829999999999998,0.3,1,1,1
AF010190926,2,0,7,Away Team,0.24710000000000001,0.2895,1,1,1
AF010190926,2,0,7,Away Team,0.24710000000000001,0.3565,1,1,1
AF010190926,2,0,7,Home Team,0.2415,0.344,1,1,1
AF010190926,2,0,7,Home Team,0.3469,0.3435,1,1,1
AF010190926,2,0,7,Home Team,0.3378,0.33149999999999996,1,1,1
AF010190926,2,0,7,Home Team,0.3378,0.278,1,1,1
AF010190926,2,0,7,Home Team,0.3546,0.3715,1,1,1
AF010190926,2,0,7,Home Team,0.35869999999999996,0.34850000000000003,1,1,1
AF010190926,2,0,7,Home Team,0.44920000000000004,0.45649999999999996,1,1,1
AF010190926,2,0,7,Home Team,0.4282,0.4435,1,1,1
AF010190926,2,6,7,Home Team,0.4282,0.506,1,1,1
AF010190926,2,7,7,Home Team,0.4765,0.501,1,1,1
AF010190926,2,7,7,Away Team,0.4744,0.505,1,1,1
AF010190926,2,7,7,Home Team,0.7321,0.7475,1,1,1
AF010190926,2,7,7,Home Team,0.7672,0.743,1,1,1
AF010190926,2,7,7,Home Team,0.7746,0.7240000000000001,1,1,1
AF010190926,2,7,7,Home Team,0.745,0.7015,1,1,1
AF010190926,2,7,7,Home Team,0.745,0.7125,1,1,1
AF010190926,2,10,7,Home Team,0.745,0.7709999999999999,1,1,1
AF010200926,1,0,0,Home Team,0.408,0.32299999999999995,0,1,1
AF010200926,1,0,0,Home Team,0.34740000000000004,0.301,0,1,1
AF010200926,1,0,0,Home Team,0.3105,0.2985,0,1,1
AF010200926,1,0,0,Home Team,0.3105,0.284,0,1,1
AF010200926,1,0,0,Away Team,0.29410000000000003,0.2625,0,1,1
AF010200926,1,0,0,Away Team,0.2577,0.272,0,1,1
AF010200926,1,0,0,Away Team,0.218,0.259,0,1,1
AF010200926,1,0,0,Away Team,0.22760000000000002,0.2445,0,1,1
AF010200926,1,0,0,Away Team,0.2184,0.252,0,1,1
AF010200926,1,0,0,Away Team,0.19870000000000002,0.21050000000000002,0,1,1
AF010200926,2,0,0,Away Team,0.2003,0.217,0,1,1
AF010200926,2,0,0,Away Team,0.1865,0.18350000000000002,0,1,1
AF010200926,2,0,0,Away Team,0.1906,0.20600000000000002,0,1,1
AF010200926,2,0,6,Away Team,0.1906,0.1315,0,1,1
AF010200926,2,0,7,Away Team,0.1906,0.157,0,1,1
AF010200926,2,0,7,Home Team,0.1748,0.147,0,1,1
AF010200926,2,0,7,Home Team,0.1675,0.1555,0,1,1
AF010200926,2,0,7,Home Team,0.1843,0.1445,0,1,1
AF010200926,2,0,7,Home Team,0.17170000000000002,0.1505,0,1,1
AF010200926,2,0,7,Home Team,0.2011,0.1655,0,1,1
AF010200926,2,0,7,Home Team,0.1886,0.149,0,1,1
AF010200926,2,0,7,Home Team,0.1945,0.1655,0,1,1
AF010200926,2,0,7,Home Team,0.19879999999999998,0.1815,0,1,1
AF010200926,2,0,7,Home Team,0.1902,0.16399999999999998,0,1,1
AF010200926,2,6,7,Home Team,0.1902,0.278,0,1,1
AF010200926,2,7,7,Home Team,0.26039999999999996,0.275,0,1,1
AF010200926,2,7,7,Away Team,0.2664,0.2786,0,1,1
AF010200926,2,7,7,Away Team,0.2445,0.3075,0,1,1
AF010200926,2,7,7,Away Team,0.2109,0.2751,0,1,1
AF010200926,2,7,7,Away Team,0.1841,0.23850000000000002,0,1,1
AF010200926,2,7,7,Home Team,0.314,0.327,0,1,1
AF010200926,2,7,7,Home Team,0.3018,0.3292,0,1,1
AF010210926,1,0,0,Away Team,0.4966,0.40549999999999997,0,1,1
AF010210926,1,0,0,Away Team,0.4756,0.39399999999999996,0,1,1
AF010210926,1,0,0,Away Team,0.4857,0.402,0,1,1
AF010210926,1,0,0,Away Team,0.5224,0.441,0,1,1
AF010210926,1,0,0,Away Team,0.5224,0.5125,0,1,1
AF010210926,1,0,0,Home Team,0.5682,0.5145000000000001,0,1,1
AF010210926,1,0,0,Home Team,0.6104999999999999,0.486,0,1,1
AF010210926,1,0,0,Home Team,0.5898,0.469,0,1,1
AF010210926,1,0,0,Home Team,0.5898,0.405,0,1,1
AF010210926,1,0,0,Away Team,0.5898,0.391,0,1,1
AF010210926,1,0,0,Away Team,0.506,0.3985,0,1,1
AF010210926,1,0,0,Away Team,0.5218,0.4235,0,1,1
AF010210926,1,0,6,Away Team,0.5218,0.2645,0,1,1
AF010210926,1,0,7,Away Team,0.3569,0.266,0,1,1
AF010210926,1,0,7,Home Team,0.36619999999999997,0.3015,0,1,1
AF010210926,2,0,7,Away Team,0.1936,0.131,0,1,1
AF010210926,2,0,7,Away Team,0.2082,0.14550000000000002,0,1,1
AF010210926,2,0,7,Away Team,0.2328,0.155,0,1,1
AF010210926,2,0,7,Away Team,0.2328,0.2,0,1,1
AF010210926,2,0,10,Away Team,0.25489999999999996,0.196,0,1,1
AF010210926,2,0,10,Home Team,0.23550000000000001,0.1905,0,1,1
AF010210926,2,0,10,Home Team,0.2206,0.191,0,1,1
AF010210926,2,0,10,Home Team,0.2699,0.22,0,1,1
AF010210926,2,0,10,Home Team,0.252,0.17850000000000002,0,1,1
AF010210926,2,0,10,Home Team,0.32799999999999996,0.2425,0,1,1
AF010210926,2,0,10,Home Team,0.3072,0.2375,0,1,1
AF010210926,2,6,10,Home Team,0.3072,0.281,0,1,1
AF010210926,2,7,10,Home Team,0.3325,0.2815,0,1,1
AF010210926,2,7,10,Away Team,0.3373,0.265,0,1,1
AF010210926,2,7,10,Away Team,0.3908,0.3165,0,1,1
AF010210926,2,7,10,Away Team,0.4537,0.35100000000000003,0,1,1
AF010210926,2,7,10,Away Team,0.3433,0.257,0,1,1
AF010210926,2,7,10,Away Team,0.18780000000000002,0.163,0,1,1
AF010210926,2,7,16,Away Team,0.18780000000000002,0.09300000000000001,0,1,1
AF010210926,2,7,17,Away Team,0.1257,0.0885,0,1,1
AF010210926,2,7,17,Home Team,0.12689999999999999,0.0885,0,1,1
AF010210926,2,7,17,Home Team,0.12619999999999998,0.075,0,1,1
AF010220926,1,0,0,Home Team,0.4685,0.46299999999999997,0,1,1
AF010220926,1,0,0,Home Team,0.4524,0.457,0,1,1
AF010220926,1,0,0,Home Team,0.4524,0.4205,0,1,1
AF010220926,1,0,0,Home Team,0.4515,0.488,0,1,1
AF010220926,1,0,0,Home Team,0.4836,0.5015,0,1,1
AF010220926,1,0,0,Home Team,0.5079,0.5379999999999999,0,1,1
AF010220926,1,0,0,Home Team,0.528,0.5329999999999999,0,1,1
AF010220926,1,0,0,Home Team,0.49329999999999996,0.48200000000000004,0,1,1
AF010220926,1,6,0,Home Team,0.49329999999999996,0.6004999999999999,0,1,1
AF010220926,1,7,0,Home Team,0.6093999999999999,0.5925,0,1,1
AF010220926,1,7,0,Away Team,0.5992999999999999,0.5845,0,1,1
AF010220926,2,7,0,Away Team,0.5943999999999999,0.5770000000000001,0,1,1
AF010220926,2,7,0,Away Team,0.5931000000000001,0.5770000000000001,0,1,1
AF010220926,2,7,0,Away Team,0.5842,0.565,0,1,1
AF010220926,2,7,0,Away Team,0.5853,0.5589999999999999,0,1,1
AF010220926,2,7,0,Away Team,0.5895,0.6145,0,1,1
AF010220926,2,7,0,Away Team,0.5318999999999999,0.5685,0,1,1
AF010220926,2,7,6,Away Team,0.5318999999999999,0.4915,0,1,1
AF010220926,2,7,7,Away Team,0.4673,0.473,0,1,1
AF010220926,2,7,7,Home Team,0.44530000000000003,0.4705,0,1,1
AF010220926,2,7,7,Home Team,0.41850000000000004,0.4535,0,1,1
AF010220926,2,7,7,Away Team,0.2366,0.243,0,1,1
AF010220926,2,7,13,Away Team,0.2366,0.1945,0,1,1
AF010220926,2,7,14,Away Team,0.1852,0.19149999999999998,0,1,1
AF010220926,2,7,14,Home Team,0.1782,0.1925,0,1,1
AF010220926,2,7,14,Home Team,0.1782,0.1925,0,1,1
AF010220926,2,7,14,Home Team,0.1653,0.182,0,1,1
AF010220926,2,7,14,Home Team,0.20929999999999999,0.23149999999999998,0,1,1
AF010220926,2,7,14,Home Team,0.2182,0.244,0,1,1
AF010220926,2,7,14,Home Team,0.23559999999999998,0.2365,0,1,1
AF010220926,2,7,14,Home Team,0.2173,0.2525,0,1,1
AF010220926,2,7,14,Home Team,0.19190000000000002,0.225,0,1,1
AF010220926,2,7,14,Home Team,0.19190000000000002,0.1805,0,1,1
AF010220926,2,10,14,Home Team,0.1447,0.1745,0,1,1
AF010220926,2,10,14,Away Team,0.1447,0.1515,0,1,1
AF010220926,2,10,14,Away Team,0.09539999999999998,0.1245,0,1,1
AF010220926,2,10,17,Away Team,0.09539999999999998,0.106,0,1,1
AF011170926,1,0,0,Home Team,0.5512,0.5595,0,1,1
AF011170926,1,0,0,Home Team,0.5472,0.5305,0,1,1
AF011170926,1,0,0,Home Team,0.5577000000000001,0.5695,0,1,1
AF011170926,1,0,0,Home Team,0.6036,0.6054999999999999,0,1,1
AF011170926,1,0,0,Home Team,0.6198,0.643,0,1,1
AF011170926,1,0,0,Home Team,0.6198,0.6609999999999999,0,1,1
AF011170926,1,0,0,Home Team,0.6198,0.6335000000000001,0,1,1
AF011170926,1,6,0,Home Team,0.6198,0.6940000000000001,0,1,1
AF011170926,1,7,0,Home Team,0.6613,0.7114,0,1,1
AF011170926,1,7,0,Away Team,0.6506000000000001,0.7225,0,1,1
AF011170926,1,7,0,Away Team,0.6533,0.688,0,1,1
AF011170926,2,7,0,Away Team,0.6584,0.6735,0,1,1
AF011170926,2,7,0,Away Team,0.6297,0.6629999999999999,0,1,1
AF011170926,2,7,0,Away Team,0.6186,0.649,0,1,1
AF011170926,2,7,0,Away Team,0.6367,0.6395000000000001,0,1,1
AF011170926,2,7,0,Away Team,0.59,0.627,0,1,1
AF011170926,2,7,0,Away Team,0.6073,0.6385000000000001,0,1,1
AF011170926,2,7,6,Away Team,0.6073,0.59,0,1,1
AF011170926,2,7,7,Away Team,0.5304,0.5805,0,1,1
AF011170926,2,7,7,Home Team,0.5263,0.5665,0,1,1
AF011170926,2,7,7,Home Team,0.5502,0.5605,0,1,1
AF011170926,2,7,7,Home Team,0.5209,0.5295000000000001,0,1,1
AF011170926,2,7,7,Home Team,0.5904,0.596,0,1,1
AF011170926,2,7,7,Home Team,0.6067,0.6285000000000001,0,1,1
AF011170926,2,13,7,Home Team,0.6067,0.7555,0,1,1
AF011170926,2,14,7,Home Team,0.7058,0.7484999999999999,0,1,1
AF011170926,2,14,7,Away Team,0.6862,0.752,0,1,1
AF011170926,2,14,7,Away Team,0.71,0.7425,0,1,1
AF011170926,2,14,7,Away Team,0.7594,0.7445,0,1,1
AF011170926,2,14,7,Away Team,0.7293999999999999,0.741,0,1,1
AF011170926,2,14,7,Home Team,0.7931,0.7945,0,1,1
AF011180926,1,0,0,Home Team,0.47759999999999997,0.531,1,1,1
AF011180926,1,0,0,Home Team,0.4583,0.5235,1,1,1
AF011180926,1,0,0,Home Team,0.4939,0.5415,1,1,1
AF011180926,1,0,0,Home Team,0.47479999999999994,0.523,1,1,1
AF011180926,1,0,0,Home Team,0.5005,0.5795,1,1,1
AF011180926,1,0,0,Home Team,0.5005,0.618,1,1,1
AF011180926,1,6,0,Home Team,0.5005,0.6579999999999999,1,1,1
AF011180926,1,7,0,Home Team,0.5831000000000001,0.67,1,1,1
AF011180926,1,7,0,Away Team,0.5898,0.667,1,1,1
AF011180926,1,7,0,Away Team,0.5982,0.6345000000000001,1,1,1
AF011180926,1,7,0,Away Team,0.5768,0.623,1,1,1
AF011180926,1,7,0,Away Team,0.5338,0.5920000000000001,1,1,1
AF011180926,2,7,0,Home Team,0.7214,0.785,1,1,1
AF011180926,2,7,0,Home Team,0.7105,0.774,1,1,1
AF011180926,2,7,0,Home Team,0.7745000000000001,0.8059999999999999,1,1,1
AF011180926,2,7,0,Home Team,0.7684000000000001,0.7959999999999999,1,1,1
AF011180926,2,13,0,Home Team,0.7684000000000001,0.88,1,1,1
AF011180926,2,14,0,Home Team,0.8439,0.8744,1,1,1
AF011180926,2,14,0,Away Team,0.8488,0.8745,1,1,1
AF011180926,2,14,0,Away Team,0.8628,0.8845000000000001,1,1,1
AF011180926,2,14,0,Away Team,0.8754000000000001,0.8975,1,1,1
AF011180926,2,14,0,Away Team,0.8754000000000001,0.9359999999999999,1,1,1
AF011180926,2,14,0,Home Team,0.9013,0.9295,1,1,1
AF011180926,2,14,0,Home Team,0.93,0.934,1,1,1
AF011180926,2,14,0,Home Team,0.953,0.9625,1,1,1
AF011180926,2,14,0,Home Team,0.9748,0.972,1,1,1
AF011180926,2,14,0,Home Team,0.9688,0.971,1,1,1
AF011180926,2,20,0,Home Team,0.9688,0.9840000000000001,1,1,1
AF011180926,2,21,0,Home Team,0.9756999999999999,0.9834999999999999,1,1,1
AF011180926,2,21,0,Away Team,0.9788,0.9845,1,1,1
AF011180926,2,21,0,Away Team,0.9748,0.9875,1,1,1
AF011180926,2,21,0,Away Team,0.976,0.985,1,1,1
AF011180926,2,21,0,Away Team,0.9852,0.9895,1,1,1
AF011180926,2,21,0,Away Team,0.9763,0.986,1,1,1
AF011180926,2,21,3,Away Team,0.9763,0.987,1,1,1
AF011180926,2,21,3,Home Team,0.9819,0.9815,1,1,1
AF011190926,1,0,0,Away Team,0.46399999999999997,0.552,1,1,1
AF011190926,1,0,0,Home Team,0.6213000000000001,0.6485,1,1,1
AF011190926,1,0,0,Home Team,0.6331,0.649,1,1,1
AF011190926,1,6,0,Home Team,0.6331,0.7665000000000001,1,1,1
AF011190926,1,7,0,Home Team,0.7245999999999999,0.7625,1,1,1
AF011190926,1,7,0,Away Team,0.7254,0.743,1,1,1
AF011190926,1,7,0,Away Team,0.7269,0.7484999999999999,1,1,1
AF011190926,1,7,0,Away Team,0.6970000000000001,0.726,1,1,1
AF011190926,1,7,0,Away Team,0.6923,0.7265,1,1,1
AF011190926,1,7,0,Away Team,0.6849,0.7240000000000001,1,1,1
AF011190926,1,7,6,Away Team,0.6849,0.6535,1,1,1
AF011190926,1,7,7,Away Team,0.6454000000000001,0.635,1,1,1
AF011190926,1,7,7,Home Team,0.6183,0.627,1,1,1
AF011190926,1,7,7,Home Team,0.6289,0.6465000000000001,1,1,1
AF011190926,1,7,7,Home Team,0.652,0.6575,1,1,1
AF011190926,2,13,7,Home Team,0.652,0.7559999999999999,1,1,1
AF011190926,2,14,7,Home Team,0.7379000000000001,0.7665000000000001,1,1,1
AF011190926,2,14,7,Away Team,0.7409,0.767,1,1,1
AF011190926,2,14,7,Away Team,0.7401000000000001,0.748,1,1,1
AF011190926,2,14,7,Away Team,0.7506999999999999,0.7605,1,1,1
AF011190926,2,14,7,Away Team,0.7397,0.743,1,1,1
AF011190926,2,14,7,Away Team,0.7454999999999999,0.7585,1,1,1
AF011190926,2,14,7,Away Team,0.807,0.8205,1,1,1
AF011190926,2,14,7,Away Team,0.807,0.7979999999999999,1,1,1
AF011190926,2,14,7,Away Team,0.7409,0.7354,1,1,1
AF011190926,2,14,7,Away Team,0.7045999999999999,0.7434999999999999,1,1,1
AF011190926,2,14,7,Away Team,0.6762,0.7045,1,1,1
AF011190926,2,14,13,Away Team,0.6762,0.6365,1,1,1
AF011190926,2,14,14,Away Team,0.6587000000000001,0.6615000000000001,1,1,1
AF011190926,2,14,14,Home Team,0.6416,0.636,1,1,1
AF011190926,2,14,14,Home Team,0.6553,0.6459999999999999,1,1,1
AF011190926,2,14,14,Home Team,0.6890000000000001,0.6685,1,1,1
AF011190926,2,14,14,Home Team,0.6776000000000001,0.6459999999999999,1,1,1
AF011190926,2,14,14,Home Team,0.6981,0.5975,1,1,1
AF011200926,1,0,0,Away Team,0.5387,0.512,1,1,1
AF011200926,1,0,0,Away Team,0.5109,0.45899999999999996,1,1,1
AF011200926,1,0,0,Away Team,0.5004,0.4545,1,1,1
AF011200926,1,0,0,Away Team,0.493,0.419,1,1,1
AF011200926,1,0,0,Away Team,0.4943,0.431,1,1,1
AF011200926,1,0,0,Away Team,0.5579999999999999,0.478,1,1,1
AF011200926,1,0,6,Away Team,0.5579999999999999,0.35850000000000004,1,1,1
AF011200926,1,0,7,Away Team,0.4389,0.3655,1,1,1
AF011200926,1,0,7,Home Team,0.4304,0.3635,1,1,1
AF011200926,1,0,7,Home Team,0.3829,0.35,1,1,1
AF011200926,1,6,7,Home Team,0.3829,0.4705,1,1,1
AF011200926,1,7,7,Home Team,0.5572,0.47850000000000004,1,1,1
AF011200926,2,7,7,Away Team,0.5583,0.48100000000000004,1,1,1
AF011200926,2,7,7,Away Team,0.5743,0.5105,1,1,1
AF011200926,2,7,7,Away Team,0.6311,0.5365,1,1,1
AF011200926,2,7,7,Home Team,0.7434999999999999,0.682,1,1,1
AF011200926,2,7,7,Home Team,0.7254,0.669,1,1,1
AF011200926,2,7,7,Home Team,0.7358,0.6535,1,1,1
AF011200926,2,7,7,Home Team,0.7785,0.7075,1,1,1
AF011200926,2,7,7,Home Team,0.7712,0.7040000000000001,1,1,1
AF011200926,2,7,7,Home Team,0.7386,0.6765000000000001,1,1,1
AF011200926,2,13,7,Home Team,0.7386,0.7755,1,1,1
AF011200926,2,14,7,Home Team,0.8245,0.787,1,1,1
AF011200926,2,14,7,Away Team,0.8265,0.784,1,1,1
AF011200926,2,14,7,Away Team,0.8349,0.8109999999999999,1,1,1
AF011200926,2,14,7,Away Team,0.8388,0.7805,1,1,1
AF011200926,2,14,7,Away Team,0.7824,0.732,1,1,1
AF011200926,2,14,7,Home Team,0.9376000000000001,0.887,1,1,1
AF011200926,2,20,7,Home Team,0.9376000000000001,0.9534999999999999,1,1,1
AF011200926,2,20,7,Home Team,0.961,0.946,1,1,1
AF011200926,2,20,7,Away Team,0.96,0.9555,1,1,1
AF011200926,2,20,7,Away Team,0.9526,0.9329999999999999,1,1,1
AF011200926,2,20,7,Away Team,0.9481,0.9329999999999999,1,1,1
AF011200926,2,20,7,Away Team,0.9651000000000001,0.9484999999999999,1,1,1
AF011210926,1,0,0,Home Team,0.43579999999999997,0.488,0,1,1
AF011210926,1,0,0,Home Team,0.4194,0.4825,0,1,1
AF011210926,1,0,0,Home Team,0.45890000000000003,0.511,0,1,1
AF011210926,1,0,0,Home Team,0.46840000000000004,0.5255,0,1,1
AF011210926,1,0,0,Home Team,0.4642,0.511,0,1,1
AF011210926,1,0,0,Home Team,0.499,0.5425,0,1,1
AF011210926,1,6,0,Home Team,0.499,0.619,0,1,1
AF011210926,1,7,0,Home Team,0.5874,0.64,0,1,1
AF011210926,1,7,0,Away Team,0.5801,0.604,0,1,1
AF011210926,1,7,0,Away Team,0.5699000000000001,0.6145,0,1,1
AF011210926,1,7,0,Away Team,0.5634,0.607,0,1,1
AF011210926,1,7,0,Away Team,0.555,0.607,0,1,1
AF011210926,2,7,0,Away Team,0.5760000000000001,0.612,0,1,1
AF011210926,2,7,0,Away Team,0.5904,0.636,0,1,1
AF011210926,2,7,0,Away Team,0.5271,0.6015,0,1,1
AF011210926,2,7,0,Away Team,0.5335,0.5845,0,1,1
AF011210926,2,7,0,Away Team,0.5255,0.5875,0,1,1
AF011210926,2,7,0,Away Team,0.5399,0.5875,0,1,1
AF011210926,2,7,0,Away Team,0.5653,0.6559999999999999,0,1,1
AF011210926,2,7,6,Away Team,0.5653,0.5255,0,1,1
AF011210926,2,7,7,Away Team,0.45299999999999996,0.5329999999999999,0,1,1
AF011210926,2,7,7,Home Team,0.44789999999999996,0.514,0,1,1
AF011210926,2,7,7,Home Team,0.4802,0.555,0,1,1
AF011210926,2,7,7,Home Team,0.4747,0.56,0,1,1
AF011210926,2,7,7,Home Team,0.4743,0.5405,0,1,1
AF011210926,2,7,7,Home Team,0.4743,0.562,0,1,1
AF011210926,2,13,7,Home Team,0.4742,0.6595,0,1,1
AF011210926,2,14,7,Home Team,0.5963,0.6595,0,1,1
AF011210926,2,14,7,Away Team,0.5882999999999999,0.6459999999999999,0,1,1
AF011210926,2,14,7,Away Team,0.6142,0.6465000000000001,0,1,1
AF011210926,2,14,7,Away Team,0.5597,0.63,0,1,1
AF011210926,2,14,7,Away Team,0.599,0.642,0,1,1
AF011210926,2,14,7,Away Team,0.5693,0.619,0,1,1
AF011210926,2,14,7,Away Team,0.6015,0.6559999999999999,0,1,1
AF011210926,2,14,7,Home Team,0.7228,0.762,0,1,1
AF011220926,1,0,0,Home Team,0.5609000000000001,0.4285,0,1,1
AF011220926,1,6,0,Home Team,0.5609000000000001,0.5725,0,1,1
AF011220926,1,7,0,Home Team,0.6706,0.5529999999999999,0,1,1
AF011220926,1,7,0,Away Team,0.6792,0.551,0,1,1
AF011220926,1,7,0,Away Team,0.6666,0.5489999999999999,0,1,1
AF011220926,1,7,0,Away Team,0.6553,0.585,0,1,1
AF011220926,1,7,0,Away Team,0.6659,0.5875,0,1,1
AF011220926,1,7,0,Away Team,0.6659,0.6375,0,1,1
AF011220926,1,7,0,Home Team,0.8338,0.7020000000000001,0,1,1
AF011220926,1,7,0,Home Team,0.8231,0.71,0,1,1
AF011220926,1,7,0,Home Team,0.8256999999999999,0.7145,0,1,1
AF011220926,1,7,0,Home Team,0.8256999999999999,0.7040000000000001,0,1,1
AF011220926,1,7,0,Home Team,0.7927,0.7395,0,1,1
AF011220926,1,7,0,Home Team,0.848,0.7615000000000001,0,1,1
AF011220926,1,7,0,Home Team,0.8390000000000001,0.7334999999999999,0,1,1
AF011220926,1,7,0,Home Team,0.8338,0.7490000000000001,0,1,1
AF011220926,2,7,0,Home Team,0.8338,0.745,0,1,1
AF011220926,2,7,0,Away Team,0.6637000000000001,0.6028,0,1,1
AF011220926,2,7,0,Away Team,0.6273,0.6145,0,1,1
AF011220926,2,7,0,Away Team,0.713,0.6433,0,1,1
AF011220926,2,7,0,Away Team,0.713,0.7225,0,1,1
AF011220926,2,7,0,Home Team,0.8653,0.784,0,1,1
AF011220926,2,7,0,Home Team,0.8228,0.7404999999999999,0,1,1
AF011220926,2,7,0,Home Team,0.8073999999999999,0.773,0,1,1
AF011220926,2,13,0,Home Team,0.8073999999999999,0.8304,0,1,1
AF011220926,2,14,0,Home Team,0.8759,0.8245,0,1,1
AF011220926,2,14,0,Away Team,0.8656999999999999,0.8065000000000001,0,1,1
AF011220926,2,14,0,Away Team,0.8515,0.8170000000000001,0,1,1
AF011220926,2,14,0,Away Team,0.8636,0.8265,0,1,1
AF011220926,2,14,0,Away Team,0.8364,0.8059999999999999,0,1,1
AF011220926,2,14,0,Away Team,0.843,0.8055,0,1,1
AF011220926,2,14,0,Away Team,0.8742,0.8245,0,1,1
AF011220926,2,14,0,Away Team,0.8742,0.882,0,1,1
AF011220926,2,14,3,Away Team,0.9152,0.857,0,1,1
AF012170926,1,0,0,Home Team,0.5571,0.4425,0,1,1
AF012170926,1,0,0,Home Team,0.5969,0.4575,0,1,1
AF012170926,1,0,0,Home Team,0.5772999999999999,0.435,0,1,1
AF012170926,1,0,0,Home Team,0.6274000000000001,0.479,0,1,1
AF012170926,1,0,0,Home Team,0.5782,0.48350000000000004,0,1,1
AF012170926,1,0,0,Home Team,0.5710000000000001,0.4495,0,1,1
AF012170926,1,0,0,Home Team,0.6255,0.5055,0,1,1
AF012170926,1,0,0,Home Team,0.6204,0.5025,0,1,1
AF012170926,1,6,0,Home Team,0.6204,0.5585,0,1,1
AF012170926,1,7,0,Home Team,0.6703,0.5635,0,1,1
AF012170926,2,7,0,Away Team,0.6554000000000001,0.5605,0,1,1
AF012170926,2,7,0,Away Team,0.644,0.5415,0,1,1
AF012170926,2,7,0,Away Team,0.621,0.525,0,1,1
AF012170926,2,7,0,Away Team,0.6352,0.5329999999999999,0,1,1
AF012170926,2,7,0,Away Team,0.6631,0.5375,0,1,1
AF012170926,2,7,0,Away Team,0.6078,0.5175,0,1,1
AF012170926,2,7,6,Away Team,0.6078,0.4675,0,1,1
AF012170926,2,7,7,Away Team,0.5402,0.46,0,1,1
AF012170926,2,7,7,Home Team,0.5390999999999999,0.452,0,1,1
AF012170926,2,7,7,Home Team,0.5162,0.4395,0,1,1
AF012170926,2,7,7,Home Team,0.41840000000000005,0.368,0,1,1
AF012170926,2,7,13,Away Team,0.41840000000000005,0.128,0,1,1
AF012170926,2,7,14,Away Team,0.1642,0.1185,0,1,1
AF012170926,2,7,14,Home Team,0.1699,0.11349999999999999,0,1,1
AF012170926,2,7,14,Home Team,0.1439,0.11599999999999999,0,1,1
AF012170926,2,7,14,Home Team,0.1839,0.1065,0,1,1
AF012180926,1,0,0,Home Team,0.6063000000000001,0.46399999999999997,1,1,1
AF012180926,1,0,0,Home Team,0.6534,0.5195000000000001,1,1,1
AF012180926,1,0,0,Home Team,0.6244,0.5125,1,1,1
AF012180926,1,0,0,Home Team,0.6184000000000001,0.474,1,1,1
AF012180926,1,0,0,Home Team,0.6184000000000001,0.4365,1,1,1
AF012180926,1,3,0,Home Team,0.5172,0.446,1,1,1
AF012180926,1,3,0,Away Team,0.5353,0.442,1,1,1
AF012180926,1,3,0,Away Team,0.5381,0.431,1,1,1
AF012180926,1,3,0,Away Team,0.5135000000000001,0.41200000000000003,1,1,1
AF012180926,1,3,0,Away Team,0.5177,0.45649999999999996,1,1,1
AF012180926,1,3,0,Away Team,0.4697,0.3834,1,1,1
AF012180926,2,3,0,Away Team,0.4725,0.3935,1,1,1
AF012180926,2,3,0,Away Team,0.5097999999999999,0.4067,1,1,1
AF012180926,2,3,0,Away Team,0.5097999999999999,0.48719999999999997,1,1,1
AF012180926,2,3,3,Away Team,0.5708,0.485,1,1,1
AF012180926,2,3,3,Home Team,0.6128,0.46299999999999997,1,1,1
AF012180926,2,3,3,Home Team,0.6303,0.493,1,1,1
AF012180926,2,3,3,Home Team,0.6399,0.5625,1,1,1
AF012180926,2,3,3,Home Team,0.6399,0.5720000000000001,1,1,1
AF012180926,2,10,3,Home Team,0.6734,0.6303,1,1,1
AF012180926,2,10,3,Away Team,0.6808,0.6445000000000001,1,1,1
AF012180926,2,10,3,Away Team,0.7456999999999999,0.6609999999999999,1,1,1
AF012180926,2,10,3,Away Team,0.7572,0.7025,1,1,1
AF012180926,2,10,3,Away Team,0.7572,0.7865000000000001,1,1,1
AF012180926,2,10,3,Home Team,0.7765000000000001,0.8,1,1,1
AF012180926,2,10,3,Home Team,0.8647,0.774,1,1,1
AF012180926,2,10,3,Home Team,0.8525,0.746,1,1,1
AF012180926,2,10,3,Home Team,0.8525,0.7234999999999999,1,1,1
AF012180926,2,10,3,Away Team,0.8523999999999999,0.715,1,1,1
AF012180926,2,10,3,Away Team,0.8139,0.746,1,1,1
AF012210926,1,0,0,Home Team,0.4618,0.406,0,1,1
AF012210926,1,6,0,Home Team,0.4618,0.5415,0,1,1
AF012210926,1,7,0,Home Team,0.5481,0.5275,0,1,1
AF012210926,1,7,0,Away Team,0.5752,0.527,0,1,1
AF012210926,1,7,0,Away Team,0.5145000000000001,0.4725,0,1,1
AF012210926,1,7,0,Away Team,0.5306000000000001,0.46950000000000003,0,1,1
AF012210926,1,7,0,Away Team,0.5302,0.4905,0,1,1
AF012210926,1,7,0,Away Team,0.5074000000000001,0.466,0,1,1
AF012210926,1,7,0,Away Team,0.5099,0.48,0,1,1
AF012210926,1,7,0,Away Team,0.4982,0.45799999999999996,0,1,1
AF012210926,1,7,0,Away Team,0.5002,0.4965,0,1,1
AF012210926,1,7,6,Away Team,0.5002,0.381,0,1,1
AF012210926,1,7,7,Away Team,0.4465,0.39,0,1,1
AF012210926,1,7,7,Home Team,0.45399999999999996,0.406,0,1,1
AF012210926,1,7,7,Home Team,0.42950000000000005,0.38299999999999995,0,1,1
AF012210926,2,7,7,Home Team,0.40659999999999996,0.374,0,1,1
AF012210926,2,7,7,Home Team,0.40659999999999996,0.364,0,1,1
AF012210926,2,7,7,Away Team,0.24059999999999998,0.213,0,1,1
AF012210926,2,7,13,Away Team,0.24059999999999998,0.16649999999999998,0,1,1
AF012210926,2,7,14,Away Team,0.1913,0.17350000000000002,0,1,1
AF012210926,2,7,14,Home Team,0.2054,0.16510000000000002,0,1,1
AF012210926,2,7,14,Home Team,0.1818,0.1531,0,1,1
AF012210926,2,7,14,Home Team,0.187,0.16260000000000002,0,1,1
AF012210926,2,7,14,Home Team,0.20800000000000002,0.158,0,1,1
AF012210926,2,7,14,Home Team,0.20739999999999997,0.1495,0,1,1
AF012210926,2,7,14,Home Team,0.20629999999999998,0.155,0,1,1
AF012210926,2,7,14,Home Team,0.20629999999999998,0.1295,0,1,1
AF012210926,2,7,14,Home Team,0.16879999999999998,0.165,0,1,1
AF012210926,2,7,14,Home Team,0.22820000000000001,0.192,0,1,1
AF012210926,2,7,14,Home Team,0.2274,0.1815,0,1,1
AF012210926,2,7,14,Home Team,0.24989999999999998,0.1985,0,1,1
AF012210926,2,7,14,Away Team,0.0857,0.1025,0,1,1
AF012210926,2,7,14,Away Team,0.08,0.0655,0,1,1
AF012210926,2,7,14,Away Team,0.08,0.084,0,1,1
AF012210926,2,13,14,Home Team,0.08,0.324,0,1,1
AF012210926,2,14,14,Home Team,0.33799999999999997,0.322,0,1,1
AF013170926,1,0,0,Away Team,0.4742,0.4915,1,1,1
AF013170926,1,0,0,Away Team,0.5045000000000001,0.516,1,1,1
AF013170926,1,0,0,Away Team,0.4396,0.455,1,1,1
AF013170926,1,0,0,Away Team,0.447,0.45,1,1,1
AF013170926,1,0,0,Away Team,0.4642,0.493,1,1,1
AF013170926,1,0,0,Away Team,0.4168,0.4255,1,1,1
AF013170926,1,0,0,Away Team,0.41,0.4375,1,1,1
AF013170926,1,0,0,Away Team,0.46,0.47100000000000003,1,1,1
AF013170926,1,0,0,Away Team,0.46,0.5205,1,1,1
AF013170926,1,0,3,Away Team,0.5034000000000001,0.5065,1,1,1
AF013170926,1,0,3,Home Team,0.5328,0.524,1,1,1
AF013170926,1,0,3,Home Team,0.5199,0.5295000000000001,1,1,1
AF013170926,1,0,3,Home Team,0.5147999999999999,0.498,1,1,1
AF013170926,2,0,3,Away Team,0.3221,0.33899999999999997,1,1,1
AF013170926,2,0,3,Away Team,0.3337,0.31,1,1,1
AF013170926,2,0,3,Away Team,0.36939999999999995,0.366,1,1,1
AF013170926,2,6,3,Home Team,0.36939999999999995,0.613,1,1,1
AF013170926,2,7,3,Home Team,0.6309,0.6265,1,1,1
AF013170926,2,7,3,Away Team,0.6433,0.6505,1,1,1
AF013170926,2,7,3,Away Team,0.6655,0.642,1,1,1
AF013170926,2,7,3,Home Team,0.8249,0.8365,1,1,1
AF013170926,2,7,3,Home Team,0.8192,0.8270000000000001,1,1,1
AF013170926,2,13,3,Home Team,0.8192,0.8684999999999999,1,1,1
AF013170926,2,14,3,Home Team,0.8789,0.882,1,1,1
AF013170926,2,14,3,Away Team,0.8759999999999999,0.889,1,1,1
AF013170926,2,14,3,Away Team,0.8874,0.8905,1,1,1
AF013170926,2,14,3,Away Team,0.8528,0.8675,1,1,1
AF013170926,2,14,3,Away Team,0.8787999999999999,0.8759999999999999,1,1,1
AF013170926,2,14,9,Away Team,0.8787999999999999,0.8105,1,1,1
AF013170926,2,14,9,Away Team,0.8308,0.8440000000000001,1,1,1
AF013170926,2,14,10,Away Team,0.7925,0.8079999999999999,1,1,1
AF013170926,2,14,10,Home Team,0.8039000000000001,0.8155,1,1,1
AF013170926,2,14,10,Home Team,0.8328,0.8425,1,1,1
AF013170926,2,14,10,Home Team,0.8598,0.841,1,1,1
AF013170926,2,14,10,Home Team,0.9018999999999999,0.8654999999999999,1,1,1
AF013170926,2,14,10,Home Team,0.8941,0.867,1,1,1
AF013170926,2,14,10,Home Team,0.8941,0.9075,1,1,1
AF013170926,2,14,10,Home Team,0.8941,0.899,1,1,1
AF013170926,2,14,10,Home Team,0.8941,0.902,1,1,1
AF013170926,2,20,10,Home Team,0.8941,0.9470000000000001,1,1,1
AF013170926,2,21,10,Home Team,0.9575,0.953,1,1,1
AF013170926,2,21,10,Away Team,0.9597,0.9540000000000001,1,1,1
AF013170926,2,21,10,Away Team,0.9612999999999999,0.956,1,1,1
AF013180926,1,0,0,Away Team,0.361,0.4585,1,1,1
AF013180926,1,0,0,Away Team,0.4086,0.4955,1,1,1
AF013180926,1,0,0,Away Team,0.39020000000000005,0.491,1,1,1
AF013180926,1,0,0,Away Team,0.39020000000000005,0.531,1,1,1
AF013180926,1,0,0,Away Team,0.4303,0.46020000000000005,1,1,1
AF013180926,1,0,0,Away Team,0.36450000000000005,0.4625,1,1,1
AF013180926,1,0,0,Away Team,0.34049999999999997,0.442,1,1,1
AF013180926,1,0,0,Away Team,0.3593,0.4337,1,1,1
AF013180926,2,0,0,Away Team,0.33030000000000004,0.41350000000000003,1,1,1
AF013180926,2,0,6,Away Team,0.33030000000000004,0.3455,1,1,1
AF013180926,2,0,7,Away Team,0.2922,0.3435,1,1,1
AF013180926,2,0,7,Home Team,0.2843,0.34850000000000003,1,1,1
AF013180926,2,0,7,Home Team,0.26039999999999996,0.3285,1,1,1
AF013180926,2,0,7,Home Team,0.242,0.3185,1,1,1
AF013180926,2,0,7,Home Team,0.32789999999999997,0.3935,1,1,1
AF013180926,2,0,7,Home Team,0.3235,0.35950000000000004,1,1,1
AF013180926,2,0,7,Home Team,0.28190000000000004,0.35100000000000003,1,1,1
AF013180926,2,6,7,Home Team,0.28190000000000004,0.45649999999999996,1,1,1
AF013180926,2,7,7,Home Team,0.37810000000000005,0.452,1,1,1
AF013180926,2,7,7,Away Team,0.38659999999999994,0.4715,1,1,1
AF013180926,2,7,7,Away Team,0.353,0.41100000000000003,1,1,1
AF013180926,2,7,7,Away Team,0.3667,0.40049999999999997,1,1,1
AF013180926,2,7,7,Away Team,0.3273,0.377,1,1,1
AF013180926,2,7,7,Away Team,0.3486,0.4045,1,1,1
AF013180926,2,7,7,Away Team,0.2772,0.331,1,1,1
AF013180926,2,7,7,Away Team,0.3084,0.318,1,1,1
AF013180926,2,7,7,Away Team,0.3084,0.35200000000000004,1,1,1
AF013180926,2,7,7,Away Team,0.3084,0.39899999999999997,1,1,1
AF013180926,2,7,7,Home Team,0.3084,0.5670000000000001,1,1,1
AF013180926,2,7,7,Home Team,0.3084,0.564,1,1,1
AF013180926,2,7,7,Home Team,0.3084,0.5025,1,1,1
AF013180926,2,7,7,Home Team,0.3084,0.4275,1,1,1
AF013190926,1,0,0,Home Team,0.4962,0.5505,0,1,1
AF013190926,1,0,0,Home Team,0.4946,0.53,0,1,1
AF013190926,1,0,0,Home Team,0.5129,0.5295000000000001,0,1,1
AF013190926,1,0,0,Home Team,0.5168,0.546,0,1,1
AF013190926,1,0,0,Home Team,0.4921,0.536,0,1,1
AF013190926,1,0,0,Away Team,0.3419,0.41,0,1,1
AF013190926,1,0,0,Away Team,0.3378,0.4285,0,1,1
AF013190926,1,0,0,Away Team,0.2907,0.396,0,1,1
AF013190926,1,0,0,Away Team,0.3038,0.39,0,1,1
AF013190926,1,0,0,Away Team,0.34020000000000006,0.415,0,1,1
AF013190926,1,0,0,Away Team,0.2852,0.361,0,1,1
AF013190926,1,0,0,Away Team,0.2619,0.34950000000000003,0,1,1
AF013190926,2,0,0,Away Team,0.2808,0.34950000000000003,0,1,1
AF013190926,2,0,6,Away Team,0.2808,0.28550000000000003,0,1,1
AF013190926,2,0,7,Away Team,0.2376,0.2965,0,1,1
AF013190926,2,0,7,Home Team,0.2328,0.294,0,1,1
AF013190926,2,0,7,Home Team,0.2263,0.27,0,1,1
AF013190926,2,0,7,Home Team,0.24989999999999998,0.2905,0,1,1
AF013190926,2,0,7,Home Team,0.23129999999999998,0.2945,0,1,1
AF013190926,2,0,7,Home Team,0.2427,0.307,0,1,1
AF013190926,2,0,7,Home Team,0.2612,0.282,0,1,1
AF013190926,2,0,7,Home Team,0.2914,0.325,0,1,1
AF013190926,2,0,7,Home Team,0.2811,0.3525,0,1,1
AF013190926,2,6,7,Home Team,0.2811,0.3635,0,1,1
AF013190926,2,7,7,Home Team,0.287,0.377,0,1,1
AF013190926,2,7,7,Away Team,0.31010000000000004,0.3995,0,1,1
AF013190926,2,7,7,Away Team,0.2869,0.3705,0,1,1
AF013190926,2,7,7,Away Team,0.3245,0.42700000000000005,0,1,1
AF013190926,2,7,13,Away Team,0.3245,0.228,0,1,1
AF013190926,2,7,14,Away Team,0.188,0.2255,0,1,1
AF013190926,2,7,14,Home Team,0.2389,0.2696,0,1,1
AF013190926,2,7,14,Home Team,0.2978,0.36,0,1,1
AF013190926,2,7,14,Home Team,0.3119,0.354,0,1,1
AF013190926,2,7,14,Home Team,0.2673,0.322,0,1,1
AF013190926,2,13,14,Home Team,0.2673,0.4265,0,1,1
AF013190926,2,14,14,Home Team,0.3414,0.4205,0,1,1
AF013190926,2,14,14,Away Team,0.3575,0.4385,0,1,1
AF013190926,2,14,14,Home Team,0.5274,0.5545,0,1,1
AF013190926,2,14,14,Home Team,0.5274,0.433,0,1,1
AF013200926,1,0,0,Away Team,0.4347,0.46950000000000003,0,1,1
AF013200926,1,0,0,Away Team,0.4133,0.4465,0,1,1
AF013200926,1,0,0,Away Team,0.4611,0.5035000000000001,0,1,1
AF013200926,1,0,0,Away Team,0.5067,0.5395,0,1,1
AF013200926,1,0,0,Away Team,0.3839,0.46049999999999996,0,1,1
AF013200926,1,0,0,Away Team,0.38909999999999995,0.4685,0,1,1
AF013200926,1,0,0,Away Team,0.3704,0.414,0,1,1
AF013200926,1,0,0,Away Team,0.3918,0.462,0,1,1
AF013200926,1,0,0,Away Team,0.42810000000000004,0.4775,0,1,1
AF013200926,2,0,0,Away Team,0.42810000000000004,0.5265,0,1,1
AF013200926,2,0,3,Away Team,0.42810000000000004,0.521,0,1,1
AF013200926,2,0,3,Home Team,0.4962,0.5105,0,1,1
AF013200926,2,0,3,Home Team,0.45899999999999996,0.489,0,1,1
AF013200926,2,0,3,Home Team,0.39520000000000005,0.4675,0,1,1
AF013200926,2,0,3,Home Team,0.39520000000000005,0.3157,0,1,1
AF013200926,2,0,3,Away Team,0.39520000000000005,0.3435,0,1,1
AF013200926,2,0,9,Away Team,0.3059,0.22649999999999998,0,1,1
AF013200926,2,0,10,Away Team,0.2125,0.2345,0,1,1
AF013200926,2,0,10,Home Team,0.2133,0.22149999999999997,0,1,1
AF013200926,2,0,10,Home Team,0.19870000000000002,0.2125,0,1,1
AF013200926,2,0,10,Home Team,0.2386,0.2505,0,1,1
AF013200926,2,0,10,Home Team,0.2016,0.23600000000000002,0,1,1
AF013200926,2,0,10,Home Team,0.17670000000000002,0.2165,0,1,1
AF013200926,2,0,10,Home Team,0.17670000000000002,0.114,0,1,1
AF013200926,2,0,10,Away Team,0.17670000000000002,0.1155,0,1,1
AF013200926,2,0,10,Away Team,0.0837,0.0885,0,1,1
AF013200926,2,0,10,Away Team,0.08,0.075,0,1,1
AF013200926,2,0,10,Away Team,0.08,0.0695,0,1,1
AF013200926,2,0,10,Home Team,0.1283,0.145,0,1,1
AF013200926,2,0,10,Home Team,0.1195,0.14,0,1,1
AF013200926,2,0,10,Home Team,0.10869999999999999,0.139,0,1,1
AF013220926,1,0,0,Home Team,0.3987,0.3835,0,1,1
AF013220926,1,0,0,Home Team,0.3907,0.366,0,1,1
AF013220926,1,0,0,Home Team,0.3746,0.3765,0,1,1
AF013220926,1,0,0,Home Team,0.38539999999999996,0.396,0,1,1
AF013220926,1,0,0,Home Team,0.385,0.396,0,1,1
AF013220926,1,0,0,Home Team,0.385,0.3325,0,1,1
AF013220926,1,0,0,Home Team,0.33759999999999996,0.4445,0,1,1
AF013220926,1,0,0,Home Team,0.4239,0.409,0,1,1
AF013220926,2,0,0,Home Team,0.4132,0.3875,0,1,1
AF013220926,2,0,0,Home Team,0.4132,0.3375,0,1,1
AF013220926,2,3,0,Home Team,0.35409999999999997,0.324,0,1,1
AF013220926,2,3,0,Away Team,0.3504,0.336,0,1,1
AF013220926,2,3,0,Away Team,0.36869999999999997,0.355,0,1,1
AF013220926,2,3,0,Away Team,0.3699,0.35850000000000004,0,1,1
AF013220926,2,3,0,Away Team,0.3309,0.33,0,1,1
AF013220926,2,3,0,Away Team,0.3306,0.307,0,1,1
AF013220926,2,3,0,Away Team,0.3135,0.2995,0,1,1
AF013220926,2,3,0,Away Team,0.2785,0.2965,0,1,1
AF013220926,2,3,0,Away Team,0.2539,0.284,0,1,1
AF013220926,2,3,0,Away Team,0.27,0.282,0,1,1
AF013220926,2,3,0,Away Team,0.27,0.3165,0,1,1
AF013220926,2,3,6,Away Team,0.257,0.2,0,1,1
AF013220926,2,3,7,Away Team,0.1765,0.19649999999999998,0,1,1
AF013220926,2,3,7,Home Team,0.1765,0.1765,0,1,1
AF013220926,2,3,7,Home Team,0.1534,0.158,0,1,1
AF014170926,1,0,0,Home Team,0.47259999999999996,0.44299999999999995,1,1,1
AF014170926,1,0,0,Home Team,0.515,0.4865,1,1,1
AF014170926,1,0,0,Home Team,0.4643,0.46950000000000003,1,1,1
AF014170926,1,0,0,Home Team,0.4803,0.4445,1,1,1
AF014170926,1,0,0,Home Team,0.4803,0.3507,1,1,1
AF014170926,1,0,0,Away Team,0.4128,0.34600000000000003,1,1,1
AF014170926,1,0,0,Home Team,0.5138,0.522,1,1,1
AF014170926,1,0,0,Home Team,0.5235,0.518,1,1,1
AF014170926,1,0,0,Home Team,0.5235,0.557,1,1,1
AF014170926,1,6,0,Home Team,0.5235,0.5915,1,1,1
AF014170926,1,7,0,Home Team,0.5999,0.596,1,1,1
AF014170926,1,7,0,Away Team,0.591,0.597,1,1,1
AF014170926,1,7,0,Away Team,0.6453,0.639,1,1,1
AF014170926,1,7,0,Away Team,0.7078,0.6535,1,1,1
AF014170926,2,7,0,Away Team,0.7078,0.7404999999999999,1,1,1
AF014170926,2,7,0,Home Team,0.6828,0.7735,1,1,1
AF014170926,2,7,0,Home Team,0.769,0.8029999999999999,1,1,1
AF014170926,2,7,0,Home Team,0.7886,0.8109999999999999,1,1,1
AF014170926,2,7,0,Home Team,0.8129000000000001,0.785,1,1,1
AF014170926,2,13,0,Home Team,0.8129000000000001,0.8384999999999999,1,1,1
AF014170926,2,14,0,Home Team,0.8591,0.8345,1,1,1
AF014170926,2,14,0,Away Team,0.8536,0.845,1,1,1
AF014170926,2,14,0,Away Team,0.8626999999999999,0.8584999999999999,1,1,1
AF014170926,2,14,0,Away Team,0.8693000000000001,0.8604999999999999,1,1,1
AF014170926,2,14,0,Away Team,0.8578,0.862,1,1,1
AF014170926,2,14,0,Away Team,0.8578,0.863,1,1,1
AF014170926,2,14,0,Away Team,0.8965000000000001,0.9,1,1,1
AF014170926,2,14,0,Away Team,0.8965000000000001,0.9365000000000001,1,1,1
AF014170926,2,14,0,Home Team,0.8979,0.9455,1,1,1
AF014170926,2,14,0,Home Team,0.9519,0.948,1,1,1
AF014180926,1,0,0,Away Team,0.5127,0.44049999999999995,0,1,1
AF014180926,1,0,0,Away Team,0.4693,0.381,0,1,1
AF014180926,1,0,0,Away Team,0.4826,0.385,0,1,1
AF014180926,1,0,0,Away Team,0.4932,0.424,0,1,1
AF014180926,1,0,0,Away Team,0.44049999999999995,0.37200000000000005,0,1,1
AF014180926,1,0,0,Away Team,0.4592,0.35200000000000004,0,1,1
AF014180926,1,0,0,Away Team,0.48950000000000005,0.4105,0,1,1
AF014180926,1,0,6,Away Team,0.48950000000000005,0.2975,0,1,1
AF014180926,1,0,7,Away Team,0.3998,0.3037,0,1,1
AF014180926,1,0,7,Home Team,0.3832,0.28800000000000003,0,1,1
AF014180926,1,0,7,Home Team,0.4,0.311,0,1,1
AF014180926,1,0,7,Home Team,0.4007,0.325,0,1,1
AF014180926,1,0,7,Home Team,0.4115,0.3017,0,1,1
AF014180926,2,0,7,Home Team,0.43729999999999997,0.3565,0,1,1
AF014180926,2,0,7,Home Team,0.45039999999999997,0.3625,0,1,1
AF014180926,2,0,7,Home Team,0.4372,0.3685,0,1,1
AF014180926,2,0,7,Home Team,0.465,0.3705,0,1,1
AF014180926,2,6,7,Home Team,0.465,0.43920000000000003,0,1,1
AF014180926,2,7,7,Home Team,0.5107,0.4525,0,1,1
AF014180926,2,7,7,Away Team,0.5035000000000001,0.4487,0,1,1
AF014180926,2,7,7,Away Team,0.5124,0.4252,0,1,1
AF014180926,2,7,7,Away Team,0.4804,0.3835,0,1,1
AF014180926,2,7,7,Away Team,0.4855,0.36950000000000005,0,1,1
AF014180926,2,7,7,Away Team,0.42310000000000003,0.345,0,1,1
AF014180926,2,7,7,Away Team,0.40950000000000003,0.3665,0,1,1
AF014180926,2,7,7,Away Team,0.377,0.364,0,1,1
AF014180926,2,7,13,Away Team,0.377,0.21600000000000003,0,1,1
AF014180926,2,7,14,Away Team,0.2797,0.2051,0,1,1
AF014180926,2,7,14,Home Team,0.2887,0.203,0,1,1
AF014180926,2,7,14,Home Team,0.2676,0.1845,0,1,1
AF014180926,2,7,14,Home Team,0.2468,0.198,0,1,1
AF014190926,1,0,0,Away Team,0.4804,0.5405,1,1,1
AF014190926,1,0,0,Away Team,0.4678,0.517,1,1,1
AF014190926,1,0,0,Away Team,0.4703,0.508,1,1,1
AF014190926,1,0,0,Away Team,0.4489,0.4865,1,1,1
AF014190926,1,0,0,Away Team,0.4585,0.496,1,1,1
AF014190926,1,0,0,Away Team,0.5228,0.5338,1,1,1
AF014190926,1,0,0,Away Team,0.45,0.485,1,1,1
AF014190926,1,0,0,Away Team,0.4642,0.52,1,1,1
AF014190926,1,0,0,Away Team,0.4138,0.46649999999999997,1,1,1
AF014190926,2,0,0,Away Team,0.4606,0.5105,1,1,1
AF014190926,2,0,0,Away Team,0.47759999999999997,0.5115,1,1,1
AF014190926,2,0,0,Away Team,0.47759999999999997,0.5539999999999999,1,1,1
AF014190926,2,0,3,Away Team,0.5376,0.5315,1,1,1
AF014190926,2,0,3,Home Team,0.539,0.532,1,1,1
AF014190926,2,0,3,Home Team,0.5146000000000001,0.546,1,1,1
AF014190926,2,0,3,Home Team,0.4797,0.478,1,1,1
AF014190926,2,0,3,Home Team,0.5837,0.575,1,1,1
AF014190926,2,0,3,Home Team,0.5435,0.557,1,1,1
AF014190926,2,0,3,Home Team,0.5279,0.5295000000000001,1,1,1
AF014190926,2,0,3,Home Team,0.6179,0.607,1,1,1
AF014190926,2,0,3,Home Team,0.6179,0.6559999999999999,1,1,1
AF014190926,2,0,3,Home Team,0.6299,0.6855,1,1,1
AF014190926,2,6,3,Home Team,0.6299,0.7515000000000001,1,1,1
AF014190926,2,7,3,Home Team,0.7428,0.7379000000000001,1,1,1
AF014190926,2,7,3,Away Team,0.7639,0.7439,1,1,1
AF014190926,2,7,3,Away Team,0.7448,0.76,1,1,1
AF014190926,2,7,3,Away Team,0.6818000000000001,0.7525,1,1,1
AF014200926,1,0,0,Home Team,0.5249,0.4475,0,1,1
AF014200926,1,0,0,Home Team,0.5301,0.451,0,1,1
AF014200926,1,0,0,Away Team,0.34369999999999995,0.3095,0,1,1
AF014200926,1,0,0,Away Team,0.3169,0.2995,0,1,1
AF014200926,1,0,0,Home Team,0.5317000000000001,0.4525,0,1,1
AF014200926,1,6,0,Home Team,0.5317000000000001,0.6,0,1,1
AF014200926,1,6,0,Away Team,0.6046,0.5655,0,1,1
AF014200926,1,6,0,Away Team,0.6554000000000001,0.5895,0,1,1
AF014200926,1,6,0,Away Team,0.6245,0.562,0,1,1
AF014200926,1,6,0,Away Team,0.6221,0.5855,0,1,1
AF014200926,1,6,0,Away Team,0.6207,0.5905,0,1,1
AF014200926,1,6,0,Away Team,0.6098,0.5555,0,1,1
AF014200926,1,6,0,Away Team,0.6112,0.5589999999999999,0,1,1
AF014200926,1,6,0,Away Team,0.5918,0.529,0,1,1
AF014200926,1,6,0,Away Team,0.6059,0.5185,0,1,1
AF014200926,2,6,0,Away Team,0.5731,0.5115,0,1,1
AF014200926,2,6,0,Away Team,0.5752,0.53,0,1,1
AF014200926,2,6,0,Away Team,0.5649000000000001,0.495,0,1,1
AF014200926,2,6,0,Home Team,0.7637,0.715,0,1,1
AF014200926,2,6,0,Home Team,0.7376,0.698,0,1,1
AF014200926,2,6,0,Home Team,0.7534000000000001,0.7045,0,1,1
AF014200926,2,6,0,Home Team,0.7704000000000001,0.7290000000000001,0,1,1
AF014200926,2,12,0,Home Team,0.7704000000000001,0.845,0,1,1
AF014200926,2,12,0,Home Team,0.8343,0.812,0,1,1
AF014200926,2,14,0,Home Team,0.8931999999999999,0.8675,0,1,1
AF014200926,2,14,0,Away Team,0.8961,0.858,0,1,1
AF014200926,2,14,0,Away Team,0.8918,0.8665,0,1,1
AF014200926,2,14,0,Away Team,0.8632,0.8245,0,1,1
AF014200926,2,14,0,Away Team,0.8852,0.8490000000000001,0,1,1
AF014200926,2,14,0,Away Team,0.8887999999999999,0.857,0,1,1
AF014200926,2,14,0,Away Team,0.8388,0.807,0,1,1
AF014200926,2,14,0,Away Team,0.8283,0.8049,0,1,1
AF014200926,2,14,6,Away Team,0.8283,0.7944,0,1,1
AF014200926,2,14,7,Away Team,0.8167,0.7415,0,1,1
AF014200926,2,14,7,Home Team,0.8167,0.7515000000000001,0,1,1
AF014200926,2,14,7,Home Team,0.8406999999999999,0.7885,0,1,1
AF014200926,2,14,7,Home Team,0.8129000000000001,0.7495,0,1,1
AF014220926,1,6,0,Home Team,0.48840000000000006,0.7585,1,1,1
AF014220926,1,6,0,Away Team,0.5678,0.605,1,1,1
AF014220926,1,6,0,Away Team,0.5646,0.578,1,1,1
AF014220926,1,6,0,Away Team,0.5488000000000001,0.57,1,1,1
AF014220926,1,6,0,Away Team,0.5596,0.573,1,1,1
AF014220926,1,12,0,Home Team,0.5596,0.8155,1,1,1
AF014220926,1,12,0,Home Team,0.7995,0.7875,1,1,1
AF014220926,1,13,0,Home Team,0.8288,0.8220000000000001,1,1,1
AF014220926,1,13,0,Away Team,0.8201999999999999,0.8205,1,1,1
AF014220926,1,13,0,Away Team,0.8173999999999999,0.8145,1,1,1
AF014220926,1,13,0,Away Team,0.8545999999999999,0.8405,1,1,1
AF014220926,1,13,0,Away Team,0.8168000000000001,0.8029999999999999,1,1,1
AF014220926,1,13,0,Away Team,0.7979,0.8045,1,1,1
AF014220926,1,13,0,Away Team,0.8234,0.83,1,1,1
AF014220926,1,13,0,Away Team,0.7942,0.8105,1,1,1
AF014220926,2,13,0,Away Team,0.7812,0.789,1,1,1
AF014220926,2,13,0,Away Team,0.7886,0.799,1,1,1
AF014220926,2,13,0,Away Team,0.8268000000000001,0.8290000000000001,1,1,1
AF014220926,2,13,0,Away Team,0.8268000000000001,0.7845,1,1,1
AF014220926,2,13,6,Away Team,0.8268000000000001,0.7815000000000001,1,1,1
AF014220926,2,13,7,Away Team,0.7624,0.769,1,1,1
AF014220926,2,13,7,Home Team,0.7439,0.795,1,1,1
AF014220926,2,13,7,Home Team,0.7295,0.7765000000000001,1,1,1
AF014220926,2,19,7,Home Team,0.7295,0.8355,1,1,1
AF014220926,2,20,7,Home Team,0.8343,0.8440000000000001,1,1,1
AF014220926,2,20,7,Away Team,0.838,0.8545,1,1,1
AF014220926,2,20,7,Away Team,0.82,0.84,1,1,1
AF014220926,2,20,7,Away Team,0.8146,0.8315,1,1,1
AF014220926,2,20,7,Home Team,0.9429000000000001,0.9375,1,1,1
AF014220926,2,20,7,Home Team,0.9481,0.9545,1,1,1
AF014220926,2,20,7,Home Team,0.9481,0.9470000000000001,1,1,1
AF014220926,2,20,7,Home Team,0.9641,0.968,1,1,1
AF014220926,2,20,7,Home Team,0.9641,0.9645,1,1,1
AF014220926,2,23,7,Home Team,0.9684999999999999,0.9765,1,1,1
AF014220926,2,23,7,Away Team,0.9797,0.9745,1,1,1
AF015170926,1,0,0,Away Team,0.5602,0.5255,0,1,1
AF015170926,1,0,0,Home Team,0.7444,0.6445000000000001,0,1,1
AF015170926,1,0,0,Home Team,0.7356,0.643,0,1,1
AF015170926,1,0,0,Home Team,0.748,0.6559999999999999,0,1,1
AF015170926,1,0,0,Home Team,0.7694,0.6835,0,1,1
AF015170926,1,0,0,Home Team,0.7572,0.6609999999999999,0,1,1
AF015170926,1,0,0,Home Team,0.7545999999999999,0.6515000000000001,0,1,1
AF015170926,1,0,0,Home Team,0.7696,0.687,0,1,1
AF015170926,1,0,0,Home Team,0.7696,0.7234999999999999,0,1,1
AF015170926,2,6,0,Home Team,0.7696,0.7515000000000001,0,1,1
AF015170926,2,7,0,Home Team,0.8215,0.7454999999999999,0,1,1
AF015170926,2,7,0,Away Team,0.8034,0.7525,0,1,1
AF015170926,2,7,0,Away Team,0.7953,0.726,0,1,1
AF015170926,2,7,0,Away Team,0.7877,0.7105,0,1,1
AF015170926,2,7,0,Away Team,0.7847,0.708,0,1,1
AF015170926,2,7,0,Away Team,0.7904000000000001,0.705,0,1,1
AF015170926,2,7,0,Away Team,0.7985,0.7429000000000001,0,1,1
AF015170926,2,7,0,Away Team,0.7985,0.8105,0,1,1
AF015170926,2,7,3,Away Team,0.8423999999999999,0.8045,0,1,1
AF015170926,2,7,3,Home Team,0.8568000000000001,0.7965000000000001,0,1,1
AF015170926,2,7,3,Home Team,0.8628,0.8035,0,1,1
AF015170926,2,7,3,Away Team,0.6491,0.606,0,1,1
AF015170926,2,7,9,Away Team,0.6491,0.5138,0,1,1
AF015170926,2,7,10,Away Team,0.6128,0.5205,0,1,1
AF015170926,2,7,10,Home Team,0.6414,0.54,0,1,1
AF015170926,2,7,10,Home Team,0.6577,0.5325,0,1,1
AF015170926,2,7,10,Home Team,0.5519,0.4575,0,1,1
AF015170926,2,7,10,Home Team,0.6365999999999999,0.447,0,1,1
AF015180926,1,0,0,Away Team,0.5949,0.522,1,1,1
AF015180926,1,0,0,Away Team,0.6114999999999999,0.5515,1,1,1
AF015180926,1,0,0,Away Team,0.6424,0.5985,1,1,1
AF015180926,1,0,0,Away Team,0.6424,0.6585,1,1,1
AF015180926,1,0,0,Home Team,0.6629999999999999,0.6709999999999999,1,1,1
AF015180926,1,0,0,Home Team,0.7199,0.6609999999999999,1,1,1
AF015180926,1,0,0,Home Team,0.6955,0.6345000000000001,1,1,1
AF015180926,1,0,0,Home Team,0.748,0.687,1,1,1
AF015180926,1,0,0,Home Team,0.7397,0.6920000000000001,1,1,1
AF015180926,1,0,0,Home Team,0.7465999999999999,0.6795,1,1,1
AF015180926,1,0,0,Home Team,0.7675,0.71,1,1,1
AF015180926,1,0,0,Home Team,0.7565000000000001,0.72,1,1,1
AF015180926,1,0,0,Home Team,0.7592,0.7375,1,1,1
AF015180926,2,0,0,Home Team,0.7656000000000001,0.7245,1,1,1
AF015180926,2,0,0,Home Team,0.7392,0.7020000000000001,1,1,1
AF015180926,2,0,0,Home Team,0.7392,0.7609999999999999,1,1,1
AF015180926,2,6,0,Home Team,0.7392,0.7915000000000001,1,1,1
AF015180926,2,7,0,Home Team,0.8062999999999999,0.7965000000000001,1,1,1
AF015180926,2,7,0,Away Team,0.8059999999999999,0.7905,1,1,1
AF015180926,2,7,0,Away Team,0.8104,0.7885,1,1,1
AF015180926,2,7,0,Away Team,0.8236,0.79,1,1,1
AF015180926,2,7,0,Away Team,0.8183,0.8065000000000001,1,1,1
AF015180926,2,7,0,Away Team,0.7863,0.7685,1,1,1
AF015180926,2,7,0,Away Team,0.7979,0.7475,1,1,1
AF015180926,2,7,0,Away Team,0.7961,0.78,1,1,1
AF015180926,2,7,0,Away Team,0.7961,0.7384999999999999,1,1,1
AF015180926,2,7,0,Away Team,0.7923,0.7575,1,1,1
AF015180926,2,7,0,Away Team,0.7589,0.74,1,1,1
AF015180926,2,7,0,Away Team,0.768,0.73,1,1,1
AF015180926,2,7,0,Away Team,0.768,0.7490000000000001,1,1,1
AF015180926,2,7,0,Away Team,0.7943000000000001,0.7959999999999999,1,1,1
AF015180926,2,7,3,Away Team,0.8312999999999999,0.7965000000000001,1,1,1
AF015180926,2,7,3,Home Team,0.8351999999999999,0.79,1,1,1
AF015200926,1,0,0,Away Team,0.3914,0.41350000000000003,1,1,1
AF015200926,1,0,0,Away Team,0.42119999999999996,0.4395,1,1,1
AF015200926,1,0,0,Away Team,0.47759999999999997,0.47200000000000003,1,1,1
AF015200926,1,0,0,Away Team,0.3699,0.35350000000000004,1,1,1
AF015200926,1,0,6,Away Team,0.3699,0.2815,1,1,1
AF015200926,1,0,7,Away Team,0.32880000000000004,0.313,1,1,1
AF015200926,1,0,7,Home Team,0.34259999999999996,0.2755,1,1,1
AF015200926,1,0,7,Home Team,0.31829999999999997,0.285,1,1,1
AF015200926,1,0,7,Home Team,0.31379999999999997,0.2735,1,1,1
AF015200926,1,0,7,Home Team,0.33,0.3065,1,1,1
AF015200926,1,0,7,Home Team,0.3128,0.2995,1,1,1
AF015200926,2,0,7,Home Team,0.2929,0.27899999999999997,1,1,1
AF015200926,2,0,7,Home Team,0.3453,0.336,1,1,1
AF015200926,2,0,7,Home Team,0.3013,0.2585,1,1,1
AF015200926,2,0,7,Home Team,0.3771,0.348,1,1,1
AF015200926,2,0,7,Home Team,0.37310000000000004,0.3455,1,1,1
AF015200926,2,0,7,Home Team,0.3566,0.2985,1,1,1
AF015200926,2,0,7,Home Team,0.45039999999999997,0.3945,1,1,1
AF015200926,2,0,7,Home Team,0.402,0.3725,1,1,1
AF015200926,2,0,7,Home Team,0.35869999999999996,0.3655,1,1,1
AF015200926,2,0,7,Home Team,0.35869999999999996,0.27649999999999997,1,1,1
AF015200926,2,3,7,Home Team,0.3031,0.26899999999999996,1,1,1
AF015200926,2,3,7,Away Team,0.2728,0.27149999999999996,1,1,1
AF015200926,2,3,7,Away Team,0.2228,0.23199999999999998,1,1,1
AF015200926,2,3,7,Away Team,0.2228,0.2225,1,1,1
AF015200926,2,3,7,Away Team,0.21109999999999998,0.341,1,1,1
AF015220926,1,0,0,Home Team,0.5035000000000001,0.4105,0,1,1
AF015220926,1,0,0,Home Team,0.5214,0.408,0,1,1
AF015220926,1,0,0,Home Team,0.5286,0.441,0,1,1
AF015220926,1,0,0,Home Team,0.5117,0.4395,0,1,1
AF015220926,1,0,0,Home Team,0.5117,0.40700000000000003,0,1,1
AF015220926,1,0,0,Home Team,0.4763,0.45049999999999996,0,1,1
AF015220926,1,0,0,Home Team,0.5332,0.4625,0,1,1
AF015220926,1,0,0,Home Team,0.5307,0.455,0,1,1
AF015220926,1,0,0,Home Team,0.5659000000000001,0.49200000000000005,0,1,1
AF015220926,1,0,0,Home Team,0.5285,0.446,0,1,1
AF015220926,2,6,0,Home Team,0.5285,0.545,0,1,1
AF015220926,2,7,0,Home Team,0.6089,0.556,0,1,1
AF015220926,2,7,0,Away Team,0.6203,0.57,0,1,1
AF015220926,2,7,0,Away Team,0.6262,0.5458,0,1,1
AF015220926,2,7,0,Away Team,0.5925,0.522,0,1,1
AF015220926,2,7,0,Away Team,0.6036,0.529,0,1,1
AF015220926,2,7,0,Away Team,0.5716,0.5,0,1,1
AF015220926,2,7,0,Away Team,0.5539999999999999,0.502,0,1,1
AF015220926,2,7,0,Away Team,0.5378000000000001,0.4965,0,1,1
AF015220926,2,7,0,Away Team,0.5378000000000001,0.439,0,1,1
AF015220926,2,7,0,Away Team,0.5378000000000001,0.4705,0,1,1
AF015220926,2,7,6,Away Team,0.5378000000000001,0.4495,0,1,1
AF015220926,2,7,7,Away Team,0.5047,0.4495,0,1,1
AF015220926,2,7,7,Home Team,0.4886,0.4315,0,1,1
AF015220926,2,7,7,Away Team,0.2432,0.237,0,1,1
AF015220926,2,7,7,Away Team,0.2143,0.1865,0,1,1
AF015220926,2,7,7,Away Team,0.2181,0.18600000000000003,0,1,1
AF015220926,2,7,13,Away Team,0.2181,0.1355,0,1,1
AF015220926,2,7,14,Away Team,0.1283,0.124,0,1,1
AF015220926,2,7,14,Home Team,0.1323,0.1175,0,1,1
AF015220926,2,7,14,Away Team,0.08,0.131,0,1,1
AF016170926,1,0,0,Home Team,0.607,0.45049999999999996,0,1,1
AF016170926,1,0,0,Home Team,0.625,0.451,0,1,1
AF016170926,1,0,0,Home Team,0.5854,0.414,0,1,1
AF016170926,1,0,0,Home Team,0.6311,0.461,0,1,1
AF016170926,1,0,0,Home Team,0.5972,0.45549999999999996,0,1,1
AF016170926,1,0,0,Home Team,0.6003000000000001,0.45649999999999996,0,1,1
AF016170926,1,0,0,Home Team,0.6175999999999999,0.485,0,1,1
AF016170926,1,0,0,Home Team,0.6206,0.47,0,1,1
AF016170926,1,0,0,Home Team,0.5272,0.392,0,1,1
AF016170926,2,0,0,Home Team,0.5272,0.331,0,1,1
AF016170926,2,0,0,Away Team,0.5489,0.32799999999999996,0,1,1
AF016170926,2,0,0,Away Team,0.47909999999999997,0.3505,0,1,1
AF016170926,2,0,6,Away Team,0.47909999999999997,0.2335,0,1,1
AF016170926,2,0,7,Away Team,0.3035,0.23800000000000002,0,1,1
AF016170926,2,0,7,Home Team,0.31370000000000003,0.22699999999999998,0,1,1
AF016170926,2,0,7,Home Team,0.3035,0.2225,0,1,1
AF016170926,2,0,7,Home Team,0.2623,0.1875,0,1,1
AF016170926,2,0,7,Home Team,0.34009999999999996,0.24,0,1,1
AF016170926,2,0,7,Home Team,0.3626,0.2685,0,1,1
AF016170926,2,0,7,Home Team,0.3626,0.2585,0,1,1
AF016170926,2,0,7,Home Team,0.3617,0.2705,0,1,1
AF016170926,2,0,7,Home Team,0.34979999999999994,0.266,0,1,1
AF016170926,2,0,7,Home Team,0.38770000000000004,0.308,0,1,1
AF016170926,2,0,7,Home Team,0.3858,0.2925,0,1,1
AF016170926,2,6,7,Home Team,0.3858,0.3395,0,1,1
AF016170926,2,7,7,Home Team,0.4138,0.36,0,1,1
AF016170926,2,7,7,Away Team,0.4388,0.3505,0,1,1
AF016170926,2,7,7,Away Team,0.4388,0.284,0,1,1
AF016170926,2,7,13,Away Team,0.379,0.115,0,1,1
AF016170926,2,7,14,Away Team,0.15460000000000002,0.12050000000000001,0,1,1
AF016170926,2,7,14,Home Team,0.1819,0.1165,0,1,1
AF016170926,2,7,14,Home Team,0.1819,0.122,0,1,1
AF016180926,1,0,0,Away Team,0.4869,0.40149999999999997,0,1,1
AF016180926,1,0,0,Away Team,0.4938,0.39899999999999997,0,1,1
AF016180926,1,0,0,Away Team,0.4874,0.397,0,1,1
AF016180926,1,0,0,Away Team,0.4803,0.402,0,1,1
AF016180926,1,0,6,Away Team,0.4803,0.264,0,1,1
AF016180926,1,0,7,Away Team,0.35259999999999997,0.275,0,1,1
AF016180926,1,0,7,Home Team,0.336,0.261,0,1,1
AF016180926,1,0,7,Home Team,0.33409999999999995,0.2595,0,1,1
AF016180926,1,0,7,Home Team,0.4155,0.34149999999999997,0,1,1
AF016180926,1,0,7,Home Team,0.3709,0.3015,0,1,1
AF016180926,1,0,7,Home Team,0.4214,0.335,0,1,1
AF016180926,1,0,7,Home Team,0.4214,0.3085,0,1,1
AF016180926,1,6,7,Home Team,0.36329999999999996,0.39549999999999996,0,1,1
AF016180926,1,7,7,Home Team,0.36329999999999996,0.40399999999999997,0,1,1
AF016180926,1,7,7,Away Team,0.4781,0.4045,0,1,1
AF016180926,1,7,13,Away Team,0.4781,0.2925,0,1,1
AF016180926,2,7,14,Home Team,0.3554,0.281,0,1,1
AF016180926,2,7,14,Home Team,0.364,0.2905,0,1,1
AF016180926,2,7,14,Home Team,0.35700000000000004,0.273,0,1,1
AF016180926,2,7,14,Home Team,0.35700000000000004,0.168,0,1,1
AF016180926,2,7,14,Away Team,0.2867,0.136,0,1,1
AF016180926,2,7,14,Away Team,0.2127,0.1525,0,1,1
AF016180926,2,7,14,Away Team,0.2061,0.193,0,1,1
AF016180926,2,7,14,Away Team,0.2061,0.255,0,1,1
AF016180926,2,7,14,Home Team,0.1898,0.2555,0,1,1
AF016180926,2,7,14,Home Team,0.3256,0.2455,0,1,1
AF016180926,2,7,14,Home Team,0.2988,0.21050000000000002,0,1,1
AF016180926,2,7,20,Away Team,0.2988,0.07200000000000001,0,1,1
AF016180926,2,7,21,Away Team,0.11380000000000001,0.078,0,1,1
AF016180926,2,7,21,Home Team,0.1094,0.08199999999999999,0,1,1
AF016180926,2,7,21,Home Team,0.1274,0.1015,0,1,1
AF016180926,2,7,21,Home Team,0.1261,0.098,0,1,1
AF016180926,2,7,21,Home Team,0.1235,0.0915,0,1,1
AF016180926,2,7,21,Home Team,0.1592,0.11199999999999999,0,1,1
AF016180926,2,7,21,Home Team,0.1536,0.1155,0,1,1
AF016180926,2,7,21,Home Team,0.1402,0.0955,0,1,1
AF016180926,2,7,21,Home Team,0.1402,0.0875,0,1,1
AF016180926,2,10,21,Home Team,0.1045,0.07200000000000001,0,1,1
AF016180926,2,10,21,Away Team,0.08,0.0665,0,1,1
AF016180926,2,10,21,Away Team,0.08,0.052000000000000005,0,1,1
AF016210926,1,0,0,Away Team,0.5075,0.493,1,1,1
AF016210926,1,0,0,Away Team,0.5152,0.456,1,1,1
AF016210926,1,0,0,Away Team,0.5003,0.4635,1,1,1
AF016210926,1,0,0,Away Team,0.5238,0.4765,1,1,1
AF016210926,1,0,0,Home Team,0.6994,0.586,1,1,1
AF016210926,1,0,0,Home Team,0.688,0.599,1,1,1
AF016210926,1,0,0,Away Team,0.5052,0.4925,1,1,1
AF016210926,1,0,0,Away Team,0.5206000000000001,0.484,1,1,1
AF016210926,1,0,0,Away Team,0.5396,0.47350000000000003,1,1,1
AF016210926,1,0,0,Away Team,0.5396,0.5065,1,1,1
AF016210926,1,0,0,Home Team,0.7043,0.6035,1,1,1
AF016210926,1,0,0,Home Team,0.7023,0.5945,1,1,1
AF016210926,1,0,0,Home Team,0.7331,0.6475,1,1,1
AF016210926,1,0,0,Home Team,0.721,0.618,1,1,1
AF016210926,2,6,0,Home Team,0.721,0.7365,1,1,1
AF016210926,2,7,0,Home Team,0.7698,0.746,1,1,1
AF016210926,2,7,0,Away Team,0.7822,0.7334999999999999,1,1,1
AF016210926,2,7,0,Home Team,0.9122,0.8640000000000001,1,1,1
AF016210926,2,7,0,Home Team,0.8996999999999999,0.867,1,1,1
AF016210926,2,7,0,Home Team,0.9205,0.893,1,1,1
AF016210926,2,7,0,Home Team,0.9220999999999999,0.9059999999999999,1,1,1
AF016210926,2,7,0,Home Team,0.9235,0.8640000000000001,1,1,1
AF016210926,2,7,0,Home Team,0.9159,0.8909999999999999,1,1,1
AF016210926,2,13,0,Home Team,0.9159,0.943,1,1,1
AF016210926,2,14,0,Home Team,0.9499,0.943,1,1,1
AF016210926,2,14,0,Away Team,0.9439,0.924,1,1,1
AF016210926,2,14,0,Away Team,0.9418000000000001,0.935,1,1,1
AF016210926,2,14,0,Away Team,0.9349,0.9185,1,1,1
AF016210926,2,14,0,Away Team,0.9390999999999999,0.9329999999999999,1,1,1
AF016210926,2,14,0,Away Team,0.9390999999999999,0.9215000000000001,1,1,1
AF016210926,2,14,0,Away Team,0.9317,0.9359999999999999,1,1,1
AF016210926,2,14,3,Away Team,0.9317,0.953,1,1,1
AF017170926,1,0,0,Away Team,0.5628,0.551,1,1,1
AF017170926,1,0,0,Away Team,0.5967,0.5625,1,1,1
AF017170926,1,0,0,Away Team,0.6456999999999999,0.599,1,1,1
AF017170926,1,0,0,Home Team,0.7317,0.6859999999999999,1,1,1
AF017170926,1,0,0,Home Team,0.7378,0.6965,1,1,1
AF017170926,1,0,0,Home Team,0.7373999999999999,0.706,1,1,1
AF017170926,1,6,0,Home Team,0.7373999999999999,0.7845,1,1,1
AF017170926,1,7,0,Home Team,0.7992,0.7735,1,1,1
AF017170926,1,7,0,Away Team,0.7968999999999999,0.7745000000000001,1,1,1
AF017170926,1,7,0,Away Team,0.8145,0.7975,1,1,1
AF017170926,1,7,0,Away Team,0.779,0.7434999999999999,1,1,1
AF017170926,2,7,0,Away Team,0.7975,0.754,1,1,1
AF017170926,2,7,0,Away Team,0.7990999999999999,0.7759999999999999,1,1,1
AF017170926,2,7,0,Away Team,0.7848,0.7340000000000001,1,1,1
AF017170926,2,7,0,Away Team,0.8006,0.754,1,1,1
AF017170926,2,7,0,Away Team,0.8421,0.8079999999999999,1,1,1
AF017170926,2,7,0,Away Team,0.8421,0.8315,1,1,1
AF017170926,2,7,3,Away Team,0.8473,0.8184999999999999,1,1,1
AF017170926,2,7,3,Home Team,0.8615999999999999,0.8390000000000001,1,1,1
AF017170926,2,7,3,Home Team,0.8786,0.848,1,1,1
AF017170926,2,7,3,Home Team,0.9147,0.8755,1,1,1
AF017170926,2,7,3,Home Team,0.9401,0.9,1,1,1
AF017170926,2,7,3,Home Team,0.9401,0.9115000000000001,1,1,1
AF017180926,1,0,0,Away Team,0.5567,0.5445,1,1,1
AF017180926,1,0,0,Away Team,0.5650999999999999,0.5605,1,1,1
AF017180926,1,0,0,Away Team,0.5669,0.551,1,1,1
AF017180926,1,0,0,Away Team,0.5615,0.5305,1,1,1
AF017180926,1,0,0,Away Team,0.5231,0.5035000000000001,1,1,1
AF017180926,1,0,0,Away Team,0.491,0.494,1,1,1
AF017180926,1,0,0,Away Team,0.5106,0.53,1,1,1
AF017180926,1,0,0,Away Team,0.5106,0.579,1,1,1
AF017180926,1,0,3,Away Team,0.6107,0.5579999999999999,1,1,1
AF017180926,1,0,3,Home Team,0.6053999999999999,0.5710000000000001,1,1,1
AF017180926,1,0,3,Home Team,0.6311,0.5925,1,1,1
AF017180926,2,0,3,Home Team,0.6045,0.596,1,1,1
AF017180926,2,0,3,Home Team,0.5241,0.4765,1,1,1
AF017180926,2,0,3,Home Team,0.5241,0.397,1,1,1
AF017180926,2,0,3,Away Team,0.523,0.4265,1,1,1
AF017180926,2,0,3,Away Team,0.40259999999999996,0.38,1,1,1
AF017180926,2,0,3,Away Team,0.40700000000000003,0.41450000000000004,1,1,1
AF017180926,2,0,3,Away Team,0.49829999999999997,0.4975,1,1,1
AF017180926,2,0,3,Away Team,0.49829999999999997,0.5725,1,1,1
AF017180926,2,0,3,Home Team,0.5145000000000001,0.564,1,1,1
AF017180926,2,0,3,Home Team,0.6336999999999999,0.627,1,1,1
AF017180926,2,0,3,Home Team,0.6958,0.6415000000000001,1,1,1
AF017180926,2,0,3,Away Team,0.3616,0.3875,1,1,1
AF017180926,2,0,3,Away Team,0.3397,0.3455,1,1,1
AF017180926,2,0,3,Away Team,0.3654,0.3465,1,1,1
AF017180926,2,0,3,Away Team,0.3871,0.3775,1,1,1
AF017180926,2,0,3,Away Team,0.3871,0.45899999999999996,1,1,1
AF017180926,2,0,3,Away Team,0.4426,0.5015,1,1,1
AF017180926,2,0,3,Home Team,0.6517000000000001,0.59,1,1,1
AF017180926,2,0,3,Home Team,0.6204999999999999,0.5505,1,1,1
AF017180926,2,0,3,Home Team,0.6204999999999999,0.45899999999999996,1,1,1
AF017190926,1,0,0,Home Team,0.475,0.5115,1,1,1
AF017190926,1,0,0,Home Team,0.467,0.499,1,1,1
AF017190926,1,0,0,Home Team,0.4874,0.514,1,1,1
AF017190926,1,6,0,Home Team,0.4874,0.6275,1,1,1
AF017190926,1,7,0,Home Team,0.5943,0.619,1,1,1
AF017190926,1,7,0,Away Team,0.5920000000000001,0.6285000000000001,1,1,1
AF017190926,1,7,0,Away Team,0.5801,0.608,1,1,1
AF017190926,1,7,0,Away Team,0.5921,0.6265,1,1,1
AF017190926,1,7,0,Away Team,0.6252,0.6675,1,1,1
AF017190926,1,7,0,Home Team,0.7092,0.7445,1,1,1
AF017190926,1,7,0,Home Team,0.7242000000000001,0.7215,1,1,1
AF017190926,1,7,0,Home Team,0.7536,0.767,1,1,1
AF017190926,1,7,0,Home Team,0.7465999999999999,0.758,1,1,1
AF017190926,1,13,0,Home Team,0.7465999999999999,0.8440000000000001,1,1,1
AF017190926,1,14,0,Home Team,0.8138,0.838,1,1,1
AF017190926,1,14,0,Away Team,0.8051999999999999,0.84,1,1,1
AF017190926,1,14,0,Away Team,0.8292,0.841,1,1,1
AF017190926,1,14,0,Away Team,0.8195,0.851,1,1,1
AF017190926,1,14,0,Away Team,0.847,0.865,1,1,1
AF017190926,2,14,0,Away Team,0.847,0.884,1,1,1
AF017190926,2,14,0,Home Team,0.9477,0.9335,1,1,1
AF017190926,2,20,0,Home Team,0.9477,0.95,1,1,1
AF017190926,2,21,0,Home Team,0.956,0.9505,1,1,1
AF017190926,2,21,0,Away Team,0.9523,0.9575,1,1,1
AF017190926,2,21,0,Away Team,0.9516,0.9634999999999999,1,1,1
AF017190926,2,21,0,Away Team,0.9521999999999999,0.9634999999999999,1,1,1
AF017190926,2,21,0,Away Team,0.9436,0.9525,1,1,1
AF017190926,2,21,0,Away Team,0.9493,0.9625,1,1,1
AF017190926,2,21,0,Home Team,0.9865999999999999,0.978,1,1,1
AF017190926,2,21,0,Home Team,0.9840000000000001,0.9775,1,1,1
AF017190926,2,27,0,Home Team,0.9840000000000001,0.9945,1,1,1
AF017190926,2,28,0,Home Team,0.9840000000000001,0.9954999999999999,1,1,1
AF017190926,2,28,0,Away Team,0.9840000000000001,0.995,1,1,1
AF017190926,2,28,0,Away Team,0.9840000000000001,0.997,1,1,1
AF017190926,2,28,0,Away Team,0.9840000000000001,0.9945,1,1,1
AF017190926,2,28,0,Away Team,0.9840000000000001,0.996,1,1,1
AF017190926,2,28,0,Away Team,0.9840000000000001,0.9984999999999999,1,1,1
AF017190926,2,28,0,Away Team,0.9840000000000001,0.9984999999999999,1,1,1
AF017190926,2,28,0,Away Team,0.9840000000000001,0.997,1,1,1
AF017190926,2,28,0,Away Team,0.9840000000000001,0.995,1,1,1
AF017190926,2,28,0,Away Team,0.9840000000000001,0.9984999999999999,1,1,1
AF017190926,2,28,3,Away Team,0.9840000000000001,0.998,1,1,1
AF017190926,2,28,3,Home Team,0.9840000000000001,0.998,1,1,1
AF017200926,1,0,0,Home Team,0.5083,0.539,1,1,1
AF017200926,1,0,0,Home Team,0.5195000000000001,0.5595,1,1,1
AF017200926,1,0,0,Home Team,0.5564,0.573,1,1,1
AF017200926,1,0,0,Home Team,0.5632,0.616,1,1,1
AF017200926,1,0,0,Home Team,0.5690999999999999,0.6045,1,1,1
AF017200926,1,0,0,Home Team,0.602,0.6365,1,1,1
AF017200926,1,6,0,Home Team,0.602,0.698,1,1,1
AF017200926,1,7,0,Home Team,0.6203,0.698,1,1,1
AF017200926,1,7,0,Away Team,0.6223,0.6805,1,1,1
AF017200926,1,7,0,Away Team,0.6249,0.6805,1,1,1
AF017200926,1,7,0,Away Team,0.6128,0.6698000000000001,1,1,1
AF017200926,2,7,0,Away Team,0.6322,0.6809999999999999,1,1,1
AF017200926,2,7,0,Away Team,0.5888,0.6509999999999999,1,1,1
AF017200926,2,7,0,Away Team,0.5888,0.5845,1,1,1
AF017200926,2,7,0,Away Team,0.5888,0.6164999999999999,1,1,1
AF017200926,2,7,0,Away Team,0.5748,0.6265,1,1,1
AF017200926,2,7,0,Away Team,0.5748,0.695,1,1,1
AF017200926,2,7,0,Home Team,0.6281,0.7789,1,1,1
AF017200926,2,7,0,Home Team,0.7822,0.7795000000000001,1,1,1
AF017200926,2,7,0,Home Team,0.7490000000000001,0.759,1,1,1
AF017200926,2,7,0,Home Team,0.7490000000000001,0.6585,1,1,1
AF017200926,2,7,0,Away Team,0.7554000000000001,0.6920000000000001,1,1,1
AF017200926,2,7,0,Away Team,0.5734,0.6829999999999999,1,1,1
AF017200926,2,7,0,Home Team,0.8351999999999999,0.8405,1,1,1
AF017200926,2,7,0,Home Team,0.8391,0.8465,1,1,1
AF017200926,2,7,0,Home Team,0.8576,0.877,1,1,1
AF017200926,2,7,0,Home Team,0.8976999999999999,0.897,1,1,1
AF017200926,2,13,0,Home Team,0.8976999999999999,0.9515,1,1,1
AF017200926,2,14,0,Home Team,0.9384,0.9555,1,1,1
AF017200926,2,14,0,Away Team,0.9401,0.9540000000000001,1,1,1
AF017200926,2,14,0,Away Team,0.9303,0.958,1,1,1
AF017210926,1,0,0,Home Team,0.5117,0.5475,1,1,1
AF017210926,1,0,0,Home Team,0.5386,0.5660000000000001,1,1,1
AF017210926,1,0,0,Home Team,0.5067,0.5379999999999999,1,1,1
AF017210926,1,0,0,Home Team,0.5192,0.5405,1,1,1
AF017210926,1,0,0,Home Team,0.5577000000000001,0.601,1,1,1
AF017210926,1,0,0,Home Team,0.5747,0.5920000000000001,1,1,1
AF017210926,1,6,0,Home Team,0.5747,0.6795,1,1,1
AF017210926,1,7,0,Home Team,0.6259,0.679,1,1,1
AF017210926,1,7,0,Away Team,0.6496,0.6805,1,1,1
AF017210926,1,7,0,Home Team,0.7954000000000001,0.797,1,1,1
AF017210926,1,7,0,Home Team,0.7890999999999999,0.7955,1,1,1
AF017210926,1,7,0,Home Team,0.775,0.772,1,1,1
AF017210926,1,13,0,Home Team,0.775,0.8765000000000001,1,1,1
AF017210926,1,14,0,Home Team,0.8625,0.8665,1,1,1
AF017210926,1,14,0,Away Team,0.8531,0.8525,1,1,1
AF017210926,1,14,0,Home Team,0.9228000000000001,0.917,1,1,1
AF017210926,1,14,0,Home Team,0.9118,0.9129999999999999,1,1,1
AF017210926,1,14,0,Away Team,0.8515,0.8425,1,1,1
AF017210926,1,14,0,Away Team,0.8599,0.8495,1,1,1
AF017210926,2,14,0,Away Team,0.8417,0.8384,1,1,1
AF017210926,2,14,0,Away Team,0.8399,0.8290000000000001,1,1,1
AF017210926,2,14,0,Away Team,0.8465,0.8395,1,1,1
AF017210926,2,14,0,Away Team,0.8284999999999999,0.828,1,1,1
AF017210926,2,14,0,Away Team,0.8308,0.8265,1,1,1
AF017210926,2,14,0,Away Team,0.8547,0.846,1,1,1
AF017210926,2,14,6,Away Team,0.8547,0.8075,1,1,1
AF017210926,2,14,7,Away Team,0.8131,0.8190000000000001,1,1,1
AF017210926,2,14,7,Home Team,0.7901,0.7959999999999999,1,1,1
AF017210926,2,14,7,Home Team,0.8190999999999999,0.8255,1,1,1
AF017210926,2,14,7,Home Team,0.8157,0.838,1,1,1
AF017210926,2,14,7,Home Team,0.8145,0.8295,1,1,1
AF017210926,2,14,7,Home Team,0.8247,0.8384999999999999,1,1,1
AF017210926,2,14,7,Home Team,0.8340000000000001,0.851,1,1,1
AF017210926,2,14,7,Home Team,0.863,0.8740000000000001,1,1,1
AF017210926,2,14,7,Home Team,0.8758,0.8875,1,1,1
AF017210926,2,14,7,Home Team,0.8856999999999999,0.879,1,1,1
AF017210926,2,14,7,Home Team,0.8922,0.89,1,1,1
AF017210926,2,14,7,Home Team,0.9146,0.894,1,1,1
AF017210926,2,14,7,Home Team,0.9011,0.8984000000000001,1,1,1
AF017210926,2,14,7,Home Team,0.9011,0.862,1,1,1
AF017220926,1,0,0,Away Team,0.5921,0.5395,0,1,1
AF017220926,1,0,0,Away Team,0.593,0.5485,0,1,1
AF017220926,1,0,0,Away Team,0.6,0.5375,0,1,1
AF017220926,1,0,0,Away Team,0.5743,0.523,0,1,1
AF017220926,1,0,0,Away Team,0.5663,0.4975,0,1,1
AF017220926,1,0,6,Away Team,0.5663,0.4325,0,1,1
AF017220926,1,0,7,Away Team,0.469,0.4205,0,1,1
AF017220926,1,0,7,Home Team,0.4621,0.419,0,1,1
AF017220926,1,0,7,Home Team,0.4325,0.36200000000000004,0,1,1
AF017220926,1,0,7,Home Team,0.3643,0.3345,0,1,1
AF017220926,1,0,7,Home Team,0.3643,0.28850000000000003,0,1,1
AF017220926,1,0,7,Away Team,0.4119,0.27149999999999996,0,1,1
AF017220926,1,0,7,Away Team,0.3239,0.295,0,1,1
AF017220926,2,0,7,Away Team,0.3044,0.278,0,1,1
AF017220926,2,0,7,Away Team,0.2659,0.22649999999999998,0,1,1
AF017220926,2,0,7,Away Team,0.2827,0.2495,0,1,1
AF017220926,2,0,7,Away Team,0.24239999999999998,0.21100000000000002,0,1,1
AF017220926,2,0,7,Away Team,0.2609,0.23600000000000002,0,1,1
AF017220926,2,0,7,Away Team,0.22030000000000002,0.1845,0,1,1
AF017220926,2,0,13,Away Team,0.22030000000000002,0.152,0,1,1
AF017220926,2,0,14,Away Team,0.1825,0.1565,0,1,1
AF017220926,2,0,14,Home Team,0.1585,0.157,0,1,1
AF017220926,2,0,14,Away Team,0.08,0.0545,0,1,1
AF017220926,2,0,14,Away Team,0.08,0.047,0,1,1
AF017220926,2,0,14,Away Team,0.08,0.043,0,1,1
AF017220926,2,0,14,Away Team,0.08,0.066,0,1,1
AF017220926,2,0,17,Away Team,0.08,0.051500000000000004,0,1,1
AF017220926,2,0,17,Home Team,0.08,0.044500000000000005,0,1,1
AF017220926,2,0,17,Away Team,0.08,0.019,0,1,1
AF017220926,2,0,20,Away Team,0.08,0.013000000000000001,0,1,1
AF017220926,2,0,20,Home Team,0.08,0.013999999999999999,0,1,1
AF018170926,1,0,0,Home Team,0.633,0.4955,0,1,1
AF018170926,1,0,0,Home Team,0.6308,0.506,0,1,1
AF018170926,1,0,0,Home Team,0.6102000000000001,0.46649999999999997,0,1,1
AF018170926,1,0,0,Home Team,0.5559000000000001,0.47600000000000003,0,1,1
AF018170926,1,0,0,Home Team,0.5559000000000001,0.424,0,1,1
AF018170926,1,0,0,Away Team,0.5849,0.392,0,1,1
AF018170926,1,0,0,Away Team,0.4813,0.392,0,1,1
AF018170926,1,0,0,Away Team,0.46759999999999996,0.38,0,1,1
AF018170926,1,0,0,Away Team,0.36700000000000005,0.331,0,1,1
AF018170926,1,0,0,Away Team,0.4656,0.34,0,1,1
AF018170926,1,0,0,Away Team,0.4263,0.33,0,1,1
AF018170926,2,0,0,Away Team,0.4238,0.32049999999999995,0,1,1
AF018170926,2,0,0,Away Team,0.4314,0.3175,0,1,1
AF018170926,2,0,0,Away Team,0.4029,0.268,0,1,1
AF018170926,2,0,6,Away Team,0.4029,0.255,0,1,1
AF018170926,2,0,7,Away Team,0.3296,0.2515,0,1,1
AF018170926,2,0,7,Home Team,0.2756,0.2565,0,1,1
AF018170926,2,0,7,Home Team,0.2938,0.22699999999999998,0,1,1
AF018170926,2,0,7,Home Team,0.31329999999999997,0.264,0,1,1
AF018170926,2,0,7,Home Team,0.3204,0.265,0,1,1
AF018170926,2,0,7,Home Team,0.33130000000000004,0.278,0,1,1
AF018170926,2,0,7,Home Team,0.3232,0.27149999999999996,0,1,1
AF018170926,2,0,7,Home Team,0.3728,0.278,0,1,1
AF018170926,2,0,7,Home Team,0.3419,0.316,0,1,1
AF018170926,2,0,7,Home Team,0.3208,0.2955,0,1,1
AF018170926,2,0,7,Away Team,0.1819,0.1225,0,1,1
AF018170926,2,0,7,Away Team,0.1382,0.1305,0,1,1
AF018180926,1,0,0,Home Team,0.552,0.4965,1,1,1
AF018180926,1,0,0,Away Team,0.38079999999999997,0.34299999999999997,1,1,1
AF018180926,1,0,0,Away Team,0.3583,0.34600000000000003,1,1,1
AF018180926,1,0,0,Away Team,0.36460000000000004,0.34049999999999997,1,1,1
AF018180926,1,0,0,Away Team,0.3323,0.2991,1,1,1
AF018180926,1,0,0,Away Team,0.33840000000000003,0.3272,1,1,1
AF018180926,1,0,6,Away Team,0.33840000000000003,0.2285,1,1,1
AF018180926,1,0,7,Away Team,0.2829,0.22949999999999998,1,1,1
AF018180926,1,6,7,Home Team,0.2829,0.45399999999999996,1,1,1
AF018180926,1,7,7,Home Team,0.39289999999999997,0.3875,1,1,1
AF018180926,1,7,7,Away Team,0.409,0.365,1,1,1
AF018180926,1,7,7,Away Team,0.4376,0.3655,1,1,1
AF018180926,1,7,7,Away Team,0.43920000000000003,0.4025,1,1,1
AF018180926,1,7,7,Away Team,0.43920000000000003,0.49420000000000003,1,1,1
AF018180926,1,7,7,Home Team,0.4904,0.49950000000000006,1,1,1
AF018180926,1,7,7,Home Team,0.5785,0.5145000000000001,1,1,1
AF018180926,1,7,7,Home Team,0.5958,0.5425,1,1,1
AF018180926,2,7,7,Home Team,0.5785,0.5265,1,1,1
AF018180926,2,7,7,Home Team,0.5604,0.49200000000000005,1,1,1
AF018180926,2,13,7,Home Team,0.5604,0.607,1,1,1
AF018180926,2,14,7,Home Team,0.6734,0.6204999999999999,1,1,1
AF018180926,2,14,7,Away Team,0.6798000000000001,0.618,1,1,1
AF018180926,2,14,13,Away Team,0.6798000000000001,0.519,1,1,1
AF018180926,2,14,14,Away Team,0.5584,0.5118,1,1,1
AF018180926,2,14,14,Home Team,0.5771000000000001,0.534,1,1,1
AF018180926,2,14,14,Home Team,0.5877,0.5315,1,1,1
AF018180926,2,14,14,Home Team,0.5777,0.5329999999999999,1,1,1
AF018180926,2,14,14,Home Team,0.5206000000000001,0.48450000000000004,1,1,1
AF018180926,2,14,14,Home Team,0.5206000000000001,0.4282,1,1,1
AF018180926,2,17,14,Home Team,0.49219999999999997,0.4775,1,1,1
AF018180926,2,17,14,Away Team,0.5241,0.49,1,1,1
AF018180926,2,17,14,Away Team,0.5088,0.45649999999999996,1,1,1
AF018180926,2,17,14,Away Team,0.47740000000000005,0.4255,1,1,1
AF018180926,2,17,14,Away Team,0.4715,0.44799999999999995,1,1,1
AF018180926,2,17,14,Away Team,0.424,0.413,1,1,1
AF018180926,2,17,20,Away Team,0.424,0.2565,1,1,1
AF018180926,2,17,21,Away Team,0.2981,0.259,1,1,1
AF018180926,2,23,21,Home Team,0.2981,0.531,1,1,1
AF018180926,2,24,21,Home Team,0.6296,0.5525,1,1,1
AF018180926,2,24,21,Away Team,0.6265999999999999,0.5775,1,1,1
AF018210926,1,0,0,Away Team,0.5294,0.563,0,1,1
AF018210926,1,0,0,Away Team,0.5431,0.5655,0,1,1
AF018210926,1,0,0,Away Team,0.5454,0.5705,0,1,1
AF018210926,1,0,0,Away Team,0.5372,0.5555,0,1,1
AF018210926,1,0,0,Away Team,0.5142,0.544,0,1,1
AF018210926,1,0,0,Away Team,0.511,0.5345,0,1,1
AF018210926,1,0,0,Away Team,0.4648,0.46950000000000003,0,1,1
AF018210926,1,0,0,Away Team,0.4648,0.41850000000000004,0,1,1
AF018210926,1,0,6,Away Team,0.4648,0.3885,0,1,1
AF018210926,1,0,7,Away Team,0.4003,0.3935,0,1,1
AF018210926,1,0,7,Home Team,0.4019,0.38299999999999995,0,1,1
AF018210926,1,0,7,Home Team,0.37189999999999995,0.40049999999999997,0,1,1
AF018210926,1,0,7,Home Team,0.3642,0.37,0,1,1
AF018210926,2,0,7,Home Team,0.3642,0.2975,0,1,1
AF018210926,2,0,7,Away Team,0.31980000000000003,0.2815,0,1,1
AF018210926,2,0,7,Away Team,0.2466,0.2605,0,1,1
AF018210926,2,0,7,Away Team,0.266,0.3005,0,1,1
AF018210926,2,0,7,Away Team,0.266,0.366,0,1,1
AF018210926,2,0,7,Home Team,0.2945,0.395,0,1,1
AF018210926,2,0,7,Home Team,0.3918,0.35950000000000004,0,1,1
AF018210926,2,0,7,Home Team,0.4225,0.39399999999999996,0,1,1
AF018210926,2,0,7,Home Team,0.46490000000000004,0.44049999999999995,0,1,1
AF018210926,2,0,7,Home Team,0.45,0.4125,0,1,1
AF018210926,2,0,7,Home Team,0.4337,0.391,0,1,1
AF018210926,2,0,7,Home Team,0.4867,0.44049999999999995,0,1,1
AF018210926,2,0,7,Home Team,0.4936,0.42700000000000005,0,1,1
AF018210926,2,0,7,Home Team,0.5299,0.44799999999999995,0,1,1
AF018210926,2,6,7,Home Team,0.5299,0.5665,0,1,1
AF018210926,2,6,7,Home Team,0.5092,0.5043,0,1,1
AF018210926,2,6,7,Home Team,0.5128,0.7190000000000001,0,1,1
AF018210926,2,7,7,Home Team,0.6073,0.575,0,1,1
AF018210926,2,7,7,Away Team,0.6086,0.561,0,1,1
AF018210926,2,7,7,Away Team,0.625,0.5865,0,1,1
AF018210926,2,7,7,Away Team,0.6218,0.5870000000000001,0,1,1
AF018210926,2,7,7,Away Team,0.6218,0.49420000000000003,0,1,1
AF019170926,1,0,0,Away Team,0.4894,0.5425,1,1,1
AF019170926,1,0,0,Away Team,0.4902,0.5285,1,1,1
AF019170926,1,0,0,Away Team,0.4646,0.49950000000000006,1,1,1
AF019170926,1,0,0,Away Team,0.45039999999999997,0.48,1,1,1
AF019170926,1,0,0,Away Team,0.4575,0.515,1,1,1
AF019170926,1,0,0,Away Team,0.4575,0.506,1,1,1
AF019170926,1,0,0,Away Team,0.4657,0.446,1,1,1
AF019170926,1,0,6,Away Team,0.40619999999999995,0.3715,1,1,1
AF019170926,1,0,7,Away Team,0.3603,0.38020000000000004,1,1,1
AF019170926,1,0,7,Home Team,0.3605,0.396,1,1,1
AF019170926,1,0,7,Home Team,0.35,0.39799999999999996,1,1,1
AF019170926,1,0,7,Home Team,0.354,0.402,1,1,1
AF019170926,2,6,7,Home Team,0.354,0.4875,1,1,1
AF019170926,2,7,7,Home Team,0.48109999999999997,0.51,1,1,1
AF019170926,2,7,7,Away Team,0.4802,0.5125,1,1,1
AF019170926,2,7,7,Home Team,0.6917,0.7,1,1,1
AF019170926,2,7,7,Home Team,0.6909000000000001,0.716,1,1,1
AF019170926,2,7,7,Home Team,0.6708,0.674,1,1,1
AF019170926,2,7,7,Home Team,0.7181000000000001,0.7129000000000001,1,1,1
AF019170926,2,7,7,Home Team,0.7265,0.7265,1,1,1
AF019170926,2,7,7,Home Team,0.6823,0.7045,1,1,1
AF019170926,2,7,7,Home Team,0.6823,0.6835,1,1,1
AF019170926,2,13,7,Home Team,0.6729999999999999,0.821,1,1,1
AF019170926,2,14,7,Home Team,0.6729999999999999,0.8140000000000001,1,1,1
AF019170926,2,14,7,Away Team,0.8114,0.8165,1,1,1
AF019170926,2,14,7,Away Team,0.7595000000000001,0.78,1,1,1
AF019170926,2,14,7,Home Team,0.914,0.8925,1,1,1
AF019170926,2,14,7,Home Team,0.9594,0.917,1,1,1
AF019170926,2,14,7,Home Team,0.9594,0.878,1,1,1
AF019180926,1,0,0,Home Team,0.42810000000000004,0.49700000000000005,1,1,1
AF019180926,1,0,0,Home Team,0.406,0.4567,1,1,1
AF019180926,1,6,0,Home Team,0.406,0.579,1,1,1
AF019180926,1,7,0,Home Team,0.5563,0.5985,1,1,1
AF019180926,1,7,0,Away Team,0.5616,0.578,1,1,1
AF019180926,1,7,0,Home Team,0.7262000000000001,0.7375,1,1,1
AF019180926,1,7,0,Home Team,0.7258,0.7585,1,1,1
AF019180926,1,13,0,Home Team,0.7258,0.823,1,1,1
AF019180926,1,14,0,Home Team,0.7716,0.8184999999999999,1,1,1
AF019180926,1,14,0,Away Team,0.7412000000000001,0.7845,1,1,1
AF019180926,1,14,0,Away Team,0.7529,0.7975,1,1,1
AF019180926,1,14,0,Away Team,0.7652,0.8170000000000001,1,1,1
AF019180926,1,14,0,Home Team,0.8769,0.89,1,1,1
AF019180926,1,14,0,Home Team,0.9098999999999999,0.9165000000000001,1,1,1
AF019180926,1,14,0,Home Team,0.9154000000000001,0.9159999999999999,1,1,1
AF019180926,1,14,0,Home Team,0.914,0.9125,1,1,1
AF019180926,1,14,0,Home Team,0.9044,0.9245,1,1,1
AF019180926,2,20,0,Home Team,0.9044,0.945,1,1,1
AF019180926,2,21,0,Home Team,0.9365000000000001,0.945,1,1,1
AF019180926,2,21,0,Away Team,0.9375,0.9525,1,1,1
AF019180926,2,21,0,Away Team,0.9445999999999999,0.938,1,1,1
AF019180926,2,21,0,Away Team,0.9390999999999999,0.9484999999999999,1,1,1
AF019180926,2,21,0,Away Team,0.9353,0.9390000000000001,1,1,1
AF019180926,2,21,0,Away Team,0.9390000000000001,0.9470000000000001,1,1,1
AF019180926,2,21,0,Away Team,0.9257,0.94,1,1,1
AF019180926,2,21,0,Away Team,0.9323,0.9355,1,1,1
AF019180926,2,21,0,Away Team,0.9323,0.9315000000000001,1,1,1
AF019180926,2,21,6,Away Team,0.9323,0.9165000000000001,1,1,1
AF019180926,2,21,7,Away Team,0.9159999999999999,0.9125,1,1,1
AF019180926,2,21,7,Home Team,0.919,0.9179999999999999,1,1,1
AF019180926,2,21,7,Home Team,0.9086,0.912,1,1,1
AF019180926,2,21,7,Home Team,0.8853,0.892,1,1,1
AF019180926,2,21,7,Home Team,0.9273,0.9285,1,1,1
AF019180926,2,21,7,Home Team,0.9248000000000001,0.9215000000000001,1,1,1
AF019180926,2,21,7,Home Team,0.9490999999999999,0.95,1,1,1
AF019180926,2,21,7,Home Team,0.9643999999999999,0.9665,1,1,1
AF019180926,2,27,7,Home Team,0.9643999999999999,0.9845,1,1,1
AF019180926,2,28,7,Home Team,0.9861,0.9815,1,1,1
AF019180926,2,28,7,Away Team,0.9861,0.9775,1,1,1
AF019180926,2,28,7,Away Team,0.9825,0.9890000000000001,1,1,1
AF019180926,2,28,7,Away Team,0.9782,0.9940000000000001,1,1,1
AF019190926,1,0,0,Away Team,0.5399,0.5165,1,1,1
AF019190926,1,0,0,Away Team,0.556,0.5378000000000001,1,1,1
AF019190926,1,0,0,Away Team,0.5246999999999999,0.5,1,1,1
AF019190926,1,0,0,Away Team,0.5345,0.5175,1,1,1
AF019190926,1,0,0,Away Team,0.5565,0.5315,1,1,1
AF019190926,1,0,0,Away Team,0.5565,0.5895,1,1,1
AF019190926,1,0,0,Home Team,0.5811999999999999,0.6235,1,1,1
AF019190926,1,6,0,Home Team,0.7011,0.7575,1,1,1
AF019190926,1,7,0,Home Team,0.7831999999999999,0.7559999999999999,1,1,1
AF019190926,1,7,0,Away Team,0.7787999999999999,0.747,1,1,1
AF019190926,1,7,0,Away Team,0.8058,0.7525,1,1,1
AF019190926,1,7,0,Away Team,0.792,0.7545000000000001,1,1,1
AF019190926,1,7,0,Away Team,0.7961,0.747,1,1,1
AF019190926,1,7,0,Away Team,0.8170000000000001,0.7609999999999999,1,1,1
AF019190926,2,7,0,Away Team,0.8170000000000001,0.8515,1,1,1
AF019190926,2,7,0,Home Team,0.8459,0.8625,1,1,1
AF019190926,2,7,0,Home Team,0.9087999999999999,0.8545,1,1,1
AF019190926,2,7,0,Home Team,0.927,0.8835,1,1,1
AF019190926,2,7,0,Home Team,0.9414,0.8815000000000001,1,1,1
AF019190926,2,7,0,Home Team,0.9227,0.8795000000000001,1,1,1
AF019190926,2,7,0,Home Team,0.9437000000000001,0.9079999999999999,1,1,1
AF019190926,2,7,0,Home Team,0.9365000000000001,0.8945000000000001,1,1,1
AF019190926,2,7,0,Home Team,0.96,0.9225,1,1,1
AF019190926,2,7,0,Home Team,0.956,0.9245,1,1,1
AF019190926,2,13,0,Home Team,0.956,0.958,1,1,1
AF019190926,2,14,0,Home Team,0.9758,0.9584999999999999,1,1,1
AF019190926,2,14,0,Away Team,0.9706,0.9615,1,1,1
AF019190926,2,14,6,Away Team,0.9706,0.877,1,1,1
AF019190926,2,14,7,Away Team,0.9204000000000001,0.8759999999999999,1,1,1
AF019190926,2,14,7,Home Team,0.9233,0.856,1,1,1
AF019190926,2,14,7,Away Team,0.9117000000000001,0.85,1,1,1
AF019190926,2,14,7,Away Team,0.9092,0.853,1,1,1
AF019200926,1,0,0,Home Team,0.46869999999999995,0.4525,0,1,1
AF019200926,1,0,0,Home Team,0.4329,0.4435,0,1,1
AF019200926,1,0,0,Home Team,0.4576,0.45049999999999996,0,1,1
AF019200926,1,0,0,Home Team,0.4603,0.4575,0,1,1
AF019200926,1,0,0,Home Team,0.3629,0.405,0,1,1
AF019200926,1,0,0,Home Team,0.3629,0.3602,0,1,1
AF019200926,1,0,0,Away Team,0.4115,0.3625,0,1,1
AF019200926,1,0,0,Away Team,0.3652,0.389,0,1,1
AF019200926,1,0,0,Away Team,0.413,0.4255,0,1,1
AF019200926,1,0,0,Away Team,0.413,0.4705,0,1,1
AF019200926,1,0,0,Home Team,0.39890000000000003,0.46649999999999997,0,1,1
AF019200926,1,0,0,Home Team,0.4813,0.496,0,1,1
AF019200926,1,0,0,Home Team,0.4514,0.4855,0,1,1
AF019200926,2,0,0,Home Team,0.40490000000000004,0.40549999999999997,0,1,1
AF019200926,2,0,0,Home Team,0.40490000000000004,0.532,0,1,1
AF019200926,2,0,0,Home Team,0.40490000000000004,0.5845,0,1,1
AF019200926,2,0,0,Home Team,0.5439,0.556,0,1,1
AF019200926,2,6,0,Home Team,0.5439,0.6375,0,1,1
AF019200926,2,7,0,Home Team,0.5948,0.6425,0,1,1
AF019200926,2,7,0,Away Team,0.5902000000000001,0.636,0,1,1
AF019200926,2,7,0,Away Team,0.6026,0.642,0,1,1
AF019200926,2,7,0,Away Team,0.5586,0.589,0,1,1
AF019200926,2,7,0,Away Team,0.601,0.6285000000000001,0,1,1
AF019200926,2,7,0,Away Team,0.6433,0.67,0,1,1
AF019200926,2,7,0,Away Team,0.5166,0.555,0,1,1
AF019200926,2,7,0,Away Team,0.504,0.5613,0,1,1
AF019200926,2,7,0,Away Team,0.45640000000000003,0.5143,0,1,1
AF019200926,2,7,6,Away Team,0.45640000000000003,0.4105,0,1,1
AF019200926,2,7,7,Away Team,0.3931,0.4205,0,1,1
AF019200926,2,7,7,Home Team,0.40399999999999997,0.41450000000000004,0,1,1
AF019200926,2,7,7,Home Team,0.40340000000000004,0.402,0,1,1
AF019220926,1,0,0,Home Team,0.5365,0.539,1,1,1
AF019220926,1,0,0,Home Team,0.5366,0.5465,1,1,1
AF019220926,1,0,0,Home Team,0.5293,0.5245000000000001,1,1,1
AF019220926,1,0,0,Home Team,0.4875,0.514,1,1,1
AF019220926,1,0,0,Home Team,0.4875,0.446,1,1,1
AF019220926,1,0,0,Away Team,0.45640000000000003,0.434,1,1,1
AF019220926,1,0,0,Away Team,0.3961,0.384,1,1,1
AF019220926,1,0,0,Away Team,0.42560000000000003,0.429,1,1,1
AF019220926,1,0,6,Away Team,0.42560000000000003,0.29600000000000004,1,1,1
AF019220926,1,0,7,Away Team,0.2843,0.302,1,1,1
AF019220926,1,0,7,Home Team,0.27149999999999996,0.2925,1,1,1
AF019220926,1,0,7,Home Team,0.2734,0.29,1,1,1
AF019220926,1,0,7,Home Team,0.2891,0.299,1,1,1
AF019220926,2,0,7,Home Team,0.2956,0.293,1,1,1
AF019220926,2,0,7,Home Team,0.3177,0.308,1,1,1
AF019220926,2,0,7,Home Team,0.2961,0.27649999999999997,1,1,1
AF019220926,2,0,7,Home Team,0.2857,0.27149999999999996,1,1,1
AF019220926,2,0,7,Home Team,0.2857,0.2165,1,1,1
AF019220926,2,0,7,Home Team,0.2576,0.142,1,1,1
AF019220926,2,0,7,Away Team,0.1067,0.1165,1,1,1
AF019220926,2,0,7,Away Team,0.1036,0.10550000000000001,1,1,1
AF019220926,2,0,7,Away Team,0.09960000000000001,0.11,1,1,1
AF019220926,2,0,7,Away Team,0.09960000000000001,0.128,1,1,1
AF019220926,2,0,7,Home Team,0.228,0.2205,1,1,1
AF019220926,2,0,7,Home Team,0.21600000000000003,0.2125,1,1,1
AF019220926,2,0,7,Home Team,0.284,0.251,1,1,1
AF019220926,2,0,7,Home Team,0.26289999999999997,0.235,1,1,1
AF019220926,2,0,7,Home Team,0.299,0.2635,1,1,1
AF019220926,2,0,7,Home Team,0.3358,0.3575,1,1,1
AF019220926,2,6,7,Home Team,0.3358,0.385,1,1,1
AF019220926,2,7,7,Home Team,0.4057,0.38049999999999995,1,1,1
AF019220926,2,7,7,Away Team,0.4017,0.3975,1,1,1
AF019220926,2,7,7,Away Team,0.37829999999999997,0.4155,1,1,1
AF020170926,1,0,0,Home Team,0.4914,0.4815,1,1,1
AF020170926,1,0,0,Home Team,0.4799,0.46799999999999997,1,1,1
AF020170926,1,0,0,Home Team,0.516,0.4865,1,1,1
AF020170926,1,0,0,Home Team,0.5046,0.48100000000000004,1,1,1
AF020170926,1,0,0,Home Team,0.5084000000000001,0.46799999999999997,1,1,1
AF020170926,1,0,0,Home Team,0.5367999999999999,0.522,1,1,1
AF020170926,1,0,0,Home Team,0.4929,0.4515,1,1,1
AF020170926,1,0,0,Home Team,0.4803,0.46950000000000003,1,1,1
AF020170926,1,0,0,Home Team,0.4803,0.4482,1,1,1
AF020170926,2,3,0,Home Team,0.45649999999999996,0.4782,1,1,1
AF020170926,2,3,0,Away Team,0.4636,0.4802,1,1,1
AF020170926,2,3,0,Away Team,0.44920000000000004,0.4225,1,1,1
AF020170926,2,3,0,Away Team,0.4643,0.495,1,1,1
AF020170926,2,3,0,Away Team,0.41009999999999996,0.42950000000000005,1,1,1
AF020170926,2,3,0,Away Team,0.4158,0.42950000000000005,1,1,1
AF020170926,2,3,0,Away Team,0.369,0.3975,1,1,1
AF020170926,2,3,0,Away Team,0.38270000000000004,0.3895,1,1,1
AF020170926,2,3,0,Away Team,0.38270000000000004,0.40049999999999997,1,1,1
AF020170926,2,3,6,Away Team,0.38270000000000004,0.26,1,1,1
AF020170926,2,3,7,Away Team,0.30329999999999996,0.28300000000000003,1,1,1
AF020170926,2,3,7,Home Team,0.3015,0.275,1,1,1
AF020170926,2,3,7,Home Team,0.2608,0.242,1,1,1
AF020170926,2,3,7,Home Team,0.2532,0.262,1,1,1
AF020170926,2,3,7,Home Team,0.2532,0.2231,1,1,1
AF020170926,2,3,7,Away Team,0.2234,0.2065,1,1,1
AF020170926,2,3,7,Away Team,0.2026,0.2071,1,1,1
AF020180926,1,0,0,Home Team,0.6179,0.5253,0,1,1
AF020180926,1,0,0,Home Team,0.5881000000000001,0.504,0,1,1
AF020180926,1,0,0,Home Team,0.6134000000000001,0.5315,0,1,1
AF020180926,1,0,0,Home Team,0.6412,0.5785,0,1,1
AF020180926,1,0,0,Home Team,0.6268,0.5770000000000001,0,1,1
AF020180926,1,0,0,Home Team,0.6211,0.5660000000000001,0,1,1
AF020180926,1,0,0,Home Team,0.6154,0.5660000000000001,0,1,1
AF020180926,1,0,0,Home Team,0.6292,0.6065,0,1,1
AF020180926,2,0,0,Home Team,0.6422,0.632,0,1,1
AF020180926,2,0,0,Home Team,0.6377,0.594,0,1,1
AF020180926,2,0,0,Home Team,0.6446999999999999,0.6178,0,1,1
AF020180926,2,0,0,Home Team,0.6551,0.6355,0,1,1
AF020180926,2,0,0,Home Team,0.6551,0.607,0,1,1
AF020180926,2,0,0,Home Team,0.6551,0.5365,0,1,1
AF020180926,2,3,0,Home Team,0.6551,0.5395,0,1,1
AF020180926,2,3,0,Away Team,0.483,0.5415,0,1,1
AF020180926,2,3,0,Home Team,0.7962,0.7509999999999999,0,1,1
AF020180926,2,3,0,Home Team,0.7886,0.773,0,1,1
AF020180926,2,3,0,Home Team,0.7634000000000001,0.726,0,1,1
AF020180926,2,3,0,Home Team,0.7634000000000001,0.672,0,1,1
AF020180926,2,6,0,Home Team,0.7016,0.6865000000000001,0,1,1
AF020180926,2,6,0,Away Team,0.7218000000000001,0.7054,0,1,1
AF020180926,2,6,0,Away Team,0.649,0.6303,0,1,1
AF020180926,2,6,0,Away Team,0.598,0.6325,0,1,1
AF020180926,2,6,0,Away Team,0.5981000000000001,0.64,0,1,1
AF020180926,2,6,0,Away Team,0.606,0.6223,0,1,1
AF020180926,2,6,0,Away Team,0.6503,0.6609999999999999,0,1,1
AF020180926,2,6,3,Away Team,0.6503,0.6204999999999999,0,1,1
AF020180926,2,6,3,Home Team,0.6422,0.6178,0,1,1
AF021170926,1,0,0,Away Team,0.5881000000000001,0.5795,1,1,1
AF021170926,1,0,0,Away Team,0.5949,0.5755,1,1,1
AF021170926,1,0,0,Away Team,0.5946,0.5895,1,1,1
AF021170926,1,0,0,Away Team,0.5946,0.6779999999999999,1,1,1
AF021170926,1,0,0,Home Team,0.6537999999999999,0.7075,1,1,1
AF021170926,1,0,0,Home Team,0.7014,0.674,1,1,1
AF021170926,1,0,0,Home Team,0.65,0.6145,1,1,1
AF021170926,1,0,0,Home Team,0.65,0.5945,1,1,1
AF021170926,1,0,0,Away Team,0.5485,0.499,1,1,1
AF021170926,1,0,0,Away Team,0.5349,0.5235,1,1,1
AF021170926,1,0,0,Away Team,0.583,0.5529999999999999,1,1,1
AF021170926,1,0,0,Away Team,0.583,0.5985,1,1,1
AF021170926,1,0,3,Away Team,0.5905,0.6,1,1,1
AF021170926,2,0,3,Home Team,0.5905,0.5855,1,1,1
AF021170926,2,0,3,Home Team,0.6554000000000001,0.612,1,1,1
AF021170926,2,0,3,Home Team,0.6414,0.62,1,1,1
AF021170926,2,0,3,Home Team,0.6639,0.635,1,1,1
AF021170926,2,0,3,Home Team,0.6795,0.635,1,1,1
AF021170926,2,0,3,Home Team,0.69,0.703,1,1,1
AF021170926,2,0,3,Home Team,0.69,0.7275,1,1,1
AF021170926,2,6,3,Home Team,0.69,0.732,1,1,1
AF021170926,2,7,3,Home Team,0.7492,0.7354999999999999,1,1,1
AF021170926,2,7,3,Away Team,0.7576,0.7490000000000001,1,1,1
AF021170926,2,7,3,Away Team,0.7620999999999999,0.7515000000000001,1,1,1
AF021170926,2,7,3,Away Team,0.7620999999999999,0.716,1,1,1
AF021170926,2,7,3,Away Team,0.7655,0.7415,1,1,1
AF021170926,2,7,6,Away Team,0.7655,0.731,1,1,1
AF021180926,1,0,0,Home Team,0.4629,0.524,1,1,1
AF021180926,1,0,0,Home Team,0.46880000000000005,0.5155,1,1,1
AF021180926,1,0,0,Home Team,0.4449,0.523,1,1,1
AF021180926,1,0,0,Home Team,0.4645,0.5335,1,1,1
AF021180926,1,0,0,Home Team,0.4721,0.5435,1,1,1
AF021180926,1,0,0,Home Team,0.4396,0.5315,1,1,1
AF021180926,1,0,0,Home Team,0.4396,0.48,1,1,1
AF021180926,1,0,0,Away Team,0.42560000000000003,0.3995,1,1,1
AF021180926,1,0,0,Away Team,0.31620000000000004,0.386,1,1,1
AF021180926,1,0,0,Away Team,0.3343,0.38549999999999995,1,1,1
AF021180926,1,0,0,Away Team,0.3024,0.368,1,1,1
AF021180926,2,0,0,Away Team,0.3169,0.3835,1,1,1
AF021180926,2,0,0,Away Team,0.3249,0.37,1,1,1
AF021180926,2,0,0,Away Team,0.3249,0.502,1,1,1
AF021180926,2,0,0,Away Team,0.3575,0.56,1,1,1
AF021180926,2,0,0,Home Team,0.49829999999999997,0.59,1,1,1
AF021180926,2,0,0,Home Team,0.5329999999999999,0.6,1,1,1
AF021180926,2,0,0,Home Team,0.5418999999999999,0.6045,1,1,1
AF021180926,2,6,0,Home Team,0.5418999999999999,0.636,1,1,1
AF021180926,2,7,0,Home Team,0.5935,0.6245,1,1,1
AF021180926,2,7,0,Away Team,0.6106,0.6435,1,1,1
AF021180926,2,7,6,Away Team,0.6106,0.5745,1,1,1
AF021180926,2,7,7,Away Team,0.4858,0.557,1,1,1
AF021180926,2,7,7,Home Team,0.4696,0.5379999999999999,1,1,1
AF021180926,2,7,7,Home Team,0.5123,0.5710000000000001,1,1,1
AF021180926,2,7,7,Home Team,0.4953,0.5920000000000001,1,1,1
AF021180926,2,7,7,Home Team,0.5188,0.5765,1,1,1
AF021180926,2,7,7,Home Team,0.5102,0.5865,1,1,1
AF021180926,2,7,7,Home Team,0.5131,0.5965,1,1,1
AF021180926,2,7,7,Home Team,0.5256000000000001,0.5965,1,1,1
AF021180926,2,13,7,Home Team,0.5256000000000001,0.7490000000000001,1,1,1
AF021180926,2,14,7,Home Team,0.7049,0.7365,1,1,1
AF021180926,2,14,7,Away Team,0.7199,0.7505,1,1,1
AF021180926,2,14,7,Away Team,0.7168000000000001,0.752,1,1,1
AF021200926,1,0,0,Home Team,0.41859999999999997,0.3222,1,1,1
AF021200926,1,0,0,Home Team,0.3657,0.33,1,1,1
AF021200926,1,0,0,Home Team,0.41960000000000003,0.3635,1,1,1
AF021200926,1,0,0,Home Team,0.39020000000000005,0.36,1,1,1
AF021200926,1,0,0,Home Team,0.3722,0.34700000000000003,1,1,1
AF021200926,1,0,0,Home Team,0.4625,0.436,1,1,1
AF021200926,1,0,0,Home Team,0.46380000000000005,0.4235,1,1,1
AF021200926,1,0,0,Home Team,0.46380000000000005,0.4715,1,1,1
AF021200926,1,6,0,Home Team,0.46380000000000005,0.5158,1,1,1
AF021200926,1,7,0,Home Team,0.5226,0.5045000000000001,1,1,1
AF021200926,1,7,0,Away Team,0.5288,0.498,1,1,1
AF021200926,1,7,0,Away Team,0.5059,0.49200000000000005,1,1,1
AF021200926,1,7,0,Away Team,0.489,0.496,1,1,1
AF021200926,1,7,0,Away Team,0.4867,0.4775,1,1,1
AF021200926,2,7,0,Away Team,0.49810000000000004,0.4755,1,1,1
AF021200926,2,7,0,Away Team,0.45990000000000003,0.4445,1,1,1
AF021200926,2,7,0,Away Team,0.4498,0.455,1,1,1
AF021200926,2,7,0,Away Team,0.4253,0.4325,1,1,1
AF021200926,2,7,6,Away Team,0.4253,0.39399999999999996,1,1,1
AF021200926,2,7,7,Away Team,0.4353,0.3705,1,1,1
AF021200926,2,7,7,Home Team,0.4364,0.382,1,1,1
AF021200926,2,7,7,Home Team,0.3958,0.3682,1,1,1
AF021200926,2,7,7,Home Team,0.37920000000000004,0.34,1,1,1
AF021200926,2,7,7,Home Team,0.37920000000000004,0.33149999999999996,1,1,1
AF021200926,2,7,7,Away Team,0.1725,0.215,1,1,1
AF021200926,2,7,7,Away Team,0.17980000000000002,0.1845,1,1,1
AF021200926,2,7,7,Away Team,0.17980000000000002,0.142,1,1,1
AF021200926,2,7,13,Away Team,0.17980000000000002,0.12,1,1,1
AF021200926,2,7,14,Away Team,0.16440000000000002,0.12,1,1,1
AF021200926,2,7,14,Home Team,0.19149999999999998,0.145,1,1,1
AF021200926,2,7,14,Home Team,0.1659,0.1325,1,1,1
AF021200926,2,7,14,Home Team,0.21789999999999998,0.19899999999999998,1,1,1
AF021200926,2,7,14,Home Team,0.21660000000000001,0.1845,1,1,1
AF021200926,2,7,14,Home Team,0.21660000000000001,0.2245,1,1,1
AF021200926,2,7,14,Home Team,0.21660000000000001,0.228,1,1,1
AF021200926,2,13,14,Home Team,0.21660000000000001,0.31079999999999997,1,1,1
AF021200926,2,14,14,Home Team,0.3141,0.306,1,1,1
AF021200926,2,14,14,Away Team,0.3095,0.3265,1,1,1
AF021210926,1,0,0,Away Team,0.5829,0.6725,1,1,1
AF021210926,1,0,0,Away Team,0.5666,0.669,1,1,1
AF021210926,1,0,0,Away Team,0.5576,0.6495000000000001,1,1,1
AF021210926,1,0,0,Away Team,0.5518,0.6255,1,1,1
AF021210926,1,0,0,Away Team,0.5326,0.6335000000000001,1,1,1
AF021210926,1,0,0,Away Team,0.5377000000000001,0.6295000000000001,1,1,1
AF021210926,1,0,0,Away Team,0.5639,0.6295000000000001,1,1,1
AF021210926,1,0,0,Away Team,0.5864,0.6575,1,1,1
AF021210926,1,0,0,Away Team,0.5864,0.713,1,1,1
AF021210926,1,0,0,Away Team,0.5965,0.768,1,1,1
AF021210926,1,0,0,Home Team,0.7056999999999999,0.7695000000000001,1,1,1
AF021210926,1,0,0,Away Team,0.5720000000000001,0.645,1,1,1
AF021210926,1,0,0,Away Team,0.5721,0.6715000000000001,1,1,1
AF021210926,1,0,0,Away Team,0.6441,0.7070000000000001,1,1,1
AF021210926,1,0,0,Away Team,0.6441,0.7675,1,1,1
AF021210926,1,0,0,Home Team,0.6295000000000001,0.784,1,1,1
AF021210926,2,0,0,Home Team,0.7241,0.7875,1,1,1
AF021210926,2,0,0,Home Team,0.7282,0.7879999999999999,1,1,1
AF021210926,2,0,0,Home Team,0.7536,0.8055,1,1,1
AF021210926,2,0,0,Home Team,0.7653,0.7929999999999999,1,1,1
AF021210926,2,0,0,Home Team,0.7648,0.8025,1,1,1
AF021210926,2,0,0,Home Team,0.7818,0.8223999999999999,1,1,1
AF021210926,2,0,0,Home Team,0.7770999999999999,0.8123999999999999,1,1,1
AF021210926,2,0,0,Home Team,0.7364,0.754,1,1,1
AF021210926,2,0,0,Home Team,0.8251999999999999,0.848,1,1,1
AF021210926,2,6,0,Home Team,0.8251999999999999,0.8704999999999999,1,1,1
AF021210926,2,7,0,Home Team,0.8637,0.8905,1,1,1
AF021210926,2,7,0,Away Team,0.8637999999999999,0.8815000000000001,1,1,1
AF021210926,2,7,0,Away Team,0.9068999999999999,0.909,1,1,1
AF021210926,2,7,0,Away Team,0.9097,0.8595,1,1,1
AF021220926,1,0,0,Home Team,0.4428,0.5770000000000001,0,1,1
AF021220926,1,0,0,Home Team,0.4374,0.5755,0,1,1
AF021220926,1,0,0,Home Team,0.4254,0.5615,0,1,1
AF021220926,1,0,0,Home Team,0.4254,0.405,0,1,1
AF021220926,1,0,0,Away Team,0.4254,0.40149999999999997,0,1,1
AF021220926,1,0,0,Away Team,0.2877,0.40049999999999997,0,1,1
AF021220926,1,0,0,Away Team,0.2954,0.424,0,1,1
AF021220926,1,0,0,Away Team,0.2747,0.36700000000000005,0,1,1
AF021220926,1,0,0,Away Team,0.2526,0.3785,0,1,1
AF021220926,1,0,0,Away Team,0.24480000000000002,0.3975,0,1,1
AF021220926,1,0,0,Away Team,0.24480000000000002,0.433,0,1,1
AF021220926,2,0,0,Away Team,0.28559999999999997,0.36,0,1,1
AF021220926,2,0,0,Away Team,0.24489999999999998,0.363,0,1,1
AF021220926,2,0,0,Away Team,0.2341,0.3455,0,1,1
AF021220926,2,0,0,Away Team,0.2341,0.34,0,1,1
AF021220926,2,0,0,Away Team,0.2699,0.3705,0,1,1
AF021220926,2,0,0,Away Team,0.2699,0.4495,0,1,1
AF021220926,2,0,3,Away Team,0.3326,0.45049999999999996,0,1,1
AF021220926,2,0,3,Home Team,0.3456,0.43799999999999994,0,1,1
AF021220926,2,0,3,Away Team,0.1461,0.20850000000000002,0,1,1
AF021220926,2,0,3,Away Team,0.15380000000000002,0.203,0,1,1
AF021220926,2,0,3,Away Team,0.14029999999999998,0.19949999999999998,0,1,1
AF021220926,2,0,3,Away Team,0.14029999999999998,0.17300000000000001,0,1,1
AF021220926,2,0,3,Away Team,0.113,0.17600000000000002,0,1,1
AF021220926,2,0,3,Away Team,0.1244,0.1815,0,1,1
AF021220926,2,0,3,Away Team,0.1396,0.205,0,1,1
AF021220926,2,0,3,Away Team,0.08,0.1305,0,1,1
AF021220926,2,0,3,Away Team,0.0962,0.14,0,1,1
AF021220926,2,0,3,Away Team,0.1039,0.13849999999999998,0,1,1
AF021220926,2,0,3,Away Team,0.1039,0.17350000000000002,0,1,1
AF021220926,2,0,6,Away Team,0.1039,0.1595,0,1,1
AF022170926,1,0,0,Home Team,0.45270000000000005,0.588,1,1,1
AF022170926,1,0,0,Home Team,0.4476,0.599,1,1,1
AF022170926,1,0,0,Home Team,0.446,0.595,1,1,1
AF022170926,1,0,0,Home Team,0.4133,0.562,1,1,1
AF022170926,1,0,0,Home Team,0.4133,0.525,1,1,1
AF022170926,1,0,0,Home Team,0.3883,0.591,1,1,1
AF022170926,1,0,0,Home Team,0.4286,0.584,1,1,1
AF022170926,1,0,0,Home Team,0.4292,0.5720000000000001,1,1,1
AF022170926,1,0,0,Home Team,0.4292,0.5325,1,1,1
AF022170926,1,0,0,Home Team,0.408,0.635,1,1,1
AF022170926,1,0,0,Home Team,0.4782,0.633,1,1,1
AF022170926,1,0,0,Home Team,0.49340000000000006,0.6623,1,1,1
AF022170926,2,0,0,Home Team,0.5303,0.6665000000000001,1,1,1
AF022170926,2,0,0,Home Team,0.5143,0.6528,1,1,1
AF022170926,2,0,0,Home Team,0.5122,0.6735,1,1,1
AF022170926,2,6,0,Home Team,0.5122,0.7365,1,1,1
AF022170926,2,7,0,Home Team,0.5971,0.7295,1,1,1
AF022170926,2,7,0,Away Team,0.5934,0.736,1,1,1
AF022170926,2,7,0,Away Team,0.5897,0.7375,1,1,1
AF022170926,2,7,0,Away Team,0.5544,0.705,1,1,1
AF022170926,2,7,0,Home Team,0.7781,0.8734999999999999,1,1,1
AF022170926,2,13,0,Home Team,0.7781,0.929,1,1,1
AF022170926,2,14,0,Home Team,0.8598,0.9235,1,1,1
AF022170926,2,14,0,Away Team,0.8561,0.934,1,1,1
AF022170926,2,14,0,Away Team,0.8416,0.9225,1,1,1
AF022170926,2,14,0,Away Team,0.8181,0.9115000000000001,1,1,1
AF022170926,2,14,0,Away Team,0.84,0.9095,1,1,1
AF022170926,2,14,0,Away Team,0.812,0.9,1,1,1
AF022170926,2,14,0,Away Team,0.8070999999999999,0.8825,1,1,1
AF022170926,2,14,6,Away Team,0.8070999999999999,0.8484999999999999,1,1,1
AF022170926,2,14,7,Away Team,0.7817000000000001,0.855,1,1,1
AF022170926,2,14,7,Home Team,0.7817000000000001,0.861,1,1,1
AF022170926,2,14,7,Home Team,0.7878000000000001,0.8515,1,1,1
AF022170926,2,14,7,Home Team,0.77,0.848,1,1,1
AF022170926,2,14,7,Away Team,0.7376,0.8195,1,1,1
AF022180926,1,0,0,Away Team,0.4391,0.396,1,1,1
AF022180926,1,0,0,Away Team,0.45289999999999997,0.401,1,1,1
AF022180926,1,0,0,Away Team,0.39289999999999997,0.36700000000000005,1,1,1
AF022180926,1,0,0,Away Team,0.4239,0.385,1,1,1
AF022180926,1,0,6,Away Team,0.4239,0.305,1,1,1
AF022180926,1,0,7,Away Team,0.33490000000000003,0.29600000000000004,1,1,1
AF022180926,1,0,7,Home Team,0.32539999999999997,0.2975,1,1,1
AF022180926,1,0,7,Home Team,0.32280000000000003,0.2916,1,1,1
AF022180926,1,0,7,Home Team,0.292,0.2565,1,1,1
AF022180926,1,0,7,Home Team,0.292,0.2425,1,1,1
AF022180926,1,0,7,Away Team,0.19579999999999997,0.17350000000000002,1,1,1
AF022180926,1,0,7,Away Team,0.18309999999999998,0.154,1,1,1
AF022180926,2,0,7,Away Team,0.19269999999999998,0.1775,1,1,1
AF022180926,2,0,7,Home Team,0.33140000000000003,0.2845,1,1,1
AF022180926,2,0,7,Home Team,0.34149999999999997,0.32,1,1,1
AF022180926,2,0,7,Home Team,0.3232,0.29350000000000004,1,1,1
AF022180926,2,0,7,Home Team,0.2833,0.251,1,1,1
AF022180926,2,0,7,Home Team,0.3983,0.3385,1,1,1
AF022180926,2,6,7,Home Team,0.3983,0.41350000000000003,1,1,1
AF022180926,2,7,7,Home Team,0.43920000000000003,0.4255,1,1,1
AF022180926,2,7,7,Away Team,0.44909999999999994,0.4172,1,1,1
AF022180926,2,7,7,Away Team,0.4754,0.4255,1,1,1
AF022180926,2,7,7,Away Team,0.4824,0.4414,1,1,1
AF022180926,2,7,7,Away Team,0.4115,0.3575,1,1,1
AF022180926,2,7,7,Away Team,0.4474,0.39299999999999996,1,1,1
AF022180926,2,7,7,Away Team,0.3953,0.324,1,1,1
AF022180926,2,7,7,Away Team,0.38409999999999994,0.2925,1,1,1
AF022180926,2,7,7,Away Team,0.3917,0.3155,1,1,1
AF022180926,2,7,7,Away Team,0.3917,0.303,1,1,1
AF022180926,2,7,10,Away Team,0.3917,0.3705,1,1,1
AF022180926,2,7,10,Home Team,0.41729999999999995,0.384,1,1,1
AF022180926,2,7,10,Home Team,0.4142,0.3555,1,1,1
AF022180926,2,7,10,Home Team,0.4142,0.3575,1,1,1
AF022200926,1,0,0,Home Team,0.5313,0.449,0,1,1
AF022200926,1,0,0,Home Team,0.5422,0.4635,0,1,1
AF022200926,1,6,0,Home Team,0.5422,0.596,0,1,1
AF022200926,1,7,0,Home Team,0.6575,0.596,0,1,1
AF022200926,1,7,0,Away Team,0.665,0.5975,0,1,1
AF022200926,1,7,0,Away Team,0.6933,0.6154999999999999,0,1,1
AF022200926,1,7,0,Away Team,0.6453,0.599,0,1,1
AF022200926,1,7,0,Away Team,0.6581,0.6188,0,1,1
AF022200926,1,7,0,Away Team,0.6308,0.575,0,1,1
AF022200926,1,7,0,Away Team,0.6435,0.5815,0,1,1
AF022200926,1,7,0,Away Team,0.6596,0.6095,0,1,1
AF022200926,1,7,0,Away Team,0.6596,0.6975,0,1,1
AF022200926,1,7,0,Home Team,0.6877,0.6655,0,1,1
AF022200926,1,7,0,Home Team,0.7570999999999999,0.6809999999999999,0,1,1
AF022200926,1,7,0,Home Team,0.7720999999999999,0.7120000000000001,0,1,1
AF022200926,2,7,0,Home Team,0.8056,0.7625,0,1,1
AF022200926,2,7,0,Home Team,0.8095,0.76,0,1,1
AF022200926,2,7,0,Home Team,0.8273999999999999,0.7759999999999999,0,1,1
AF022200926,2,7,0,Home Team,0.8316,0.769,0,1,1
AF022200926,2,7,0,Home Team,0.7934,0.7365,0,1,1
AF022200926,2,7,0,Home Team,0.8565999999999999,0.8165,0,1,1
AF022200926,2,7,0,Home Team,0.8619,0.8334999999999999,0,1,1
AF022200926,2,13,0,Home Team,0.8619,0.865,0,1,1
AF022200926,2,14,0,Home Team,0.8876000000000001,0.8785,0,1,1
AF022200926,2,14,0,Away Team,0.8817,0.851,0,1,1
AF022200926,2,14,6,Away Team,0.8817,0.7915000000000001,0,1,1
AF022200926,2,14,7,Away Team,0.8090999999999999,0.782,0,1,1
AF022200926,2,14,7,Home Team,0.8090999999999999,0.7835,0,1,1
AF022200926,2,14,7,Home Team,0.8259000000000001,0.7985,0,1,1
AF022200926,2,14,7,Away Team,0.5534,0.5275,0,1,1
AF022200926,2,14,7,Away Team,0.5667,0.5115,0,1,1
AF022200926,2,14,13,Away Team,0.5667,0.4635,0,1,1
AF022200926,2,14,14,Away Team,0.5165,0.47950000000000004,0,1,1
AF022200926,2,14,14,Home Team,0.5418999999999999,0.49200000000000005,0,1,1
AF022200926,2,14,14,Home Team,0.5377000000000001,0.48450000000000004,0,1,1
AF022200926,2,14,14,Home Team,0.49770000000000003,0.48200000000000004,0,1,1
AF022200926,2,14,14,Home Team,0.552,0.4965,0,1,1
AF022200926,2,14,14,Home Team,0.5649000000000001,0.5005,0,1,1
AF022200926,2,17,14,Home Team,0.5649000000000001,0.54,0,1,1
AF022210926,1,0,0,Home Team,0.46590000000000004,0.439,1,1,1
AF022210926,1,0,0,Home Team,0.4607,0.46399999999999997,1,1,1
AF022210926,1,0,0,Home Team,0.4742,0.48350000000000004,1,1,1
AF022210926,1,0,0,Home Team,0.4511,0.42700000000000005,1,1,1
AF022210926,1,0,0,Home Team,0.4177,0.42,1,1,1
AF022210926,1,6,0,Home Team,0.4177,0.631,1,1,1
AF022210926,1,7,0,Home Team,0.6353,0.62,1,1,1
AF022210926,1,7,0,Away Team,0.6318,0.627,1,1,1
AF022210926,1,7,0,Away Team,0.6145,0.621,1,1,1
AF022210926,1,7,0,Away Team,0.6065,0.617,1,1,1
AF022210926,1,7,0,Away Team,0.6065,0.667,1,1,1
AF022210926,1,7,0,Away Team,0.6396999999999999,0.6135,1,1,1
AF022210926,2,7,0,Away Team,0.6251,0.6305,1,1,1
AF022210926,2,7,0,Home Team,0.8039000000000001,0.8079999999999999,1,1,1
AF022210926,2,7,0,Home Team,0.7874,0.7874,1,1,1
AF022210926,2,7,0,Home Team,0.76,0.773,1,1,1
AF022210926,2,7,0,Away Team,0.6038,0.6104999999999999,1,1,1
AF022210926,2,7,0,Away Team,0.5881000000000001,0.6054999999999999,1,1,1
AF022210926,2,7,0,Away Team,0.5732,0.5918,1,1,1
AF022210926,2,7,0,Away Team,0.545,0.5855,1,1,1
AF022210926,2,7,0,Away Team,0.5769,0.568,1,1,1
AF022210926,2,7,0,Away Team,0.5769,0.568,1,1,1
AF022210926,2,7,0,Away Team,0.5387,0.5895,1,1,1
AF022210926,2,7,0,Away Team,0.5296,0.5710000000000001,1,1,1
AF022210926,2,7,0,Away Team,0.6395000000000001,0.6409999999999999,1,1,1
AF022210926,2,7,0,Away Team,0.6395000000000001,0.6665000000000001,1,1,1
AF022220926,1,0,0,Away Team,0.4607,0.501,0,1,1
AF022220926,1,0,0,Away Team,0.4535,0.4875,0,1,1
AF022220926,1,0,0,Away Team,0.4301,0.4485,0,1,1
AF022220926,1,0,0,Away Team,0.4501,0.461,0,1,1
AF022220926,1,0,0,Away Team,0.5114,0.4917,0,1,1
AF022220926,1,0,0,Away Team,0.4301,0.4592,0,1,1
AF022220926,1,0,0,Away Team,0.44310000000000005,0.45549999999999996,0,1,1
AF022220926,1,0,0,Away Team,0.47100000000000003,0.47950000000000004,0,1,1
AF022220926,2,0,6,Away Team,0.47100000000000003,0.34049999999999997,0,1,1
AF022220926,2,0,7,Away Team,0.3655,0.335,0,1,1
AF022220926,2,0,7,Home Team,0.3531,0.33399999999999996,0,1,1
AF022220926,2,0,7,Home Team,0.3801,0.37200000000000005,0,1,1
AF022220926,2,0,7,Home Team,0.3825,0.35600000000000004,0,1,1
AF022220926,2,0,7,Home Team,0.3404,0.32899999999999996,0,1,1
AF022220926,2,0,7,Away Team,0.16219999999999998,0.16699999999999998,0,1,1
AF022220926,2,0,7,Away Team,0.16329999999999997,0.175,0,1,1
AF022220926,2,0,7,Away Team,0.1101,0.1325,0,1,1
AF022220926,2,0,7,Away Team,0.1167,0.132,0,1,1
AF022220926,2,0,7,Away Team,0.1167,0.13699999999999998,0,1,1
AF022220926,2,0,13,Away Team,0.1167,0.0855,0,1,1
AF022220926,2,0,14,Away Team,0.0935,0.095,0,1,1
AF022220926,2,0,14,Home Team,0.0959,0.091,0,1,1
AF022220926,2,0,14,Away Team,0.08,0.032,0,1,1
AF022220926,2,0,14,Away Team,0.08,0.0365,0,1,1
AF022220926,2,0,14,Away Team,0.08,0.043,0,1,1
AF022220926,2,0,14,Away Team,0.08,0.024,0,1,1
AF022220926,2,0,14,Away Team,0.08,0.018000000000000002,0,1,1
AF022220926,2,0,14,Away Team,0.08,0.026000000000000002,0,1,1
AF023170926,1,0,0,Home Team,0.5146999999999999,0.6145,0,1,1
AF023170926,1,0,0,Home Team,0.5395,0.6485,0,1,1
AF023170926,1,0,0,Home Team,0.48479999999999995,0.5815,0,1,1
AF023170926,1,0,0,Home Team,0.435,0.5645,0,1,1
AF023170926,1,0,0,Home Team,0.435,0.574,0,1,1
AF023170926,1,3,0,Home Team,0.45299999999999996,0.601,0,1,1
AF023170926,1,3,0,Home Team,0.45299999999999996,0.75,0,1,1
AF023170926,1,3,0,Home Team,0.6788,0.7365,0,1,1
AF023170926,1,3,0,Home Team,0.6647,0.7245,0,1,1
AF023170926,1,3,0,Home Team,0.6839,0.7509999999999999,0,1,1
AF023170926,1,3,0,Home Team,0.6915,0.7484999999999999,0,1,1
AF023170926,2,9,0,Home Team,0.6915,0.8170000000000001,0,1,1
AF023170926,2,10,0,Home Team,0.7441,0.8215,0,1,1
AF023170926,2,10,0,Away Team,0.7365999999999999,0.8,0,1,1
AF023170926,2,10,0,Away Team,0.7284999999999999,0.8125,0,1,1
AF023170926,2,10,0,Away Team,0.7195,0.79,0,1,1
AF023170926,2,10,6,Away Team,0.7195,0.7445,0,1,1
AF023170926,2,10,7,Away Team,0.6289,0.7304,0,1,1
AF023170926,2,10,7,Home Team,0.6373,0.7345,0,1,1
AF023170926,2,10,7,Home Team,0.5915,0.7170000000000001,0,1,1
AF023170926,2,10,7,Away Team,0.4014,0.5225,0,1,1
AF023170926,2,10,7,Away Team,0.40950000000000003,0.5145000000000001,0,1,1
AF023170926,2,10,7,Away Team,0.3615,0.48200000000000004,0,1,1
AF023170926,2,10,7,Away Team,0.3837,0.5035000000000001,0,1,1
AF023170926,2,10,13,Away Team,0.3837,0.41200000000000003,0,1,1
AF023170926,2,10,14,Away Team,0.3235,0.4235,0,1,1
AF023170926,2,10,14,Home Team,0.3267,0.4155,0,1,1
AF023170926,2,10,14,Home Team,0.32689999999999997,0.4437,0,1,1
AF023170926,2,10,14,Home Team,0.315,0.41,0,1,1
AF023170926,2,10,14,Home Team,0.2778,0.36950000000000005,0,1,1
AF023170926,2,10,14,Home Team,0.2778,0.2685,0,1,1
AF023170926,2,10,14,Away Team,0.24739999999999998,0.265,0,1,1
AF023170926,2,10,14,Away Team,0.1432,0.24600000000000002,0,1,1
AF023170926,2,10,14,Away Team,0.1555,0.252,0,1,1
AF023170926,2,10,14,Away Team,0.1551,0.222,0,1,1
AF023170926,2,10,14,Away Team,0.1334,0.21350000000000002,0,1,1
AF023170926,2,10,14,Away Team,0.11199999999999999,0.196,0,1,1
AF023180926,1,0,0,Away Team,0.5454,0.5720000000000001,0,1,1
AF023180926,1,0,0,Away Team,0.5448,0.5655,0,1,1
AF023180926,1,0,0,Away Team,0.5740999999999999,0.5720000000000001,0,1,1
AF023180926,1,0,0,Away Team,0.5740999999999999,0.6355,0,1,1
AF023180926,1,0,0,Home Team,0.6165999999999999,0.6825,0,1,1
AF023180926,1,0,0,Home Team,0.7023,0.6495000000000001,0,1,1
AF023180926,1,0,0,Home Team,0.7341,0.701,0,1,1
AF023180926,1,0,0,Home Team,0.7248,0.7005,0,1,1
AF023180926,1,0,0,Home Team,0.7404000000000001,0.703,0,1,1
AF023180926,1,0,0,Home Team,0.7469,0.7384999999999999,0,1,1
AF023180926,2,0,0,Home Team,0.7342,0.708,0,1,1
AF023180926,2,0,0,Home Team,0.72,0.7015,0,1,1
AF023180926,2,0,0,Away Team,0.5446,0.5125,0,1,1
AF023180926,2,0,0,Away Team,0.5376,0.494,0,1,1
AF023180926,2,0,0,Away Team,0.5468,0.5133,0,1,1
AF023180926,2,0,0,Away Team,0.6204999999999999,0.5435,0,1,1
AF023180926,2,0,0,Away Team,0.5107,0.489,0,1,1
AF023180926,2,0,0,Away Team,0.49920000000000003,0.49950000000000006,0,1,1
AF023180926,2,0,0,Away Team,0.4819,0.47100000000000003,0,1,1
AF023180926,2,0,0,Away Team,0.46399999999999997,0.45,0,1,1
AF023180926,2,0,0,Away Team,0.46399999999999997,0.45049999999999996,0,1,1
AF023180926,2,0,6,Away Team,0.46299999999999997,0.359,0,1,1
AF023180926,2,0,7,Away Team,0.3234,0.34049999999999997,0,1,1
AF023180926,2,0,7,Home Team,0.3414,0.3435,0,1,1
AF023180926,2,0,7,Home Team,0.3414,0.365,0,1,1
AF023180926,2,0,7,Away Team,0.2623,0.271,0,1,1
AF023190926,1,0,0,Home Team,0.5146999999999999,0.4855,1,1,1
AF023190926,1,0,0,Home Team,0.5018,0.49200000000000005,1,1,1
AF023190926,1,0,0,Home Team,0.4362,0.44,1,1,1
AF023190926,1,0,0,Home Team,0.5412,0.5,1,1,1
AF023190926,1,0,0,Home Team,0.5389,0.49200000000000005,1,1,1
AF023190926,1,0,0,Home Team,0.4959,0.4645,1,1,1
AF023190926,1,0,0,Home Team,0.4959,0.445,1,1,1
AF023190926,1,0,0,Home Team,0.5065999999999999,0.547,1,1,1
AF023190926,1,0,0,Home Team,0.5332,0.545,1,1,1
AF023190926,2,0,0,Home Team,0.5703,0.5815,1,1,1
AF023190926,2,0,0,Home Team,0.5703,0.5725,1,1,1
AF023190926,2,0,0,Home Team,0.5705,0.5555,1,1,1
AF023190926,2,6,0,Home Team,0.5705,0.6435,1,1,1
AF023190926,2,7,0,Home Team,0.6383,0.635,1,1,1
AF023190926,2,7,0,Away Team,0.6452,0.6425,1,1,1
AF023190926,2,7,0,Away Team,0.6711,0.6785,1,1,1
AF023190926,2,7,0,Away Team,0.6113000000000001,0.638,1,1,1
AF023190926,2,7,0,Away Team,0.5753,0.569,1,1,1
AF023190926,2,7,0,Away Team,0.588,0.5954999999999999,1,1,1
AF023190926,2,7,0,Away Team,0.588,0.593,1,1,1
AF023190926,2,7,0,Away Team,0.5476,0.532,1,1,1
AF023190926,2,7,0,Away Team,0.5588000000000001,0.5555,1,1,1
AF023190926,2,7,0,Home Team,0.8368000000000001,0.845,1,1,1
AF023190926,2,7,0,Home Team,0.8881,0.86,1,1,1
AF023190926,2,7,0,Home Team,0.8856,0.87,1,1,1
AF023190926,2,7,0,Home Team,0.897,0.8845000000000001,1,1,1
AF023190926,2,10,0,Home Team,0.897,0.863,1,1,1
AF023200926,1,0,0,Home Team,0.4618,0.5565,0,1,1
AF023200926,1,0,0,Home Team,0.5123,0.612,0,1,1
AF023200926,1,0,0,Home Team,0.49340000000000006,0.618,0,1,1
AF023200926,1,0,0,Home Team,0.5274,0.626,0,1,1
AF023200926,1,0,0,Home Team,0.5149,0.6245,0,1,1
AF023200926,1,0,0,Home Team,0.5062,0.5825,0,1,1
AF023200926,1,6,0,Home Team,0.5062,0.6965,0,1,1
AF023200926,1,7,0,Home Team,0.586,0.6970000000000001,0,1,1
AF023200926,1,7,0,Away Team,0.5795,0.7143999999999999,0,1,1
AF023200926,1,7,6,Away Team,0.5795,0.5429999999999999,0,1,1
AF023200926,1,7,7,Away Team,0.45020000000000004,0.556,0,1,1
AF023200926,1,7,7,Home Team,0.46259999999999996,0.5589999999999999,0,1,1
AF023200926,1,7,7,Home Team,0.4521,0.562,0,1,1
AF023200926,1,7,7,Home Team,0.44329999999999997,0.522,0,1,1
AF023200926,1,7,7,Home Team,0.46240000000000003,0.5735,0,1,1
AF023200926,1,7,7,Home Team,0.44909999999999994,0.59,0,1,1
AF023200926,2,7,7,Home Team,0.43560000000000004,0.5555,0,1,1
AF023200926,2,7,7,Home Team,0.5207,0.609,0,1,1
AF023200926,2,7,7,Home Team,0.5115999999999999,0.631,0,1,1
AF023200926,2,13,7,Home Team,0.5115999999999999,0.6925,0,1,1
AF023200926,2,14,7,Home Team,0.5904,0.6905,0,1,1
AF023200926,2,14,7,Away Team,0.5604,0.6515000000000001,0,1,1
AF023200926,2,14,7,Away Team,0.5509000000000001,0.6795,0,1,1
AF023200926,2,14,7,Away Team,0.5418999999999999,0.652,0,1,1
AF023200926,2,14,7,Away Team,0.5332,0.6659999999999999,0,1,1
AF023200926,2,14,7,Away Team,0.5152,0.634,0,1,1
AF023200926,2,14,7,Away Team,0.5006,0.601,0,1,1
AF023200926,2,14,7,Away Team,0.49479999999999996,0.6114999999999999,0,1,1
AF023200926,2,14,7,Away Team,0.4916,0.6065,0,1,1
AF023200926,2,14,7,Away Team,0.4916,0.624,0,1,1
AF023200926,2,14,7,Away Team,0.4916,0.7134999999999999,0,1,1
AF023200926,2,14,7,Away Team,0.4916,0.7755,0,1,1
AF023200926,2,14,7,Home Team,0.7645000000000001,0.8255,0,1,1
AF023200926,2,14,7,Home Team,0.7718,0.821,0,1,1
AF023200926,2,14,7,Away Team,0.5629,0.6890000000000001,0,1,1
AF023200926,2,14,10,Away Team,0.5629,0.664,0,1,1
AF023200926,2,14,10,Home Team,0.6027,0.6659999999999999,0,1,1
AF023210926,1,0,0,Away Team,0.5206000000000001,0.5205,0,1,1
AF023210926,1,0,0,Away Team,0.5168,0.5145000000000001,0,1,1
AF023210926,1,0,0,Away Team,0.5597,0.5485,0,1,1
AF023210926,1,0,0,Away Team,0.5027,0.5085000000000001,0,1,1
AF023210926,1,0,0,Away Team,0.4622,0.45649999999999996,0,1,1
AF023210926,1,0,6,Away Team,0.4622,0.391,0,1,1
AF023210926,1,0,7,Away Team,0.4102,0.3945,0,1,1
AF023210926,1,0,7,Home Team,0.3985,0.39399999999999996,0,1,1
AF023210926,1,0,7,Home Team,0.3997,0.39299999999999996,0,1,1
AF023210926,1,0,7,Home Team,0.406,0.39299999999999996,0,1,1
AF023210926,1,0,7,Home Team,0.4254,0.4035,0,1,1
AF023210926,1,0,7,Home Team,0.4362,0.41850000000000004,0,1,1
AF023210926,2,0,7,Home Team,0.4275,0.41100000000000003,0,1,1
AF023210926,2,0,7,Home Team,0.40259999999999996,0.41200000000000003,0,1,1
AF023210926,2,0,7,Home Team,0.4389,0.4445,0,1,1
AF023210926,2,0,7,Home Team,0.4461,0.4415,0,1,1
AF023210926,2,0,7,Home Team,0.4235,0.379,0,1,1
AF023210926,2,0,7,Home Team,0.4235,0.455,0,1,1
AF023210926,2,0,7,Home Team,0.4235,0.4305,0,1,1
AF023210926,2,6,7,Home Team,0.4235,0.4925,0,1,1
AF023210926,2,7,7,Home Team,0.5129,0.47700000000000004,0,1,1
AF023210926,2,7,7,Away Team,0.5242,0.47200000000000003,0,1,1
AF023210926,2,7,7,Away Team,0.4266,0.39049999999999996,0,1,1
AF023210926,2,7,7,Away Team,0.4449,0.3975,0,1,1
AF023210926,2,7,7,Away Team,0.40340000000000004,0.35700000000000004,0,1,1
AF023210926,2,7,7,Away Team,0.42590000000000006,0.35600000000000004,0,1,1
AF023210926,2,7,13,Away Team,0.42590000000000006,0.3295,0,1,1
AF023210926,2,7,14,Away Team,0.3298,0.306,0,1,1
AF023210926,2,7,14,Home Team,0.36829999999999996,0.33799999999999997,0,1,1
AF023210926,2,7,14,Home Team,0.3296,0.3085,0,1,1
AF023210926,2,7,14,Home Team,0.31370000000000003,0.2865,0,1,1
AF023210926,2,7,14,Home Team,0.2937,0.28350000000000003,0,1,1
AF023210926,2,7,14,Home Team,0.2937,0.151,0,1,1
AF023220926,1,0,0,Home Team,0.5772999999999999,0.5428000000000001,0,1,1
AF023220926,1,0,0,Home Team,0.5808,0.5255,0,1,1
AF023220926,1,0,0,Home Team,0.6058,0.5715,0,1,1
AF023220926,1,6,0,Home Team,0.6058,0.675,0,1,1
AF023220926,1,7,0,Home Team,0.6801,0.6525,0,1,1
AF023220926,1,7,0,Away Team,0.6826000000000001,0.6615000000000001,0,1,1
AF023220926,1,7,0,Away Team,0.6793,0.6609999999999999,0,1,1
AF023220926,1,7,0,Away Team,0.6622,0.621,0,1,1
AF023220926,1,7,0,Away Team,0.6294,0.6025,0,1,1
AF023220926,1,7,0,Away Team,0.6191,0.59,0,1,1
AF023220926,1,7,0,Away Team,0.6424,0.65,0,1,1
AF023220926,2,7,0,Away Team,0.6424,0.642,0,1,1
AF023220926,2,7,6,Away Team,0.6798000000000001,0.5579999999999999,0,1,1
AF023220926,2,7,7,Away Team,0.6798000000000001,0.5605,0,1,1
AF023220926,2,7,7,Home Team,0.5710000000000001,0.556,0,1,1
AF023220926,2,7,7,Home Team,0.5522,0.536,0,1,1
AF023220926,2,7,7,Home Team,0.4891,0.4987,0,1,1
AF023220926,2,7,7,Home Team,0.4891,0.34049999999999997,0,1,1
AF023220926,2,7,7,Away Team,0.4891,0.358,0,1,1
AF023220926,2,7,7,Away Team,0.3489,0.33799999999999997,0,1,1
AF023220926,2,7,7,Away Team,0.3235,0.314,0,1,1
AF023220926,2,7,7,Away Team,0.33490000000000003,0.341,0,1,1
AF023220926,2,7,7,Away Team,0.3803,0.385,0,1,1
AF023220926,2,7,7,Away Team,0.2571,0.2775,0,1,1
AF023220926,2,7,7,Away Team,0.2571,0.2775,0,1,1
AF023220926,2,7,7,Away Team,0.2887,0.2945,0,1,1
AF023220926,2,7,7,Away Team,0.2887,0.31,0,1,1
AF023220926,2,7,10,Away Team,0.2862,0.3285,0,1,1
AF023220926,2,7,10,Home Team,0.33049999999999996,0.3175,0,1,1
AF023220926,2,7,10,Home Team,0.2799,0.293,0,1,1
AF023220926,2,7,10,Home Team,0.3079,0.2761,0,1,1
AF024170926,1,0,0,Home Team,0.4757,0.4915,0,1,1
AF024170926,1,0,0,Home Team,0.4607,0.4915,0,1,1
AF024170926,1,0,0,Home Team,0.4865,0.493,0,1,1
AF024170926,1,0,0,Home Team,0.5034000000000001,0.5035000000000001,0,1,1
AF024170926,1,0,0,Home Team,0.5144,0.5205,0,1,1
AF024170926,1,0,0,Home Team,0.5316,0.536,0,1,1
AF024170926,1,0,0,Home Team,0.5252,0.5275,0,1,1
AF024170926,1,0,0,Home Team,0.48979999999999996,0.4875,0,1,1
AF024170926,1,0,0,Home Team,0.5396,0.5365,0,1,1
AF024170926,2,0,0,Away Team,0.3465,0.34149999999999997,0,1,1
AF024170926,2,0,0,Away Team,0.3644,0.36700000000000005,0,1,1
AF024170926,2,0,0,Away Team,0.281,0.2955,0,1,1
AF024170926,2,0,0,Away Team,0.3073,0.3185,0,1,1
AF024170926,2,0,0,Away Team,0.3197,0.3275,0,1,1
AF024170926,2,0,0,Away Team,0.3197,0.341,0,1,1
AF024170926,2,0,0,Home Team,0.3197,0.4225,0,1,1
AF024170926,2,0,2,Away Team,0.22260000000000002,0.2475,0,1,1
AF024170926,2,0,2,Away Team,0.2519,0.297,0,1,1
AF024170926,2,0,2,Away Team,0.19219999999999998,0.19260000000000002,0,1,1
AF024170926,2,0,2,Away Team,0.21050000000000002,0.23800000000000002,0,1,1
AF024170926,2,0,2,Away Team,0.1751,0.18100000000000002,0,1,1
AF024170926,2,0,2,Away Team,0.1548,0.20850000000000002,0,1,1
AF024170926,2,0,2,Away Team,0.1866,0.222,0,1,1
AF024170926,2,0,2,Away Team,0.1277,0.175,0,1,1
AF024170926,2,0,2,Away Team,0.13,0.163,0,1,1
AF024170926,2,0,8,Away Team,0.13,0.0815,0,1,1
AF024170926,2,0,9,Away Team,0.08,0.084,0,1,1
AF024170926,2,0,9,Home Team,0.08,0.084,0,1,1
AF024170926,2,0,9,Away Team,0.08,0.036000000000000004,0,1,1
AF024180926,1,0,0,Home Team,0.5307999999999999,0.5925,1,1,1
AF024180926,1,0,0,Home Team,0.5146000000000001,0.5685,1,1,1
AF024180926,1,0,0,Home Team,0.5214,0.562,1,1,1
AF024180926,1,0,0,Home Team,0.5214,0.5305,1,1,1
AF024180926,1,0,0,Home Team,0.4706,0.61,1,1,1
AF024180926,1,0,0,Home Team,0.5439,0.608,1,1,1
AF024180926,1,6,0,Home Team,0.5439,0.7509999999999999,1,1,1
AF024180926,1,7,0,Home Team,0.6612,0.742,1,1,1
AF024180926,1,7,0,Away Team,0.6739,0.733,1,1,1
AF024180926,1,7,0,Away Team,0.6541,0.7240000000000001,1,1,1
AF024180926,1,7,0,Away Team,0.6646,0.7465,1,1,1
AF024180926,1,7,0,Home Team,0.8514,0.8395,1,1,1
AF024180926,1,7,0,Home Team,0.8392000000000001,0.8540000000000001,1,1,1
AF024180926,1,7,0,Home Team,0.7584000000000001,0.809,1,1,1
AF024180926,1,7,0,Away Team,0.7012,0.779,1,1,1
AF024180926,1,7,0,Away Team,0.7281,0.7759999999999999,1,1,1
AF024180926,2,7,0,Away Team,0.7281,0.8240000000000001,1,1,1
AF024180926,2,7,0,Home Team,0.7045,0.8454999999999999,1,1,1
AF024180926,2,7,0,Home Team,0.8199,0.843,1,1,1
AF024180926,2,7,0,Home Team,0.8249,0.8265,1,1,1
AF024180926,2,7,0,Home Team,0.8575,0.883,1,1,1
AF024180926,2,7,0,Home Team,0.8565,0.899,1,1,1
AF024180926,2,7,0,Home Team,0.8748999999999999,0.8885,1,1,1
AF024180926,2,7,0,Home Team,0.8728,0.873,1,1,1
AF024180926,2,7,0,Home Team,0.85,0.857,1,1,1
AF024180926,2,7,0,Home Team,0.85,0.9205,1,1,1
AF024180926,2,7,0,Home Team,0.85,0.9005,1,1,1
AF024180926,2,13,0,Home Team,0.85,0.9395,1,1,1
AF024180926,2,14,0,Home Team,0.9122,0.941,1,1,1
AF024180926,2,14,0,Away Team,0.9189,0.943,1,1,1
AF024180926,2,14,0,Away Team,0.9028,0.9440000000000001,1,1,1
AF024180926,2,14,0,Away Team,0.9217,0.9484999999999999,1,1,1
AF024180926,2,14,0,Away Team,0.9262999999999999,0.9425,1,1,1
AF024180926,2,14,0,Away Team,0.925,0.9440000000000001,1,1,1
AF024180926,2,14,0,Away Team,0.9261,0.9365000000000001,1,1,1
AF024190926,1,0,0,Away Team,0.5084000000000001,0.46149999999999997,0,1,1
AF024190926,1,0,0,Away Team,0.48719999999999997,0.44799999999999995,0,1,1
AF024190926,1,0,6,Away Team,0.48719999999999997,0.326,0,1,1
AF024190926,1,0,7,Away Team,0.389,0.3272,0,1,1
AF024190926,1,0,7,Home Team,0.3874,0.3172,0,1,1
AF024190926,1,0,7,Home Team,0.4177,0.32899999999999996,0,1,1
AF024190926,1,0,7,Home Team,0.4354,0.364,0,1,1
AF024190926,1,0,7,Home Team,0.47479999999999994,0.3935,0,1,1
AF024190926,1,0,7,Home Team,0.4861,0.397,0,1,1
AF024190926,1,6,7,Home Team,0.4861,0.442,0,1,1
AF024190926,1,7,7,Home Team,0.5099,0.46799999999999997,0,1,1
AF024190926,1,7,7,Away Team,0.4954,0.502,0,1,1
AF024190926,1,7,7,Away Team,0.5214,0.465,0,1,1
AF024190926,1,7,7,Away Team,0.5154,0.4575,0,1,1
AF024190926,1,7,7,Away Team,0.5008,0.413,0,1,1
AF024190926,1,7,7,Away Team,0.5033,0.40950000000000003,0,1,1
AF024190926,2,7,7,Away Team,0.4546,0.3985,0,1,1
AF024190926,2,7,7,Away Team,0.4838,0.401,0,1,1
AF024190926,2,7,7,Away Team,0.5157,0.43799999999999994,0,1,1
AF024190926,2,7,13,Away Team,0.5157,0.318,0,1,1
AF024190926,2,7,14,Away Team,0.396,0.3075,0,1,1
AF024190926,2,7,14,Home Team,0.4048,0.3285,0,1,1
AF024190926,2,7,14,Home Team,0.4193,0.349,0,1,1
AF024190926,2,7,14,Home Team,0.4079,0.3265,0,1,1
AF024190926,2,7,14,Home Team,0.4311,0.36450000000000005,0,1,1
AF024190926,2,7,14,Home Team,0.45890000000000003,0.375,0,1,1
AF024190926,2,7,14,Home Team,0.4501,0.3785,0,1,1
AF024190926,2,7,14,Home Team,0.5061,0.4035,0,1,1
AF024190926,2,7,14,Home Team,0.5329999999999999,0.429,0,1,1
AF024190926,2,7,14,Home Team,0.5253,0.43,0,1,1
AF024190926,2,13,14,Home Team,0.5253,0.5355,0,1,1
AF024190926,2,14,14,Home Team,0.6058,0.5265,0,1,1
AF024190926,2,14,14,Away Team,0.6026,0.531,0,1,1
AF024200926,1,0,0,Home Team,0.6381,0.6555,1,1,1
AF024200926,1,0,0,Home Team,0.6764,0.6738,1,1,1
AF024200926,1,0,0,Home Team,0.6893,0.6859999999999999,1,1,1
AF024200926,1,6,0,Home Team,0.6893,0.802,1,1,1
AF024200926,1,7,0,Home Team,0.7552,0.8095,1,1,1
AF024200926,1,7,0,Away Team,0.7484999999999999,0.79,1,1,1
AF024200926,1,7,0,Away Team,0.8005,0.8075,1,1,1
AF024200926,1,7,0,Away Team,0.735,0.7495,1,1,1
AF024200926,1,7,0,Away Team,0.7491,0.77,1,1,1
AF024200926,1,7,0,Away Team,0.74,0.753,1,1,1
AF024200926,1,7,0,Away Team,0.74,0.7835,1,1,1
AF024200926,1,7,0,Away Team,0.7603,0.7465,1,1,1
AF024200926,1,7,0,Away Team,0.7252,0.7390000000000001,1,1,1
AF024200926,2,7,0,Away Team,0.7376999999999999,0.7609999999999999,1,1,1
AF024200926,2,7,0,Away Team,0.7376999999999999,0.7839,1,1,1
AF024200926,2,7,3,Away Team,0.7836,0.7955,1,1,1
AF024200926,2,7,3,Home Team,0.7986,0.794,1,1,1
AF024200926,2,7,3,Home Team,0.8034,0.794,1,1,1
AF024200926,2,7,3,Home Team,0.8427,0.8155,1,1,1
AF024200926,2,7,3,Home Team,0.8345,0.8454999999999999,1,1,1
AF024200926,2,7,3,Home Team,0.8343,0.8405,1,1,1
AF024200926,2,13,3,Home Team,0.8343,0.888,1,1,1
AF024200926,2,14,3,Home Team,0.8595,0.88,1,1,1
AF024200926,2,14,3,Away Team,0.8669,0.8845000000000001,1,1,1
AF024200926,2,14,3,Away Team,0.8863,0.8935,1,1,1
AF024200926,2,14,3,Away Team,0.9114,0.917,1,1,1
AF024200926,2,14,3,Away Team,0.8709,0.8859999999999999,1,1,1
AF024200926,2,14,3,Away Team,0.8858,0.897,1,1,1
AF024200926,2,14,3,Away Team,0.9262,0.922,1,1,1
AF024200926,2,14,3,Away Team,0.9262,0.951,1,1,1
AF024200926,2,14,3,Home Team,0.9168000000000001,0.9525,1,1,1
AF024200926,2,14,3,Home Team,0.9706,0.9640000000000001,1,1,1
AF024200926,2,14,3,Home Team,0.9656,0.9555,1,1,1
AF024200926,2,14,3,Home Team,0.9756,0.9665,1,1,1
AF024200926,2,14,3,Home Team,0.9876999999999999,0.9725,1,1,1
AF024200926,2,17,3,Home Team,0.9876999999999999,0.9734999999999999,1,1,1
AF024220926,1,0,0,Home Team,0.4899,0.59,0,1,1
AF024220926,1,0,0,Home Team,0.4857,0.6114999999999999,0,1,1
AF024220926,1,0,0,Home Team,0.48979999999999996,0.6004999999999999,0,1,1
AF024220926,1,6,0,Home Team,0.48979999999999996,0.7390000000000001,0,1,1
AF024220926,1,7,0,Home Team,0.5710000000000001,0.735,0,1,1
AF024220926,1,7,0,Away Team,0.5719,0.745,0,1,1
AF024220926,1,7,0,Away Team,0.5786,0.72,0,1,1
AF024220926,1,7,0,Away Team,0.5652,0.701,0,1,1
AF024220926,1,7,0,Away Team,0.5482,0.688,0,1,1
AF024220926,1,7,0,Away Team,0.5622,0.6920000000000001,0,1,1
AF024220926,1,7,0,Away Team,0.5231,0.675,0,1,1
AF024220926,1,7,0,Away Team,0.5385,0.67,0,1,1
AF024220926,2,7,0,Away Team,0.5379999999999999,0.6805,0,1,1
AF024220926,2,7,0,Home Team,0.7724,0.82,0,1,1
AF024220926,2,7,0,Home Team,0.7326,0.8195,0,1,1
AF024220926,2,7,0,Home Team,0.7326,0.847,0,1,1
AF024220926,2,7,0,Home Team,0.8125,0.8634999999999999,0,1,1
AF024220926,2,7,0,Home Team,0.8295,0.88,0,1,1
AF024220926,2,7,0,Home Team,0.8658,0.8974,0,1,1
AF024220926,2,7,0,Home Team,0.8665999999999999,0.905,0,1,1
AF024220926,2,7,0,Home Team,0.8672,0.897,0,1,1
AF024220926,2,7,0,Home Team,0.8733,0.9,0,1,1
AF024220926,2,7,0,Home Team,0.8733,0.879,0,1,1
AF024220926,2,7,0,Away Team,0.6808,0.797,0,1,1
AF024220926,2,7,0,Away Team,0.7065,0.8169,0,1,1
AF024220926,2,7,0,Away Team,0.6954,0.7878000000000001,0,1,1
AF024220926,2,7,0,Away Team,0.7108,0.8215,0,1,1
AF024220926,2,7,0,Away Team,0.5507,0.8409,0,1,1
AF025170926,1,0,0,Home Team,0.48460000000000003,0.3845,0,1,1
AF025170926,1,0,0,Home Team,0.5094,0.39149999999999996,0,1,1
AF025170926,1,6,0,Home Team,0.5094,0.5135000000000001,0,1,1
AF025170926,1,7,0,Home Team,0.6008,0.5175,0,1,1
AF025170926,1,7,0,Away Team,0.6109,0.513,0,1,1
AF025170926,1,7,0,Away Team,0.5977,0.5095000000000001,0,1,1
AF025170926,1,7,0,Away Team,0.6194,0.534,0,1,1
AF025170926,1,7,0,Away Team,0.6437999999999999,0.562,0,1,1
AF025170926,1,7,0,Away Team,0.6437999999999999,0.622,0,1,1
AF025170926,1,7,0,Home Team,0.6635,0.6475,0,1,1
AF025170926,1,7,0,Home Team,0.7309,0.6505,0,1,1
AF025170926,1,7,0,Home Team,0.7378,0.6525,0,1,1
AF025170926,1,7,0,Home Team,0.7482,0.6755,0,1,1
AF025170926,1,7,0,Home Team,0.7384000000000001,0.6565000000000001,0,1,1
AF025170926,1,7,0,Home Team,0.7685,0.7225,0,1,1
AF025170926,2,7,0,Home Team,0.7398,0.6779999999999999,0,1,1
AF025170926,2,7,0,Home Team,0.7761,0.7134999999999999,0,1,1
AF025170926,2,7,0,Home Team,0.7761,0.6195,0,1,1
AF025170926,2,10,0,Home Team,0.7319,0.644,0,1,1
AF025170926,2,10,0,Away Team,0.7323999999999999,0.6623,0,1,1
AF025170926,2,10,0,Away Team,0.6744,0.615,0,1,1
AF025170926,2,10,0,Away Team,0.6836,0.6297999999999999,0,1,1
AF025170926,2,10,0,Away Team,0.6679999999999999,0.5935,0,1,1
AF025170926,2,10,0,Away Team,0.6679999999999999,0.5995,0,1,1
AF025170926,2,10,6,Away Team,0.6679999999999999,0.5813,0,1,1
AF025170926,2,10,7,Away Team,0.6368,0.593,0,1,1
AF025170926,2,10,7,Home Team,0.6339,0.585,0,1,1
AF025170926,2,10,7,Home Team,0.606,0.5635,0,1,1
AF025170926,2,10,7,Home Team,0.5481,0.531,0,1,1
AF025170926,2,10,7,Home Team,0.5481,0.41450000000000004,0,1,1
AF025170926,2,10,7,Away Team,0.6011,0.4105,0,1,1
AF025170926,2,10,7,Away Team,0.41840000000000005,0.415,0,1,1
AF025170926,2,10,7,Away Team,0.4083,0.42950000000000005,0,1,1
AF025170926,2,10,7,Home Team,0.63,0.5920000000000001,0,1,1
AF025170926,2,10,7,Home Team,0.63,0.564,0,1,1
AF025170926,2,10,7,Home Team,0.6727,0.5065,0,1,1
AF025180926,1,0,0,Home Team,0.546,0.45799999999999996,0,1,1
AF025180926,1,0,0,Home Team,0.5707,0.49450000000000005,0,1,1
AF025180926,1,0,0,Home Team,0.5593,0.4975,0,1,1
AF025180926,1,0,0,Home Team,0.5857,0.4925,0,1,1
AF025180926,1,0,0,Home Team,0.5789,0.501,0,1,1
AF025180926,1,0,0,Home Team,0.5139,0.4365,0,1,1
AF025180926,1,0,0,Home Team,0.5139,0.413,0,1,1
AF025180926,1,3,0,Home Team,0.4913,0.40549999999999997,0,1,1
AF025180926,1,3,0,Away Team,0.48469999999999996,0.402,0,1,1
AF025180926,1,3,0,Away Team,0.5102,0.43,0,1,1
AF025180926,1,3,6,Away Team,0.5102,0.33649999999999997,0,1,1
AF025180926,1,3,7,Away Team,0.3601,0.34,0,1,1
AF025180926,2,3,7,Home Team,0.3556,0.33,0,1,1
AF025180926,2,3,7,Home Team,0.3678,0.34450000000000003,0,1,1
AF025180926,2,3,7,Home Team,0.3736,0.34450000000000003,0,1,1
AF025180926,2,3,7,Home Team,0.36229999999999996,0.3145,0,1,1
AF025180926,2,3,7,Home Team,0.3396,0.28300000000000003,0,1,1
AF025180926,2,3,7,Away Team,0.1659,0.1465,0,1,1
AF025180926,2,3,7,Away Team,0.17620000000000002,0.1295,0,1,1
AF025180926,2,3,7,Away Team,0.1705,0.1365,0,1,1
AF025180926,2,3,7,Away Team,0.1346,0.10800000000000001,0,1,1
AF025180926,2,3,7,Away Team,0.1474,0.111,0,1,1
AF025180926,2,3,13,Away Team,0.1474,0.0825,0,1,1
AF025180926,2,3,14,Away Team,0.1142,0.0855,0,1,1
AF025180926,2,3,14,Home Team,0.1101,0.085,0,1,1
AF025180926,2,3,14,Home Team,0.10550000000000001,0.0855,0,1,1
AF025180926,2,3,14,Home Team,0.13140000000000002,0.096,0,1,1
AF025180926,2,3,14,Home Team,0.1067,0.084,0,1,1
AF025180926,2,3,14,Home Team,0.09,0.081,0,1,1
AF025180926,2,3,14,Home Team,0.09,0.057999999999999996,0,1,1
AF025180926,2,6,14,Home Team,0.0919,0.07200000000000001,0,1,1
AF025190926,1,0,0,Home Team,0.4816,0.552,0,1,1
AF025190926,1,0,0,Home Team,0.47659999999999997,0.57,0,1,1
AF025190926,1,0,0,Home Team,0.46799999999999997,0.535,0,1,1
AF025190926,1,0,0,Home Team,0.4986,0.5670000000000001,0,1,1
AF025190926,1,0,0,Home Team,0.5284,0.63,0,1,1
AF025190926,1,0,0,Home Team,0.5284,0.6745,0,1,1
AF025190926,1,6,0,Home Team,0.5284,0.7084999999999999,0,1,1
AF025190926,1,7,0,Home Team,0.5936,0.7105,0,1,1
AF025190926,1,7,0,Away Team,0.5787,0.7005,0,1,1
AF025190926,1,7,0,Away Team,0.58,0.6955,0,1,1
AF025190926,1,7,0,Away Team,0.5871999999999999,0.7075,0,1,1
AF025190926,1,7,0,Away Team,0.5871999999999999,0.7725,0,1,1
AF025190926,1,7,3,Away Team,0.6295000000000001,0.7375,0,1,1
AF025190926,1,7,3,Home Team,0.6631,0.7155,0,1,1
AF025190926,1,7,3,Home Team,0.6626000000000001,0.741,0,1,1
AF025190926,2,7,3,Away Team,0.4539,0.5745,0,1,1
AF025190926,2,7,3,Away Team,0.462,0.5775,0,1,1
AF025190926,2,7,3,Away Team,0.4966,0.6085,0,1,1
AF025190926,2,7,3,Away Team,0.4359,0.5425,0,1,1
AF025190926,2,7,3,Away Team,0.42579999999999996,0.551,0,1,1
AF025190926,2,7,3,Away Team,0.46630000000000005,0.5535,0,1,1
AF025190926,2,7,3,Away Team,0.46630000000000005,0.6135,0,1,1
AF025190926,2,7,6,Away Team,0.5418999999999999,0.618,0,1,1
AF025190926,2,7,6,Home Team,0.5355,0.6075,0,1,1
AF025190926,2,7,6,Home Team,0.5097999999999999,0.581,0,1,1
AF025190926,2,7,6,Home Team,0.5798,0.6875,0,1,1
AF025190926,2,7,6,Home Team,0.561,0.655,0,1,1
AF025190926,2,7,6,Home Team,0.5924,0.7004,0,1,1
AF025190926,2,7,6,Home Team,0.6486,0.7195,0,1,1
AF025190926,2,7,6,Home Team,0.6537999999999999,0.7615000000000001,0,1,1
AF025190926,2,7,6,Home Team,0.6559999999999999,0.7325,0,1,1
AF025190926,2,7,6,Home Team,0.691,0.7414000000000001,0,1,1
AF025190926,2,7,6,Home Team,0.6448999999999999,0.7334999999999999,0,1,1
AF025190926,2,7,6,Home Team,0.6448999999999999,0.672,0,1,1
AF025190926,2,10,6,Home Team,0.6448999999999999,0.6701999999999999,0,1,1
AF025190926,2,10,6,Away Team,0.5779,0.6934999999999999,0,1,1
AF025200926,1,0,0,Home Team,0.41340000000000005,0.3065,0,1,1
AF025200926,1,0,0,Home Team,0.3611,0.306,0,1,1
AF025200926,1,0,0,Home Team,0.3436,0.2905,0,1,1
AF025200926,1,0,0,Home Team,0.4146,0.358,0,1,1
AF025200926,1,0,0,Home Team,0.4357,0.368,0,1,1
AF025200926,1,0,0,Home Team,0.4093,0.369,0,1,1
AF025200926,1,0,0,Home Team,0.4189,0.374,0,1,1
AF025200926,1,0,0,Home Team,0.4426,0.39649999999999996,0,1,1
AF025200926,2,0,0,Home Team,0.4471,0.456,0,1,1
AF025200926,2,0,0,Home Team,0.44780000000000003,0.43700000000000006,0,1,1
AF025200926,2,0,0,Home Team,0.4075,0.4325,0,1,1
AF025200926,2,0,0,Home Team,0.4758,0.5095000000000001,0,1,1
AF025200926,2,0,0,Home Team,0.4473,0.418,0,1,1
AF025200926,2,6,0,Home Team,0.4473,0.563,0,1,1
AF025200926,2,7,0,Home Team,0.5485,0.5565,0,1,1
AF025200926,2,7,0,Away Team,0.5343,0.5355,0,1,1
AF025200926,2,7,0,Away Team,0.4882,0.5168,0,1,1
AF025200926,2,7,0,Away Team,0.473,0.5225,0,1,1
AF025200926,2,7,0,Away Team,0.4778,0.5555,0,1,1
AF025200926,2,7,0,Away Team,0.4279,0.4875,0,1,1
AF025200926,2,7,0,Away Team,0.4487,0.505,0,1,1
AF025200926,2,7,6,Away Team,0.4487,0.314,0,1,1
AF025200926,2,7,7,Away Team,0.3454,0.32,0,1,1
AF025200926,2,7,7,Home Team,0.3353,0.32,0,1,1
AF025200926,2,7,7,Away Team,0.1865,0.32299999999999995,0,1,1
AF025210926,1,0,0,Away Team,0.485,0.40549999999999997,0,1,1
AF025210926,1,0,0,Away Team,0.5085999999999999,0.42100000000000004,0,1,1
AF025210926,1,0,0,Away Team,0.4875,0.41700000000000004,0,1,1
AF025210926,1,0,6,Away Team,0.4875,0.28350000000000003,0,1,1
AF025210926,1,0,7,Away Team,0.3679,0.282,0,1,1
AF025210926,1,0,7,Home Team,0.35850000000000004,0.2775,0,1,1
AF025210926,1,0,7,Home Team,0.35119999999999996,0.264,0,1,1
AF025210926,1,0,7,Home Team,0.3738,0.278,0,1,1
AF025210926,1,6,7,Home Team,0.3738,0.4035,0,1,1
AF025210926,1,7,7,Home Team,0.4928,0.4215,0,1,1
AF025210926,1,7,7,Away Team,0.4832,0.41950000000000004,0,1,1
AF025210926,1,7,7,Away Team,0.4836,0.3925,0,1,1
AF025210926,1,7,7,Away Team,0.5161,0.42950000000000005,0,1,1
AF025210926,1,7,7,Away Team,0.49479999999999996,0.408,0,1,1
AF025210926,1,7,7,Away Team,0.4711,0.371,0,1,1
AF025210926,1,7,7,Away Team,0.48109999999999997,0.37,0,1,1
AF025210926,2,7,7,Away Team,0.45289999999999997,0.363,0,1,1
AF025210926,2,7,7,Away Team,0.4637,0.35600000000000004,0,1,1
AF025210926,2,7,7,Away Team,0.4261,0.322,0,1,1
AF025210926,2,7,7,Away Team,0.4422,0.3635,0,1,1
AF025210926,2,7,13,Away Team,0.4422,0.28350000000000003,0,1,1
AF025210926,2,7,14,Away Team,0.35979999999999995,0.2825,0,1,1
AF025210926,2,7,14,Home Team,0.35359999999999997,0.293,0,1,1
AF025210926,2,7,14,Home Team,0.3382,0.2815,0,1,1
AF025210926,2,7,14,Away Team,0.19640000000000002,0.126,0,1,1
AF025210926,2,7,14,Away Team,0.2066,0.1425,0,1,1
AF025210926,2,13,14,Home Team,0.2066,0.41450000000000004,0,1,1
AF025210926,2,14,14,Home Team,0.4827,0.405,0,1,1
AF025210926,2,14,14,Away Team,0.4841,0.40700000000000003,0,1,1
AF025210926,2,14,14,Away Team,0.4422,0.34,0,1,1
AF025210926,2,14,14,Away Team,0.4522,0.33549999999999996,0,1,1
AF025210926,2,14,14,Away Team,0.38670000000000004,0.3287,0,1,1
AF025210926,2,14,14,Away Team,0.3858,0.33270000000000005,0,1,1
AF025210926,2,14,14,Away Team,0.44310000000000005,0.3592,0,1,1
AF025210926,2,14,14,Away Team,0.44310000000000005,0.3705,0,1,1
AF025220926,1,0,0,Home Team,0.484,0.545,1,1,1
AF025220926,1,0,0,Home Team,0.4817,0.5495,1,1,1
AF025220926,1,0,0,Home Team,0.498,0.5385,1,1,1
AF025220926,1,0,0,Home Team,0.5243,0.5825,1,1,1
AF025220926,1,6,0,Home Team,0.5243,0.665,1,1,1
AF025220926,1,7,0,Home Team,0.6112,0.6625,1,1,1
AF025220926,1,7,0,Away Team,0.6035,0.648,1,1,1
AF025220926,1,7,0,Away Team,0.6292,0.6735,1,1,1
AF025220926,1,7,0,Away Team,0.6103999999999999,0.6625,1,1,1
AF025220926,1,7,0,Away Team,0.5928,0.642,1,1,1
AF025220926,1,7,0,Away Team,0.6147,0.652,1,1,1
AF025220926,2,7,0,Away Team,0.6484000000000001,0.6765000000000001,1,1,1
AF025220926,2,7,0,Away Team,0.5568,0.6235,1,1,1
AF025220926,2,7,0,Away Team,0.5459,0.595,1,1,1
AF025220926,2,7,0,Away Team,0.563,0.633,1,1,1
AF025220926,2,7,0,Home Team,0.7701,0.8009999999999999,1,1,1
AF025220926,2,7,0,Home Team,0.7576999999999999,0.812,1,1,1
AF025220926,2,7,0,Home Team,0.6797,0.759,1,1,1
AF025220926,2,7,0,Home Team,0.6797,0.643,1,1,1
AF025220926,2,7,0,Away Team,0.8012999999999999,0.6525,1,1,1
AF025220926,2,7,0,Away Team,0.5328,0.609,1,1,1
AF025220926,2,7,6,Away Team,0.5328,0.5795,1,1,1
AF025220926,2,7,7,Away Team,0.5125,0.5715,1,1,1
AF025220926,2,7,7,Home Team,0.49979999999999997,0.603,1,1,1
AF025220926,2,7,7,Home Team,0.4794,0.5645,1,1,1
AF025220926,2,13,7,Home Team,0.4794,0.67,1,1,1
AF025220926,2,14,7,Home Team,0.6309,0.6785,1,1,1
AF025220926,2,14,7,Away Team,0.6378,0.6665000000000001,1,1,1
AF025220926,2,14,13,Away Team,0.6378,0.55,1,1,1
AF025220926,2,14,14,Away Team,0.5052,0.5525,1,1,1
AF025220926,2,14,14,Home Team,0.4889,0.537,1,1,1
AF025220926,2,14,14,Home Team,0.5429999999999999,0.636,1,1,1
AF025220926,2,14,14,Home Team,0.512,0.613,1,1,1
AF025220926,2,14,14,Home Team,0.5,0.6054999999999999,1,1,1
AF025220926,2,14,14,Home Team,0.5,0.7090000000000001,1,1,1
AF025220926,2,14,14,Home Team,0.6557999999999999,0.679,1,1,1
AF025220926,2,20,14,Home Team,0.6557999999999999,0.765,1,1,1
AF025220926,2,21,14,Home Team,0.7378,0.754,1,1,1
AF025220926,2,21,14,Away Team,0.7428,0.7595000000000001,1,1,1
AF026170926,1,0,0,Home Team,0.4225,0.5075,1,1,1
AF026170926,1,0,0,Home Team,0.43439999999999995,0.5489999999999999,1,1,1
AF026170926,1,0,0,Home Team,0.4011,0.53,1,1,1
AF026170926,1,0,0,Home Team,0.4218,0.561,1,1,1
AF026170926,1,0,0,Home Team,0.4174,0.5489999999999999,1,1,1
AF026170926,1,0,0,Home Team,0.45399999999999996,0.5795,1,1,1
AF026170926,1,0,0,Home Team,0.4443,0.5695,1,1,1
AF026170926,1,0,0,Home Team,0.39740000000000003,0.541,1,1,1
AF026170926,2,6,0,Home Team,0.39740000000000003,0.6605,1,1,1
AF026170926,2,7,0,Home Team,0.5675,0.6655,1,1,1
AF026170926,2,7,0,Away Team,0.5624,0.6665000000000001,1,1,1
AF026170926,2,7,0,Away Team,0.5505,0.6559999999999999,1,1,1
AF026170926,2,7,0,Away Team,0.5569,0.6645,1,1,1
AF026170926,2,7,0,Away Team,0.4985,0.6235,1,1,1
AF026170926,2,7,0,Away Team,0.5103,0.6459999999999999,1,1,1
AF026170926,2,7,0,Away Team,0.5034000000000001,0.616,1,1,1
AF026170926,2,7,0,Away Team,0.5034000000000001,0.688,1,1,1
AF026170926,2,7,0,Away Team,0.5649000000000001,0.595,1,1,1
AF026170926,2,7,0,Away Team,0.47450000000000003,0.6168,1,1,1
AF026170926,2,7,0,Away Team,0.4736,0.601,1,1,1
AF026170926,2,7,0,Away Team,0.4736,0.6578,1,1,1
AF026170926,2,7,0,Away Team,0.5756,0.5805,1,1,1
AF026170926,2,7,0,Away Team,0.48460000000000003,0.5765,1,1,1
AF026170926,2,7,0,Home Team,0.48460000000000003,0.792,1,1,1
AF026170926,2,7,0,Home Team,0.7239,0.809,1,1,1
AF026170926,2,7,0,Home Team,0.7193999999999999,0.8259000000000001,1,1,1
AF026180926,1,0,0,Home Team,0.49810000000000004,0.3342,0,1,1
AF026180926,1,0,0,Home Team,0.5012,0.342,0,1,1
AF026180926,1,0,0,Home Team,0.4191,0.3105,0,1,1
AF026180926,1,0,0,Home Team,0.4191,0.2696,0,1,1
AF026180926,1,0,0,Away Team,0.376,0.2761,0,1,1
AF026180926,1,0,0,Away Team,0.33630000000000004,0.28350000000000003,0,1,1
AF026180926,1,0,0,Away Team,0.3824,0.32299999999999995,0,1,1
AF026180926,1,0,0,Away Team,0.2908,0.261,0,1,1
AF026180926,1,0,6,Away Team,0.2908,0.16899999999999998,0,1,1
AF026180926,1,0,7,Away Team,0.1972,0.1605,0,1,1
AF026180926,1,0,7,Home Team,0.1928,0.14550000000000002,0,1,1
AF026180926,1,0,7,Home Team,0.19079999999999997,0.145,0,1,1
AF026180926,1,0,7,Home Team,0.18469999999999998,0.134,0,1,1
AF026180926,1,0,7,Home Team,0.2075,0.17350000000000002,0,1,1
AF026180926,2,0,7,Home Team,0.1628,0.151,0,1,1
AF026180926,2,0,7,Home Team,0.1628,0.149,0,1,1
AF026180926,2,0,7,Away Team,0.0989,0.0855,0,1,1
AF026180926,2,0,7,Away Team,0.0998,0.09,0,1,1
AF026180926,2,0,7,Away Team,0.08039999999999999,0.0605,0,1,1
AF026180926,2,0,7,Away Team,0.0898,0.086,0,1,1
AF026180926,2,0,13,Away Team,0.0898,0.037000000000000005,0,1,1
AF026180926,2,0,14,Away Team,0.08,0.035,0,1,1
AF026180926,2,0,14,Home Team,0.08,0.0425,0,1,1
AF026180926,2,0,14,Home Team,0.08,0.0345,0,1,1
AF026180926,2,0,14,Home Team,0.08,0.0325,0,1,1
AF026180926,2,0,14,Home Team,0.08,0.020499999999999997,0,1,1
AF026180926,2,0,14,Away Team,0.08,0.0225,0,1,1
AF026180926,2,0,14,Away Team,0.08,0.0305,0,1,1
AF026180926,2,0,20,Away Team,0.08,0.006,0,1,1
AF026180926,2,0,21,Away Team,0.08,0.0055000000000000005,0,1,1
AF026180926,2,0,21,Home Team,0.08,0.004,0,1,1
AF026180926,2,0,21,Home Team,0.08,0.0055000000000000005,0,1,1
AF026180926,2,0,21,Home Team,0.08,0.005,0,1,1
AF026180926,2,6,21,Home Team,0.08,0.0155,0,1,1
AF026180926,2,7,21,Home Team,0.08,0.014499999999999999,0,1,1
AF026180926,2,7,21,Away Team,0.08,0.018500000000000003,0,1,1
AF026180926,2,7,21,Away Team,0.08,0.0175,0,1,1
AF026180926,2,7,21,Away Team,0.08,0.01,0,1,1
AF026180926,2,7,21,Away Team,0.08,0.0075,0,1,1
AF026180926,2,7,21,Away Team,0.08,0.0045000000000000005,0,1,1
AF026180926,2,7,24,Away Team,0.08,0.001,0,1,1
AF026180926,2,7,24,Home Team,0.08,0.0034999999999999996,0,1,1
AF026180926,2,7,24,Home Team,0.08,0.005,0,1,1
AF026190926,1,0,0,Home Team,0.5158,0.4325,1,1,1
AF026190926,1,0,0,Home Team,0.5022,0.4165,1,1,1
AF026190926,1,0,0,Away Team,0.34659999999999996,0.32299999999999995,1,1,1
AF026190926,1,0,0,Away Team,0.3336,0.307,1,1,1
AF026190926,1,0,0,Home Team,0.5224,0.4435,1,1,1
AF026190926,1,0,0,Home Team,0.5307,0.4782,1,1,1
AF026190926,1,0,0,Home Team,0.5539999999999999,0.484,1,1,1
AF026190926,1,0,0,Home Team,0.5708,0.514,1,1,1
AF026190926,1,0,0,Home Team,0.5605,0.491,1,1,1
AF026190926,1,0,0,Home Team,0.608,0.5335,1,1,1
AF026190926,1,6,0,Home Team,0.608,0.604,1,1,1
AF026190926,1,7,0,Home Team,0.6409999999999999,0.607,1,1,1
AF026190926,1,7,0,Away Team,0.6318,0.6078,1,1,1
AF026190926,1,7,0,Away Team,0.6292,0.611,1,1,1
AF026190926,2,7,0,Away Team,0.5982999999999999,0.5568,1,1,1
AF026190926,2,7,0,Away Team,0.5539999999999999,0.5135000000000001,1,1,1
AF026190926,2,7,6,Away Team,0.5539999999999999,0.46649999999999997,1,1,1
AF026190926,2,7,6,Away Team,0.5696,0.5195000000000001,1,1,1
AF026190926,2,7,6,Home Team,0.5724,0.5215,1,1,1
AF026190926,2,13,6,Home Team,0.5724,0.6579999999999999,1,1,1
AF026190926,2,14,6,Home Team,0.6837000000000001,0.644,1,1,1
AF026190926,2,14,6,Away Team,0.6905,0.665,1,1,1
AF026190926,2,14,12,Away Team,0.6905,0.5145000000000001,1,1,1
AF026190926,2,14,12,Away Team,0.6145,0.545,1,1,1
AF026190926,2,14,12,Home Team,0.6467,0.606,1,1,1
AF026190926,2,14,12,Home Team,0.6517000000000001,0.6154999999999999,1,1,1
AF026190926,2,14,12,Home Team,0.6565000000000001,0.619,1,1,1
AF026190926,2,14,12,Home Team,0.7043,0.639,1,1,1
AF026190926,2,20,12,Home Team,0.7043,0.7105,1,1,1
AF026190926,2,21,12,Home Team,0.7313,0.7015,1,1,1
AF026190926,2,21,12,Away Team,0.7304,0.718,1,1,1
AF026190926,2,21,12,Home Team,0.9047,0.8925,1,1,1
AF026190926,2,21,12,Home Team,0.909,0.892,1,1,1
AF026190926,2,21,12,Home Team,0.9131999999999999,0.8734999999999999,1,1,1
AF026190926,2,21,12,Home Team,0.9131999999999999,0.8795000000000001,1,1,1
AF026200926,1,0,0,Home Team,0.6138,0.6779999999999999,0,1,1
AF026200926,1,0,0,Home Team,0.6157,0.664,0,1,1
AF026200926,1,0,0,Home Team,0.6239,0.6675,0,1,1
AF026200926,1,0,0,Home Team,0.6239,0.602,0,1,1
AF026200926,1,0,0,Home Team,0.5537,0.6745,0,1,1
AF026200926,1,0,0,Home Team,0.6473,0.6970000000000001,0,1,1
AF026200926,1,0,0,Home Team,0.6626000000000001,0.7290000000000001,0,1,1
AF026200926,1,0,0,Home Team,0.6934999999999999,0.733,0,1,1
AF026200926,1,0,0,Home Team,0.6829999999999999,0.7505,0,1,1
AF026200926,2,0,6,Away Team,0.6829999999999999,0.39770000000000005,0,1,1
AF026200926,2,0,7,Away Team,0.3209,0.40149999999999997,0,1,1
AF026200926,2,0,7,Home Team,0.3169,0.40850000000000003,0,1,1
AF026200926,2,0,7,Home Team,0.33030000000000004,0.4235,0,1,1
AF026200926,2,0,7,Home Team,0.33130000000000004,0.424,0,1,1
AF026200926,2,0,7,Home Team,0.3657,0.42450000000000004,0,1,1
AF026200926,2,0,7,Home Team,0.3624,0.4432,0,1,1
AF026200926,2,0,7,Home Team,0.34299999999999997,0.4057,0,1,1
AF026200926,2,0,7,Home Team,0.36700000000000005,0.4525,0,1,1
AF026200926,2,0,7,Home Team,0.36700000000000005,0.4805,0,1,1
AF026200926,2,0,7,Away Team,0.1557,0.248,0,1,1
AF026200926,2,0,13,Away Team,0.1557,0.0925,0,1,1
AF026200926,2,0,14,Away Team,0.08,0.094,0,1,1
AF026200926,2,0,14,Home Team,0.08,0.085,0,1,1
AF026200926,2,0,14,Home Team,0.0965,0.11900000000000001,0,1,1
AF026200926,2,0,14,Home Team,0.0864,0.1125,0,1,1
AF026200926,2,0,14,Home Team,0.08310000000000001,0.091,0,1,1
AF026200926,2,0,14,Home Team,0.09519999999999999,0.11800000000000001,0,1,1
AF026200926,2,0,14,Away Team,0.08,0.045,0,1,1
AF026210926,1,0,0,Away Team,0.5848,0.505,1,1,1
AF026210926,1,0,0,Away Team,0.596,0.5075,1,1,1
AF026210926,1,0,0,Away Team,0.58,0.46399999999999997,1,1,1
AF026210926,1,0,0,Away Team,0.5996,0.5,1,1,1
AF026210926,1,0,0,Away Team,0.6161,0.4805,1,1,1
AF026210926,1,0,0,Away Team,0.6161,0.523,1,1,1
AF026210926,1,0,0,Away Team,0.6386,0.4585,1,1,1
AF026210926,1,0,0,Away Team,0.5657,0.46049999999999996,1,1,1
AF026210926,1,0,0,Away Team,0.5411,0.4125,1,1,1
AF026210926,1,0,0,Away Team,0.5218,0.397,1,1,1
AF026210926,2,0,0,Away Team,0.49439999999999995,0.365,1,1,1
AF026210926,2,0,6,Away Team,0.49439999999999995,0.3177,1,1,1
AF026210926,2,0,7,Away Team,0.439,0.305,1,1,1
AF026210926,2,0,7,Home Team,0.43,0.3297,1,1,1
AF026210926,2,0,7,Away Team,0.2575,0.16949999999999998,1,1,1
AF026210926,2,0,7,Away Team,0.256,0.17,1,1,1
AF026210926,2,0,7,Away Team,0.2818,0.1905,1,1,1
AF026210926,2,0,7,Away Team,0.23,0.146,1,1,1
AF026210926,2,0,7,Away Team,0.24420000000000003,0.1595,1,1,1
AF026210926,2,0,7,Away Team,0.26780000000000004,0.1765,1,1,1
AF026210926,2,0,7,Away Team,0.26780000000000004,0.18350000000000002,1,1,1
AF026210926,2,0,7,Home Team,0.4364,0.267,1,1,1
AF026210926,2,0,7,Home Team,0.4435,0.276,1,1,1
AF026210926,2,0,7,Home Team,0.5311,0.39549999999999996,1,1,1
AF026210926,2,0,7,Home Team,0.5325,0.39399999999999996,1,1,1
AF026210926,2,0,7,Home Team,0.5054,0.353,1,1,1
AF026210926,2,0,7,Home Team,0.5054,0.442,1,1,1
AF026210926,2,0,7,Home Team,0.5054,0.3795,1,1,1
AF026210926,2,0,7,Home Team,0.5054,0.3042,1,1,1
AF026210926,2,0,7,Home Team,0.5054,0.102,1,1,1
AF026220926,1,0,0,Away Team,0.4518,0.484,1,1,1
AF026220926,1,0,0,Away Team,0.4334,0.46299999999999997,1,1,1
AF026220926,1,0,0,Home Team,0.6662,0.6113000000000001,1,1,1
AF026220926,1,0,0,Home Team,0.6697,0.626,1,1,1
AF026220926,1,0,0,Home Team,0.6419,0.6104999999999999,1,1,1
AF026220926,1,0,0,Home Team,0.7156999999999999,0.6735,1,1,1
AF026220926,1,0,0,Home Team,0.6790999999999999,0.6609999999999999,1,1,1
AF026220926,1,0,0,Home Team,0.664,0.6515000000000001,1,1,1
AF026220926,1,0,0,Home Team,0.664,0.599,1,1,1
AF026220926,1,3,0,Home Team,0.5753,0.5945,1,1,1
AF026220926,1,3,0,Away Team,0.5587,0.601,1,1,1
AF026220926,1,3,0,Away Team,0.5740999999999999,0.5685,1,1,1
AF026220926,1,3,0,Away Team,0.5521,0.55,1,1,1
AF026220926,2,3,0,Away Team,0.5467,0.5565,1,1,1
AF026220926,2,3,0,Away Team,0.5792,0.5589999999999999,1,1,1
AF026220926,2,3,0,Away Team,0.5521,0.5975,1,1,1
AF026220926,2,3,0,Home Team,0.7765000000000001,0.7404999999999999,1,1,1
AF026220926,2,3,0,Home Team,0.7936,0.7434999999999999,1,1,1
AF026220926,2,3,0,Home Team,0.8286,0.7595000000000001,1,1,1
AF026220926,2,3,0,Home Team,0.8253,0.797,1,1,1
AF026220926,2,3,0,Home Team,0.8081,0.78,1,1,1
AF026220926,2,3,0,Home Team,0.8512000000000001,0.8134999999999999,1,1,1
AF026220926,2,3,0,Home Team,0.8512000000000001,0.8184999999999999,1,1,1
AF026220926,2,3,0,Home Team,0.8859999999999999,0.83,1,1,1
AF026220926,2,3,0,Home Team,0.8832,0.807,1,1,1
AF026220926,2,9,0,Home Team,0.8832,0.8995000000000001,1,1,1
AF026220926,2,10,0,Home Team,0.9286,0.907,1,1,1
AF026220926,2,10,0,Away Team,0.9347,0.9125,1,1,1
AF026220926,2,10,0,Away Team,0.951,0.915,1,1,1
AF026220926,2,10,0,Away Team,0.9527,0.9109999999999999,1,1,1
AF026220926,2,10,0,Away Team,0.9527,0.903,1,1,1
AF027170926,1,0,0,Away Team,0.4426,0.46799999999999997,1,1,1
AF027170926,1,0,0,Away Team,0.4667,0.484,1,1,1
AF027170926,1,0,0,Home Team,0.6597,0.6385000000000001,1,1,1
AF027170926,1,0,0,Home Team,0.6529,0.622,1,1,1
AF027170926,1,0,0,Home Team,0.6379,0.6004999999999999,1,1,1
AF027170926,1,6,0,Home Team,0.6379,0.7,1,1,1
AF027170926,1,7,0,Home Team,0.7195,0.7234999999999999,1,1,1
AF027170926,1,7,0,Away Team,0.7232,0.726,1,1,1
AF027170926,1,7,0,Away Team,0.7109000000000001,0.698,1,1,1
AF027170926,1,7,0,Away Team,0.6926000000000001,0.6785,1,1,1
AF027170926,1,7,0,Away Team,0.6954,0.6629999999999999,1,1,1
AF027170926,1,7,0,Away Team,0.6854,0.68,1,1,1
AF027170926,1,7,0,Away Team,0.6729,0.64,1,1,1
AF027170926,1,7,0,Away Team,0.6742,0.6695,1,1,1
AF027170926,1,7,0,Away Team,0.6742,0.6595,1,1,1
AF027170926,2,7,0,Away Team,0.6742,0.6975,1,1,1
AF027170926,2,7,0,Away Team,0.7161,0.6509999999999999,1,1,1
AF027170926,2,7,0,Away Team,0.6731999999999999,0.6555,1,1,1
AF027170926,2,7,6,Away Team,0.6731999999999999,0.612,1,1,1
AF027170926,2,7,7,Away Team,0.6204999999999999,0.628,1,1,1
AF027170926,2,7,7,Home Team,0.6021,0.6045,1,1,1
AF027170926,2,7,7,Home Team,0.6169,0.6204999999999999,1,1,1
AF027170926,2,7,7,Home Team,0.6692,0.659,1,1,1
AF027170926,2,7,7,Home Team,0.6978,0.6975,1,1,1
AF027170926,2,13,7,Home Team,0.6978,0.7354999999999999,1,1,1
AF027170926,2,14,7,Home Team,0.7326,0.7425,1,1,1
AF027170926,2,14,7,Away Team,0.7526,0.752,1,1,1
AF027170926,2,14,7,Away Team,0.7613,0.76,1,1,1
AF027170926,2,14,7,Away Team,0.745,0.7545000000000001,1,1,1
AF027170926,2,14,7,Away Team,0.7628,0.765,1,1,1
AF027170926,2,14,7,Away Team,0.7848,0.816,1,1,1
AF027170926,2,14,7,Away Team,0.7515999999999999,0.752,1,1,1
AF027170926,2,14,7,Away Team,0.778,0.7709999999999999,1,1,1
AF027170926,2,14,7,Home Team,0.9129999999999999,0.872,1,1,1
AF027170926,2,14,7,Home Team,0.9561,0.9075,1,1,1
AF027170926,2,14,7,Home Team,0.9608,0.903,1,1,1
AF027180926,1,0,0,Home Team,0.5821999999999999,0.5045000000000001,0,1,1
AF027180926,1,0,0,Home Team,0.6023,0.48869999999999997,0,1,1
AF027180926,1,0,0,Home Team,0.5802,0.4647,0,1,1
AF027180926,1,6,0,Home Team,0.5802,0.6255,0,1,1
AF027180926,1,7,0,Home Team,0.6917,0.6185,0,1,1
AF027180926,1,7,0,Away Team,0.6978,0.6347999999999999,0,1,1
AF027180926,1,7,0,Away Team,0.7021,0.6085,0,1,1
AF027180926,1,7,0,Away Team,0.7182999999999999,0.6445000000000001,0,1,1
AF027180926,1,7,0,Away Team,0.6811,0.6,0,1,1
AF027180926,1,7,0,Away Team,0.6406999999999999,0.5895,0,1,1
AF027180926,1,7,0,Away Team,0.6712,0.5935,0,1,1
AF027180926,2,7,0,Away Team,0.6822,0.6035,0,1,1
AF027180926,2,7,6,Away Team,0.6822,0.5345,0,1,1
AF027180926,2,7,7,Away Team,0.5711999999999999,0.5065,0,1,1
AF027180926,2,7,7,Home Team,0.5629,0.5155,0,1,1
AF027180926,2,7,7,Home Team,0.5939,0.55,0,1,1
AF027180926,2,7,7,Home Team,0.5936,0.5695,0,1,1
AF027180926,2,7,7,Home Team,0.6207,0.563,0,1,1
AF027180926,2,13,7,Home Team,0.6207,0.624,0,1,1
AF027180926,2,14,7,Home Team,0.6707,0.6463,0,1,1
AF027180926,2,14,7,Away Team,0.6816,0.6515000000000001,0,1,1
AF027180926,2,14,7,Away Team,0.6783,0.624,0,1,1
AF027180926,2,14,7,Away Team,0.6603,0.6409999999999999,0,1,1
AF027180926,2,14,7,Away Team,0.6740999999999999,0.6395000000000001,0,1,1
AF027180926,2,14,7,Home Team,0.8665,0.83,0,1,1
AF027180926,2,14,7,Home Team,0.8658,0.8195,0,1,1
AF027180926,2,14,7,Home Team,0.84,0.8005,0,1,1
AF027180926,2,14,7,Home Team,0.84,0.7415,0,1,1
AF027180926,2,17,7,Home Team,0.8144,0.8845000000000001,0,1,1
AF027180926,2,17,7,Away Team,0.8271999999999999,0.8029999999999999,0,1,1
AF027180926,2,17,7,Away Team,0.8183,0.7975,0,1,1
AF027180926,2,17,7,Away Team,0.8386,0.8045,0,1,1
AF027180926,2,17,7,Away Team,0.8275,0.8005,0,1,1
AF027180926,2,17,7,Away Team,0.8229000000000001,0.777,0,1,1
AF027180926,2,17,7,Away Team,0.8414,0.8045,0,1,1
AF027180926,2,17,10,Away Team,0.8414,0.736,0,1,1
AF027190926,1,0,0,Home Team,0.5647,0.6859999999999999,0,1,1
AF027190926,1,0,0,Home Team,0.5479999999999999,0.679,0,1,1
AF027190926,1,0,0,Home Team,0.5435,0.687,0,1,1
AF027190926,1,0,0,Home Team,0.5454,0.6729999999999999,0,1,1
AF027190926,1,0,0,Home Team,0.5736,0.703,0,1,1
AF027190926,1,0,0,Home Team,0.5688,0.6934999999999999,0,1,1
AF027190926,1,0,0,Home Team,0.5609000000000001,0.6809999999999999,0,1,1
AF027190926,1,0,0,Home Team,0.5609000000000001,0.6365,0,1,1
AF027190926,1,3,0,Home Team,0.513,0.6425,0,1,1
AF027190926,1,3,0,Away Team,0.5163,0.63,0,1,1
AF027190926,1,3,0,Away Team,0.5051,0.6295000000000001,0,1,1
AF027190926,2,3,0,Away Team,0.5246999999999999,0.643,0,1,1
AF027190926,2,3,0,Away Team,0.49670000000000003,0.615,0,1,1
AF027190926,2,3,0,Away Team,0.5129,0.6225,0,1,1
AF027190926,2,3,0,Away Team,0.4456,0.5525,0,1,1
AF027190926,2,3,0,Away Team,0.4621,0.5815,0,1,1
AF027190926,2,3,0,Away Team,0.39840000000000003,0.52,0,1,1
AF027190926,2,3,6,Away Team,0.39840000000000003,0.4975,0,1,1
AF027190926,2,3,7,Away Team,0.36219999999999997,0.49200000000000005,0,1,1
AF027190926,2,3,7,Home Team,0.39039999999999997,0.5065,0,1,1
AF027190926,2,9,7,Home Team,0.39039999999999997,0.6104999999999999,0,1,1
AF027190926,2,10,7,Home Team,0.46950000000000003,0.5925,0,1,1
AF027190926,2,10,7,Away Team,0.49729999999999996,0.5985,0,1,1
AF027190926,2,10,7,Away Team,0.49729999999999996,0.612,0,1,1
AF027190926,2,10,7,Away Team,0.4454,0.6025,0,1,1
AF027190926,2,10,7,Away Team,0.4606,0.6145,0,1,1
AF027190926,2,10,7,Away Team,0.5122,0.6425,0,1,1
AF027190926,2,10,13,Away Team,0.5122,0.32,0,1,1
AF027190926,2,10,14,Away Team,0.2421,0.3135,0,1,1
AF027200926,1,0,0,Home Team,0.537,0.4965,0,1,1
AF027200926,1,0,0,Home Team,0.5318999999999999,0.5085000000000001,0,1,1
AF027200926,1,0,0,Home Team,0.5498,0.5205,0,1,1
AF027200926,1,0,0,Home Team,0.5388000000000001,0.4985,0,1,1
AF027200926,1,0,0,Home Team,0.5473,0.48950000000000005,0,1,1
AF027200926,1,0,0,Home Team,0.5605,0.512,0,1,1
AF027200926,1,0,0,Home Team,0.5793,0.5555,0,1,1
AF027200926,1,0,0,Home Team,0.5956,0.5535,0,1,1
AF027200926,2,0,0,Home Team,0.5764,0.5255,0,1,1
AF027200926,2,0,0,Home Team,0.5566,0.518,0,1,1
AF027200926,2,0,0,Home Team,0.5566,0.506,0,1,1
AF027200926,2,0,0,Home Team,0.5538000000000001,0.5865,0,1,1
AF027200926,2,0,0,Home Team,0.5538000000000001,0.578,0,1,1
AF027200926,2,7,0,Home Team,0.633,0.6255,0,1,1
AF027200926,2,7,0,Away Team,0.6484000000000001,0.628,0,1,1
AF027200926,2,7,0,Away Team,0.6054999999999999,0.589,0,1,1
AF027200926,2,7,0,Away Team,0.5889,0.5695,0,1,1
AF027200926,2,7,0,Away Team,0.5889,0.5465,0,1,1
AF027200926,2,7,0,Away Team,0.5797,0.591,0,1,1
AF027200926,2,7,0,Away Team,0.5681,0.5660000000000001,0,1,1
AF027200926,2,7,6,Away Team,0.5681,0.436,0,1,1
AF027200926,2,7,7,Away Team,0.4422,0.42200000000000004,0,1,1
AF027200926,2,7,7,Home Team,0.4669,0.439,0,1,1
AF027200926,2,7,7,Home Team,0.4339,0.451,0,1,1
AF027210926,1,0,0,Away Team,0.4719,0.2515,1,1,1
AF027210926,1,0,0,Away Team,0.47240000000000004,0.254,1,1,1
AF027210926,1,0,0,Away Team,0.43939999999999996,0.2345,1,1,1
AF027210926,1,0,0,Away Team,0.4347,0.23600000000000002,1,1,1
AF027210926,1,0,0,Home Team,0.5979,0.3835,1,1,1
AF027210926,1,0,0,Home Team,0.5742,0.3395,1,1,1
AF027210926,1,0,0,Home Team,0.6327,0.40049999999999997,1,1,1
AF027210926,1,0,0,Home Team,0.6349,0.409,1,1,1
AF027210926,1,0,0,Home Team,0.6578,0.439,1,1,1
AF027210926,1,0,0,Home Team,0.6486,0.4395,1,1,1
AF027210926,2,6,0,Home Team,0.6486,0.528,1,1,1
AF027210926,2,7,0,Home Team,0.7345,0.535,1,1,1
AF027210926,2,7,0,Away Team,0.7378,0.5479999999999999,1,1,1
AF027210926,2,7,0,Away Team,0.7505,0.52,1,1,1
AF027210926,2,7,0,Away Team,0.7272,0.5103,1,1,1
AF027210926,2,7,0,Away Team,0.7006,0.501,1,1,1
AF027210926,2,7,0,Away Team,0.7159,0.5479999999999999,1,1,1
AF027210926,2,7,6,Away Team,0.7159,0.44799999999999995,1,1,1
AF027210926,2,7,7,Away Team,0.6361,0.434,1,1,1
AF027210926,2,7,7,Home Team,0.5967,0.3922,1,1,1
AF027210926,2,7,7,Home Team,0.6576000000000001,0.49200000000000005,1,1,1
AF027210926,2,7,7,Home Team,0.6914,0.5375,1,1,1
AF027210926,2,7,7,Home Team,0.7116,0.5565,1,1,1
AF027210926,2,7,7,Home Team,0.72,0.537,1,1,1
AF027210926,2,7,7,Home Team,0.7705,0.5675,1,1,1
AF027210926,2,13,7,Home Team,0.7705,0.747,1,1,1
AF027210926,2,14,7,Home Team,0.8722,0.741,1,1,1
AF027210926,2,14,7,Away Team,0.8786,0.745,1,1,1
AF027220926,1,0,0,Home Team,0.5892000000000001,0.48350000000000004,0,1,1
AF027220926,1,0,0,Home Team,0.5893,0.499,0,1,1
AF027220926,1,0,0,Home Team,0.5976,0.5105,0,1,1
AF027220926,1,0,0,Home Team,0.6,0.5025,0,1,1
AF027220926,1,0,0,Home Team,0.5599000000000001,0.4705,0,1,1
AF027220926,1,0,0,Home Team,0.5599000000000001,0.45899999999999996,0,1,1
AF027220926,1,0,0,Home Team,0.5733,0.51,0,1,1
AF027220926,1,0,0,Home Team,0.5733,0.5195000000000001,0,1,1
AF027220926,1,0,0,Home Team,0.5733,0.5195000000000001,0,1,1
AF027220926,1,0,0,Home Team,0.5733,0.561,0,1,1
AF027220926,2,0,0,Home Team,0.5733,0.5925,0,1,1
AF027220926,2,0,0,Home Team,0.5733,0.5605,0,1,1
AF027220926,2,0,0,Home Team,0.5733,0.5165,0,1,1
AF027220926,2,3,0,Home Team,0.5733,0.46399999999999997,0,1,1
AF027220926,2,3,0,Away Team,0.5526,0.462,0,1,1
AF027220926,2,3,0,Away Team,0.5699000000000001,0.49,0,1,1
AF027220926,2,3,0,Away Team,0.5439,0.45649999999999996,0,1,1
AF027220926,2,3,0,Away Team,0.5017,0.4285,0,1,1
AF027220926,2,3,0,Away Team,0.4777,0.41600000000000004,0,1,1
AF027220926,2,3,0,Away Team,0.5035000000000001,0.4265,0,1,1
AF027220926,2,3,0,Away Team,0.5035000000000001,0.376,0,1,1
AF027220926,2,3,6,Away Team,0.5035000000000001,0.363,0,1,1
AF027220926,2,3,7,Away Team,0.40950000000000003,0.358,0,1,1
AF027220926,2,3,7,Home Team,0.38520000000000004,0.3555,0,1,1
AF027220926,2,3,7,Home Team,0.38520000000000004,0.45549999999999996,0,1,1
AF027220926,2,3,7,Home Team,0.4692,0.44299999999999995,0,1,1
AF027220926,2,3,7,Home Team,0.4692,0.4,0,1,1
AF027220926,2,3,7,Home Team,0.4692,0.38299999999999995,0,1,1
AF027220926,2,6,7,Home Team,0.4692,0.3265,0,1,1
AF027220926,2,6,7,Away Team,0.35159999999999997,0.28300000000000003,0,1,1
AF027220926,2,6,7,Away Team,0.30079999999999996,0.254,0,1,1
AF027220926,2,6,7,Away Team,0.2975,0.237,0,1,1
AF027220926,2,6,10,Away Team,0.2975,0.22149999999999997,0,1,1
AF028170926,1,0,0,Home Team,0.4497,0.376,1,1,1
AF028170926,1,0,0,Home Team,0.4341,0.37549999999999994,1,1,1
AF028170926,1,0,0,Home Team,0.445,0.358,1,1,1
AF028170926,1,0,0,Home Team,0.4788,0.3845,1,1,1
AF028170926,1,0,0,Home Team,0.45990000000000003,0.3935,1,1,1
AF028170926,1,0,0,Away Team,0.267,0.2245,1,1,1
AF028170926,1,0,0,Away Team,0.25120000000000003,0.2275,1,1,1
AF028170926,1,0,0,Away Team,0.2585,0.25,1,1,1
AF028170926,1,0,0,Away Team,0.2511,0.2205,1,1,1
AF028170926,1,0,0,Away Team,0.25489999999999996,0.245,1,1,1
AF028170926,2,0,0,Away Team,0.2792,0.2445,1,1,1
AF028170926,2,0,0,Away Team,0.2792,0.2985,1,1,1
AF028170926,2,0,3,Away Team,0.3475,0.307,1,1,1
AF028170926,2,0,3,Home Team,0.321,0.2995,1,1,1
AF028170926,2,0,3,Home Team,0.33640000000000003,0.3065,1,1,1
AF028170926,2,0,3,Home Team,0.3599,0.322,1,1,1
AF028170926,2,0,3,Home Team,0.36219999999999997,0.2985,1,1,1
AF028170926,2,0,3,Home Team,0.3895,0.348,1,1,1
AF028170926,2,0,3,Home Team,0.4229,0.358,1,1,1
AF028170926,2,0,3,Home Team,0.4329,0.4075,1,1,1
AF028170926,2,6,3,Home Team,0.4329,0.4335,1,1,1
AF028170926,2,7,3,Home Team,0.4654,0.433,1,1,1
AF028170926,2,7,3,Away Team,0.4654,0.445,1,1,1
AF028170926,2,7,3,Away Team,0.4717,0.4535,1,1,1
AF028170926,2,7,3,Away Team,0.5044,0.473,1,1,1
AF028170926,2,7,3,Away Team,0.4039,0.3945,1,1,1
AF028170926,2,7,3,Home Team,0.7744,0.7005,1,1,1
AF028170926,2,7,3,Home Team,0.7704000000000001,0.71,1,1,1
AF028170926,2,7,3,Home Team,0.7861,0.7265,1,1,1
AF028170926,2,7,3,Home Team,0.7497,0.6925,1,1,1
AF028170926,2,7,3,Home Team,0.7365,0.6984999999999999,1,1,1
AF028170926,2,10,3,Home Team,0.7365,0.6679999999999999,1,1,1
AF028170926,2,10,3,Away Team,0.7056,0.67,1,1,1
AF028180926,1,0,0,Home Team,0.5710000000000001,0.531,0,1,1
AF028180926,1,0,0,Home Team,0.5264,0.5205,0,1,1
AF028180926,1,0,0,Home Team,0.5015999999999999,0.495,0,1,1
AF028180926,1,0,0,Home Team,0.5015999999999999,0.4445,0,1,1
AF028180926,1,0,0,Home Team,0.4813,0.5579999999999999,0,1,1
AF028180926,1,0,0,Home Team,0.6047,0.595,0,1,1
AF028180926,1,0,0,Home Team,0.6112,0.5745,0,1,1
AF028180926,1,0,0,Home Team,0.6144,0.57,0,1,1
AF028180926,1,0,0,Home Team,0.6403,0.6185,0,1,1
AF028180926,1,0,0,Home Team,0.6271,0.578,0,1,1
AF028180926,2,6,0,Home Team,0.6271,0.643,0,1,1
AF028180926,2,7,0,Home Team,0.6849,0.6405,0,1,1
AF028180926,2,7,0,Away Team,0.6707,0.6615000000000001,0,1,1
AF028180926,2,7,6,Away Team,0.6707,0.557,0,1,1
AF028180926,2,7,7,Away Team,0.5738,0.555,0,1,1
AF028180926,2,7,7,Home Team,0.5761999999999999,0.5505,0,1,1
AF028180926,2,7,7,Home Team,0.5684,0.5429999999999999,0,1,1
AF028180926,2,7,7,Home Team,0.5684,0.527,0,1,1
AF028180926,2,7,7,Home Team,0.5586,0.5463,0,1,1
AF028180926,2,7,7,Home Team,0.5451,0.5498,0,1,1
AF028180926,2,7,7,Home Team,0.5901,0.5760000000000001,0,1,1
AF028180926,2,7,7,Home Team,0.5742,0.5653,0,1,1
AF028180926,2,7,7,Home Team,0.6278,0.5945,0,1,1
AF028180926,2,7,7,Home Team,0.5605,0.594,0,1,1
AF028180926,2,7,7,Home Team,0.6236999999999999,0.5915,0,1,1
AF028180926,2,7,7,Home Team,0.6236999999999999,0.532,0,1,1
AF028180926,2,7,7,Away Team,0.3605,0.4045,0,1,1
AF028180926,2,7,7,Away Team,0.3942,0.4115,0,1,1
AF028180926,2,7,7,Away Team,0.2734,0.319,0,1,1
AF028180926,2,7,7,Away Team,0.2677,0.348,0,1,1
AF028200926,1,0,0,Home Team,0.4819,0.529,0,1,1
AF028200926,1,0,0,Home Team,0.5008,0.581,0,1,1
AF028200926,1,0,0,Home Team,0.5307999999999999,0.6204999999999999,0,1,1
AF028200926,1,0,0,Home Team,0.5174,0.617,0,1,1
AF028200926,1,6,0,Home Team,0.5174,0.7115,0,1,1
AF028200926,1,7,0,Home Team,0.5893,0.6973,0,1,1
AF028200926,1,7,0,Away Team,0.5782,0.6809999999999999,0,1,1
AF028200926,1,7,0,Away Team,0.5938,0.6815000000000001,0,1,1
AF028200926,1,7,0,Away Team,0.5623,0.6585,0,1,1
AF028200926,1,7,0,Away Team,0.5695,0.664,0,1,1
AF028200926,1,7,0,Away Team,0.5695,0.5615,0,1,1
AF028200926,1,7,6,Away Team,0.5695,0.5589999999999999,0,1,1
AF028200926,1,7,7,Away Team,0.4826,0.5379999999999999,0,1,1
AF028200926,1,7,7,Home Team,0.4826,0.5429999999999999,0,1,1
AF028200926,2,7,7,Home Team,0.4965,0.5758,0,1,1
AF028200926,2,7,7,Home Team,0.48340000000000005,0.5625,0,1,1
AF028200926,2,7,7,Home Team,0.5117,0.5920000000000001,0,1,1
AF028200926,2,7,7,Home Team,0.5057,0.5788,0,1,1
AF028200926,2,7,7,Home Team,0.49329999999999996,0.5405,0,1,1
AF028200926,2,7,7,Home Team,0.5268,0.6204999999999999,0,1,1
AF028200926,2,7,7,Home Team,0.6081,0.654,0,1,1
AF028200926,2,7,7,Home Team,0.5986,0.6273,0,1,1
AF028200926,2,7,7,Home Team,0.5505,0.626,0,1,1
AF028200926,2,7,7,Away Team,0.28190000000000004,0.4075,0,1,1
AF028200926,2,7,7,Away Team,0.2966,0.41950000000000004,0,1,1
AF028200926,2,7,7,Away Team,0.2892,0.392,0,1,1
AF028200926,2,7,7,Away Team,0.2107,0.369,0,1,1
AF028220926,1,0,0,Away Team,0.48700000000000004,0.579,0,1,1
AF028220926,1,0,6,Away Team,0.48700000000000004,0.4595,0,1,1
AF028220926,1,0,7,Away Team,0.35619999999999996,0.4607,0,1,1
AF028220926,1,0,7,Home Team,0.36060000000000003,0.43200000000000005,0,1,1
AF028220926,1,0,7,Home Team,0.3691,0.4645,0,1,1
AF028220926,1,0,7,Home Team,0.41259999999999997,0.5,0,1,1
AF028220926,1,0,7,Home Team,0.4334,0.496,0,1,1
AF028220926,1,0,7,Home Team,0.4334,0.5660000000000001,0,1,1
AF028220926,1,6,7,Home Team,0.4334,0.5845,0,1,1
AF028220926,1,7,7,Home Team,0.49219999999999997,0.5805,0,1,1
AF028220926,1,7,7,Away Team,0.49329999999999996,0.568,0,1,1
AF028220926,1,7,7,Away Team,0.4592,0.524,0,1,1
AF028220926,1,7,7,Away Team,0.3918,0.47100000000000003,0,1,1
AF028220926,1,7,13,Away Team,0.3918,0.4265,0,1,1
AF028220926,1,7,14,Away Team,0.3564,0.425,0,1,1
AF028220926,1,7,14,Home Team,0.3576,0.4325,0,1,1
AF028220926,1,7,14,Home Team,0.3654,0.43700000000000006,0,1,1
AF028220926,2,7,14,Home Team,0.3481,0.41600000000000004,0,1,1
AF028220926,2,7,14,Home Team,0.39380000000000004,0.451,0,1,1
AF028220926,2,7,14,Home Team,0.4266,0.5,0,1,1
AF028220926,2,7,14,Home Team,0.4363,0.496,0,1,1
AF028220926,2,13,14,Home Team,0.4363,0.5315,0,1,1
AF028220926,2,14,14,Home Team,0.47850000000000004,0.5429999999999999,0,1,1
AF028220926,2,14,14,Away Team,0.47609999999999997,0.547,0,1,1
AF028220926,2,14,14,Away Team,0.4536,0.5015,0,1,1
AF028220926,2,14,14,Away Team,0.4202,0.518,0,1,1
AF028220926,2,14,14,Away Team,0.4285,0.4815,0,1,1
AF028220926,2,14,14,Away Team,0.38159999999999994,0.4515,0,1,1
AF028220926,2,14,14,Away Team,0.4277,0.4715,0,1,1
AF028220926,2,14,14,Away Team,0.38159999999999994,0.44770000000000004,0,1,1
AF028220926,2,14,14,Away Team,0.36579999999999996,0.45399999999999996,0,1,1
AF028220926,2,14,14,Away Team,0.3371,0.4267,0,1,1
AF028220926,2,14,14,Away Team,0.3317,0.397,0,1,1
AF028220926,2,14,20,Away Team,0.3317,0.287,0,1,1
AF028220926,2,14,21,Away Team,0.23629999999999998,0.278,0,1,1
AF028220926,2,14,21,Home Team,0.24359999999999998,0.2875,0,1,1
AF028220926,2,14,21,Home Team,0.2425,0.2815,0,1,1
AF028220926,2,14,21,Away Team,0.1366,0.2805,0,1,1
AF029170926,1,0,0,Away Team,0.5468,0.484,0,1,1
AF029170926,1,0,0,Away Team,0.5875,0.5115,0,1,1
AF029170926,1,0,0,Away Team,0.5232,0.45399999999999996,0,1,1
AF029170926,1,0,0,Away Team,0.49560000000000004,0.424,0,1,1
AF029170926,1,0,6,Away Team,0.49560000000000004,0.371,0,1,1
AF029170926,1,0,7,Away Team,0.4618,0.37549999999999994,0,1,1
AF029170926,1,0,7,Home Team,0.4829,0.39799999999999996,0,1,1
AF029170926,1,0,7,Home Team,0.4635,0.382,0,1,1
AF029170926,1,0,7,Home Team,0.5041,0.43,0,1,1
AF029170926,1,0,7,Home Team,0.4911,0.39399999999999996,0,1,1
AF029170926,1,0,7,Home Team,0.4556,0.391,0,1,1
AF029170926,1,0,7,Home Team,0.4556,0.3265,0,1,1
AF029170926,1,0,7,Home Team,0.4044,0.23800000000000002,0,1,1
AF029170926,1,0,7,Away Team,0.24539999999999998,0.2115,0,1,1
AF029170926,1,0,7,Away Team,0.256,0.221,0,1,1
AF029170926,2,0,7,Away Team,0.256,0.174,0,1,1
AF029170926,2,0,13,Away Team,0.256,0.1585,0,1,1
AF029170926,2,0,14,Away Team,0.1906,0.16699999999999998,0,1,1
AF029170926,2,0,14,Home Team,0.17629999999999998,0.151,0,1,1
AF029170926,2,0,14,Home Team,0.16140000000000002,0.1375,0,1,1
AF029170926,2,0,14,Away Team,0.08,0.052000000000000005,0,1,1
AF029170926,2,0,14,Away Team,0.08,0.064,0,1,1
AF029170926,2,0,14,Away Team,0.08,0.067,0,1,1
AF029170926,2,0,14,Away Team,0.08,0.04,0,1,1
AF029170926,2,0,20,Away Team,0.08,0.032,0,1,1
AF029170926,2,0,21,Away Team,0.08,0.034,0,1,1
AF029170926,2,0,21,Home Team,0.08,0.0335,0,1,1
AF029170926,2,6,21,Home Team,0.08,0.050499999999999996,0,1,1
AF029170926,2,7,21,Home Team,0.08,0.057,0,1,1
AF029170926,2,7,21,Away Team,0.08,0.0655,0,1,1
AF029170926,2,7,21,Away Team,0.08,0.0625,0,1,1
AF029170926,2,7,21,Away Team,0.08,0.0375,0,1,1
AF029170926,2,7,21,Away Team,0.08,0.0455,0,1,1
AF029170926,2,7,21,Away Team,0.08,0.051500000000000004,0,1,1
AF029170926,2,7,21,Away Team,0.08,0.027000000000000003,0,1,1
AF029170926,2,7,21,Away Team,0.08,0.0375,0,1,1
AF029170926,2,7,21,Away Team,0.08,0.03,0,1,1
AF029170926,2,7,24,Away Team,0.08,0.0285,0,1,1
AF029180926,1,0,0,Away Team,0.5867,0.5155,1,1,1
AF029180926,1,0,0,Away Team,0.597,0.5670000000000001,1,1,1
AF029180926,1,0,0,Away Team,0.6445000000000001,0.5635,1,1,1
AF029180926,1,0,0,Away Team,0.6445000000000001,0.633,1,1,1
AF029180926,1,0,0,Home Team,0.6363,0.627,1,1,1
AF029180926,1,6,0,Home Team,0.7114,0.7495,1,1,1
AF029180926,1,7,0,Home Team,0.8004000000000001,0.7645000000000001,1,1,1
AF029180926,1,7,0,Away Team,0.8064,0.7659999999999999,1,1,1
AF029180926,1,7,0,Away Team,0.7836,0.753,1,1,1
AF029180926,1,7,0,Home Team,0.8973,0.8534999999999999,1,1,1
AF029180926,1,7,0,Home Team,0.9157,0.8734999999999999,1,1,1
AF029180926,1,7,0,Home Team,0.9148999999999999,0.8759999999999999,1,1,1
AF029180926,2,7,0,Home Team,0.9256,0.8859999999999999,1,1,1
AF029180926,2,7,0,Home Team,0.9276000000000001,0.898,1,1,1
AF029180926,2,7,0,Home Team,0.9346,0.9035,1,1,1
AF029180926,2,13,0,Home Team,0.9346,0.9329999999999999,1,1,1
AF029180926,2,14,0,Home Team,0.9541,0.9179999999999999,1,1,1
AF029180926,2,14,0,Away Team,0.9492,0.9345,1,1,1
AF029180926,2,14,0,Away Team,0.9555,0.9440000000000001,1,1,1
AF029180926,2,14,0,Away Team,0.958,0.9534999999999999,1,1,1
AF029180926,2,14,0,Home Team,0.9906,0.983,1,1,1
AF029180926,2,14,0,Home Team,0.9943000000000001,0.9865,1,1,1
AF029180926,2,14,0,Home Team,0.9859,0.976,1,1,1
AF029180926,2,14,0,Home Team,0.9859,0.98,1,1,1
AF029180926,2,17,0,Home Team,0.9876,0.9754999999999999,1,1,1
AF029180926,2,17,0,Away Team,0.9832,0.9825,1,1,1
AF029180926,2,17,0,Away Team,0.9873999999999999,0.9815,1,1,1
AF029180926,2,17,0,Away Team,0.9842,0.985,1,1,1
AF029180926,2,17,0,Away Team,0.9883,0.983,1,1,1
AF029180926,2,17,0,Away Team,0.9922,0.9940000000000001,1,1,1
AF029190926,1,0,0,Home Team,0.5749,0.6378,1,1,1
AF029190926,1,0,0,Home Team,0.5756,0.6193,1,1,1
AF029190926,1,6,0,Home Team,0.5756,0.7384999999999999,1,1,1
AF029190926,1,7,0,Home Team,0.6840999999999999,0.7440000000000001,1,1,1
AF029190926,1,7,0,Away Team,0.6873,0.7440000000000001,1,1,1
AF029190926,1,7,0,Away Team,0.6643000000000001,0.7384999999999999,1,1,1
AF029190926,1,7,0,Away Team,0.6563,0.7190000000000001,1,1,1
AF029190926,1,7,0,Away Team,0.62,0.6729999999999999,1,1,1
AF029190926,1,7,0,Away Team,0.6112,0.672,1,1,1
AF029190926,1,7,0,Away Team,0.6369,0.6884999999999999,1,1,1
AF029190926,1,7,0,Away Team,0.6369,0.735,1,1,1
AF029190926,1,7,3,Away Team,0.7051000000000001,0.7545000000000001,1,1,1
AF029190926,1,7,3,Home Team,0.7154,0.7614,1,1,1
AF029190926,1,7,3,Home Team,0.7271,0.763,1,1,1
AF029190926,2,7,3,Home Team,0.7215,0.765,1,1,1
AF029190926,2,7,3,Home Team,0.7570999999999999,0.804,1,1,1
AF029190926,2,7,3,Home Team,0.7606,0.7859999999999999,1,1,1
AF029190926,2,7,3,Home Team,0.758,0.797,1,1,1
AF029190926,2,7,3,Home Team,0.758,0.8540000000000001,1,1,1
AF029190926,2,13,3,Home Team,0.758,0.8815000000000001,1,1,1
AF029190926,2,14,3,Home Team,0.8292,0.8805,1,1,1
AF029190926,2,14,3,Away Team,0.8493999999999999,0.898,1,1,1
AF029190926,2,14,3,Away Team,0.8622,0.9125,1,1,1
AF029190926,2,14,3,Away Team,0.8548,0.883,1,1,1
AF029190926,2,14,3,Away Team,0.831,0.8525,1,1,1
AF029190926,2,14,3,Away Team,0.8390000000000001,0.865,1,1,1
AF029190926,2,14,6,Away Team,0.8390000000000001,0.8554999999999999,1,1,1
AF029190926,2,14,6,Home Team,0.8462999999999999,0.872,1,1,1
AF029200926,1,0,0,Home Team,0.5182,0.564,1,1,1
AF029200926,1,0,0,Home Team,0.5039,0.5665,1,1,1
AF029200926,1,0,0,Home Team,0.5047,0.557,1,1,1
AF029200926,1,0,0,Home Team,0.46659999999999996,0.5445,1,1,1
AF029200926,1,6,0,Home Team,0.46659999999999996,0.679,1,1,1
AF029200926,1,7,0,Home Team,0.6127,0.6775,1,1,1
AF029200926,1,7,0,Away Team,0.6223,0.6775,1,1,1
AF029200926,1,7,0,Away Team,0.6481999999999999,0.6915,1,1,1
AF029200926,1,7,0,Away Team,0.6770999999999999,0.728,1,1,1
AF029200926,1,7,0,Home Team,0.8256999999999999,0.835,1,1,1
AF029200926,1,7,0,Home Team,0.8020999999999999,0.7929999999999999,1,1,1
AF029200926,1,7,0,Home Team,0.7825,0.7835,1,1,1
AF029200926,1,13,0,Home Team,0.7825,0.873,1,1,1
AF029200926,1,14,0,Home Team,0.855,0.879,1,1,1
AF029200926,1,14,0,Away Team,0.8614,0.885,1,1,1
AF029200926,1,14,0,Away Team,0.861,0.8909999999999999,1,1,1
AF029200926,1,14,0,Away Team,0.8837999999999999,0.9035,1,1,1
AF029200926,1,14,0,Away Team,0.8514,0.8665,1,1,1
AF029200926,2,14,0,Away Team,0.8454999999999999,0.868,1,1,1
AF029200926,2,14,0,Away Team,0.8332999999999999,0.84,1,1,1
AF029200926,2,14,0,Home Team,0.9478,0.9495,1,1,1
AF029200926,2,14,0,Home Team,0.9437000000000001,0.9455,1,1,1
AF029200926,2,14,0,Home Team,0.9521,0.9525,1,1,1
AF029200926,2,14,0,Home Team,0.9521,0.9704999999999999,1,1,1
AF029200926,2,14,0,Home Team,0.9581000000000001,0.9555,1,1,1
AF029200926,2,14,0,Home Team,0.961,0.9525,1,1,1
AF029200926,2,20,0,Home Team,0.961,0.9745,1,1,1
AF029200926,2,21,0,Home Team,0.975,0.977,1,1,1
AF029200926,2,21,0,Away Team,0.9795999999999999,0.9795,1,1,1
AF029200926,2,21,0,Away Team,0.983,0.9725,1,1,1
AF029200926,2,21,0,Away Team,0.9752,0.9740000000000001,1,1,1
AF029200926,2,21,0,Home Team,0.9752,0.9965,1,1,1
AF029200926,2,21,0,Home Team,0.9752,0.996,1,1,1
AF029200926,2,21,0,Home Team,0.9752,0.998,1,1,1
AF029210926,1,0,0,Home Team,0.6199,0.5515,0,1,1
AF029210926,1,0,0,Home Team,0.6354,0.57,0,1,1
AF029210926,1,0,0,Home Team,0.644,0.5815,0,1,1
AF029210926,1,0,0,Home Team,0.6043,0.5285,0,1,1
AF029210926,1,0,0,Home Team,0.5439,0.498,0,1,1
AF029210926,1,0,0,Home Team,0.6695,0.6145,0,1,1
AF029210926,1,0,0,Home Team,0.6827,0.6135,0,1,1
AF029210926,1,0,0,Home Team,0.6738,0.5745,0,1,1
AF029210926,1,0,0,Home Team,0.6923999999999999,0.622,0,1,1
AF029210926,2,0,0,Home Team,0.6833,0.6315,0,1,1
AF029210926,2,6,0,Home Team,0.6833,0.7025,0,1,1
AF029210926,2,7,0,Home Team,0.7340000000000001,0.698,0,1,1
AF029210926,2,7,0,Away Team,0.7479,0.684,0,1,1
AF029210926,2,7,0,Away Team,0.7336,0.6775,0,1,1
AF029210926,2,7,0,Away Team,0.7323999999999999,0.6695,0,1,1
AF029210926,2,7,0,Away Team,0.7321,0.6665000000000001,0,1,1
AF029210926,2,7,6,Away Team,0.7321,0.5843,0,1,1
AF029210926,2,7,7,Away Team,0.6686,0.5954999999999999,0,1,1
AF029210926,2,7,7,Home Team,0.657,0.599,0,1,1
AF029210926,2,7,7,Home Team,0.6057,0.585,0,1,1
AF029210926,2,7,7,Home Team,0.5549000000000001,0.498,0,1,1
AF029210926,2,7,7,Away Team,0.4581,0.3885,0,1,1
AF029210926,2,7,7,Away Team,0.4796,0.41600000000000004,0,1,1
AF029210926,2,7,7,Away Team,0.4416,0.37,0,1,1
AF029210926,2,7,7,Away Team,0.3604,0.322,0,1,1
AF029210926,2,7,7,Away Team,0.3862,0.3465,0,1,1
AF029210926,2,7,7,Away Team,0.3862,0.322,0,1,1
AF029210926,2,7,7,Away Team,0.3862,0.36200000000000004,0,1,1
AF029210926,2,7,10,Away Team,0.3862,0.387,0,1,1
AF029210926,2,7,10,Away Team,0.2926,0.2671,0,1,1
AF029210926,2,7,13,Away Team,0.2926,0.2685,0,1,1
AF029220926,1,0,0,Home Team,0.5212,0.5385,0,1,1
AF029220926,1,0,0,Home Team,0.5058,0.547,0,1,1
AF029220926,1,0,0,Home Team,0.5129,0.564,0,1,1
AF029220926,1,0,0,Home Team,0.5483,0.597,0,1,1
AF029220926,1,6,0,Home Team,0.5483,0.6958,0,1,1
AF029220926,1,7,0,Home Team,0.6393,0.69,0,1,1
AF029220926,1,7,0,Away Team,0.645,0.6823,0,1,1
AF029220926,1,7,0,Away Team,0.6658,0.69,0,1,1
AF029220926,1,7,0,Away Team,0.7066,0.718,0,1,1
AF029220926,1,7,0,Away Team,0.7066,0.768,0,1,1
AF029220926,1,7,0,Away Team,0.6920000000000001,0.6425,0,1,1
AF029220926,1,7,0,Away Team,0.591,0.6335000000000001,0,1,1
AF029220926,1,7,0,Away Team,0.6191,0.682,0,1,1
AF029220926,2,7,0,Away Team,0.6191,0.657,0,1,1
AF029220926,2,7,0,Home Team,0.7970999999999999,0.8170000000000001,0,1,1
AF029220926,2,7,0,Home Team,0.8139,0.8390000000000001,0,1,1
AF029220926,2,7,0,Home Team,0.7920999999999999,0.8255,0,1,1
AF029220926,2,7,0,Home Team,0.782,0.821,0,1,1
AF029220926,2,7,0,Home Team,0.782,0.7090000000000001,0,1,1
AF029220926,2,7,0,Away Team,0.7789,0.6815000000000001,0,1,1
AF029220926,2,7,6,Away Team,0.6424,0.5760000000000001,0,1,1
AF029220926,2,7,7,Away Team,0.5515,0.5685,0,1,1
AF029220926,2,7,7,Home Team,0.5448,0.5770000000000001,0,1,1
AF029220926,2,7,7,Home Team,0.467,0.5165,0,1,1
AF029220926,2,7,7,Home Team,0.4384,0.506,0,1,1
AF029220926,2,7,13,Away Team,0.4384,0.27649999999999997,0,1,1
AF029220926,2,7,14,Away Team,0.2273,0.2645,0,1,1
AF029220926,2,7,14,Home Team,0.21059999999999998,0.2545,0,1,1
AF029220926,2,7,14,Home Team,0.2849,0.331,0,1,1
AF029220926,2,7,14,Home Team,0.2849,0.34149999999999997,0,1,1
AF029220926,2,7,14,Home Team,0.2841,0.3465,0,1,1
AF029220926,2,7,14,Home Team,0.2841,0.3765,0,1,1
AF029220926,2,7,14,Home Team,0.2992,0.33549999999999996,0,1,1
AF030170926,1,0,0,Home Team,0.3953,0.465,0,1,1
AF030170926,1,6,0,Home Team,0.3953,0.617,0,1,1
AF030170926,1,7,0,Home Team,0.515,0.5875,0,1,1
AF030170926,1,7,0,Away Team,0.5143,0.613,0,1,1
AF030170926,1,7,0,Away Team,0.4703,0.5725,0,1,1
AF030170926,1,7,0,Away Team,0.4547,0.5660000000000001,0,1,1
AF030170926,1,7,0,Away Team,0.46520000000000006,0.58,0,1,1
AF030170926,1,7,0,Away Team,0.4415,0.562,0,1,1
AF030170926,1,7,0,Away Team,0.4489,0.5855,0,1,1
AF030170926,1,7,0,Away Team,0.4929,0.5920000000000001,0,1,1
AF030170926,1,7,0,Away Team,0.4929,0.49450000000000005,0,1,1
AF030170926,1,7,0,Away Team,0.4929,0.5045000000000001,0,1,1
AF030170926,1,7,6,Away Team,0.4929,0.478,0,1,1
AF030170926,1,7,7,Away Team,0.4083,0.47950000000000004,0,1,1
AF030170926,1,7,7,Home Team,0.409,0.474,0,1,1
AF030170926,1,7,7,Home Team,0.379,0.49200000000000005,0,1,1
AF030170926,1,7,7,Home Team,0.3961,0.49200000000000005,0,1,1
AF030170926,2,7,7,Home Team,0.3918,0.54,0,1,1
AF030170926,2,7,7,Home Team,0.4286,0.5375,0,1,1
AF030170926,2,7,7,Home Team,0.4244,0.531,0,1,1
AF030170926,2,7,7,Home Team,0.45899999999999996,0.5725,0,1,1
AF030170926,2,7,7,Home Team,0.44880000000000003,0.5365,0,1,1
AF030170926,2,7,7,Home Team,0.44530000000000003,0.5095000000000001,0,1,1
AF030170926,2,7,7,Away Team,0.2675,0.35700000000000004,0,1,1
AF030170926,2,7,7,Away Team,0.2813,0.371,0,1,1
AF030170926,2,7,7,Away Team,0.31980000000000003,0.41200000000000003,0,1,1
AF030170926,2,7,7,Away Team,0.2119,0.321,0,1,1
AF030170926,2,7,7,Away Team,0.2094,0.303,0,1,1
AF030170926,2,7,7,Away Team,0.161,0.2675,0,1,1
AF030170926,2,7,7,Home Team,0.39399999999999996,0.498,0,1,1
AF030170926,2,7,7,Home Team,0.3688,0.452,0,1,1
AF030170926,2,7,7,Home Team,0.3688,0.462,0,1,1
AF030170926,2,7,7,Home Team,0.42619999999999997,0.5115,0,1,1
AF030170926,2,7,7,Home Team,0.38299999999999995,0.4725,0,1,1
AF030180926,1,0,0,Home Team,0.5367999999999999,0.4337,1,1,1
AF030180926,1,0,0,Home Team,0.5371,0.4515,1,1,1
AF030180926,1,0,0,Home Team,0.5529999999999999,0.445,1,1,1
AF030180926,1,0,0,Home Team,0.4925,0.4175,1,1,1
AF030180926,1,0,0,Home Team,0.56,0.47950000000000004,1,1,1
AF030180926,1,0,0,Home Team,0.5857,0.4935,1,1,1
AF030180926,1,0,0,Home Team,0.5828,0.4975,1,1,1
AF030180926,1,0,0,Home Team,0.5602,0.4915,1,1,1
AF030180926,1,0,0,Home Team,0.5932,0.507,1,1,1
AF030180926,1,0,0,Home Team,0.6053000000000001,0.546,1,1,1
AF030180926,2,0,0,Home Team,0.6053000000000001,0.5365,1,1,1
AF030180926,2,6,0,Home Team,0.6053000000000001,0.599,1,1,1
AF030180926,2,7,0,Home Team,0.6689,0.6,1,1,1
AF030180926,2,7,0,Away Team,0.6779999999999999,0.608,1,1,1
AF030180926,2,7,0,Away Team,0.6502,0.5920000000000001,1,1,1
AF030180926,2,7,0,Away Team,0.6329,0.595,1,1,1
AF030180926,2,7,0,Away Team,0.6265,0.5868,1,1,1
AF030180926,2,7,0,Away Team,0.6145,0.5670000000000001,1,1,1
AF030180926,2,7,0,Away Team,0.6056,0.579,1,1,1
AF030180926,2,7,0,Away Team,0.6557,0.6108,1,1,1
AF030180926,2,7,0,Away Team,0.5845,0.56,1,1,1
AF030180926,2,7,0,Away Team,0.5854,0.57,1,1,1
AF030180926,2,7,0,Away Team,0.6402,0.623,1,1,1
AF030180926,2,7,0,Away Team,0.6402,0.655,1,1,1
AF030180926,2,7,3,Away Team,0.6981,0.644,1,1,1
AF030180926,2,7,3,Home Team,0.6696,0.6283,1,1,1
AF030180926,2,7,3,Home Team,0.669,0.6135,1,1,1
AF030180926,2,7,3,Home Team,0.669,0.6003000000000001,1,1,1
AF030200926,1,0,0,Home Team,0.4946,0.42450000000000004,1,1,1
AF030200926,1,0,0,Home Team,0.46840000000000004,0.3975,1,1,1
AF030200926,1,6,0,Home Team,0.46840000000000004,0.5675,1,1,1
AF030200926,1,7,0,Home Team,0.5979,0.585,1,1,1
AF030200926,1,7,0,Away Team,0.6185,0.5985,1,1,1
AF030200926,1,7,0,Away Team,0.6142,0.5755,1,1,1
AF030200926,1,7,0,Away Team,0.6209,0.5992999999999999,1,1,1
AF030200926,1,7,0,Away Team,0.6562,0.6065,1,1,1
AF030200926,1,7,0,Away Team,0.5793,0.5725,1,1,1
AF030200926,1,7,0,Away Team,0.6073,0.5715,1,1,1
AF030200926,1,7,0,Away Team,0.5743,0.5745,1,1,1
AF030200926,1,7,0,Away Team,0.5911,0.5875,1,1,1
AF030200926,1,7,0,Away Team,0.5537,0.5579999999999999,1,1,1
AF030200926,1,7,0,Away Team,0.5640999999999999,0.5760000000000001,1,1,1
AF030200926,1,7,0,Away Team,0.5689,0.5820000000000001,1,1,1
AF030200926,1,7,6,Away Team,0.5689,0.474,1,1,1
AF030200926,1,7,7,Away Team,0.5054,0.45899999999999996,1,1,1
AF030200926,2,7,7,Home Team,0.49520000000000003,0.4475,1,1,1
AF030200926,2,7,7,Home Team,0.483,0.4485,1,1,1
AF030200926,2,7,7,Home Team,0.4864,0.45,1,1,1
AF030200926,2,7,7,Home Team,0.4863,0.4587,1,1,1
AF030200926,2,7,7,Home Team,0.5224,0.52,1,1,1
AF030200926,2,7,7,Home Team,0.5173,0.547,1,1,1
AF030200926,2,7,7,Home Team,0.5561,0.561,1,1,1
AF030200926,2,7,7,Home Team,0.544,0.5695,1,1,1
AF030200926,2,7,7,Home Team,0.5436,0.5595,1,1,1
AF030200926,2,13,7,Home Team,0.5436,0.6715000000000001,1,1,1
AF030200926,2,14,7,Home Team,0.6322,0.674,1,1,1
AF030200926,2,14,7,Away Team,0.6446999999999999,0.6829999999999999,1,1,1
AF030200926,2,14,7,Away Team,0.5928,0.6393,1,1,1
AF030200926,2,14,7,Away Team,0.6375,0.66,1,1,1
AF030200926,2,14,7,Away Team,0.6823,0.674,1,1,1
AF030200926,2,14,7,Away Team,0.6823,0.7295,1,1,1
AF030200926,2,14,7,Home Team,0.8184999999999999,0.7795000000000001,1,1,1
AF030220926,1,0,0,Away Team,0.4793,0.6025,1,1,1
AF030220926,1,0,0,Away Team,0.5304,0.6305,1,1,1
AF030220926,1,0,0,Away Team,0.4783,0.5760000000000001,1,1,1
AF030220926,1,0,0,Away Team,0.5178,0.5975,1,1,1
AF030220926,1,0,0,Away Team,0.4854,0.5882999999999999,1,1,1
AF030220926,1,0,0,Away Team,0.46649999999999997,0.563,1,1,1
AF030220926,1,0,0,Home Team,0.5922,0.6409999999999999,1,1,1
AF030220926,1,0,0,Home Team,0.5786,0.618,1,1,1
AF030220926,1,0,0,Home Team,0.5408,0.5870000000000001,1,1,1
AF030220926,1,6,0,Home Team,0.5408,0.799,1,1,1
AF030220926,1,7,0,Home Team,0.7673000000000001,0.7925,1,1,1
AF030220926,1,7,0,Away Team,0.7575,0.7965000000000001,1,1,1
AF030220926,1,7,0,Away Team,0.7834,0.804,1,1,1
AF030220926,1,7,0,Away Team,0.7555,0.7745000000000001,1,1,1
AF030220926,2,7,0,Away Team,0.7841,0.7765000000000001,1,1,1
AF030220926,2,7,0,Away Team,0.745,0.7559999999999999,1,1,1
AF030220926,2,7,0,Away Team,0.7401000000000001,0.773,1,1,1
AF030220926,2,7,0,Away Team,0.742,0.7865000000000001,1,1,1
AF030220926,2,7,0,Away Team,0.7209,0.754,1,1,1
AF030220926,2,7,0,Away Team,0.727,0.75,1,1,1
AF030220926,2,7,0,Away Team,0.7095,0.713,1,1,1
AF030220926,2,7,0,Away Team,0.7247,0.745,1,1,1
AF030220926,2,7,0,Away Team,0.7589,0.7484999999999999,1,1,1
AF030220926,2,7,6,Away Team,0.7589,0.64,1,1,1
AF030220926,2,7,7,Away Team,0.611,0.619,1,1,1
AF030220926,2,7,7,Home Team,0.6121,0.63,1,1,1
AF030220926,2,13,7,Home Team,0.6121,0.892,1,1,1
AF030220926,2,14,7,Home Team,0.8964,0.889,1,1,1
AF031170926,1,0,0,Home Team,0.3665,0.3235,0,1,1
AF031170926,1,6,0,Home Team,0.3665,0.466,0,1,1
AF031170926,1,7,0,Home Team,0.4833,0.45049999999999996,0,1,1
AF031170926,1,7,0,Away Team,0.4705,0.47950000000000004,0,1,1
AF031170926,1,7,6,Away Team,0.4705,0.349,0,1,1
AF031170926,1,7,7,Away Team,0.37200000000000005,0.353,0,1,1
AF031170926,1,7,7,Home Team,0.3642,0.354,0,1,1
AF031170926,1,13,7,Home Team,0.3642,0.4585,0,1,1
AF031170926,1,14,7,Home Team,0.48469999999999996,0.455,0,1,1
AF031170926,1,14,7,Away Team,0.48700000000000004,0.46,0,1,1
AF031170926,1,14,7,Away Team,0.5129,0.44299999999999995,0,1,1
AF031170926,1,14,13,Away Team,0.5129,0.354,0,1,1
AF031170926,1,14,14,Away Team,0.3626,0.34950000000000003,0,1,1
AF031170926,1,14,14,Home Team,0.375,0.354,0,1,1
AF031170926,1,14,14,Home Team,0.38189999999999996,0.36200000000000004,0,1,1
AF031170926,1,14,14,Home Team,0.42100000000000004,0.3875,0,1,1
AF031170926,1,14,14,Home Team,0.4391,0.39299999999999996,0,1,1
AF031170926,1,14,14,Home Team,0.40490000000000004,0.3715,0,1,1
AF031170926,1,14,14,Home Team,0.40490000000000004,0.34450000000000003,0,1,1
AF031170926,1,14,14,Home Team,0.391,0.4155,0,1,1
AF031170926,2,14,14,Home Team,0.4456,0.4335,0,1,1
AF031170926,2,20,14,Home Team,0.4456,0.4685,0,1,1
AF031170926,2,21,14,Home Team,0.5109,0.469,0,1,1
AF031170926,2,21,14,Away Team,0.5146000000000001,0.4635,0,1,1
AF031170926,2,21,14,Away Team,0.5291,0.5145000000000001,0,1,1
AF031170926,2,21,14,Away Team,0.5339,0.515,0,1,1
AF031170926,2,21,14,Away Team,0.5207,0.5035000000000001,0,1,1
AF031170926,2,21,14,Away Team,0.5077,0.469,0,1,1
AF031170926,2,21,14,Away Team,0.5039,0.503,0,1,1
AF031170926,2,21,14,Away Team,0.474,0.465,0,1,1
AF031170926,2,21,14,Away Team,0.5073,0.4775,0,1,1
AF031170926,2,21,14,Away Team,0.4461,0.4465,0,1,1
AF031170926,2,21,14,Away Team,0.494,0.46649999999999997,0,1,1
AF031170926,2,21,20,Away Team,0.494,0.37200000000000005,0,1,1
AF031170926,2,21,21,Away Team,0.43200000000000005,0.3822,0,1,1
AF031170926,2,21,21,Home Team,0.4266,0.36920000000000003,0,1,1
AF031170926,2,21,21,Home Team,0.4057,0.365,0,1,1
AF031170926,2,21,21,Home Team,0.36090000000000005,0.353,0,1,1
AF031170926,2,27,21,Home Team,0.36090000000000005,0.5895,0,1,1
AF031170926,2,28,21,Home Team,0.6355,0.608,0,1,1
AF031170926,2,28,21,Away Team,0.6322,0.602,0,1,1
AF031170926,2,28,21,Away Team,0.6572,0.62,0,1,1
AF031170926,2,28,21,Away Team,0.6849,0.6920000000000001,0,1,1
AF031170926,2,28,21,Home Team,0.6957,0.6365,0,1,1
AF031180926,1,0,0,Away Team,0.5277000000000001,0.45549999999999996,1,1,1
AF031180926,1,0,0,Away Team,0.535,0.4315,1,1,1
AF031180926,1,0,0,Away Team,0.5413,0.4415,1,1,1
AF031180926,1,0,0,Away Team,0.5413,0.5055,1,1,1
AF031180926,1,0,0,Home Team,0.5875,0.5555,1,1,1
AF031180926,1,6,0,Home Team,0.6705,0.677,1,1,1
AF031180926,1,7,0,Home Team,0.778,0.6579999999999999,1,1,1
AF031180926,1,7,0,Away Team,0.7781,0.665,1,1,1
AF031180926,1,7,0,Away Team,0.7672,0.6579999999999999,1,1,1
AF031180926,1,7,0,Away Team,0.7376,0.6095,1,1,1
AF031180926,1,7,0,Home Team,0.8884000000000001,0.8059999999999999,1,1,1
AF031180926,1,7,0,Home Team,0.8915000000000001,0.8195,1,1,1
AF031180926,1,7,0,Away Team,0.8915000000000001,0.6164999999999999,1,1,1
AF031180926,1,7,6,Away Team,0.8915000000000001,0.603,1,1,1
AF031180926,1,7,7,Away Team,0.6808,0.605,1,1,1
AF031180926,1,7,7,Home Team,0.6838,0.601,1,1,1
AF031180926,2,7,7,Home Team,0.6739,0.5995,1,1,1
AF031180926,2,7,7,Home Team,0.5891,0.5275,1,1,1
AF031180926,2,7,7,Home Team,0.716,0.6375,1,1,1
AF031180926,2,7,7,Home Team,0.7206,0.6629999999999999,1,1,1
AF031180926,2,7,7,Home Team,0.7051000000000001,0.5965,1,1,1
AF031180926,2,7,7,Home Team,0.6914,0.606,1,1,1
AF031180926,2,7,7,Home Team,0.7861,0.6915,1,1,1
AF031180926,2,13,7,Home Team,0.7861,0.7645000000000001,1,1,1
AF031180926,2,14,7,Home Team,0.8262,0.747,1,1,1
AF031180926,2,14,7,Away Team,0.8146,0.748,1,1,1
AF031180926,2,14,7,Away Team,0.7967,0.75,1,1,1
AF031180926,2,14,7,Away Team,0.794,0.71,1,1,1
AF031180926,2,14,7,Away Team,0.8079999999999999,0.738,1,1,1
AF031180926,2,14,7,Home Team,0.9193000000000001,0.8534999999999999,1,1,1
AF031180926,2,14,7,Home Team,0.9146,0.835,1,1,1
AF031180926,2,14,7,Home Team,0.9164,0.8484999999999999,1,1,1
AF031190926,1,0,0,Away Team,0.5635,0.5865,1,1,1
AF031190926,1,0,0,Away Team,0.5736,0.568,1,1,1
AF031190926,1,0,0,Away Team,0.5756,0.6,1,1,1
AF031190926,1,0,0,Home Team,0.7548,0.716,1,1,1
AF031190926,1,6,0,Home Team,0.7548,0.7905,1,1,1
AF031190926,1,7,0,Home Team,0.8073,0.7795000000000001,1,1,1
AF031190926,1,7,0,Away Team,0.8029999999999999,0.8,1,1,1
AF031190926,1,7,0,Away Team,0.8076000000000001,0.785,1,1,1
AF031190926,1,7,0,Away Team,0.7887000000000001,0.7665000000000001,1,1,1
AF031190926,1,7,0,Away Team,0.8140999999999999,0.8005,1,1,1
AF031190926,1,7,0,Away Team,0.8291,0.8075,1,1,1
AF031190926,1,7,6,Away Team,0.8291,0.6829999999999999,1,1,1
AF031190926,1,7,7,Away Team,0.7121,0.6975,1,1,1
AF031190926,1,7,7,Home Team,0.7156,0.693,1,1,1
AF031190926,1,7,7,Home Team,0.7312000000000001,0.7140000000000001,1,1,1
AF031190926,2,7,7,Home Team,0.757,0.7509999999999999,1,1,1
AF031190926,2,7,7,Home Team,0.7411,0.732,1,1,1
AF031190926,2,7,7,Away Team,0.5483,0.5235,1,1,1
AF031190926,2,7,7,Away Team,0.5465,0.5095000000000001,1,1,1
AF031190926,2,7,7,Away Team,0.5324,0.5105,1,1,1
AF031190926,2,7,7,Away Team,0.49810000000000004,0.498,1,1,1
AF031190926,2,7,7,Away Team,0.46380000000000005,0.46399999999999997,1,1,1
AF031190926,2,7,7,Away Team,0.4878,0.47700000000000004,1,1,1
AF031190926,2,7,7,Away Team,0.511,0.4975,1,1,1
AF031190926,2,7,7,Away Team,0.4144,0.441,1,1,1
AF031190926,2,7,7,Away Team,0.3839,0.397,1,1,1
AF031190926,2,7,7,Away Team,0.3839,0.405,1,1,1
AF031190926,2,7,13,Away Team,0.3925,0.308,1,1,1
AF031190926,2,7,14,Away Team,0.2907,0.292,1,1,1
AF031200926,1,0,0,Away Team,0.5836,0.56,1,1,1
AF031200926,1,0,0,Away Team,0.613,0.5660000000000001,1,1,1
AF031200926,1,0,0,Away Team,0.6479,0.6154999999999999,1,1,1
AF031200926,1,0,0,Away Team,0.6479,0.6895,1,1,1
AF031200926,1,0,0,Home Team,0.6659999999999999,0.6579999999999999,1,1,1
AF031200926,1,0,0,Home Team,0.7204,0.6609999999999999,1,1,1
AF031200926,1,0,0,Away Team,0.5572,0.514,1,1,1
AF031200926,1,0,0,Away Team,0.5677,0.5529999999999999,1,1,1
AF031200926,1,0,0,Away Team,0.5204,0.4875,1,1,1
AF031200926,1,0,0,Away Team,0.5103,0.4907,1,1,1
AF031200926,1,0,0,Away Team,0.5325,0.5215,1,1,1
AF031200926,1,0,6,Away Team,0.5325,0.42100000000000004,1,1,1
AF031200926,1,0,7,Away Team,0.45909999999999995,0.41850000000000004,1,1,1
AF031200926,1,0,7,Home Team,0.462,0.431,1,1,1
AF031200926,1,0,7,Home Team,0.48,0.4625,1,1,1
AF031200926,2,0,7,Home Team,0.5019,0.46799999999999997,1,1,1
AF031200926,2,0,7,Home Team,0.4778,0.4365,1,1,1
AF031200926,2,0,7,Home Team,0.4586,0.43770000000000003,1,1,1
AF031200926,2,0,7,Home Team,0.4586,0.4125,1,1,1
AF031200926,2,0,7,Home Team,0.4654,0.4935,1,1,1
AF031200926,2,0,7,Home Team,0.5329,0.4635,1,1,1
AF031200926,2,6,7,Home Team,0.5329,0.512,1,1,1
AF031200926,2,7,7,Home Team,0.5455,0.5105,1,1,1
AF031200926,2,7,7,Away Team,0.5615,0.5325,1,1,1
AF031200926,2,7,7,Away Team,0.5768,0.5515,1,1,1
AF031200926,2,7,7,Away Team,0.5590999999999999,0.5155,1,1,1
AF031200926,2,7,7,Away Team,0.5192,0.5113,1,1,1
AF031200926,2,7,7,Away Team,0.5113,0.4985,1,1,1
AF031200926,2,7,7,Away Team,0.5301,0.5168,1,1,1
AF031200926,2,7,7,Away Team,0.5301,0.573,1,1,1
AF031200926,2,7,10,Away Team,0.5787,0.527,1,1,1
AF031200926,2,7,10,Home Team,0.5418,0.5145000000000001,1,1,1
AF031200926,2,7,10,Home Team,0.5101,0.49,1,1,1
AF031200926,2,7,10,Home Team,0.5025999999999999,0.375,1,1,1
AF031210926,1,0,0,Away Team,0.4175,0.207,0,1,1
AF031210926,1,0,0,Away Team,0.42719999999999997,0.196,0,1,1
AF031210926,1,0,0,Away Team,0.43560000000000004,0.20550000000000002,0,1,1
AF031210926,1,0,0,Away Team,0.4073,0.195,0,1,1
AF031210926,1,0,0,Away Team,0.4073,0.17550000000000002,0,1,1
AF031210926,1,0,6,Away Team,0.4073,0.1525,0,1,1
AF031210926,1,0,7,Away Team,0.3283,0.1545,0,1,1
AF031210926,1,0,7,Home Team,0.3298,0.15,0,1,1
AF031210926,1,0,7,Home Team,0.36229999999999996,0.17300000000000001,0,1,1
AF031210926,1,0,7,Home Team,0.314,0.145,0,1,1
AF031210926,1,0,7,Home Team,0.2562,0.1085,0,1,1
AF031210926,2,0,7,Home Team,0.2562,0.087,0,1,1
AF031210926,2,0,7,Away Team,0.2984,0.08449999999999999,0,1,1
AF031210926,2,0,7,Away Team,0.2053,0.06849999999999999,0,1,1
AF031210926,2,0,7,Away Team,0.1932,0.0745,0,1,1
AF031210926,2,0,7,Away Team,0.2198,0.09449999999999999,0,1,1
AF031210926,2,0,7,Away Team,0.15710000000000002,0.057999999999999996,0,1,1
AF031210926,2,0,7,Away Team,0.1284,0.044500000000000005,0,1,1
AF031210926,2,0,13,Away Team,0.1284,0.04,0,1,1
AF031210926,2,0,14,Away Team,0.1107,0.040999999999999995,0,1,1
AF031210926,2,0,14,Home Team,0.10880000000000001,0.0425,0,1,1
AF031210926,2,0,14,Home Team,0.1144,0.0325,0,1,1
AF031210926,2,0,14,Home Team,0.0932,0.0245,0,1,1
AF031210926,2,0,14,Home Team,0.0932,0.025,0,1,1
AF031210926,2,0,14,Away Team,0.11380000000000001,0.011000000000000001,0,1,1
AF031210926,2,0,14,Away Team,0.08,0.01,0,1,1
AF031210926,2,0,14,Away Team,0.08,0.0125,0,1,1
AF031210926,2,0,14,Away Team,0.08,0.0125,0,1,1
AF031210926,2,0,14,Away Team,0.08,0.0115,0,1,1
AF031220926,1,0,0,Home Team,0.5329,0.48100000000000004,1,1,1
AF031220926,1,0,0,Home Team,0.5623,0.4885,1,1,1
AF031220926,1,0,0,Home Team,0.528,0.47700000000000004,1,1,1
AF031220926,1,0,0,Home Team,0.4415,0.415,1,1,1
AF031220926,1,0,0,Home Team,0.5627,0.5095000000000001,1,1,1
AF031220926,1,0,0,Home Team,0.5832,0.5275,1,1,1
AF031220926,1,0,0,Home Team,0.6049,0.5479999999999999,1,1,1
AF031220926,1,6,0,Home Team,0.6049,0.5954999999999999,1,1,1
AF031220926,1,7,0,Home Team,0.6535,0.6085,1,1,1
AF031220926,1,7,0,Away Team,0.6609,0.602,1,1,1
AF031220926,1,7,0,Away Team,0.6797,0.6175,1,1,1
AF031220926,1,7,0,Away Team,0.7023,0.66,1,1,1
AF031220926,1,7,0,Away Team,0.6291,0.565,1,1,1
AF031220926,2,7,0,Away Team,0.6137,0.5605,1,1,1
AF031220926,2,7,6,Away Team,0.6137,0.517,1,1,1
AF031220926,2,7,7,Away Team,0.536,0.529,1,1,1
AF031220926,2,7,7,Home Team,0.5489999999999999,0.495,1,1,1
AF031220926,2,7,7,Home Team,0.5432,0.526,1,1,1
AF031220926,2,7,7,Home Team,0.5275,0.5175,1,1,1
AF031220926,2,7,7,Home Team,0.5707,0.55,1,1,1
AF031220926,2,7,7,Home Team,0.5746,0.5595,1,1,1
AF031220926,2,7,7,Home Team,0.6123,0.5675,1,1,1
AF031220926,2,7,7,Home Team,0.6123,0.644,1,1,1
AF031220926,2,7,7,Home Team,0.6302,0.636,1,1,1
AF031220926,2,7,7,Home Team,0.6013000000000001,0.644,1,1,1
AF031220926,2,13,7,Home Team,0.6013000000000001,0.738,1,1,1
AF031220926,2,14,7,Home Team,0.7617,0.7340000000000001,1,1,1
AF031220926,2,14,7,Away Team,0.758,0.7275,1,1,1
AF031220926,2,14,7,Away Team,0.7648999999999999,0.7535,1,1,1
AF032170926,1,0,0,Home Team,0.45549999999999996,0.414,0,1,1
AF032170926,1,0,0,Home Team,0.4593,0.41350000000000003,0,1,1
AF032170926,1,0,0,Home Team,0.4044,0.38299999999999995,0,1,1
AF032170926,1,0,0,Home Team,0.47509999999999997,0.4525,0,1,1
AF032170926,1,0,0,Home Team,0.48,0.45549999999999996,0,1,1
AF032170926,1,0,0,Home Team,0.466,0.43200000000000005,0,1,1
AF032170926,1,0,0,Home Team,0.466,0.413,0,1,1
AF032170926,1,3,0,Home Team,0.4119,0.435,0,1,1
AF032170926,1,3,0,Away Team,0.41700000000000004,0.41600000000000004,0,1,1
AF032170926,1,3,6,Away Team,0.41700000000000004,0.2895,0,1,1
AF032170926,1,3,7,Away Team,0.27449999999999997,0.2805,0,1,1
AF032170926,1,3,7,Home Team,0.2782,0.2845,0,1,1
AF032170926,1,3,7,Home Team,0.3077,0.325,0,1,1
AF032170926,1,3,7,Home Team,0.3161,0.3287,0,1,1
AF032170926,2,3,7,Home Team,0.32689999999999997,0.3337,0,1,1
AF032170926,2,3,7,Home Team,0.315,0.345,0,1,1
AF032170926,2,3,7,Home Team,0.3452,0.3345,0,1,1
AF032170926,2,3,7,Home Team,0.3312,0.3395,0,1,1
AF032170926,2,3,7,Home Team,0.3059,0.295,0,1,1
AF032170926,2,3,7,Home Team,0.3059,0.2505,0,1,1
AF032170926,2,6,7,Home Team,0.2729,0.289,0,1,1
AF032170926,2,6,7,Away Team,0.2722,0.29350000000000004,0,1,1
AF032170926,2,6,7,Away Team,0.2564,0.26899999999999996,0,1,1
AF032170926,2,6,7,Away Team,0.2268,0.21899999999999997,0,1,1
AF032170926,2,6,7,Away Team,0.23260000000000003,0.21850000000000003,0,1,1
AF032170926,2,6,7,Away Team,0.23070000000000002,0.223,0,1,1
AF032170926,2,6,7,Away Team,0.192,0.20199999999999999,0,1,1
AF032170926,2,6,7,Away Team,0.192,0.20800000000000002,0,1,1
AF032170926,2,6,7,Away Team,0.156,0.2225,0,1,1
AF032180926,1,0,0,Away Team,0.4894,0.43700000000000006,0,1,1
AF032180926,1,0,0,Away Team,0.5009,0.457,0,1,1
AF032180926,1,0,0,Away Team,0.4866,0.42450000000000004,0,1,1
AF032180926,1,0,0,Away Team,0.4932,0.45799999999999996,0,1,1
AF032180926,1,0,6,Away Team,0.4932,0.28550000000000003,0,1,1
AF032180926,1,0,7,Away Team,0.35109999999999997,0.3035,0,1,1
AF032180926,1,0,7,Home Team,0.3519,0.3075,0,1,1
AF032180926,1,0,7,Home Team,0.3296,0.302,0,1,1
AF032180926,1,0,7,Home Team,0.3054,0.2575,0,1,1
AF032180926,1,0,7,Home Team,0.3054,0.23850000000000002,0,1,1
AF032180926,1,0,7,Home Team,0.3131,0.305,0,1,1
AF032180926,1,0,7,Home Team,0.3704,0.32049999999999995,0,1,1
AF032180926,1,0,7,Home Team,0.3678,0.324,0,1,1
AF032180926,1,0,7,Home Team,0.3696,0.327,0,1,1
AF032180926,2,0,7,Home Team,0.3533,0.26899999999999996,0,1,1
AF032180926,2,0,7,Home Team,0.3923,0.35600000000000004,0,1,1
AF032180926,2,0,7,Home Team,0.3932,0.32799999999999996,0,1,1
AF032180926,2,0,7,Home Team,0.36329999999999996,0.298,0,1,1
AF032180926,2,6,7,Home Team,0.36329999999999996,0.4235,0,1,1
AF032180926,2,7,7,Home Team,0.45659999999999995,0.4177,0,1,1
AF032180926,2,7,7,Away Team,0.4642,0.4382,0,1,1
AF032180926,2,7,7,Away Team,0.5036,0.43420000000000003,0,1,1
AF032180926,2,7,7,Away Team,0.46270000000000006,0.3725,0,1,1
AF032180926,2,7,7,Away Team,0.4561,0.3785,0,1,1
AF032180926,2,7,7,Away Team,0.4661,0.39549999999999996,0,1,1
AF032180926,2,7,13,Away Team,0.4661,0.2256,0,1,1
AF032180926,2,7,14,Away Team,0.2601,0.2175,0,1,1
AF032180926,2,7,14,Home Team,0.268,0.209,0,1,1
AF032180926,2,7,14,Home Team,0.3119,0.3025,0,1,1
AF032180926,2,7,14,Home Team,0.3119,0.185,0,1,1
AF032200926,1,0,0,Home Team,0.5189,0.5185,1,1,1
AF032200926,1,6,0,Home Team,0.5189,0.6855,1,1,1
AF032200926,1,7,0,Home Team,0.6197,0.672,1,1,1
AF032200926,1,7,6,Away Team,0.6197,0.46799999999999997,1,1,1
AF032200926,1,7,7,Away Team,0.5053,0.5455,1,1,1
AF032200926,1,7,7,Home Team,0.504,0.5255,1,1,1
AF032200926,1,7,7,Home Team,0.4984,0.517,1,1,1
AF032200926,1,7,7,Home Team,0.4732,0.5045000000000001,1,1,1
AF032200926,1,7,7,Home Team,0.4732,0.48700000000000004,1,1,1
AF032200926,1,7,7,Home Team,0.46759999999999996,0.5385,1,1,1
AF032200926,1,13,7,Home Team,0.5342,0.6795,1,1,1
AF032200926,1,14,7,Home Team,0.6123,0.6920000000000001,1,1,1
AF032200926,1,14,7,Away Team,0.6288,0.7075,1,1,1
AF032200926,1,14,7,Away Team,0.6349,0.6895,1,1,1
AF032200926,1,14,7,Away Team,0.5987,0.6695,1,1,1
AF032200926,1,14,7,Away Team,0.5761999999999999,0.6075,1,1,1
AF032200926,2,14,7,Away Team,0.5556,0.5845,1,1,1
AF032200926,2,14,7,Away Team,0.568,0.593,1,1,1
AF032200926,2,14,7,Away Team,0.6039,0.618,1,1,1
AF032200926,2,14,7,Away Team,0.6039,0.675,1,1,1
AF032200926,2,14,13,Away Team,0.6428,0.557,1,1,1
AF032200926,2,14,13,Away Team,0.6428,0.596,1,1,1
AF032200926,2,14,13,Home Team,0.5732,0.5882999999999999,1,1,1
AF032200926,2,14,13,Home Team,0.5787,0.6245,1,1,1
AF032200926,2,14,13,Home Team,0.5777,0.6015,1,1,1
AF032200926,2,14,13,Home Team,0.6078,0.6345000000000001,1,1,1
AF032200926,2,14,13,Home Team,0.6149,0.6445000000000001,1,1,1
AF032200926,2,14,13,Home Team,0.5968,0.6395000000000001,1,1,1
AF032200926,2,14,13,Home Team,0.6411,0.688,1,1,1
AF032200926,2,14,13,Home Team,0.6383,0.7034999999999999,1,1,1
AF032200926,2,14,13,Home Team,0.6596,0.7045,1,1,1
AF032200926,2,20,13,Home Team,0.6596,0.7515000000000001,1,1,1
AF032200926,2,21,13,Home Team,0.6839,0.7535,1,1,1
AF032200926,2,21,13,Home Team,0.8908,0.9055,1,1,1
AF032200926,2,21,13,Home Team,0.9201,0.9245,1,1,1
AF032200926,2,21,13,Home Team,0.9336,0.929,1,1,1
AF032200926,2,27,13,Home Team,0.9336,0.966,1,1,1
AF032200926,2,28,13,Home Team,0.9639,0.9634999999999999,1,1,1
AF032200926,2,28,13,Away Team,0.9656999999999999,0.9675,1,1,1
AF032210926,1,0,0,Home Team,0.5720000000000001,0.5203,1,1,1
AF032210926,1,6,0,Home Team,0.5720000000000001,0.6875,1,1,1
AF032210926,1,7,0,Home Team,0.6919,0.6995,1,1,1
AF032210926,1,7,0,Away Team,0.6962999999999999,0.7004,1,1,1
AF032210926,1,7,0,Away Team,0.6914,0.6865000000000001,1,1,1
AF032210926,1,7,0,Away Team,0.6873,0.682,1,1,1
AF032210926,1,7,0,Away Team,0.7021,0.6815000000000001,1,1,1
AF032210926,1,7,0,Away Team,0.6893,0.6865000000000001,1,1,1
AF032210926,1,7,0,Away Team,0.6733,0.6765000000000001,1,1,1
AF032210926,1,7,0,Away Team,0.7143999999999999,0.7095,1,1,1
AF032210926,1,7,0,Away Team,0.7683,0.77,1,1,1
AF032210926,2,7,0,Away Team,0.6403,0.6258,1,1,1
AF032210926,2,7,0,Away Team,0.667,0.6335000000000001,1,1,1
AF032210926,2,7,0,Away Team,0.7042,0.677,1,1,1
AF032210926,2,7,0,Away Team,0.6312,0.6265,1,1,1
AF032210926,2,7,0,Away Team,0.6363,0.6355,1,1,1
AF032210926,2,7,0,Away Team,0.6638,0.6895,1,1,1
AF032210926,2,7,6,Away Team,0.6638,0.5183,1,1,1
AF032210926,2,7,7,Away Team,0.5903,0.5193,1,1,1
AF032210926,2,7,7,Home Team,0.5852,0.5353,1,1,1
AF032210926,2,7,7,Home Team,0.6733,0.664,1,1,1
AF032210926,2,7,7,Home Team,0.6733,0.695,1,1,1
AF032210926,2,7,7,Home Team,0.6833,0.6945,1,1,1
AF032210926,2,7,7,Home Team,0.6833,0.622,1,1,1
AF032210926,2,10,7,Home Team,0.6833,0.623,1,1,1
AF032220926,1,0,0,Away Team,0.49829999999999997,0.594,0,1,1
AF032220926,1,0,0,Away Team,0.4968,0.6045,0,1,1
AF032220926,1,0,0,Away Team,0.462,0.564,0,1,1
AF032220926,1,0,0,Away Team,0.4288,0.507,0,1,1
AF032220926,1,0,0,Away Team,0.4484,0.5395,0,1,1
AF032220926,1,0,0,Away Team,0.43670000000000003,0.5275,0,1,1
AF032220926,1,0,6,Away Team,0.43670000000000003,0.4395,0,1,1
AF032220926,1,0,7,Away Team,0.3674,0.4155,0,1,1
AF032220926,1,0,7,Home Team,0.3591,0.4107,0,1,1
AF032220926,1,0,7,Home Team,0.3554,0.409,0,1,1
AF032220926,1,0,7,Home Team,0.3734,0.46,0,1,1
AF032220926,2,0,7,Home Team,0.3812,0.4155,0,1,1
AF032220926,2,0,7,Home Team,0.3951,0.43200000000000005,0,1,1
AF032220926,2,0,7,Home Team,0.3951,0.34450000000000003,0,1,1
AF032220926,2,0,7,Away Team,0.1891,0.2595,0,1,1
AF032220926,2,0,7,Away Team,0.17850000000000002,0.2245,0,1,1
AF032220926,2,0,7,Away Team,0.1604,0.20800000000000002,0,1,1
AF032220926,2,0,7,Away Team,0.1663,0.22649999999999998,0,1,1
AF032220926,2,0,7,Away Team,0.18539999999999998,0.2275,0,1,1
AF032220926,2,0,7,Away Team,0.18539999999999998,0.24100000000000002,0,1,1
AF032220926,2,0,13,Away Team,0.2159,0.14300000000000002,0,1,1
AF032220926,2,0,14,Away Team,0.2159,0.1515,0,1,1
AF032220926,2,0,14,Home Team,0.1284,0.146,0,1,1
AF032220926,2,0,14,Home Team,0.1284,0.168,0,1,1
AF032220926,2,0,14,Home Team,0.1566,0.207,0,1,1
AF032220926,2,6,14,Home Team,0.1566,0.2375,0,1,1
AF032220926,2,7,14,Home Team,0.1826,0.23850000000000002,0,1,1
AF032220926,2,7,14,Away Team,0.1702,0.2395,0,1,1
AF032220926,2,7,14,Away Team,0.18309999999999998,0.2305,0,1,1
AF032220926,2,7,14,Away Team,0.18420000000000003,0.2345,0,1,1
AF032220926,2,7,14,Away Team,0.18420000000000003,0.27449999999999997,0,1,1
AF032220926,2,7,14,Home Team,0.20079999999999998,0.282,0,1,1
AF032220926,2,7,14,Home Team,0.39630000000000004,0.25,0,1,1
AF033170926,1,0,0,Home Team,0.5033,0.6035,0,1,1
AF033170926,1,0,0,Home Team,0.4746,0.5875,0,1,1
AF033170926,1,0,0,Home Team,0.5152,0.6145,0,1,1
AF033170926,1,0,0,Home Team,0.5036999999999999,0.614,0,1,1
AF033170926,1,0,0,Home Team,0.4757,0.575,0,1,1
AF033170926,1,0,0,Home Team,0.4757,0.489,0,1,1
AF033170926,1,0,0,Away Team,0.4757,0.473,0,1,1
AF033170926,1,0,0,Away Team,0.3188,0.4635,0,1,1
AF033170926,1,0,0,Away Team,0.3494,0.46799999999999997,0,1,1
AF033170926,1,0,0,Away Team,0.4143,0.514,0,1,1
AF033170926,2,0,6,Away Team,0.4143,0.326,0,1,1
AF033170926,2,0,7,Away Team,0.2348,0.3175,0,1,1
AF033170926,2,0,7,Home Team,0.2255,0.322,0,1,1
AF033170926,2,0,7,Home Team,0.2116,0.307,0,1,1
AF033170926,2,0,7,Home Team,0.2116,0.2915,0,1,1
AF033170926,2,0,7,Home Team,0.23670000000000002,0.32,0,1,1
AF033170926,2,0,7,Home Team,0.2364,0.311,0,1,1
AF033170926,2,6,7,Home Team,0.2364,0.41450000000000004,0,1,1
AF033170926,2,7,7,Home Team,0.2859,0.42700000000000005,0,1,1
AF033170926,2,7,7,Away Team,0.293,0.423,0,1,1
AF033170926,2,7,7,Away Team,0.3191,0.429,0,1,1
AF033170926,2,7,7,Away Team,0.2596,0.381,0,1,1
AF033170926,2,7,7,Away Team,0.2366,0.322,0,1,1
AF033170926,2,7,7,Away Team,0.2173,0.3115,0,1,1
AF033170926,2,7,7,Away Team,0.2278,0.297,0,1,1
AF033170926,2,7,7,Away Team,0.2278,0.3135,0,1,1
AF033170926,2,7,7,Away Team,0.2559,0.418,0,1,1
AF033170926,2,7,10,Away Team,0.3089,0.371,0,1,1
AF033170926,2,7,10,Home Team,0.24960000000000002,0.3775,0,1,1
AF033170926,2,7,10,Home Team,0.3099,0.35100000000000003,0,1,1
AF033180926,1,0,0,Away Team,0.5082,0.45899999999999996,1,1,1
AF033180926,1,0,0,Away Team,0.5015,0.4375,1,1,1
AF033180926,1,0,0,Away Team,0.4894,0.4165,1,1,1
AF033180926,1,0,0,Away Team,0.4569,0.4375,1,1,1
AF033180926,1,0,0,Away Team,0.4639,0.41950000000000004,1,1,1
AF033180926,1,0,0,Away Team,0.4547,0.441,1,1,1
AF033180926,1,0,0,Away Team,0.4547,0.3715,1,1,1
AF033180926,1,0,6,Away Team,0.4547,0.376,1,1,1
AF033180926,1,0,7,Away Team,0.3861,0.3685,1,1,1
AF033180926,1,0,7,Home Team,0.389,0.35350000000000004,1,1,1
AF033180926,1,6,7,Home Team,0.389,0.4485,1,1,1
AF033180926,1,7,7,Home Team,0.5083,0.442,1,1,1
AF033180926,1,7,7,Away Team,0.5039,0.45299999999999996,1,1,1
AF033180926,2,7,7,Away Team,0.5276,0.439,1,1,1
AF033180926,2,7,7,Away Team,0.5019,0.4425,1,1,1
AF033180926,2,7,7,Away Team,0.5182,0.45399999999999996,1,1,1
AF033180926,2,7,7,Away Team,0.5379999999999999,0.461,1,1,1
AF033180926,2,7,7,Away Team,0.5379999999999999,0.6145,1,1,1
AF033180926,2,7,7,Home Team,0.7265999999999999,0.6645,1,1,1
AF033180926,2,7,7,Home Team,0.7178,0.6775,1,1,1
AF033180926,2,7,7,Home Team,0.7012,0.6779999999999999,1,1,1
AF033180926,2,13,7,Home Team,0.7012,0.758,1,1,1
AF033180926,2,14,7,Home Team,0.8029999999999999,0.738,1,1,1
AF033180926,2,14,7,Away Team,0.8015000000000001,0.7505,1,1,1
AF033180926,2,14,7,Away Team,0.8116,0.754,1,1,1
AF033180926,2,14,7,Away Team,0.7867000000000001,0.7425,1,1,1
AF033180926,2,14,7,Away Team,0.7431,0.7034999999999999,1,1,1
AF033180926,2,14,7,Away Team,0.7373000000000001,0.6955,1,1,1
AF033180926,2,14,7,Away Team,0.7168000000000001,0.693,1,1,1
AF033180926,2,14,7,Away Team,0.7121999999999999,0.73,1,1,1
AF033180926,2,14,13,Away Team,0.7121999999999999,0.575,1,1,1
AF033180926,2,14,14,Away Team,0.6324000000000001,0.5775,1,1,1
AF033180926,2,14,14,Home Team,0.6356,0.574,1,1,1
AF033190926,1,0,0,Home Team,0.5614,0.5085000000000001,1,1,1
AF033190926,1,0,0,Home Team,0.5740999999999999,0.5345,1,1,1
AF033190926,1,0,0,Home Team,0.5870000000000001,0.539,1,1,1
AF033190926,1,0,0,Home Team,0.5936,0.5338,1,1,1
AF033190926,1,0,0,Home Team,0.5949,0.5583,1,1,1
AF033190926,1,0,0,Home Team,0.6013000000000001,0.5718,1,1,1
AF033190926,1,0,0,Home Team,0.6013000000000001,0.563,1,1,1
AF033190926,1,0,0,Home Team,0.6009,0.564,1,1,1
AF033190926,1,0,0,Home Team,0.6164999999999999,0.5828,1,1,1
AF033190926,1,0,0,Home Team,0.6381,0.605,1,1,1
AF033190926,2,0,0,Home Team,0.6472,0.5915,1,1,1
AF033190926,2,6,0,Home Team,0.6472,0.67,1,1,1
AF033190926,2,7,0,Home Team,0.6472,0.65,1,1,1
AF033190926,2,7,0,Away Team,0.6855,0.649,1,1,1
AF033190926,2,7,0,Away Team,0.6862,0.6525,1,1,1
AF033190926,2,7,0,Away Team,0.6811,0.6595,1,1,1
AF033190926,2,7,0,Away Team,0.6781999999999999,0.6525,1,1,1
AF033190926,2,7,0,Away Team,0.703,0.6715000000000001,1,1,1
AF033190926,2,7,0,Home Team,0.8306,0.8215,1,1,1
AF033190926,2,7,0,Home Team,0.8192,0.8029999999999999,1,1,1
AF033190926,2,7,0,Home Team,0.8551000000000001,0.8355,1,1,1
AF033190926,2,7,0,Home Team,0.8386,0.8205,1,1,1
AF033190926,2,7,0,Home Team,0.8386,0.8134999999999999,1,1,1
AF033190926,2,7,0,Home Team,0.8765999999999999,0.857,1,1,1
AF033190926,2,7,0,Home Team,0.8517,0.8454999999999999,1,1,1
AF033190926,2,7,0,Home Team,0.8509,0.8234999999999999,1,1,1
AF033190926,2,7,0,Home Team,0.9033,0.883,1,1,1
AF033190926,2,7,0,Home Team,0.9251,0.898,1,1,1
AF033190926,2,7,0,Home Team,0.9251,0.894,1,1,1
AF033190926,2,7,0,Home Team,0.9251,0.8855,1,1,1
AF033190926,2,7,0,Home Team,0.9251,0.8590000000000001,1,1,1
AF033190926,2,10,0,Home Team,0.9251,0.8704999999999999,1,1,1
AF033190926,2,10,0,Away Team,0.9023,0.8725,1,1,1
AF033200926,1,0,0,Away Team,0.5235,0.648,1,1,1
AF033200926,1,0,0,Away Team,0.5232,0.665,1,1,1
AF033200926,1,0,0,Away Team,0.562,0.6755,1,1,1
AF033200926,1,0,0,Home Team,0.7234999999999999,0.805,1,1,1
AF033200926,1,0,0,Home Team,0.7391,0.8284999999999999,1,1,1
AF033200926,1,6,0,Home Team,0.7391,0.8565,1,1,1
AF033200926,1,7,0,Home Team,0.7716,0.8504999999999999,1,1,1
AF033200926,1,7,0,Away Team,0.7903,0.8504999999999999,1,1,1
AF033200926,1,7,0,Away Team,0.7818999999999999,0.8595,1,1,1
AF033200926,1,7,0,Away Team,0.7786,0.8540000000000001,1,1,1
AF033200926,1,7,0,Away Team,0.7661,0.8365,1,1,1
AF033200926,1,7,6,Away Team,0.7661,0.773,1,1,1
AF033200926,1,7,7,Away Team,0.6840999999999999,0.7865000000000001,1,1,1
AF033200926,1,7,7,Home Team,0.6933,0.7605,1,1,1
AF033200926,1,7,7,Home Team,0.6623,0.778,1,1,1
AF033200926,1,7,7,Home Team,0.6779999999999999,0.7755,1,1,1
AF033200926,2,7,7,Home Team,0.655,0.767,1,1,1
AF033200926,2,7,7,Home Team,0.7101000000000001,0.7995,1,1,1
AF033200926,2,7,7,Home Team,0.7103,0.7955,1,1,1
AF033200926,2,7,7,Home Team,0.7103,0.8240000000000001,1,1,1
AF033200926,2,7,7,Home Team,0.7103,0.8109999999999999,1,1,1
AF033200926,2,7,7,Home Team,0.7103,0.8105,1,1,1
AF033200926,2,7,7,Home Team,0.7103,0.743,1,1,1
AF033200926,2,13,7,Home Team,0.7103,0.8355,1,1,1
AF033200926,2,14,7,Home Team,0.7103,0.847,1,1,1
AF033200926,2,14,7,Away Team,0.7885,0.8425,1,1,1
AF033200926,2,14,7,Away Team,0.7825,0.867,1,1,1
AF033200926,2,14,7,Away Team,0.8162999999999999,0.8785,1,1,1
AF033200926,2,14,7,Away Team,0.77,0.8545,1,1,1
AF033200926,2,14,7,Away Team,0.7592,0.8315,1,1,1
AF033200926,2,14,7,Away Team,0.754,0.8140000000000001,1,1,1
AF033200926,2,14,7,Away Team,0.7762,0.828,1,1,1
AF033200926,2,14,7,Away Team,0.765,0.8245,1,1,1
AF033200926,2,14,7,Away Team,0.765,0.861,1,1,1
AF033200926,2,14,10,Away Team,0.8008,0.853,1,1,1
AF033200926,2,14,10,Home Team,0.8297,0.865,1,1,1
AF033200926,2,14,10,Home Team,0.89,0.917,1,1,1
AF033210926,1,0,0,Away Team,0.43520000000000003,0.33399999999999996,0,1,1
AF033210926,1,0,0,Away Team,0.43439999999999995,0.3275,0,1,1
AF033210926,1,0,0,Away Team,0.41450000000000004,0.32549999999999996,0,1,1
AF033210926,1,0,0,Away Team,0.415,0.311,0,1,1
AF033210926,1,0,0,Away Team,0.40090000000000003,0.309,0,1,1
AF033210926,1,0,0,Away Team,0.3892,0.2905,0,1,1
AF033210926,1,0,0,Away Team,0.4067,0.3195,0,1,1
AF033210926,1,0,0,Away Team,0.4324,0.33149999999999996,0,1,1
AF033210926,1,0,0,Away Team,0.3714,0.2845,0,1,1
AF033210926,2,0,0,Away Team,0.39770000000000005,0.3045,0,1,1
AF033210926,2,0,0,Away Team,0.39770000000000005,0.26649999999999996,0,1,1
AF033210926,2,0,6,Away Team,0.39770000000000005,0.24850000000000003,0,1,1
AF033210926,2,0,7,Away Team,0.3165,0.258,0,1,1
AF033210926,2,0,7,Home Team,0.3127,0.248,0,1,1
AF033210926,2,0,7,Home Team,0.3191,0.2365,0,1,1
AF033210926,2,0,7,Home Team,0.3261,0.23600000000000002,0,1,1
AF033210926,2,0,7,Home Team,0.3261,0.1805,0,1,1
AF033210926,2,0,7,Home Team,0.3132,0.2635,0,1,1
AF033210926,2,0,7,Home Team,0.3447,0.261,0,1,1
AF033210926,2,0,7,Home Team,0.32280000000000003,0.2345,0,1,1
AF033210926,2,6,7,Home Team,0.32280000000000003,0.345,0,1,1
AF033210926,2,7,7,Home Team,0.43799999999999994,0.34700000000000003,0,1,1
AF033210926,2,7,7,Away Team,0.4548,0.34600000000000003,0,1,1
AF033210926,2,7,13,Away Team,0.4548,0.228,0,1,1
AF033210926,2,7,14,Away Team,0.3176,0.23600000000000002,0,1,1
AF033210926,2,7,14,Home Team,0.34759999999999996,0.23800000000000002,0,1,1
AF033210926,2,7,14,Home Team,0.4315,0.318,0,1,1
AF033210926,2,7,14,Home Team,0.40700000000000003,0.28350000000000003,0,1,1
AF033210926,2,7,14,Home Team,0.3713,0.2975,0,1,1
AF033210926,2,7,14,Home Team,0.3713,0.23850000000000002,0,1,1
AF033210926,2,7,14,Home Team,0.3225,0.1405,0,1,1
AF033210926,2,7,14,Away Team,0.18739999999999998,0.132,0,1,1
AF033210926,2,7,14,Away Team,0.1986,0.134,0,1,1
AF033210926,2,7,14,Away Team,0.1387,0.1515,0,1,1
AF033220926,1,0,0,Home Team,0.5554,0.45399999999999996,0,1,1
AF033220926,1,0,0,Away Team,0.433,0.32299999999999995,0,1,1
AF033220926,1,0,0,Away Team,0.424,0.3157,0,1,1
AF033220926,1,0,0,Away Team,0.424,0.35850000000000004,0,1,1
AF033220926,1,0,0,Away Team,0.4293,0.33,0,1,1
AF033220926,1,0,0,Away Team,0.3746,0.27899999999999997,0,1,1
AF033220926,1,0,0,Away Team,0.38130000000000003,0.2755,0,1,1
AF033220926,1,0,0,Away Team,0.3893,0.282,0,1,1
AF033220926,1,0,0,Away Team,0.3578,0.27399999999999997,0,1,1
AF033220926,1,0,6,Away Team,0.3578,0.2285,0,1,1
AF033220926,1,0,7,Away Team,0.2741,0.225,0,1,1
AF033220926,2,6,7,Home Team,0.2741,0.4905,0,1,1
AF033220926,2,7,7,Home Team,0.38659999999999994,0.27949999999999997,0,1,1
AF033220926,2,7,7,Away Team,0.3688,0.2705,0,1,1
AF033220926,2,7,7,Away Team,0.3848,0.28600000000000003,0,1,1
AF033220926,2,7,7,Away Team,0.3505,0.2695,0,1,1
AF033220926,2,7,7,Away Team,0.3453,0.26899999999999996,0,1,1
AF033220926,2,7,7,Away Team,0.3245,0.23399999999999999,0,1,1
AF033220926,2,7,7,Away Team,0.3233,0.2615,0,1,1
AF033220926,2,7,13,Away Team,0.3233,0.2005,0,1,1
AF033220926,2,7,14,Away Team,0.27940000000000004,0.2165,0,1,1
AF033220926,2,7,14,Home Team,0.2702,0.2025,0,1,1
AF033220926,2,7,14,Home Team,0.3091,0.21850000000000003,0,1,1
AF033220926,2,7,14,Home Team,0.2899,0.235,0,1,1
AF033220926,2,7,14,Home Team,0.3396,0.2465,0,1,1
AF033220926,2,7,14,Home Team,0.3396,0.244,0,1,1
AF033220926,2,13,14,Home Team,0.32659999999999995,0.284,0,1,1
AF033220926,2,14,14,Home Team,0.33899999999999997,0.28800000000000003,0,1,1
AF033220926,2,14,14,Away Team,0.3454,0.2645,0,1,1
AF033220926,2,14,14,Away Team,0.3256,0.242,0,1,1
AF033220926,2,14,14,Away Team,0.28800000000000003,0.24600000000000002,0,1,1
AF033220926,2,14,14,Away Team,0.2994,0.253,0,1,1
AF033220926,2,14,14,Away Team,0.3178,0.2495,0,1,1
AF033220926,2,14,14,Away Team,0.2817,0.24050000000000002,0,1,1
AF033220926,2,14,14,Away Team,0.27149999999999996,0.24600000000000002,0,1,1
AF033220926,2,14,17,Away Team,0.27149999999999996,0.2115,0,1,1
AF033220926,2,14,17,Home Team,0.275,0.2175,0,1,1
AF034170926,1,0,0,Home Team,0.5590999999999999,0.40399999999999997,0,1,1
AF034170926,1,0,0,Home Team,0.5557,0.389,0,1,1
AF034170926,1,0,0,Home Team,0.5259,0.355,0,1,1
AF034170926,1,0,0,Home Team,0.5874,0.45,0,1,1
AF034170926,1,0,0,Home Team,0.5684,0.4065,0,1,1
AF034170926,1,0,0,Home Team,0.5746,0.408,0,1,1
AF034170926,1,0,0,Home Team,0.5746,0.3735,0,1,1
AF034170926,1,0,0,Home Team,0.5132,0.45649999999999996,0,1,1
AF034170926,1,0,0,Home Team,0.6364,0.47850000000000004,0,1,1
AF034170926,1,0,0,Home Team,0.6364,0.525,0,1,1
AF034170926,1,0,0,Home Team,0.6347999999999999,0.47600000000000003,0,1,1
AF034170926,2,0,0,Home Team,0.6007,0.47200000000000003,0,1,1
AF034170926,2,0,0,Home Team,0.6007,0.45049999999999996,0,1,1
AF034170926,2,0,0,Away Team,0.4164,0.29100000000000004,0,1,1
AF034170926,2,0,0,Away Team,0.3975,0.297,0,1,1
AF034170926,2,0,0,Away Team,0.3577,0.2585,0,1,1
AF034170926,2,0,0,Away Team,0.3925,0.2865,0,1,1
AF034170926,2,0,0,Home Team,0.3925,0.5415,0,1,1
AF034170926,2,0,0,Home Team,0.3925,0.5475,0,1,1
AF034170926,2,6,0,Home Team,0.3925,0.609,0,1,1
AF034170926,2,7,0,Home Team,0.6561,0.6125,0,1,1
AF034170926,2,7,0,Away Team,0.6644,0.5920000000000001,0,1,1
AF034170926,2,7,0,Away Team,0.6644,0.6185,0,1,1
AF034170926,2,7,0,Away Team,0.6953,0.635,0,1,1
AF034170926,2,7,0,Away Team,0.6411,0.5665,0,1,1
AF034170926,2,7,0,Away Team,0.6426999999999999,0.5855,0,1,1
AF034170926,2,7,0,Away Team,0.6524,0.6075,0,1,1
AF034170926,2,7,0,Away Team,0.6589,0.5795,0,1,1
AF034170926,2,7,0,Away Team,0.6659,0.601,0,1,1
AF034180926,1,0,0,Home Team,0.5353,0.593,0,1,1
AF034180926,1,0,0,Home Team,0.5062,0.5885,0,1,1
AF034180926,1,0,0,Home Team,0.47740000000000005,0.561,0,1,1
AF034180926,1,0,0,Away Team,0.3682,0.43119999999999997,0,1,1
AF034180926,1,0,0,Away Team,0.36700000000000005,0.4425,0,1,1
AF034180926,1,0,6,Away Team,0.36700000000000005,0.33649999999999997,0,1,1
AF034180926,1,0,7,Away Team,0.2593,0.3375,0,1,1
AF034180926,1,0,7,Home Team,0.2622,0.3525,0,1,1
AF034180926,1,0,7,Home Team,0.2396,0.33899999999999997,0,1,1
AF034180926,1,0,7,Home Team,0.28190000000000004,0.355,0,1,1
AF034180926,1,0,7,Home Team,0.2837,0.35450000000000004,0,1,1
AF034180926,1,0,7,Home Team,0.2799,0.35,0,1,1
AF034180926,1,0,7,Home Team,0.2914,0.387,0,1,1
AF034180926,2,0,7,Home Team,0.2718,0.395,0,1,1
AF034180926,2,0,7,Home Team,0.2614,0.375,0,1,1
AF034180926,2,0,7,Home Team,0.29100000000000004,0.387,0,1,1
AF034180926,2,0,7,Home Team,0.2871,0.358,0,1,1
AF034180926,2,0,7,Home Team,0.2736,0.331,0,1,1
AF034180926,2,0,7,Away Team,0.1207,0.1745,0,1,1
AF034180926,2,0,7,Away Team,0.11410000000000001,0.1605,0,1,1
AF034180926,2,0,7,Away Team,0.12789999999999999,0.203,0,1,1
AF034180926,2,0,7,Away Team,0.0855,0.1166,0,1,1
AF034180926,2,0,7,Away Team,0.08,0.095,0,1,1
AF034180926,2,0,7,Away Team,0.08,0.105,0,1,1
AF034180926,2,0,7,Away Team,0.08,0.109,0,1,1
AF034180926,2,0,7,Away Team,0.08,0.098,0,1,1
AF034180926,2,0,10,Away Team,0.08,0.0935,0,1,1
AF034180926,2,0,10,Home Team,0.08,0.091,0,1,1
AF034190926,1,0,0,Away Team,0.5365,0.501,0,1,1
AF034190926,1,0,0,Away Team,0.49579999999999996,0.4905,0,1,1
AF034190926,1,0,0,Away Team,0.5044,0.491,0,1,1
AF034190926,1,0,0,Away Team,0.5257000000000001,0.489,0,1,1
AF034190926,1,0,0,Away Team,0.4582,0.457,0,1,1
AF034190926,1,0,0,Away Team,0.4621,0.46270000000000006,0,1,1
AF034190926,1,0,0,Away Team,0.48469999999999996,0.485,0,1,1
AF034190926,1,0,6,Away Team,0.48469999999999996,0.3975,0,1,1
AF034190926,1,0,7,Away Team,0.4102,0.4105,0,1,1
AF034190926,1,0,7,Home Team,0.3935,0.385,0,1,1
AF034190926,1,0,7,Home Team,0.4054,0.41,0,1,1
AF034190926,2,0,7,Away Team,0.2434,0.23199999999999998,0,1,1
AF034190926,2,0,7,Away Team,0.231,0.2095,0,1,1
AF034190926,2,0,7,Away Team,0.2305,0.22149999999999997,0,1,1
AF034190926,2,0,7,Away Team,0.24050000000000002,0.24050000000000002,0,1,1
AF034190926,2,0,7,Away Team,0.1787,0.20199999999999999,0,1,1
AF034190926,2,0,7,Away Team,0.1932,0.2225,0,1,1
AF034190926,2,0,13,Away Team,0.1932,0.159,0,1,1
AF034190926,2,0,14,Away Team,0.1547,0.1675,0,1,1
AF034190926,2,0,14,Home Team,0.16620000000000001,0.16399999999999998,0,1,1
AF034190926,2,0,14,Home Team,0.1422,0.1635,0,1,1
AF034190926,2,0,14,Home Team,0.1274,0.136,0,1,1
AF034190926,2,0,14,Away Team,0.08,0.044000000000000004,0,1,1
AF034190926,2,0,14,Away Team,0.08,0.0385,0,1,1
AF034190926,2,0,14,Away Team,0.08,0.044000000000000004,0,1,1
AF034190926,2,0,14,Away Team,0.08,0.0305,0,1,1
AF034190926,2,0,14,Away Team,0.08,0.025,0,1,1
AF034190926,2,0,14,Away Team,0.08,0.032,0,1,1
AF034200926,1,0,0,Home Team,0.5404,0.44920000000000004,1,1,1
AF034200926,1,0,0,Home Team,0.5291,0.435,1,1,1
AF034200926,1,0,0,Home Team,0.4963,0.38549999999999995,1,1,1
AF034200926,1,0,0,Home Team,0.4963,0.349,1,1,1
AF034200926,1,0,0,Away Team,0.455,0.342,1,1,1
AF034200926,1,0,0,Away Team,0.3787,0.3475,1,1,1
AF034200926,1,0,0,Away Team,0.39189999999999997,0.36450000000000005,1,1,1
AF034200926,1,0,0,Away Team,0.4143,0.3735,1,1,1
AF034200926,1,0,0,Away Team,0.4143,0.4315,1,1,1
AF034200926,1,0,0,Home Team,0.4269,0.451,1,1,1
AF034200926,1,0,0,Home Team,0.5431,0.449,1,1,1
AF034200926,1,0,0,Home Team,0.5429999999999999,0.483,1,1,1
AF034200926,1,0,0,Home Team,0.544,0.4797,1,1,1
AF034200926,2,0,0,Home Team,0.5413,0.48950000000000005,1,1,1
AF034200926,2,0,0,Home Team,0.5756,0.537,1,1,1
AF034200926,2,0,0,Home Team,0.5600999999999999,0.48700000000000004,1,1,1
AF034200926,2,0,0,Home Team,0.5600999999999999,0.5835,1,1,1
AF034200926,2,0,0,Home Team,0.5600999999999999,0.557,1,1,1
AF034200926,2,0,0,Home Team,0.5600999999999999,0.5385,1,1,1
AF034200926,2,6,0,Home Team,0.5600999999999999,0.6455,1,1,1
AF034200926,2,7,0,Home Team,0.6412,0.633,1,1,1
AF034200926,2,7,0,Away Team,0.6578,0.652,1,1,1
AF034200926,2,7,0,Away Team,0.6679,0.6825,1,1,1
AF034200926,2,7,0,Away Team,0.6198,0.634,1,1,1
AF034200926,2,7,0,Away Team,0.6463,0.6255,1,1,1
AF034200926,2,7,0,Away Team,0.5757,0.5965,1,1,1
AF034200926,2,7,0,Away Team,0.5364,0.5765,1,1,1
AF034200926,2,7,0,Away Team,0.505,0.579,1,1,1
AF034200926,2,7,0,Away Team,0.53,0.8315,1,1,1
AF034210926,1,0,0,Away Team,0.478,0.526,1,1,1
AF034210926,1,0,0,Away Team,0.5018,0.54,1,1,1
AF034210926,1,0,0,Away Team,0.4667,0.5188,1,1,1
AF034210926,1,0,0,Away Team,0.4857,0.512,1,1,1
AF034210926,1,0,0,Away Team,0.5083,0.5405,1,1,1
AF034210926,1,0,0,Away Team,0.4336,0.4645,1,1,1
AF034210926,1,0,0,Away Team,0.4545,0.5015,1,1,1
AF034210926,1,0,0,Away Team,0.5117,0.5365,1,1,1
AF034210926,2,0,0,Away Team,0.5117,0.562,1,1,1
AF034210926,2,0,3,Away Team,0.5376,0.5605,1,1,1
AF034210926,2,0,3,Home Team,0.5503,0.5655,1,1,1
AF034210926,2,0,3,Home Team,0.5372,0.573,1,1,1
AF034210926,2,0,3,Home Team,0.5074000000000001,0.5329999999999999,1,1,1
AF034210926,2,0,3,Home Team,0.5074000000000001,0.485,1,1,1
AF034210926,2,0,3,Away Team,0.3057,0.335,1,1,1
AF034210926,2,0,3,Away Team,0.3281,0.34049999999999997,1,1,1
AF034210926,2,0,3,Away Team,0.2953,0.3095,1,1,1
AF034210926,2,0,3,Away Team,0.3081,0.327,1,1,1
AF034210926,2,0,3,Home Team,0.5472,0.518,1,1,1
AF034210926,2,0,3,Home Team,0.5399,0.4985,1,1,1
AF034210926,2,0,3,Home Team,0.5535,0.4595,1,1,1
AF034210926,2,0,3,Home Team,0.5572,0.51,1,1,1
AF034210926,2,0,3,Home Team,0.5397,0.4932,1,1,1
AF034210926,2,0,3,Home Team,0.5327000000000001,0.47119999999999995,1,1,1
AF034210926,2,0,3,Home Team,0.563,0.535,1,1,1
AF034210926,2,3,3,Home Team,0.563,0.612,1,1,1
AF034220926,1,0,0,Away Team,0.5146000000000001,0.52,1,1,1
AF034220926,1,0,0,Away Team,0.5136999999999999,0.503,1,1,1
AF034220926,1,0,0,Away Team,0.431,0.41950000000000004,1,1,1
AF034220926,1,0,0,Away Team,0.4238,0.433,1,1,1
AF034220926,1,0,0,Away Team,0.4625,0.431,1,1,1
AF034220926,1,0,0,Away Team,0.4625,0.5015,1,1,1
AF034220926,1,0,3,Away Team,0.4625,0.4915,1,1,1
AF034220926,1,0,3,Home Team,0.5479999999999999,0.48950000000000005,1,1,1
AF034220926,1,0,3,Home Team,0.5257999999999999,0.49450000000000005,1,1,1
AF034220926,1,0,3,Home Team,0.4728,0.45649999999999996,1,1,1
AF034220926,1,0,3,Home Team,0.4728,0.41,1,1,1
AF034220926,1,0,3,Home Team,0.46869999999999995,0.5185,1,1,1
AF034220926,1,0,3,Home Team,0.5294,0.4985,1,1,1
AF034220926,2,0,3,Home Team,0.5177,0.4875,1,1,1
AF034220926,2,0,3,Home Team,0.6023,0.575,1,1,1
AF034220926,2,0,3,Home Team,0.6242,0.5785,1,1,1
AF034220926,2,0,3,Home Team,0.6491,0.59,1,1,1
AF034220926,2,0,3,Home Team,0.636,0.5888,1,1,1
AF034220926,2,0,3,Home Team,0.6236999999999999,0.5775,1,1,1
AF034220926,2,0,3,Home Team,0.6236999999999999,0.5365,1,1,1
AF034220926,2,0,3,Home Team,0.5545,0.672,1,1,1
AF034220926,2,0,3,Home Team,0.6949,0.64,1,1,1
AF034220926,2,6,3,Home Team,0.6949,0.7265,1,1,1
AF034220926,2,7,3,Home Team,0.7857,0.736,1,1,1
AF034220926,2,7,3,Away Team,0.7733,0.7240000000000001,1,1,1
AF034220926,2,7,3,Away Team,0.7958,0.722,1,1,1
AF034220926,2,7,3,Away Team,0.8016,0.7290000000000001,1,1,1
AF034220926,2,7,3,Away Team,0.7943000000000001,0.773,1,1,1
AF035170926,1,0,0,Away Team,0.4035,0.4635,1,1,1
AF035170926,1,0,0,Away Team,0.3686,0.45549999999999996,1,1,1
AF035170926,1,0,0,Away Team,0.39880000000000004,0.46049999999999996,1,1,1
AF035170926,1,0,0,Away Team,0.4521,0.4892,1,1,1
AF035170926,1,0,0,Away Team,0.4521,0.5539999999999999,1,1,1
AF035170926,1,0,0,Home Team,0.6079,0.6195,1,1,1
AF035170926,1,0,0,Home Team,0.6177,0.6409999999999999,1,1,1
AF035170926,1,0,0,Home Team,0.6103000000000001,0.594,1,1,1
AF035170926,1,0,0,Home Team,0.6293,0.623,1,1,1
AF035170926,1,0,0,Home Team,0.6293,0.6679999999999999,1,1,1
AF035170926,1,0,0,Home Team,0.6293,0.6635,1,1,1
AF035170926,1,6,0,Home Team,0.6293,0.7170000000000001,1,1,1
AF035170926,1,7,0,Home Team,0.7101000000000001,0.6940000000000001,1,1,1
AF035170926,1,7,0,Away Team,0.71,0.6925,1,1,1
AF035170926,1,7,0,Away Team,0.7334,0.7065,1,1,1
AF035170926,2,7,0,Away Team,0.7418,0.718,1,1,1
AF035170926,2,7,0,Away Team,0.7418,0.7805,1,1,1
AF035170926,2,7,0,Away Team,0.7594,0.691,1,1,1
AF035170926,2,7,0,Away Team,0.6890999999999999,0.6765000000000001,1,1,1
AF035170926,2,7,0,Away Team,0.7026,0.6859999999999999,1,1,1
AF035170926,2,7,0,Away Team,0.6928,0.7065,1,1,1
AF035170926,2,7,6,Away Team,0.6928,0.6415000000000001,1,1,1
AF035170926,2,7,7,Away Team,0.6557999999999999,0.649,1,1,1
AF035170926,2,7,7,Home Team,0.6354,0.6425,1,1,1
AF035170926,2,7,7,Home Team,0.6498,0.629,1,1,1
AF035170926,2,7,7,Home Team,0.6870999999999999,0.6645,1,1,1
AF035170926,2,7,7,Home Team,0.69,0.6779999999999999,1,1,1
AF035170926,2,13,7,Home Team,0.69,0.7735,1,1,1
AF035170926,2,14,7,Home Team,0.7533,0.764,1,1,1
AF035170926,2,14,7,Away Team,0.7637,0.768,1,1,1
AF035170926,2,14,7,Away Team,0.747,0.77,1,1,1
AF035170926,2,14,7,Away Team,0.7624,0.7665000000000001,1,1,1
AF035170926,2,14,7,Away Team,0.7983,0.7859999999999999,1,1,1
AF035170926,2,14,13,Away Team,0.7983,0.552,1,1,1
AF035170926,2,14,14,Away Team,0.5713,0.56,1,1,1
AF035170926,2,14,14,Home Team,0.5694,0.5625,1,1,1
AF035170926,2,14,14,Home Team,0.6956,0.522,1,1,1
AF035180926,1,0,0,Away Team,0.4757,0.5645,1,1,1
AF035180926,1,0,0,Away Team,0.4732,0.55,1,1,1
AF035180926,1,0,0,Away Team,0.4682,0.5595,1,1,1
AF035180926,1,0,0,Away Team,0.5058,0.59,1,1,1
AF035180926,1,0,0,Away Team,0.4561,0.54,1,1,1
AF035180926,1,0,0,Away Team,0.4236,0.513,1,1,1
AF035180926,1,0,0,Away Team,0.43060000000000004,0.511,1,1,1
AF035180926,1,0,0,Away Team,0.4211,0.49700000000000005,1,1,1
AF035180926,1,0,0,Away Team,0.4111,0.49200000000000005,1,1,1
AF035180926,1,0,0,Away Team,0.4473,0.547,1,1,1
AF035180926,2,0,0,Away Team,0.46409999999999996,0.5579999999999999,1,1,1
AF035180926,2,0,0,Away Team,0.46409999999999996,0.6295000000000001,1,1,1
AF035180926,2,0,3,Away Team,0.5224,0.6035,1,1,1
AF035180926,2,0,3,Home Team,0.5163,0.6154999999999999,1,1,1
AF035180926,2,0,3,Home Team,0.499,0.591,1,1,1
AF035180926,2,6,3,Home Team,0.499,0.687,1,1,1
AF035180926,2,7,3,Home Team,0.6494,0.695,1,1,1
AF035180926,2,7,3,Away Team,0.6486,0.687,1,1,1
AF035180926,2,7,3,Away Team,0.6631,0.665,1,1,1
AF035180926,2,7,3,Away Team,0.6401,0.6709999999999999,1,1,1
AF035180926,2,7,3,Away Team,0.6362,0.6675,1,1,1
AF035180926,2,7,3,Away Team,0.6613,0.696,1,1,1
AF035180926,2,7,3,Home Team,0.8210999999999999,0.8545,1,1,1
AF035180926,2,7,3,Home Team,0.8295999999999999,0.863,1,1,1
AF035180926,2,7,3,Home Team,0.8512000000000001,0.866,1,1,1
AF035180926,2,7,3,Home Team,0.8393,0.8759999999999999,1,1,1
AF035180926,2,7,3,Home Team,0.8744,0.892,1,1,1
AF035180926,2,7,3,Home Team,0.8956999999999999,0.9125,1,1,1
AF035180926,2,7,3,Home Team,0.8956999999999999,0.9135,1,1,1
AF035180926,2,7,3,Home Team,0.8937999999999999,0.865,1,1,1
AF035180926,2,10,3,Home Team,0.8937999999999999,0.9175,1,1,1
AF035190926,1,0,0,Away Team,0.5936,0.6575,1,1,1
AF035190926,1,0,0,Away Team,0.6069,0.69,1,1,1
AF035190926,1,0,0,Away Team,0.6341,0.711,1,1,1
AF035190926,1,0,0,Away Team,0.6065,0.639,1,1,1
AF035190926,1,0,0,Away Team,0.6064,0.6775,1,1,1
AF035190926,1,0,0,Home Team,0.7456,0.7575,1,1,1
AF035190926,1,0,0,Home Team,0.7338,0.7425,1,1,1
AF035190926,1,0,0,Away Team,0.5897,0.644,1,1,1
AF035190926,1,0,0,Away Team,0.5627,0.622,1,1,1
AF035190926,1,0,0,Away Team,0.5792,0.6435,1,1,1
AF035190926,1,0,0,Away Team,0.5543,0.6045,1,1,1
AF035190926,2,0,0,Away Team,0.5748,0.6048,1,1,1
AF035190926,2,0,0,Away Team,0.5532,0.5795,1,1,1
AF035190926,2,0,6,Away Team,0.5532,0.4817,1,1,1
AF035190926,2,0,7,Away Team,0.46130000000000004,0.5165,1,1,1
AF035190926,2,0,7,Home Team,0.46549999999999997,0.5265,1,1,1
AF035190926,2,0,7,Home Team,0.47340000000000004,0.5155,1,1,1
AF035190926,2,0,7,Home Team,0.44380000000000003,0.46,1,1,1
AF035190926,2,0,7,Home Team,0.5247999999999999,0.5589999999999999,1,1,1
AF035190926,2,0,7,Home Team,0.5238,0.5343,1,1,1
AF035190926,2,0,7,Home Team,0.5259,0.5589999999999999,1,1,1
AF035190926,2,6,7,Home Team,0.5259,0.6004999999999999,1,1,1
AF035190926,2,7,7,Home Team,0.5565,0.5865,1,1,1
AF035190926,2,7,7,Away Team,0.5646,0.5895,1,1,1
AF035190926,2,7,7,Away Team,0.5552,0.5785,1,1,1
AF035190926,2,7,7,Away Team,0.5268,0.6095,1,1,1
AF035190926,2,7,7,Away Team,0.5242,0.569,1,1,1
AF035190926,2,7,7,Away Team,0.519,0.5985,1,1,1
AF035190926,2,7,7,Away Team,0.519,0.5725,1,1,1
AF035190926,2,7,7,Away Team,0.5438000000000001,0.6405,1,1,1
AF035200926,1,0,0,Home Team,0.5760000000000001,0.657,1,1,1
AF035200926,1,0,0,Home Team,0.5978,0.6725,1,1,1
AF035200926,1,0,0,Home Team,0.5735,0.6745,1,1,1
AF035200926,1,0,0,Home Team,0.5888,0.7120000000000001,1,1,1
AF035200926,1,0,0,Home Team,0.6196,0.6990000000000001,1,1,1
AF035200926,1,0,0,Home Team,0.6174000000000001,0.6955,1,1,1
AF035200926,1,0,0,Home Team,0.6034,0.6525,1,1,1
AF035200926,1,0,0,Home Team,0.6034,0.591,1,1,1
AF035200926,1,3,0,Home Team,0.5438000000000001,0.614,1,1,1
AF035200926,1,3,0,Away Team,0.527,0.622,1,1,1
AF035200926,1,3,0,Away Team,0.5481,0.627,1,1,1
AF035200926,2,3,0,Away Team,0.5175,0.5775,1,1,1
AF035200926,2,3,0,Away Team,0.5175,0.5805,1,1,1
AF035200926,2,3,0,Away Team,0.48340000000000005,0.524,1,1,1
AF035200926,2,3,0,Away Team,0.45880000000000004,0.5195000000000001,1,1,1
AF035200926,2,3,0,Away Team,0.4443,0.5195000000000001,1,1,1
AF035200926,2,3,6,Away Team,0.4443,0.439,1,1,1
AF035200926,2,3,7,Away Team,0.38630000000000003,0.4365,1,1,1
AF035200926,2,3,7,Home Team,0.3948,0.42950000000000005,1,1,1
AF035200926,2,3,7,Home Team,0.38789999999999997,0.445,1,1,1
AF035200926,2,3,7,Home Team,0.3768,0.45549999999999996,1,1,1
AF035200926,2,3,7,Home Team,0.4608,0.5405,1,1,1
AF035200926,2,9,7,Home Team,0.4608,0.5755,1,1,1
AF035200926,2,10,7,Home Team,0.506,0.5925,1,1,1
AF035200926,2,10,7,Away Team,0.508,0.5965,1,1,1
AF035200926,2,10,7,Away Team,0.5177,0.6054999999999999,1,1,1
AF035200926,2,10,7,Home Team,0.7859999999999999,0.8434999999999999,1,1,1
AF035200926,2,10,7,Home Team,0.7802,0.8170000000000001,1,1,1
AF035200926,2,16,7,Home Team,0.7802,0.888,1,1,1
AF035200926,2,17,7,Home Team,0.8418000000000001,0.8805,1,1,1
AF035200926,2,17,7,Away Team,0.8220999999999999,0.889,1,1,1
AF035200926,2,17,7,Away Team,0.8328,0.889,1,1,1
AF035200926,2,17,7,Away Team,0.8184999999999999,0.8755,1,1,1
AF035200926,2,17,7,Away Team,0.7868,0.8445,1,1,1
AF035200926,2,17,10,Away Team,0.7868,0.828,1,1,1
AF035200926,2,17,10,Home Team,0.7966,0.821,1,1,1
AF035210926,1,0,0,Away Team,0.5009,0.568,1,1,1
AF035210926,1,0,0,Away Team,0.49369999999999997,0.5715,1,1,1
AF035210926,1,0,0,Away Team,0.49670000000000003,0.5445,1,1,1
AF035210926,1,0,0,Away Team,0.4697,0.5505,1,1,1
AF035210926,1,0,0,Away Team,0.4643,0.529,1,1,1
AF035210926,1,0,6,Away Team,0.4643,0.45,1,1,1
AF035210926,1,0,7,Away Team,0.38880000000000003,0.445,1,1,1
AF035210926,1,0,7,Home Team,0.38270000000000004,0.45,1,1,1
AF035210926,1,0,7,Home Team,0.3629,0.4257,1,1,1
AF035210926,1,0,7,Home Team,0.4673,0.5145000000000001,1,1,1
AF035210926,1,0,7,Home Team,0.4559,0.512,1,1,1
AF035210926,1,0,7,Home Team,0.4493,0.4965,1,1,1
AF035210926,1,0,7,Home Team,0.42810000000000004,0.483,1,1,1
AF035210926,2,6,7,Home Team,0.42810000000000004,0.551,1,1,1
AF035210926,2,7,7,Home Team,0.5252,0.565,1,1,1
AF035210926,2,7,7,Away Team,0.5335,0.569,1,1,1
AF035210926,2,7,7,Away Team,0.5042,0.5338,1,1,1
AF035210926,2,7,7,Away Team,0.4989,0.5175,1,1,1
AF035210926,2,7,7,Away Team,0.4826,0.5115,1,1,1
AF035210926,2,7,13,Away Team,0.4826,0.423,1,1,1
AF035210926,2,7,14,Away Team,0.37920000000000004,0.43450000000000005,1,1,1
AF035210926,2,7,14,Home Team,0.4029,0.40700000000000003,1,1,1
AF035210926,2,7,14,Home Team,0.37450000000000006,0.4285,1,1,1
AF035210926,2,7,14,Home Team,0.42210000000000003,0.4395,1,1,1
AF035210926,2,7,14,Home Team,0.40869999999999995,0.41700000000000004,1,1,1
AF035210926,2,7,14,Home Team,0.41619999999999996,0.4495,1,1,1
AF035210926,2,7,14,Home Team,0.4839,0.512,1,1,1
AF035210926,2,7,14,Home Team,0.46649999999999997,0.4805,1,1,1
AF035210926,2,13,14,Home Team,0.46649999999999997,0.5745,1,1,1
AF035210926,2,14,14,Home Team,0.5341,0.563,1,1,1
AF035210926,2,14,14,Away Team,0.4903,0.51,1,1,1
AF035210926,2,14,14,Away Team,0.4693,0.5215,1,1,1
AF035210926,2,14,14,Away Team,0.47859999999999997,0.519,1,1,1
AF035210926,2,14,14,Away Team,0.4839,0.508,1,1,1
AF035210926,2,14,17,Away Team,0.4839,0.5075,1,1,1
AF035210926,2,14,17,Home Team,0.4849,0.509,1,1,1
AF035210926,2,14,17,Home Team,0.467,0.49700000000000005,1,1,1
AF035220926,1,0,0,Home Team,0.5055,0.4645,0,1,1
AF035220926,1,0,0,Home Team,0.5403,0.485,0,1,1
AF035220926,1,0,0,Home Team,0.5403,0.5785,0,1,1
AF035220926,1,0,0,Home Team,0.5403,0.5665,0,1,1
AF035220926,1,0,0,Home Team,0.5403,0.5445,0,1,1
AF035220926,1,7,0,Home Team,0.6373,0.59,0,1,1
AF035220926,1,7,0,Home Team,0.8092,0.7525,0,1,1
AF035220926,1,7,0,Home Team,0.7916,0.7384999999999999,0,1,1
AF035220926,1,7,0,Home Team,0.7711,0.7195,0,1,1
AF035220926,1,7,0,Home Team,0.825,0.7755,0,1,1
AF035220926,2,7,0,Home Team,0.825,0.805,0,1,1
AF035220926,2,13,0,Home Team,0.825,0.8170000000000001,0,1,1
AF035220926,2,14,0,Home Team,0.8615999999999999,0.8009999999999999,0,1,1
AF035220926,2,14,0,Away Team,0.8571,0.8140000000000001,0,1,1
AF035220926,2,14,0,Away Team,0.865,0.8325,0,1,1
AF035220926,2,14,0,Away Team,0.856,0.8290000000000001,0,1,1
AF035220926,2,14,0,Away Team,0.8759,0.8265,0,1,1
AF035220926,2,14,0,Away Team,0.8482999999999999,0.8105,0,1,1
AF035220926,2,14,0,Away Team,0.8482999999999999,0.823,0,1,1
AF035220926,2,14,0,Away Team,0.8540000000000001,0.8384999999999999,0,1,1
AF035220926,2,14,0,Away Team,0.8295,0.79,0,1,1
AF035220926,2,14,0,Away Team,0.8295,0.7775,0,1,1
AF035220926,2,14,6,Away Team,0.8295,0.785,0,1,1
AF035220926,2,14,7,Away Team,0.795,0.7735,0,1,1
AF035220926,2,14,7,Home Team,0.8081,0.7659999999999999,0,1,1
AF035220926,2,14,7,Home Team,0.8828,0.8355,0,1,1
AF035220926,2,17,7,Home Team,0.8828,0.851,0,1,1
AF036170926,1,0,0,Away Team,0.5959,0.515,1,1,1
AF036170926,1,0,0,Away Team,0.6089,0.5235,1,1,1
AF036170926,1,0,0,Away Team,0.6872,0.5575,1,1,1
AF036170926,1,0,0,Away Team,0.6872,0.585,1,1,1
AF036170926,1,0,0,Home Team,0.6989,0.5870000000000001,1,1,1
AF036170926,1,0,0,Home Team,0.7584000000000001,0.624,1,1,1
AF036170926,1,0,0,Home Team,0.7968000000000001,0.6875,1,1,1
AF036170926,1,0,0,Home Team,0.7684000000000001,0.6405,1,1,1
AF036170926,1,0,0,Away Team,0.5921,0.5078,1,1,1
AF036170926,1,0,0,Home Team,0.7831999999999999,0.6635,1,1,1
AF036170926,1,0,0,Home Team,0.8129000000000001,0.6955,1,1,1
AF036170926,1,0,0,Home Team,0.7856000000000001,0.643,1,1,1
AF036170926,2,0,0,Away Team,0.7856000000000001,0.525,1,1,1
AF036170926,2,0,0,Away Team,0.5948,0.4572,1,1,1
AF036170926,2,0,0,Away Team,0.6142,0.4617,1,1,1
AF036170926,2,0,0,Away Team,0.6379,0.5075,1,1,1
AF036170926,2,0,0,Away Team,0.6379,0.5760000000000001,1,1,1
AF036170926,2,0,0,Home Team,0.6121,0.611,1,1,1
AF036170926,2,0,0,Home Team,0.7409,0.6345000000000001,1,1,1
AF036170926,2,0,0,Home Team,0.7645000000000001,0.6054999999999999,1,1,1
AF036170926,2,0,0,Home Team,0.7645000000000001,0.5455,1,1,1
AF036170926,2,0,0,Home Team,0.6853,0.652,1,1,1
AF036170926,2,0,0,Home Team,0.7818,0.6978,1,1,1
AF036170926,2,0,0,Home Team,0.7844,0.672,1,1,1
AF036170926,2,0,0,Home Team,0.7203,0.6278,1,1,1
AF036170926,2,0,0,Home Team,0.8427,0.7505,1,1,1
AF036170926,2,0,0,Home Team,0.8484999999999999,0.73,1,1,1
AF036170926,2,6,0,Home Team,0.8484999999999999,0.843,1,1,1
AF036170926,2,7,0,Home Team,0.9267,0.851,1,1,1
AF036170926,2,7,0,Away Team,0.9220999999999999,0.855,1,1,1
AF036170926,2,7,0,Home Team,0.9645,0.848,1,1,1
AF036180926,1,0,0,Home Team,0.5455,0.643,0,1,1
AF036180926,1,0,0,Home Team,0.551,0.667,0,1,1
AF036180926,1,0,0,Home Team,0.5754,0.6893,0,1,1
AF036180926,1,0,0,Home Team,0.61,0.721,0,1,1
AF036180926,1,0,0,Home Team,0.6014,0.6884999999999999,0,1,1
AF036180926,1,0,0,Home Team,0.5822999999999999,0.6679999999999999,0,1,1
AF036180926,1,0,0,Home Team,0.5822999999999999,0.6535,0,1,1
AF036180926,1,3,0,Home Team,0.5592,0.6425,0,1,1
AF036180926,1,3,0,Away Team,0.5025999999999999,0.6395000000000001,0,1,1
AF036180926,1,3,0,Away Team,0.48590000000000005,0.6125,0,1,1
AF036180926,1,3,0,Away Team,0.49369999999999997,0.6195,0,1,1
AF036180926,1,3,0,Away Team,0.49310000000000004,0.6214999999999999,0,1,1
AF036180926,2,3,0,Away Team,0.44270000000000004,0.557,0,1,1
AF036180926,2,3,0,Away Team,0.45289999999999997,0.5655,0,1,1
AF036180926,2,3,0,Away Team,0.4635,0.5828,0,1,1
AF036180926,2,3,0,Away Team,0.4635,0.6114999999999999,0,1,1
AF036180926,2,3,3,Away Team,0.5184000000000001,0.63,0,1,1
AF036180926,2,3,3,Home Team,0.5314,0.638,0,1,1
AF036180926,2,3,3,Home Team,0.5268,0.6065,0,1,1
AF036180926,2,3,3,Home Team,0.47130000000000005,0.5655,0,1,1
AF036180926,2,3,3,Home Team,0.47130000000000005,0.4905,0,1,1
AF036180926,2,3,3,Away Team,0.3107,0.4285,0,1,1
AF036180926,2,3,3,Away Team,0.304,0.43799999999999994,0,1,1
AF036180926,2,3,3,Away Team,0.2605,0.37200000000000005,0,1,1
AF036180926,2,3,3,Away Team,0.2531,0.4025,0,1,1
AF036180926,2,3,3,Away Team,0.2882,0.396,0,1,1
AF036180926,2,3,3,Away Team,0.2882,0.40850000000000003,0,1,1
AF036180926,2,3,6,Away Team,0.3452,0.4155,0,1,1
AF036180926,2,3,6,Home Team,0.3452,0.4107,0,1,1
AF036180926,2,3,6,Home Team,0.3053,0.40549999999999997,0,1,1
AF036180926,2,3,6,Away Team,0.1837,0.252,0,1,1
AF036200926,1,0,0,Home Team,0.511,0.447,1,1,1
AF036200926,1,0,0,Home Team,0.4878,0.4705,1,1,1
AF036200926,1,0,0,Home Team,0.5024000000000001,0.4515,1,1,1
AF036200926,1,0,0,Home Team,0.526,0.47350000000000003,1,1,1
AF036200926,1,0,0,Home Team,0.5268,0.486,1,1,1
AF036200926,1,0,0,Home Team,0.5367000000000001,0.4855,1,1,1
AF036200926,1,0,0,Home Team,0.5159,0.47350000000000003,1,1,1
AF036200926,1,0,0,Home Team,0.5447,0.501,1,1,1
AF036200926,2,0,0,Home Team,0.5447,0.503,1,1,1
AF036200926,2,0,0,Home Team,0.5827,0.5489999999999999,1,1,1
AF036200926,2,0,0,Home Team,0.562,0.5545,1,1,1
AF036200926,2,0,0,Home Team,0.49420000000000003,0.498,1,1,1
AF036200926,2,0,0,Home Team,0.49420000000000003,0.4905,1,1,1
AF036200926,2,6,0,Home Team,0.49420000000000003,0.6465000000000001,1,1,1
AF036200926,2,7,0,Home Team,0.49420000000000003,0.6505,1,1,1
AF036200926,2,7,0,Away Team,0.635,0.6695,1,1,1
AF036200926,2,7,0,Away Team,0.6083,0.66,1,1,1
AF036200926,2,7,0,Away Team,0.5711999999999999,0.623,1,1,1
AF036200926,2,7,0,Away Team,0.5717,0.618,1,1,1
AF036200926,2,7,0,Away Team,0.48950000000000005,0.5275,1,1,1
AF036200926,2,7,6,Away Team,0.48950000000000005,0.3995,1,1,1
AF036200926,2,7,7,Away Team,0.3935,0.391,1,1,1
AF036200926,2,7,7,Home Team,0.4241,0.40049999999999997,1,1,1
AF036200926,2,7,7,Home Team,0.4226,0.4,1,1,1
AF036210926,1,0,0,Away Team,0.41159999999999997,0.519,0,1,1
AF036210926,1,0,0,Away Team,0.3768,0.4637,0,1,1
AF036210926,1,0,0,Away Team,0.3881,0.45399999999999996,0,1,1
AF036210926,1,0,0,Away Team,0.4174,0.5003,0,1,1
AF036210926,1,0,0,Away Team,0.3576,0.4315,0,1,1
AF036210926,1,0,0,Away Team,0.35350000000000004,0.4375,0,1,1
AF036210926,1,0,0,Away Team,0.3946,0.48450000000000004,0,1,1
AF036210926,1,0,0,Away Team,0.3946,0.3815,0,1,1
AF036210926,2,0,0,Away Team,0.3946,0.3925,0,1,1
AF036210926,2,0,6,Away Team,0.3946,0.321,0,1,1
AF036210926,2,0,7,Away Team,0.3134,0.3333,0,1,1
AF036210926,2,0,7,Home Team,0.307,0.3345,0,1,1
AF036210926,2,0,7,Home Team,0.30329999999999996,0.3155,0,1,1
AF036210926,2,0,7,Home Team,0.35259999999999997,0.3665,0,1,1
AF036210926,2,0,7,Home Team,0.3625,0.37450000000000006,0,1,1
AF036210926,2,0,7,Home Team,0.3846,0.419,0,1,1
AF036210926,2,0,7,Home Team,0.3846,0.4547,0,1,1
AF036210926,2,6,7,Home Team,0.3846,0.486,0,1,1
AF036210926,2,7,7,Home Team,0.418,0.5,0,1,1
AF036210926,2,7,7,Away Team,0.41609999999999997,0.499,0,1,1
AF036210926,2,7,7,Away Team,0.4482,0.5105,0,1,1
AF036210926,2,7,7,Away Team,0.391,0.47350000000000003,0,1,1
AF036210926,2,7,7,Away Team,0.4236,0.4865,0,1,1
AF036210926,2,7,7,Away Team,0.4047,0.4815,0,1,1
AF036210926,2,7,7,Away Team,0.4065,0.47850000000000004,0,1,1
AF036210926,2,7,7,Away Team,0.4208,0.467,0,1,1
AF036210926,2,7,7,Away Team,0.31170000000000003,0.4115,0,1,1
AF036210926,2,7,7,Away Team,0.3539,0.42,0,1,1
AF036210926,2,7,13,Away Team,0.3539,0.23550000000000001,0,1,1
AF036210926,2,7,14,Away Team,0.20129999999999998,0.2451,0,1,1
AF036210926,2,7,14,Home Team,0.23399999999999999,0.22760000000000002,0,1,1
AF036210926,2,7,14,Home Team,0.3119,0.212,0,1,1
AF036220926,1,0,0,Away Team,0.5136,0.42100000000000004,0,1,1
AF036220926,1,0,0,Away Team,0.46399999999999997,0.358,0,1,1
AF036220926,1,0,0,Away Team,0.45280000000000004,0.3375,0,1,1
AF036220926,1,0,0,Away Team,0.44780000000000003,0.34700000000000003,0,1,1
AF036220926,1,0,6,Away Team,0.44780000000000003,0.259,0,1,1
AF036220926,1,0,7,Away Team,0.37920000000000004,0.23850000000000002,0,1,1
AF036220926,1,0,7,Home Team,0.387,0.259,0,1,1
AF036220926,1,0,7,Home Team,0.3712,0.24600000000000002,0,1,1
AF036220926,1,6,7,Home Team,0.3712,0.4255,0,1,1
AF036220926,1,7,7,Home Team,0.5327000000000001,0.4175,0,1,1
AF036220926,1,7,7,Away Team,0.531,0.44549999999999995,0,1,1
AF036220926,1,7,7,Away Team,0.52,0.42450000000000004,0,1,1
AF036220926,1,7,7,Away Team,0.5324,0.397,0,1,1
AF036220926,1,7,7,Away Team,0.4965,0.38799999999999996,0,1,1
AF036220926,2,7,7,Away Team,0.47729999999999995,0.35100000000000003,0,1,1
AF036220926,2,7,7,Away Team,0.48979999999999996,0.36950000000000005,0,1,1
AF036220926,2,7,7,Away Team,0.4916,0.37450000000000006,0,1,1
AF036220926,2,7,7,Away Team,0.4439,0.325,0,1,1
AF036220926,2,7,7,Away Team,0.4393,0.35950000000000004,0,1,1
AF036220926,2,7,7,Away Team,0.4545,0.3845,0,1,1
AF036220926,2,7,7,Away Team,0.4545,0.4105,0,1,1
AF036220926,2,7,7,Home Team,0.716,0.5618,0,1,1
AF036220926,2,13,7,Home Team,0.716,0.753,0,1,1
AF036220926,2,14,7,Home Team,0.8199,0.748,0,1,1
AF036220926,2,14,7,Away Team,0.8005,0.7575,0,1,1
AF036220926,2,14,7,Away Team,0.8134999999999999,0.76,0,1,1
AF036220926,2,14,7,Away Team,0.7981999999999999,0.7524,0,1,1
AF036220926,2,14,7,Away Team,0.7893000000000001,0.7345,0,1,1
AF036220926,2,14,7,Away Team,0.8118000000000001,0.7475,0,1,1
AF036220926,2,14,7,Away Team,0.8321999999999999,0.748,0,1,1
AF036220926,2,14,7,Away Team,0.8205,0.7234999999999999,0,1,1
AF036220926,2,14,13,Away Team,0.8205,0.5115,0,1,1
AF036220926,2,14,14,Away Team,0.6595,0.5075,0,1,1
AF037170926,1,0,0,Home Team,0.5811,0.5885,1,1,1
AF037170926,1,0,0,Home Team,0.5666,0.552,1,1,1
AF037170926,1,0,0,Home Team,0.5666,0.5225,1,1,1
AF037170926,1,0,0,Home Team,0.5502,0.555,1,1,1
AF037170926,1,0,0,Home Team,0.6137,0.6175,1,1,1
AF037170926,1,6,0,Home Team,0.6137,0.6868000000000001,1,1,1
AF037170926,1,7,0,Home Team,0.672,0.674,1,1,1
AF037170926,1,7,0,Away Team,0.6701,0.6895,1,1,1
AF037170926,1,7,0,Away Team,0.6829000000000001,0.6875,1,1,1
AF037170926,1,7,0,Away Team,0.7049,0.715,1,1,1
AF037170926,1,7,6,Away Team,0.7049,0.5565,1,1,1
AF037170926,1,7,7,Away Team,0.5725,0.56,1,1,1
AF037170926,1,7,7,Home Team,0.5845,0.525,1,1,1
AF037170926,1,7,7,Home Team,0.5478000000000001,0.5525,1,1,1
AF037170926,1,7,7,Home Team,0.5751,0.5605,1,1,1
AF037170926,2,7,7,Home Team,0.555,0.568,1,1,1
AF037170926,2,7,7,Home Team,0.5545,0.5625,1,1,1
AF037170926,2,7,7,Home Team,0.5837,0.5975,1,1,1
AF037170926,2,7,7,Home Team,0.5826,0.5775,1,1,1
AF037170926,2,7,7,Home Team,0.5721,0.619,1,1,1
AF037170926,2,7,7,Home Team,0.5721,0.51,1,1,1
AF037170926,2,7,7,Away Team,0.32899999999999996,0.3825,1,1,1
AF037170926,2,7,7,Away Team,0.32659999999999995,0.364,1,1,1
AF037170926,2,7,7,Away Team,0.36060000000000003,0.4025,1,1,1
AF037170926,2,7,7,Away Team,0.2897,0.303,1,1,1
AF037170926,2,7,7,Away Team,0.3264,0.3115,1,1,1
AF037170926,2,7,7,Away Team,0.3284,0.344,1,1,1
AF037170926,2,7,7,Home Team,0.5574,0.5525,1,1,1
AF037170926,2,7,7,Home Team,0.5556,0.5288,1,1,1
AF037170926,2,7,7,Home Team,0.5676,0.5954999999999999,1,1,1
AF037170926,2,7,7,Home Team,0.6059,0.614,1,1,1
AF037170926,2,13,7,Home Team,0.6059,0.7735,1,1,1
AF037170926,2,14,7,Home Team,0.7784,0.7695000000000001,1,1,1
AF037170926,2,14,7,Away Team,0.7587,0.733,1,1,1
AF037170926,2,14,7,Away Team,0.7843000000000001,0.784,1,1,1
AF037180926,1,0,0,Home Team,0.40549999999999997,0.5025,1,1,1
AF037180926,1,0,0,Away Team,0.24350000000000002,0.37450000000000006,1,1,1
AF037180926,1,0,0,Away Team,0.2618,0.377,1,1,1
AF037180926,1,0,0,Away Team,0.2646,0.37770000000000004,1,1,1
AF037180926,1,0,0,Away Team,0.2182,0.353,1,1,1
AF037180926,1,0,0,Away Team,0.235,0.35100000000000003,1,1,1
AF037180926,1,0,0,Away Team,0.235,0.2965,1,1,1
AF037180926,1,0,0,Away Team,0.21420000000000003,0.34049999999999997,1,1,1
AF037180926,1,0,0,Away Team,0.28550000000000003,0.419,1,1,1
AF037180926,2,0,0,Away Team,0.28550000000000003,0.4275,1,1,1
AF037180926,2,0,3,Away Team,0.3079,0.41850000000000004,1,1,1
AF037180926,2,0,3,Home Team,0.3176,0.4075,1,1,1
AF037180926,2,0,3,Home Team,0.30579999999999996,0.40700000000000003,1,1,1
AF037180926,2,0,3,Home Team,0.3215,0.41700000000000004,1,1,1
AF037180926,2,0,3,Home Team,0.3318,0.425,1,1,1
AF037180926,2,0,3,Home Team,0.3583,0.46049999999999996,1,1,1
AF037180926,2,0,3,Home Team,0.366,0.4677,1,1,1
AF037180926,2,0,3,Home Team,0.3471,0.4535,1,1,1
AF037180926,2,0,3,Home Team,0.3471,0.43799999999999994,1,1,1
AF037180926,2,6,3,Home Team,0.3471,0.537,1,1,1
AF037180926,2,7,3,Home Team,0.42460000000000003,0.5335,1,1,1
AF037180926,2,7,3,Away Team,0.4097,0.5489999999999999,1,1,1
AF037180926,2,7,9,Away Team,0.4097,0.387,1,1,1
AF037180926,2,7,10,Away Team,0.3195,0.38,1,1,1
AF037180926,2,7,10,Home Team,0.293,0.3635,1,1,1
AF037180926,2,7,10,Home Team,0.3096,0.3625,1,1,1
AF037180926,2,7,10,Home Team,0.32659999999999995,0.3705,1,1,1
AF037180926,2,7,10,Home Team,0.35869999999999996,0.442,1,1,1
AF037180926,2,7,10,Home Team,0.3134,0.431,1,1,1
AF037180926,2,7,10,Home Team,0.3724,0.457,1,1,1
AF037180926,2,13,10,Home Team,0.3724,0.583,1,1,1
AF037180926,2,14,10,Home Team,0.5011,0.6,1,1,1
AF037180926,2,14,10,Away Team,0.5011,0.6015,1,1,1
AF037180926,2,14,10,Away Team,0.49340000000000006,0.5820000000000001,1,1,1
AF037180926,2,14,10,Away Team,0.514,0.6425,1,1,1
AF037180926,2,14,10,Home Team,0.5567,0.643,1,1,1
AF037190926,1,0,0,Home Team,0.5008,0.402,0,1,1
AF037190926,1,0,0,Home Team,0.5172,0.457,0,1,1
AF037190926,1,0,0,Home Team,0.5164,0.4165,0,1,1
AF037190926,1,0,0,Home Team,0.5221,0.44799999999999995,0,1,1
AF037190926,1,0,0,Home Team,0.5293,0.424,0,1,1
AF037190926,1,0,0,Home Team,0.5124,0.3995,0,1,1
AF037190926,1,0,0,Home Team,0.5124,0.3665,0,1,1
AF037190926,1,3,0,Home Team,0.4415,0.38020000000000004,0,1,1
AF037190926,1,3,0,Away Team,0.4511,0.375,0,1,1
AF037190926,1,3,0,Away Team,0.4487,0.377,0,1,1
AF037190926,1,3,0,Away Team,0.4547,0.4155,0,1,1
AF037190926,1,3,0,Away Team,0.44189999999999996,0.371,0,1,1
AF037190926,2,3,0,Away Team,0.4172,0.33299999999999996,0,1,1
AF037190926,2,3,0,Away Team,0.508,0.43200000000000005,0,1,1
AF037190926,2,3,0,Away Team,0.3914,0.3195,0,1,1
AF037190926,2,3,0,Away Team,0.3608,0.305,0,1,1
AF037190926,2,3,6,Away Team,0.3608,0.28850000000000003,0,1,1
AF037190926,2,3,7,Away Team,0.34259999999999996,0.27949999999999997,0,1,1
AF037190926,2,3,7,Home Team,0.33509999999999995,0.294,0,1,1
AF037190926,2,3,7,Away Team,0.1245,0.11699999999999999,0,1,1
AF037190926,2,3,13,Away Team,0.1245,0.098,0,1,1
AF037190926,2,3,14,Away Team,0.1199,0.0925,0,1,1
AF037190926,2,3,14,Home Team,0.12140000000000001,0.0855,0,1,1
AF037190926,2,3,14,Home Team,0.12050000000000001,0.08650000000000001,0,1,1
AF037190926,2,3,14,Home Team,0.12269999999999999,0.092,0,1,1
AF037190926,2,3,14,Home Team,0.11230000000000001,0.0965,0,1,1
AF037190926,2,3,14,Home Team,0.1464,0.115,0,1,1
AF037190926,2,3,14,Home Team,0.1464,0.125,0,1,1
AF037190926,2,3,14,Home Team,0.0966,0.1065,0,1,1
AF037190926,2,3,14,Away Team,0.0966,0.0365,0,1,1
AF037190926,2,3,14,Home Team,0.08,0.0265,0,1,1
AF037200926,1,0,0,Home Team,0.5058,0.6035,1,1,1
AF037200926,1,0,0,Away Team,0.3122,0.4275,1,1,1
AF037200926,1,0,6,Away Team,0.3122,0.34,1,1,1
AF037200926,1,0,7,Away Team,0.2457,0.3567,1,1,1
AF037200926,1,0,7,Home Team,0.2288,0.363,1,1,1
AF037200926,1,0,7,Home Team,0.23170000000000002,0.3605,1,1,1
AF037200926,1,6,7,Home Team,0.23170000000000002,0.475,1,1,1
AF037200926,1,7,7,Home Team,0.34509999999999996,0.4595,1,1,1
AF037200926,1,7,7,Away Team,0.34619999999999995,0.451,1,1,1
AF037200926,1,7,13,Away Team,0.34619999999999995,0.33299999999999996,1,1,1
AF037200926,1,7,14,Away Team,0.2457,0.34299999999999997,1,1,1
AF037200926,1,7,14,Home Team,0.242,0.344,1,1,1
AF037200926,1,7,14,Home Team,0.261,0.397,1,1,1
AF037200926,1,7,14,Home Team,0.2772,0.408,1,1,1
AF037200926,1,7,14,Home Team,0.2798,0.38299999999999995,1,1,1
AF037200926,1,13,14,Home Team,0.2798,0.4515,1,1,1
AF037200926,1,14,14,Home Team,0.3319,0.45049999999999996,1,1,1
AF037200926,1,14,14,Away Team,0.3322,0.4525,1,1,1
AF037200926,1,14,14,Away Team,0.3433,0.45549999999999996,1,1,1
AF037200926,1,14,14,Away Team,0.3249,0.40149999999999997,1,1,1
AF037200926,2,14,14,Away Team,0.335,0.39399999999999996,1,1,1
AF037200926,2,14,14,Away Team,0.3035,0.3825,1,1,1
AF037200926,2,14,14,Away Team,0.29969999999999997,0.38049999999999995,1,1,1
AF037200926,2,14,14,Away Team,0.31010000000000004,0.3945,1,1,1
AF037200926,2,14,14,Away Team,0.31010000000000004,0.5025,1,1,1
AF037200926,2,14,17,Away Team,0.37020000000000003,0.47950000000000004,1,1,1
AF037200926,2,14,17,Home Team,0.3906,0.4545,1,1,1
AF037200926,2,14,17,Home Team,0.431,0.49700000000000005,1,1,1
AF037200926,2,14,17,Home Team,0.4079,0.5105,1,1,1
AF037200926,2,14,17,Home Team,0.4321,0.5295000000000001,1,1,1
AF037200926,2,20,17,Home Team,0.4321,0.5805,1,1,1
AF037200926,2,21,17,Home Team,0.4963,0.578,1,1,1
AF037200926,2,21,17,Away Team,0.5224,0.615,1,1,1
AF037200926,2,21,17,Away Team,0.48200000000000004,0.5945,1,1,1
AF037200926,2,21,17,Away Team,0.46049999999999996,0.591,1,1,1
AF037200926,2,21,17,Away Team,0.5079,0.601,1,1,1
AF037200926,2,21,17,Away Team,0.5115999999999999,0.6235,1,1,1
AF037200926,2,21,17,Away Team,0.5115999999999999,0.551,1,1,1
AF037200926,2,21,17,Away Team,0.5023,0.597,1,1,1
AF037200926,2,21,17,Away Team,0.5042,0.5875,1,1,1
AF037200926,2,21,17,Away Team,0.4891,0.5965,1,1,1
AF037210926,1,0,0,Home Team,0.5414,0.7484999999999999,1,1,1
AF037210926,1,0,0,Home Team,0.5600999999999999,0.7795000000000001,1,1,1
AF037210926,1,0,0,Home Team,0.5677,0.785,1,1,1
AF037210926,1,0,0,Home Team,0.5677,0.821,1,1,1
AF037210926,1,6,0,Home Team,0.5677,0.8425,1,1,1
AF037210926,1,7,0,Home Team,0.6459999999999999,0.8320000000000001,1,1,1
AF037210926,1,7,0,Away Team,0.6501,0.8125,1,1,1
AF037210926,1,7,0,Away Team,0.6378,0.8065000000000001,1,1,1
AF037210926,1,7,0,Away Team,0.6233,0.8115000000000001,1,1,1
AF037210926,1,7,0,Away Team,0.6285000000000001,0.815,1,1,1
AF037210926,2,7,0,Away Team,0.6306,0.8184999999999999,1,1,1
AF037210926,2,7,0,Away Team,0.6071,0.7859999999999999,1,1,1
AF037210926,2,7,0,Away Team,0.5987,0.7565000000000001,1,1,1
AF037210926,2,7,0,Away Team,0.5774,0.765,1,1,1
AF037210926,2,7,6,Away Team,0.5774,0.737,1,1,1
AF037210926,2,7,7,Away Team,0.5327000000000001,0.7340000000000001,1,1,1
AF037210926,2,7,7,Home Team,0.5589999999999999,0.741,1,1,1
AF037210926,2,7,7,Home Team,0.5589999999999999,0.777,1,1,1
AF037210926,2,7,7,Home Team,0.6397999999999999,0.787,1,1,1
AF037210926,2,7,7,Home Team,0.6399,0.7825,1,1,1
AF037210926,2,7,7,Home Team,0.5623,0.735,1,1,1
AF037210926,2,7,7,Home Team,0.6356,0.8095,1,1,1
AF037210926,2,13,7,Home Team,0.6356,0.8375,1,1,1
AF037210926,2,14,7,Home Team,0.7245,0.8445,1,1,1
AF037210926,2,14,7,Away Team,0.7027,0.856,1,1,1
AF037210926,2,14,7,Away Team,0.6954,0.8525,1,1,1
AF037210926,2,14,7,Home Team,0.8059000000000001,0.893,1,1,1
AF037210926,2,14,7,Away Team,0.7204999999999999,0.875,1,1,1
AF037220926,1,0,0,Home Team,0.39840000000000003,0.47200000000000003,1,1,1
AF037220926,1,0,0,Home Team,0.4081,0.5065,1,1,1
AF037220926,1,0,0,Home Team,0.42119999999999996,0.534,1,1,1
AF037220926,1,0,0,Home Team,0.4307,0.5105,1,1,1
AF037220926,1,0,0,Home Team,0.4489,0.5825,1,1,1
AF037220926,1,6,0,Home Team,0.4489,0.597,1,1,1
AF037220926,1,7,0,Home Team,0.5367999999999999,0.621,1,1,1
AF037220926,1,7,0,Away Team,0.5249,0.604,1,1,1
AF037220926,1,7,0,Away Team,0.5212,0.6154999999999999,1,1,1
AF037220926,1,7,0,Away Team,0.5553,0.631,1,1,1
AF037220926,1,7,0,Away Team,0.4867,0.5825,1,1,1
AF037220926,2,7,0,Away Team,0.4702,0.569,1,1,1
AF037220926,2,7,0,Away Team,0.4819,0.5710000000000001,1,1,1
AF037220926,2,7,0,Away Team,0.4819,0.6204999999999999,1,1,1
AF037220926,2,7,0,Away Team,0.4819,0.5720000000000001,1,1,1
AF037220926,2,7,0,Away Team,0.47619999999999996,0.598,1,1,1
AF037220926,2,7,0,Away Team,0.513,0.642,1,1,1
AF037220926,2,7,0,Away Team,0.513,0.5555,1,1,1
AF037220926,2,7,0,Away Team,0.47600000000000003,0.583,1,1,1
AF037220926,2,7,6,Away Team,0.47600000000000003,0.5245000000000001,1,1,1
AF037220926,2,7,7,Away Team,0.4193,0.5255,1,1,1
AF037220926,2,7,7,Home Team,0.4193,0.502,1,1,1
AF037220926,2,7,7,Home Team,0.40619999999999995,0.525,1,1,1
AF037220926,2,7,7,Home Team,0.41969999999999996,0.5115,1,1,1
AF037220926,2,7,7,Away Team,0.2051,0.267,1,1,1
AF037220926,2,7,7,Away Team,0.2259,0.2825,1,1,1
AF037220926,2,7,13,Away Team,0.2259,0.1865,1,1,1
AF037220926,2,7,14,Away Team,0.1545,0.18350000000000002,1,1,1
AF037220926,2,7,14,Home Team,0.14730000000000001,0.17600000000000002,1,1,1
AF037220926,2,7,14,Home Team,0.1268,0.154,1,1,1
AF037220926,2,7,14,Home Team,0.1085,0.13849999999999998,1,1,1
AF037220926,2,7,14,Home Team,0.1085,0.1085,1,1,1
AF037220926,2,7,14,Away Team,0.0962,0.107,1,1,1
AF037220926,2,7,14,Away Team,0.081,0.1235,1,1,1
AF038170926,1,0,0,Home Team,0.5583,0.6295000000000001,1,1,1
AF038170926,1,0,0,Home Team,0.5533,0.5972999999999999,1,1,1
AF038170926,1,0,0,Home Team,0.5524,0.6095,1,1,1
AF038170926,1,0,0,Home Team,0.5761,0.6405,1,1,1
AF038170926,1,0,0,Home Team,0.552,0.6138,1,1,1
AF038170926,1,0,0,Home Team,0.5543,0.602,1,1,1
AF038170926,1,0,0,Home Team,0.5786,0.6365,1,1,1
AF038170926,1,0,0,Home Team,0.6029,0.6745,1,1,1
AF038170926,1,0,0,Home Team,0.6115999999999999,0.648,1,1,1
AF038170926,1,0,0,Home Team,0.589,0.613,1,1,1
AF038170926,1,0,0,Home Team,0.6204999999999999,0.6725,1,1,1
AF038170926,2,0,0,Home Team,0.6204999999999999,0.6625,1,1,1
AF038170926,2,6,0,Home Team,0.6204999999999999,0.726,1,1,1
AF038170926,2,7,0,Home Team,0.6768000000000001,0.723,1,1,1
AF038170926,2,7,0,Away Team,0.6701,0.7365,1,1,1
AF038170926,2,7,0,Away Team,0.6647,0.7290000000000001,1,1,1
AF038170926,2,7,0,Away Team,0.674,0.7384999999999999,1,1,1
AF038170926,2,7,0,Away Team,0.6507,0.7084999999999999,1,1,1
AF038170926,2,7,0,Away Team,0.6507,0.7685,1,1,1
AF038170926,2,7,0,Away Team,0.6884999999999999,0.6855,1,1,1
AF038170926,2,7,0,Away Team,0.6406999999999999,0.735,1,1,1
AF038170926,2,7,0,Away Team,0.594,0.6865000000000001,1,1,1
AF038170926,2,7,0,Away Team,0.594,0.7045,1,1,1
AF038170926,2,7,0,Home Team,0.8268000000000001,0.8640000000000001,1,1,1
AF038170926,2,7,0,Home Team,0.8499,0.862,1,1,1
AF038170926,2,7,0,Home Team,0.8183,0.8490000000000001,1,1,1
AF038170926,2,7,0,Home Team,0.8626,0.8740000000000001,1,1,1
AF038170926,2,10,0,Home Team,0.8626,0.895,1,1,1
AF038180926,1,0,0,Away Team,0.42969999999999997,0.447,0,1,1
AF038180926,1,0,0,Away Team,0.4458,0.4485,0,1,1
AF038180926,1,0,0,Away Team,0.42829999999999996,0.46049999999999996,0,1,1
AF038180926,1,0,0,Away Team,0.41960000000000003,0.43799999999999994,0,1,1
AF038180926,1,0,0,Away Team,0.4341,0.46149999999999997,0,1,1
AF038180926,1,0,0,Away Team,0.40490000000000004,0.4255,0,1,1
AF038180926,1,0,0,Home Team,0.6374,0.607,0,1,1
AF038180926,1,0,0,Away Team,0.4082,0.461,0,1,1
AF038180926,1,0,0,Away Team,0.4172,0.444,0,1,1
AF038180926,1,0,0,Away Team,0.4138,0.4285,0,1,1
AF038180926,2,0,0,Away Team,0.42579999999999996,0.4115,0,1,1
AF038180926,2,0,0,Away Team,0.40590000000000004,0.41950000000000004,0,1,1
AF038180926,2,0,0,Away Team,0.4214,0.449,0,1,1
AF038180926,2,0,0,Away Team,0.3811,0.39149999999999996,0,1,1
AF038180926,2,0,0,Away Team,0.3776,0.371,0,1,1
AF038180926,2,0,0,Away Team,0.3751,0.3865,0,1,1
AF038180926,2,0,6,Away Team,0.3751,0.311,0,1,1
AF038180926,2,0,7,Away Team,0.32289999999999996,0.3195,0,1,1
AF038180926,2,0,7,Home Team,0.3248,0.3095,0,1,1
AF038180926,2,0,7,Home Team,0.3447,0.327,0,1,1
AF038180926,2,0,7,Home Team,0.3714,0.3385,0,1,1
AF038180926,2,0,7,Home Team,0.3669,0.34700000000000003,0,1,1
AF038180926,2,0,7,Away Team,0.1718,0.1585,0,1,1
AF038180926,2,0,7,Away Team,0.1358,0.1545,0,1,1
AF038180926,2,0,7,Away Team,0.1292,0.14300000000000002,0,1,1
AF038180926,2,0,7,Away Team,0.1198,0.131,0,1,1
AF038180926,2,0,7,Away Team,0.13849999999999998,0.146,0,1,1
AF038180926,2,0,7,Away Team,0.1331,0.161,0,1,1
AF038180926,2,0,7,Away Team,0.1331,0.16899999999999998,0,1,1
AF038190926,1,0,0,Home Team,0.5761999999999999,0.6164999999999999,0,1,1
AF038190926,1,0,0,Home Team,0.5692,0.6154999999999999,0,1,1
AF038190926,1,0,0,Home Team,0.5573,0.6025,0,1,1
AF038190926,1,0,0,Home Team,0.5573,0.5105,0,1,1
AF038190926,1,0,0,Away Team,0.3948,0.452,0,1,1
AF038190926,1,0,0,Away Team,0.3925,0.452,0,1,1
AF038190926,1,0,0,Away Team,0.444,0.4905,0,1,1
AF038190926,1,0,0,Away Team,0.444,0.5145000000000001,0,1,1
AF038190926,1,0,0,Away Team,0.48840000000000006,0.42619999999999997,0,1,1
AF038190926,1,0,0,Away Team,0.3858,0.4685,0,1,1
AF038190926,1,0,0,Away Team,0.4542,0.485,0,1,1
AF038190926,2,0,0,Away Team,0.4542,0.524,0,1,1
AF038190926,2,0,3,Away Team,0.4472,0.4885,0,1,1
AF038190926,2,0,3,Home Team,0.43200000000000005,0.484,0,1,1
AF038190926,2,0,3,Home Team,0.4296,0.49950000000000006,0,1,1
AF038190926,2,0,3,Away Team,0.2659,0.3065,0,1,1
AF038190926,2,0,3,Away Team,0.2364,0.2655,0,1,1
AF038190926,2,0,3,Away Team,0.2594,0.2985,0,1,1
AF038190926,2,0,3,Away Team,0.2594,0.276,0,1,1
AF038190926,2,0,9,Away Team,0.2594,0.2165,0,1,1
AF038190926,2,0,10,Away Team,0.18760000000000002,0.239,0,1,1
AF038190926,2,0,10,Home Team,0.1943,0.255,0,1,1
AF038190926,2,0,10,Home Team,0.2212,0.27399999999999997,0,1,1
AF038190926,2,0,10,Home Team,0.2213,0.2725,0,1,1
AF038190926,2,6,10,Home Team,0.2213,0.2995,0,1,1
AF038190926,2,7,10,Home Team,0.2623,0.302,0,1,1
AF038190926,2,7,10,Away Team,0.2554,0.3015,0,1,1
AF038190926,2,7,10,Away Team,0.2554,0.285,0,1,1
AF038190926,2,7,10,Away Team,0.2304,0.265,0,1,1
AF038190926,2,7,10,Away Team,0.1916,0.225,0,1,1
AF038190926,2,7,10,Away Team,0.20929999999999999,0.245,0,1,1
AF038190926,2,7,10,Away Team,0.1746,0.2445,0,1,1
AF038190926,2,7,10,Away Team,0.1859,0.2565,0,1,1
AF038200926,1,0,0,Home Team,0.5444,0.4905,1,1,1
AF038200926,1,0,0,Home Team,0.5503,0.525,1,1,1
AF038200926,1,0,0,Home Team,0.5675,0.5315,1,1,1
AF038200926,1,0,0,Home Team,0.5555,0.5325,1,1,1
AF038200926,1,0,0,Home Team,0.4515,0.455,1,1,1
AF038200926,1,0,0,Home Team,0.5845,0.5445,1,1,1
AF038200926,1,0,0,Home Team,0.5597,0.5329999999999999,1,1,1
AF038200926,1,0,0,Home Team,0.6093999999999999,0.5716,1,1,1
AF038200926,1,0,0,Home Team,0.5829,0.562,1,1,1
AF038200926,1,0,0,Home Team,0.5526,0.5373,1,1,1
AF038200926,1,0,0,Home Team,0.5526,0.4852,1,1,1
AF038200926,2,3,0,Home Team,0.48719999999999997,0.4925,1,1,1
AF038200926,2,3,0,Away Team,0.48719999999999997,0.39299999999999996,1,1,1
AF038200926,2,3,0,Away Team,0.48719999999999997,0.44,1,1,1
AF038200926,2,3,6,Away Team,0.48719999999999997,0.375,1,1,1
AF038200926,2,3,7,Away Team,0.37770000000000004,0.3812,1,1,1
AF038200926,2,3,7,Home Team,0.3682,0.3705,1,1,1
AF038200926,2,3,7,Home Team,0.3636,0.3765,1,1,1
AF038200926,2,3,7,Home Team,0.4322,0.41950000000000004,1,1,1
AF038200926,2,3,7,Home Team,0.4032,0.43799999999999994,1,1,1
AF038200926,2,3,7,Home Team,0.4107,0.4465,1,1,1
AF038200926,2,3,7,Away Team,0.18280000000000002,0.2285,1,1,1
AF038200926,2,3,7,Away Team,0.17679999999999998,0.2191,1,1,1
AF038200926,2,3,7,Away Team,0.17059999999999997,0.2045,1,1,1
AF038200926,2,3,7,Away Team,0.1548,0.191,1,1,1
AF038200926,2,3,7,Away Team,0.1306,0.1775,1,1,1
AF038200926,2,3,7,Away Team,0.10890000000000001,0.1741,1,1,1
AF038200926,2,3,7,Away Team,0.1082,0.17600000000000002,1,1,1
AF038200926,2,3,7,Away Team,0.1552,0.17059999999999997,1,1,1
AF038200926,2,3,7,Away Team,0.1552,0.1605,1,1,1
AF038200926,2,3,10,Away Team,0.1441,0.1165,1,1,1
AF038220926,1,0,0,Away Team,0.5017,0.395,0,1,1
AF038220926,1,0,0,Away Team,0.4987,0.40049999999999997,0,1,1
AF038220926,1,0,0,Away Team,0.47659999999999997,0.39299999999999996,0,1,1
AF038220926,1,0,0,Away Team,0.5371,0.4275,0,1,1
AF038220926,1,0,0,Away Team,0.47869999999999996,0.3625,0,1,1
AF038220926,1,0,0,Away Team,0.4781,0.38,0,1,1
AF038220926,1,0,6,Away Team,0.4781,0.27149999999999996,0,1,1
AF038220926,1,0,7,Away Team,0.3685,0.265,0,1,1
AF038220926,1,0,7,Home Team,0.37170000000000003,0.27399999999999997,0,1,1
AF038220926,1,0,7,Home Team,0.3851,0.2965,0,1,1
AF038220926,1,0,7,Home Team,0.3987,0.3135,0,1,1
AF038220926,2,0,7,Home Team,0.40049999999999997,0.33399999999999996,0,1,1
AF038220926,2,0,7,Home Team,0.4278,0.34149999999999997,0,1,1
AF038220926,2,0,7,Home Team,0.4521,0.34450000000000003,0,1,1
AF038220926,2,6,7,Home Team,0.4521,0.40549999999999997,0,1,1
AF038220926,2,7,7,Home Team,0.4894,0.3775,0,1,1
AF038220926,2,7,7,Away Team,0.4921,0.3832,0,1,1
AF038220926,2,7,7,Away Team,0.4946,0.40049999999999997,0,1,1
AF038220926,2,7,7,Away Team,0.4814,0.38799999999999996,0,1,1
AF038220926,2,7,7,Away Team,0.4448,0.3475,0,1,1
AF038220926,2,7,7,Away Team,0.4889,0.377,0,1,1
AF038220926,2,7,7,Away Team,0.44549999999999995,0.336,0,1,1
AF038220926,2,7,7,Away Team,0.387,0.2875,0,1,1
AF038220926,2,7,7,Away Team,0.3807,0.3185,0,1,1
AF038220926,2,7,7,Away Team,0.38159999999999994,0.2865,0,1,1
AF038220926,2,7,13,Away Team,0.38159999999999994,0.19949999999999998,0,1,1
AF038220926,2,7,14,Away Team,0.2721,0.209,0,1,1
AF038220926,2,7,14,Home Team,0.3235,0.221,0,1,1
AF038220926,2,7,14,Home Team,0.2944,0.2175,0,1,1
AF038220926,2,7,14,Away Team,0.1316,0.1225,0,1,1
AF038220926,2,7,17,Away Team,0.1316,0.099,0,1,1
AF039170926,1,0,0,Away Team,0.4512,0.4885,1,1,1
AF039170926,1,0,0,Away Team,0.4111,0.49950000000000006,1,1,1
AF039170926,1,0,0,Away Team,0.44049999999999995,0.5055,1,1,1
AF039170926,1,0,0,Away Team,0.45159999999999995,0.5155,1,1,1
AF039170926,1,0,0,Home Team,0.6234000000000001,0.629,1,1,1
AF039170926,1,0,0,Home Team,0.6201,0.643,1,1,1
AF039170926,1,0,0,Home Team,0.6265,0.6665000000000001,1,1,1
AF039170926,1,0,0,Home Team,0.6444,0.6375,1,1,1
AF039170926,1,6,0,Home Team,0.6444,0.7345,1,1,1
AF039170926,1,7,0,Home Team,0.7136,0.735,1,1,1
AF039170926,1,7,0,Away Team,0.7238,0.7635,1,1,1
AF039170926,1,7,0,Away Team,0.7484999999999999,0.7655,1,1,1
AF039170926,1,7,0,Away Team,0.7215,0.7465,1,1,1
AF039170926,2,7,0,Away Team,0.7225,0.732,1,1,1
AF039170926,2,7,0,Away Team,0.7379000000000001,0.7559999999999999,1,1,1
AF039170926,2,7,0,Away Team,0.7066,0.7055,1,1,1
AF039170926,2,7,0,Away Team,0.7081000000000001,0.7375,1,1,1
AF039170926,2,7,0,Away Team,0.7681,0.7685,1,1,1
AF039170926,2,7,0,Away Team,0.7681,0.8025,1,1,1
AF039170926,2,7,3,Away Team,0.8148000000000001,0.8240000000000001,1,1,1
AF039170926,2,7,3,Home Team,0.8195999999999999,0.8175,1,1,1
AF039170926,2,7,3,Home Team,0.8149,0.8234999999999999,1,1,1
AF039170926,2,7,3,Home Team,0.8436,0.8365,1,1,1
AF039170926,2,7,3,Home Team,0.8714,0.8554999999999999,1,1,1
AF039170926,2,7,3,Home Team,0.8756999999999999,0.8545,1,1,1
AF039170926,2,7,3,Home Team,0.8768,0.8425,1,1,1
AF039170926,2,7,3,Home Team,0.9023,0.8405,1,1,1
AF039170926,2,7,3,Away Team,0.7483,0.7525,1,1,1
AF039170926,2,7,3,Away Team,0.7646,0.7635,1,1,1
AF039180926,1,0,0,Away Team,0.4268,0.4875,1,1,1
AF039180926,1,0,0,Away Team,0.43090000000000006,0.48,1,1,1
AF039180926,1,0,0,Away Team,0.4797,0.544,1,1,1
AF039180926,1,0,0,Away Team,0.3983,0.4545,1,1,1
AF039180926,1,0,0,Away Team,0.41200000000000003,0.435,1,1,1
AF039180926,1,0,0,Away Team,0.4193,0.47600000000000003,1,1,1
AF039180926,1,0,0,Away Team,0.3747,0.4485,1,1,1
AF039180926,1,0,0,Away Team,0.396,0.4545,1,1,1
AF039180926,1,0,0,Away Team,0.3785,0.444,1,1,1
AF039180926,2,0,0,Away Team,0.3556,0.451,1,1,1
AF039180926,2,0,6,Away Team,0.3556,0.3725,1,1,1
AF039180926,2,0,7,Away Team,0.3243,0.37,1,1,1
AF039180926,2,0,7,Home Team,0.3247,0.3715,1,1,1
AF039180926,2,0,7,Home Team,0.4048,0.4252,1,1,1
AF039180926,2,6,7,Home Team,0.4048,0.45649999999999996,1,1,1
AF039180926,2,7,7,Home Team,0.42829999999999996,0.4465,1,1,1
AF039180926,2,7,7,Away Team,0.4388,0.4625,1,1,1
AF039180926,2,7,7,Away Team,0.4072,0.42950000000000005,1,1,1
AF039180926,2,7,7,Away Team,0.4044,0.428,1,1,1
AF039180926,2,7,7,Away Team,0.38770000000000004,0.382,1,1,1
AF039180926,2,7,7,Away Team,0.369,0.39649999999999996,1,1,1
AF039180926,2,7,7,Away Team,0.369,0.5015,1,1,1
AF039180926,2,7,10,Away Team,0.509,0.491,1,1,1
AF039180926,2,7,10,Home Team,0.4913,0.499,1,1,1
AF039180926,2,13,10,Home Team,0.4913,0.777,1,1,1
AF039180926,2,14,10,Home Team,0.7637999999999999,0.77,1,1,1
AF039180926,2,14,10,Away Team,0.7679,0.753,1,1,1
AF039190926,1,0,0,Home Team,0.4329,0.325,1,1,1
AF039190926,1,6,0,Home Team,0.4329,0.42100000000000004,1,1,1
AF039190926,1,7,0,Home Team,0.5445,0.423,1,1,1
AF039190926,1,7,0,Away Team,0.529,0.41700000000000004,1,1,1
AF039190926,1,7,0,Away Team,0.5051,0.41450000000000004,1,1,1
AF039190926,1,7,0,Away Team,0.48810000000000003,0.40149999999999997,1,1,1
AF039190926,1,7,0,Away Team,0.5159,0.436,1,1,1
AF039190926,1,7,0,Away Team,0.4636,0.385,1,1,1
AF039190926,1,7,0,Away Team,0.47090000000000004,0.3885,1,1,1
AF039190926,1,7,0,Away Team,0.4611,0.4155,1,1,1
AF039190926,1,7,0,Away Team,0.49420000000000003,0.426,1,1,1
AF039190926,1,7,0,Away Team,0.49420000000000003,0.4885,1,1,1
AF039190926,1,7,0,Home Team,0.6792,0.603,1,1,1
AF039190926,1,7,0,Home Team,0.6844,0.595,1,1,1
AF039190926,2,7,0,Home Team,0.6870999999999999,0.649,1,1,1
AF039190926,2,7,0,Home Team,0.7189,0.664,1,1,1
AF039190926,2,7,0,Home Team,0.7168000000000001,0.659,1,1,1
AF039190926,2,7,0,Home Team,0.7168000000000001,0.578,1,1,1
AF039190926,2,7,0,Home Team,0.6901,0.6995,1,1,1
AF039190926,2,7,0,Home Team,0.7303000000000001,0.6735,1,1,1
AF039190926,2,13,0,Home Team,0.7303000000000001,0.7685,1,1,1
AF039190926,2,14,0,Home Team,0.8289,0.767,1,1,1
AF039190926,2,14,0,Away Team,0.8183,0.7745000000000001,1,1,1
AF039190926,2,14,0,Away Team,0.8606999999999999,0.8025,1,1,1
AF039190926,2,14,0,Away Team,0.8919,0.8415,1,1,1
AF039190926,2,14,0,Away Team,0.8919,0.8965000000000001,1,1,1
AF039190926,2,14,0,Home Team,0.8839,0.912,1,1,1
AF039190926,2,14,0,Home Team,0.9318000000000001,0.9005,1,1,1
AF039190926,2,14,0,Home Team,0.945,0.892,1,1,1
AF039190926,2,14,0,Home Team,0.945,0.831,1,1,1
AF039190926,2,14,0,Away Team,0.9367,0.8109999999999999,1,1,1
AF039190926,2,14,0,Home Team,0.966,0.9345,1,1,1
AF039190926,2,14,0,Home Team,0.9659,0.9315000000000001,1,1,1
AF039190926,2,20,0,Home Team,0.9659,0.966,1,1,1
AF039190926,2,21,0,Home Team,0.9786,0.96,1,1,1
AF039190926,2,21,0,Away Team,0.9806999999999999,0.9575,1,1,1
AF039190926,2,21,0,Away Team,0.9773000000000001,0.96,1,1,1
AF039190926,2,21,0,Home Team,0.991,0.99,1,1,1
AF039190926,2,21,0,Home Team,0.9908,0.9825,1,1,1
AF039190926,2,21,0,Home Team,0.9901000000000001,0.9834999999999999,1,1,1
AF039200926,1,0,0,Home Team,0.4496,0.5125,0,1,1
AF039200926,1,0,0,Home Team,0.43060000000000004,0.5085000000000001,0,1,1
AF039200926,1,0,0,Home Team,0.465,0.5255,0,1,1
AF039200926,1,0,0,Home Team,0.4841,0.519,0,1,1
AF039200926,1,0,0,Home Team,0.4606,0.5305,0,1,1
AF039200926,1,0,0,Home Team,0.48100000000000004,0.5465,0,1,1
AF039200926,1,0,0,Home Team,0.48100000000000004,0.613,0,1,1
AF039200926,1,0,0,Home Team,0.5353,0.5665,0,1,1
AF039200926,1,0,0,Home Team,0.5011,0.512,0,1,1
AF039200926,1,0,0,Home Team,0.5011,0.46799999999999997,0,1,1
AF039200926,1,0,0,Away Team,0.2892,0.375,0,1,1
AF039200926,1,0,0,Away Team,0.3329,0.392,0,1,1
AF039200926,2,0,0,Away Team,0.2994,0.35350000000000004,0,1,1
AF039200926,2,0,0,Away Team,0.2687,0.3105,0,1,1
AF039200926,2,0,0,Away Team,0.25670000000000004,0.2875,0,1,1
AF039200926,2,0,0,Away Team,0.2734,0.302,0,1,1
AF039200926,2,0,0,Away Team,0.2369,0.29100000000000004,0,1,1
AF039200926,2,0,0,Away Team,0.2565,0.305,0,1,1
AF039200926,2,0,6,Away Team,0.2565,0.2595,0,1,1
AF039200926,2,0,7,Away Team,0.2053,0.2325,0,1,1
AF039200926,2,0,7,Home Team,0.20980000000000001,0.247,0,1,1
AF039200926,2,0,7,Home Team,0.2027,0.244,0,1,1
AF039200926,2,0,7,Home Team,0.18739999999999998,0.2305,0,1,1
AF039200926,2,0,7,Home Team,0.21660000000000001,0.2345,0,1,1
AF039200926,2,0,7,Home Team,0.18109999999999998,0.23600000000000002,0,1,1
AF039200926,2,0,7,Home Team,0.2217,0.271,0,1,1
AF039200926,2,6,7,Home Team,0.2217,0.34049999999999997,0,1,1
AF039200926,2,7,7,Home Team,0.28800000000000003,0.36,0,1,1
AF039200926,2,7,7,Away Team,0.2724,0.34600000000000003,0,1,1
AF039200926,2,7,7,Away Team,0.2519,0.316,0,1,1
AF039200926,2,7,7,Away Team,0.2639,0.3155,0,1,1
AF039200926,2,7,7,Away Team,0.2579,0.309,0,1,1
AF039200926,2,7,7,Away Team,0.2579,0.39549999999999996,0,1,1
AF039210926,1,0,0,Away Team,0.5542,0.5760000000000001,0,1,1
AF039210926,1,0,0,Away Team,0.5635,0.5825,0,1,1
AF039210926,1,0,0,Away Team,0.555,0.591,0,1,1
AF039210926,1,0,0,Away Team,0.531,0.5489999999999999,0,1,1
AF039210926,1,0,0,Away Team,0.525,0.537,0,1,1
AF039210926,1,0,0,Away Team,0.5029,0.53,0,1,1
AF039210926,1,0,0,Away Team,0.4999,0.526,0,1,1
AF039210926,1,0,0,Away Team,0.517,0.557,0,1,1
AF039210926,1,0,0,Away Team,0.4744,0.49450000000000005,0,1,1
AF039210926,1,0,0,Away Team,0.46520000000000006,0.4705,0,1,1
AF039210926,2,0,0,Away Team,0.46649999999999997,0.486,0,1,1
AF039210926,2,0,6,Away Team,0.46649999999999997,0.42700000000000005,0,1,1
AF039210926,2,0,7,Away Team,0.41229999999999994,0.44049999999999995,0,1,1
AF039210926,2,0,7,Home Team,0.4194,0.43200000000000005,0,1,1
AF039210926,2,0,7,Home Team,0.3922,0.4205,0,1,1
AF039210926,2,0,7,Home Team,0.3529,0.381,0,1,1
AF039210926,2,0,7,Home Team,0.45,0.456,0,1,1
AF039210926,2,0,7,Home Team,0.4391,0.4425,0,1,1
AF039210926,2,0,7,Home Team,0.44380000000000003,0.4305,0,1,1
AF039210926,2,0,7,Home Team,0.4844,0.47950000000000004,0,1,1
AF039210926,2,0,7,Home Team,0.4764,0.4525,0,1,1
AF039210926,2,0,7,Home Team,0.444,0.4515,0,1,1
AF039210926,2,6,7,Home Team,0.444,0.5395,0,1,1
AF039210926,2,7,7,Home Team,0.5323,0.5395,0,1,1
AF039210926,2,7,7,Away Team,0.5422,0.5415,0,1,1
AF039210926,2,7,7,Away Team,0.5664,0.5685,0,1,1
AF039210926,2,7,7,Away Team,0.5394,0.528,0,1,1
AF039210926,2,7,7,Away Team,0.5126,0.523,0,1,1
AF039210926,2,7,7,Away Team,0.5126,0.496,0,1,1
AF039210926,2,7,7,Away Team,0.5065999999999999,0.5075,0,1,1
AF039210926,2,7,7,Away Team,0.4769,0.51,0,1,1
AF039210926,2,7,10,Away Team,0.4769,0.4825,0,1,1
AF039210926,2,7,10,Home Team,0.4769,0.4705,0,1,1
AF040170926,1,0,0,Away Team,0.5839,0.5495,0,1,1
AF040170926,1,0,0,Away Team,0.5855,0.5235,0,1,1
AF040170926,1,0,0,Away Team,0.6297999999999999,0.5589999999999999,0,1,1
AF040170926,1,0,0,Away Team,0.6283,0.5710000000000001,0,1,1
AF040170926,1,0,0,Away Team,0.5725,0.5045000000000001,0,1,1
AF040170926,1,0,0,Away Team,0.5572,0.45799999999999996,0,1,1
AF040170926,1,0,6,Away Team,0.5572,0.3675,0,1,1
AF040170926,1,0,7,Away Team,0.4879,0.3575,0,1,1
AF040170926,1,0,7,Home Team,0.4656,0.364,0,1,1
AF040170926,1,0,7,Home Team,0.4485,0.3527,0,1,1
AF040170926,1,0,7,Home Team,0.44670000000000004,0.33,0,1,1
AF040170926,2,0,7,Home Team,0.49810000000000004,0.397,0,1,1
AF040170926,2,0,7,Home Team,0.486,0.4,0,1,1
AF040170926,2,0,7,Home Team,0.5327000000000001,0.42700000000000005,0,1,1
AF040170926,2,0,7,Home Team,0.5476,0.415,0,1,1
AF040170926,2,0,7,Home Team,0.5265,0.40850000000000003,0,1,1
AF040170926,2,0,7,Home Team,0.4966,0.3865,0,1,1
AF040170926,2,0,7,Home Team,0.4966,0.4975,0,1,1
AF040170926,2,0,7,Home Team,0.4966,0.4805,0,1,1
AF040170926,2,6,7,Home Team,0.4966,0.5365,0,1,1
AF040170926,2,7,7,Home Team,0.6101,0.547,0,1,1
AF040170926,2,7,7,Away Team,0.5954,0.503,0,1,1
AF040170926,2,7,13,Away Team,0.5954,0.2865,0,1,1
AF040170926,2,7,14,Away Team,0.3362,0.2775,0,1,1
AF040170926,2,7,14,Home Team,0.33270000000000005,0.264,0,1,1
AF040170926,2,7,14,Home Team,0.4014,0.32049999999999995,0,1,1
AF040170926,2,7,14,Home Team,0.4347,0.34850000000000003,0,1,1
AF040200926,1,0,0,Home Team,0.5267000000000001,0.484,0,1,1
AF040200926,1,0,0,Away Team,0.3282,0.3475,0,1,1
AF040200926,1,0,0,Away Team,0.3297,0.3235,0,1,1
AF040200926,1,0,0,Away Team,0.3281,0.376,0,1,1
AF040200926,1,0,0,Away Team,0.3281,0.28850000000000003,0,1,1
AF040200926,1,0,6,Away Team,0.3281,0.248,0,1,1
AF040200926,1,0,7,Away Team,0.2584,0.2585,0,1,1
AF040200926,1,0,7,Home Team,0.2645,0.2465,0,1,1
AF040200926,1,0,7,Home Team,0.27,0.27649999999999997,0,1,1
AF040200926,1,0,7,Home Team,0.2985,0.2805,0,1,1
AF040200926,1,0,7,Home Team,0.2877,0.262,0,1,1
AF040200926,1,0,7,Home Team,0.3094,0.302,0,1,1
AF040200926,1,0,7,Home Team,0.31120000000000003,0.28350000000000003,0,1,1
AF040200926,1,0,7,Home Team,0.33030000000000004,0.3215,0,1,1
AF040200926,1,0,7,Home Team,0.33030000000000004,0.3195,0,1,1
AF040200926,1,6,7,Home Team,0.33030000000000004,0.358,0,1,1
AF040200926,1,7,7,Home Team,0.3589,0.36920000000000003,0,1,1
AF040200926,1,7,7,Away Team,0.3644,0.3735,0,1,1
AF040200926,1,7,7,Away Team,0.3906,0.3775,0,1,1
AF040200926,2,7,7,Away Team,0.3392,0.33799999999999997,0,1,1
AF040200926,2,7,7,Away Team,0.3425,0.3425,0,1,1
AF040200926,2,7,7,Away Team,0.29710000000000003,0.311,0,1,1
AF040200926,2,7,7,Away Team,0.2851,0.28600000000000003,0,1,1
AF040200926,2,7,7,Away Team,0.24719999999999998,0.2325,0,1,1
AF040200926,2,7,7,Away Team,0.2297,0.228,0,1,1
AF040200926,2,7,13,Away Team,0.2297,0.19399999999999998,0,1,1
AF040200926,2,7,14,Away Team,0.2206,0.1905,0,1,1
AF040200926,2,7,14,Home Team,0.22949999999999998,0.1795,0,1,1
AF040200926,2,7,14,Home Team,0.1941,0.1775,0,1,1
AF040200926,2,7,14,Away Team,0.08,0.086,0,1,1
AF040200926,2,7,14,Away Team,0.08,0.078,0,1,1
AF040200926,2,7,14,Away Team,0.08,0.0635,0,1,1
AF040200926,2,7,17,Away Team,0.08,0.062,0,1,1
AF040220926,1,0,0,Home Team,0.516,0.43520000000000003,1,1,1
AF040220926,1,6,0,Home Team,0.516,0.584,1,1,1
AF040220926,1,7,0,Home Team,0.6277,0.5815,1,1,1
AF040220926,1,7,0,Away Team,0.6406999999999999,0.5843,1,1,1
AF040220926,1,7,0,Away Team,0.6196,0.5668,1,1,1
AF040220926,1,7,0,Away Team,0.5881000000000001,0.541,1,1,1
AF040220926,1,7,0,Away Team,0.5874,0.536,1,1,1
AF040220926,1,7,6,Away Team,0.5874,0.43450000000000005,1,1,1
AF040220926,1,7,7,Away Team,0.5265,0.428,1,1,1
AF040220926,1,7,7,Home Team,0.5167,0.4115,1,1,1
AF040220926,1,7,7,Home Team,0.4965,0.40369999999999995,1,1,1
AF040220926,1,7,7,Home Team,0.4943,0.43200000000000005,1,1,1
AF040220926,1,7,7,Home Team,0.5143,0.47,1,1,1
AF040220926,1,7,7,Home Team,0.5125,0.44549999999999995,1,1,1
AF040220926,2,7,7,Home Team,0.49479999999999996,0.4445,1,1,1
AF040220926,2,7,7,Home Team,0.5513,0.496,1,1,1
AF040220926,2,7,7,Home Team,0.5397,0.49450000000000005,1,1,1
AF040220926,2,7,7,Home Team,0.588,0.5205,1,1,1
AF040220926,2,7,7,Home Team,0.5901,0.5253,1,1,1
AF040220926,2,7,7,Home Team,0.6183,0.555,1,1,1
AF040220926,2,7,7,Home Team,0.6217,0.5865,1,1,1
AF040220926,2,7,7,Home Team,0.6217,0.621,1,1,1
AF040220926,2,13,7,Home Team,0.6217,0.7059000000000001,1,1,1
AF040220926,2,14,7,Home Team,0.7283,0.6995,1,1,1
AF040220926,2,14,7,Away Team,0.7321,0.6995,1,1,1
AF040220926,2,14,7,Away Team,0.7389,0.7115,1,1,1
AF040220926,2,14,7,Away Team,0.7722,0.747,1,1,1
AF041170926,1,0,0,Away Team,0.6620999999999999,0.6485,1,1,1
AF041170926,1,0,6,Away Team,0.6620999999999999,0.5305,1,1,1
AF041170926,1,0,7,Away Team,0.5538000000000001,0.5365,1,1,1
AF041170926,1,0,7,Home Team,0.5699000000000001,0.518,1,1,1
AF041170926,1,0,7,Home Team,0.5696,0.537,1,1,1
AF041170926,1,0,7,Home Team,0.5556,0.51,1,1,1
AF041170926,1,0,7,Home Team,0.5257999999999999,0.47850000000000004,1,1,1
AF041170926,1,0,7,Home Team,0.5631,0.5335,1,1,1
AF041170926,1,0,7,Home Team,0.5932999999999999,0.561,1,1,1
AF041170926,1,0,7,Home Team,0.5932999999999999,0.585,1,1,1
AF041170926,1,0,7,Home Team,0.5932999999999999,0.588,1,1,1
AF041170926,1,6,7,Home Team,0.5932999999999999,0.6065,1,1,1
AF041170926,1,7,7,Home Team,0.6395000000000001,0.621,1,1,1
AF041170926,1,7,7,Away Team,0.6344,0.6204999999999999,1,1,1
AF041170926,1,7,7,Away Team,0.6236,0.5998,1,1,1
AF041170926,1,7,7,Away Team,0.6217,0.5788,1,1,1
AF041170926,2,7,7,Away Team,0.5922999999999999,0.5595,1,1,1
AF041170926,2,7,13,Away Team,0.5922999999999999,0.4587,1,1,1
AF041170926,2,7,14,Away Team,0.5249,0.4632,1,1,1
AF041170926,2,7,14,Home Team,0.5328,0.47450000000000003,1,1,1
AF041170926,2,7,14,Home Team,0.5221,0.46549999999999997,1,1,1
AF041170926,2,7,14,Home Team,0.5059,0.457,1,1,1
AF041170926,2,7,14,Home Team,0.5213,0.461,1,1,1
AF041170926,2,7,14,Home Team,0.5421,0.4985,1,1,1
AF041170926,2,7,14,Home Team,0.5421,0.4705,1,1,1
AF041170926,2,7,14,Home Team,0.5776,0.5579999999999999,1,1,1
AF041170926,2,7,14,Home Team,0.5776,0.5589999999999999,1,1,1
AF041170926,2,7,14,Home Team,0.5776,0.532,1,1,1
AF041170926,2,13,14,Home Team,0.5776,0.6275,1,1,1
AF041170926,2,14,14,Home Team,0.6344,0.6035,1,1,1
AF041170926,2,14,14,Away Team,0.6412,0.621,1,1,1
AF041170926,2,14,14,Away Team,0.6581999999999999,0.6365,1,1,1
AF041170926,2,14,14,Away Team,0.6346,0.6135,1,1,1
AF041180926,1,0,0,Home Team,0.474,0.5205,1,1,1
AF041180926,1,0,0,Home Team,0.466,0.5225,1,1,1
AF041180926,1,0,0,Home Team,0.466,0.511,1,1,1
AF041180926,1,0,0,Home Team,0.43810000000000004,0.522,1,1,1
AF041180926,1,0,0,Home Team,0.4913,0.531,1,1,1
AF041180926,1,0,0,Home Team,0.457,0.522,1,1,1
AF041180926,1,0,0,Home Team,0.511,0.557,1,1,1
AF041180926,1,0,0,Home Team,0.46130000000000004,0.506,1,1,1
AF041180926,1,0,0,Home Team,0.5216,0.5625,1,1,1
AF041180926,2,0,0,Home Team,0.5216,0.5195000000000001,1,1,1
AF041180926,2,3,0,Home Team,0.46399999999999997,0.469,1,1,1
AF041180926,2,3,0,Away Team,0.4143,0.4725,1,1,1
AF041180926,2,3,0,Away Team,0.41159999999999997,0.47450000000000003,1,1,1
AF041180926,2,3,0,Home Team,0.6391,0.6945,1,1,1
AF041180926,2,3,0,Home Team,0.6509999999999999,0.7,1,1,1
AF041180926,2,3,0,Home Team,0.6305,0.6629999999999999,1,1,1
AF041180926,2,3,0,Home Team,0.6154999999999999,0.6675,1,1,1
AF041180926,2,3,0,Home Team,0.6154999999999999,0.5805,1,1,1
AF041180926,2,6,0,Home Team,0.5599000000000001,0.6035,1,1,1
AF041180926,2,6,0,Away Team,0.5366,0.622,1,1,1
AF041180926,2,6,0,Away Team,0.53,0.6135,1,1,1
AF041180926,2,6,0,Away Team,0.5739,0.626,1,1,1
AF041180926,2,6,0,Away Team,0.5155,0.575,1,1,1
AF041180926,2,6,0,Away Team,0.5203,0.564,1,1,1
AF041180926,2,6,0,Away Team,0.495,0.5755,1,1,1
AF041180926,2,6,0,Away Team,0.4867,0.537,1,1,1
AF041180926,2,6,0,Away Team,0.4828,0.546,1,1,1
AF041180926,2,6,0,Home Team,0.7379000000000001,0.7659999999999999,1,1,1
AF041180926,2,6,0,Home Team,0.7359,0.7605,1,1,1
AF041180926,2,6,0,Home Team,0.7572,0.789,1,1,1
AF041180926,2,6,0,Home Team,0.7673000000000001,0.812,1,1,1
AF041180926,2,6,0,Home Team,0.8536,0.861,1,1,1
AF041180926,2,6,0,Home Team,0.8628,0.8615,1,1,1
AF041180926,2,6,0,Home Team,0.8822,0.841,1,1,1
AF041180926,2,12,0,Home Team,0.8822,0.9329999999999999,1,1,1
AF041180926,2,13,0,Home Team,0.9176000000000001,0.922,1,1,1
AF041180926,2,13,0,Away Team,0.907,0.9315000000000001,1,1,1
AF041180926,2,13,0,Away Team,0.8787999999999999,0.94,1,1,1
AF041190926,1,0,0,Away Team,0.40590000000000004,0.418,0,1,1
AF041190926,1,0,0,Away Team,0.4022,0.41950000000000004,0,1,1
AF041190926,1,0,0,Away Team,0.42579999999999996,0.4435,0,1,1
AF041190926,1,0,0,Away Team,0.3774,0.3995,0,1,1
AF041190926,1,0,0,Away Team,0.4171,0.40950000000000003,0,1,1
AF041190926,1,0,0,Away Team,0.3593,0.34850000000000003,0,1,1
AF041190926,1,0,0,Away Team,0.37229999999999996,0.35450000000000004,0,1,1
AF041190926,1,0,0,Away Team,0.32939999999999997,0.34299999999999997,0,1,1
AF041190926,2,0,0,Away Team,0.3497,0.386,0,1,1
AF041190926,2,0,0,Away Team,0.37729999999999997,0.413,0,1,1
AF041190926,2,0,0,Away Team,0.37729999999999997,0.473,0,1,1
AF041190926,2,0,3,Away Team,0.4668,0.48350000000000004,0,1,1
AF041190926,2,0,3,Home Team,0.4866,0.47700000000000004,0,1,1
AF041190926,2,0,3,Home Team,0.5138,0.493,0,1,1
AF041190926,2,0,3,Home Team,0.5228,0.5265,0,1,1
AF041190926,2,0,3,Home Team,0.5447,0.5345,0,1,1
AF041190926,2,0,3,Home Team,0.5643,0.534,0,1,1
AF041190926,2,0,3,Home Team,0.5489999999999999,0.5185,0,1,1
AF041190926,2,0,3,Home Team,0.6164999999999999,0.5895,0,1,1
AF041190926,2,0,3,Home Team,0.5947,0.58,0,1,1
AF041190926,2,0,3,Home Team,0.5813,0.5675,0,1,1
AF041190926,2,0,3,Home Team,0.5813,0.4987,0,1,1
AF041190926,2,3,3,Home Team,0.5007,0.48100000000000004,0,1,1
AF041190926,2,3,3,Away Team,0.5125,0.49950000000000006,0,1,1
AF041190926,2,3,3,Away Team,0.5275,0.511,0,1,1
AF041190926,2,3,3,Away Team,0.5415,0.5145000000000001,0,1,1
AF041190926,2,3,9,Away Team,0.5415,0.217,0,1,1
AF041190926,2,3,10,Away Team,0.22260000000000002,0.2005,0,1,1
AF041200926,1,0,0,Away Team,0.4629,0.4355,0,1,1
AF041200926,1,0,0,Away Team,0.4807,0.4515,0,1,1
AF041200926,1,0,0,Away Team,0.4457,0.418,0,1,1
AF041200926,1,0,0,Away Team,0.4779,0.4335,0,1,1
AF041200926,1,0,0,Away Team,0.46149999999999997,0.391,0,1,1
AF041200926,1,0,0,Away Team,0.4985,0.445,0,1,1
AF041200926,1,0,0,Away Team,0.42469999999999997,0.384,0,1,1
AF041200926,1,0,0,Away Team,0.42340000000000005,0.3995,0,1,1
AF041200926,1,0,0,Away Team,0.47590000000000005,0.4325,0,1,1
AF041200926,2,0,0,Away Team,0.4224,0.368,0,1,1
AF041200926,2,0,0,Away Team,0.4302,0.4115,0,1,1
AF041200926,2,0,0,Away Team,0.4131,0.37200000000000005,0,1,1
AF041200926,2,0,0,Away Team,0.4131,0.4865,0,1,1
AF041200926,2,0,6,Away Team,0.4706,0.2915,0,1,1
AF041200926,2,0,7,Away Team,0.4706,0.31,0,1,1
AF041200926,2,0,7,Home Team,0.3525,0.2915,0,1,1
AF041200926,2,0,7,Home Team,0.3318,0.27649999999999997,0,1,1
AF041200926,2,0,7,Home Team,0.2702,0.24100000000000002,0,1,1
AF041200926,2,0,7,Home Team,0.3701,0.3245,0,1,1
AF041200926,2,0,7,Home Team,0.3554,0.3025,0,1,1
AF041200926,2,0,7,Home Team,0.3932,0.29600000000000004,0,1,1
AF041200926,2,0,7,Home Team,0.39799999999999996,0.3295,0,1,1
AF041200926,2,0,7,Home Team,0.39049999999999996,0.3095,0,1,1
AF041200926,2,0,7,Home Team,0.3686,0.303,0,1,1
AF041200926,2,0,7,Home Team,0.43079999999999996,0.3265,0,1,1
AF041200926,2,0,7,Home Team,0.40369999999999995,0.3185,0,1,1
AF041200926,2,0,7,Home Team,0.34409999999999996,0.1775,0,1,1
AF041210926,1,0,0,Away Team,0.54,0.7384999999999999,1,1,1
AF041210926,1,0,0,Away Team,0.5425,0.711,1,1,1
AF041210926,1,0,0,Away Team,0.5771999999999999,0.6905,1,1,1
AF041210926,1,0,0,Away Team,0.5519,0.6785,1,1,1
AF041210926,1,0,0,Away Team,0.6103000000000001,0.746,1,1,1
AF041210926,1,0,0,Away Team,0.6103000000000001,0.7625,1,1,1
AF041210926,1,0,3,Away Team,0.6624,0.743,1,1,1
AF041210926,1,0,3,Home Team,0.6470999999999999,0.732,1,1,1
AF041210926,1,0,3,Home Team,0.6667000000000001,0.75,1,1,1
AF041210926,1,0,3,Home Team,0.6297,0.7390000000000001,1,1,1
AF041210926,1,0,3,Home Team,0.6781,0.7559999999999999,1,1,1
AF041210926,2,0,3,Home Team,0.6369,0.7215,1,1,1
AF041210926,2,0,3,Home Team,0.5865,0.6775,1,1,1
AF041210926,2,0,3,Away Team,0.41869999999999996,0.569,1,1,1
AF041210926,2,0,3,Away Team,0.434,0.5965,1,1,1
AF041210926,2,0,3,Away Team,0.4711,0.6214999999999999,1,1,1
AF041210926,2,0,3,Away Team,0.4711,0.6645,1,1,1
AF041210926,2,0,6,Away Team,0.521,0.6485,1,1,1
AF041210926,2,0,6,Home Team,0.5528,0.643,1,1,1
AF041210926,2,0,6,Home Team,0.5611,0.6445000000000001,1,1,1
AF041210926,2,0,6,Home Team,0.5414,0.6415000000000001,1,1,1
AF041210926,2,0,6,Home Team,0.5853,0.6725,1,1,1
AF041210926,2,0,6,Home Team,0.5611,0.6605,1,1,1
AF041210926,2,0,6,Home Team,0.5916,0.6645,1,1,1
AF041210926,2,0,6,Home Team,0.6119,0.6725,1,1,1
AF041210926,2,0,6,Home Team,0.5760000000000001,0.6755,1,1,1
AF041210926,2,0,6,Home Team,0.5954,0.6809999999999999,1,1,1
AF041210926,2,0,6,Home Team,0.5954,0.6265,1,1,1
AF041210926,2,0,6,Away Team,0.31379999999999997,0.4335,1,1,1
AF041210926,2,0,6,Away Team,0.3011,0.4045,1,1,1
AF041210926,2,0,6,Away Team,0.2954,0.4065,1,1,1
AF041210926,2,0,6,Away Team,0.27149999999999996,0.3655,1,1,1
AF041210926,2,0,6,Away Team,0.2357,0.35350000000000004,1,1,1
AF041210926,2,0,6,Away Team,0.2353,0.3635,1,1,1
AF041210926,2,0,6,Away Team,0.2465,0.385,1,1,1
AF041210926,2,0,6,Away Team,0.2465,0.41950000000000004,1,1,1
AF041210926,2,0,9,Away Team,0.2853,0.4285,1,1,1
AF041210926,2,0,9,Home Team,0.3095,0.424,1,1,1
AF041210926,2,0,9,Home Team,0.3151,0.415,1,1,1
AF041210926,2,0,9,Home Team,0.2506,0.386,1,1,1
AF041210926,2,6,9,Home Team,0.2506,0.653,1,1,1
AF041210926,2,7,9,Home Team,0.5353,0.6575,1,1,1
AF041210926,2,7,9,Away Team,0.5434,0.662,1,1,1
AF041210926,2,7,9,Away Team,0.5486,0.6465000000000001,1,1,1
AF041220926,1,0,0,Home Team,0.4673,0.40700000000000003,0,1,1
AF041220926,1,0,0,Home Team,0.4725,0.43700000000000006,0,1,1
AF041220926,1,0,0,Home Team,0.5262,0.4625,0,1,1
AF041220926,1,0,0,Home Team,0.515,0.45,0,1,1
AF041220926,1,0,0,Home Team,0.4863,0.4275,0,1,1
AF041220926,1,6,0,Home Team,0.4863,0.514,0,1,1
AF041220926,1,7,0,Home Team,0.5954999999999999,0.518,0,1,1
AF041220926,1,7,0,Away Team,0.5870000000000001,0.5215,0,1,1
AF041220926,1,7,0,Away Team,0.5901,0.5325,0,1,1
AF041220926,1,7,0,Away Team,0.5852,0.5165,0,1,1
AF041220926,1,7,0,Away Team,0.5968,0.557,0,1,1
AF041220926,1,7,0,Away Team,0.5504,0.5,0,1,1
AF041220926,2,7,0,Away Team,0.6017,0.56,0,1,1
AF041220926,2,7,0,Away Team,0.5529999999999999,0.478,0,1,1
AF041220926,2,7,0,Away Team,0.5362,0.4765,0,1,1
AF041220926,2,7,0,Away Team,0.5604,0.5055,0,1,1
AF041220926,2,7,6,Away Team,0.5604,0.4395,0,1,1
AF041220926,2,7,7,Away Team,0.4843,0.46049999999999996,0,1,1
AF041220926,2,7,7,Home Team,0.4789,0.4425,0,1,1
AF041220926,2,7,7,Home Team,0.473,0.47200000000000003,0,1,1
AF041220926,2,7,7,Home Team,0.5017,0.4975,0,1,1
AF041220926,2,7,7,Home Team,0.5017,0.5265,0,1,1
AF041220926,2,7,7,Home Team,0.5156000000000001,0.49700000000000005,0,1,1
AF041220926,2,7,7,Home Team,0.4879,0.4805,0,1,1
AF041220926,2,7,7,Home Team,0.4879,0.4105,0,1,1
AF041220926,2,10,7,Home Team,0.4509,0.4225,0,1,1
AF041220926,2,10,7,Away Team,0.4288,0.433,0,1,1
AF041220926,2,10,7,Away Team,0.5423,0.4825,0,1,1
AF041220926,2,10,7,Away Team,0.5074000000000001,0.47450000000000003,0,1,1
AF041220926,2,10,7,Away Team,0.517,0.502,0,1,1
AF042170926,1,0,0,Home Team,0.5542,0.5710000000000001,0,1,1
AF042170926,1,0,0,Home Team,0.5631,0.5785,0,1,1
AF042170926,1,0,0,Home Team,0.5408,0.5655,0,1,1
AF042170926,1,0,0,Home Team,0.4629,0.525,0,1,1
AF042170926,1,0,0,Home Team,0.4629,0.49200000000000005,0,1,1
AF042170926,1,0,0,Away Team,0.3574,0.42100000000000004,0,1,1
AF042170926,1,0,0,Away Team,0.37439999999999996,0.4625,0,1,1
AF042170926,1,0,0,Away Team,0.4882,0.5245000000000001,0,1,1
AF042170926,1,0,0,Away Team,0.4882,0.4905,0,1,1
AF042170926,1,0,3,Away Team,0.4174,0.4435,0,1,1
AF042170926,1,0,3,Home Team,0.4097,0.4725,0,1,1
AF042170926,1,0,9,Away Team,0.4097,0.217,0,1,1
AF042170926,1,0,10,Away Team,0.1724,0.2175,0,1,1
AF042170926,1,0,10,Home Team,0.18309999999999998,0.2125,0,1,1
AF042170926,1,0,10,Home Team,0.1732,0.23800000000000002,0,1,1
AF042170926,1,0,10,Home Team,0.1895,0.2346,0,1,1
AF042170926,2,0,10,Home Team,0.1813,0.2345,0,1,1
AF042170926,2,0,10,Away Team,0.08,0.098,0,1,1
AF042170926,2,0,10,Away Team,0.0866,0.1155,0,1,1
AF042170926,2,0,10,Away Team,0.08,0.1065,0,1,1
AF042170926,2,0,10,Away Team,0.08,0.17300000000000001,0,1,1
AF042170926,2,0,10,Home Team,0.0922,0.1825,0,1,1
AF042170926,2,0,10,Home Team,0.1447,0.1865,0,1,1
AF042170926,2,0,10,Home Team,0.1073,0.1475,0,1,1
AF042170926,2,0,10,Home Team,0.1073,0.0925,0,1,1
AF042170926,2,0,10,Away Team,0.08,0.054000000000000006,0,1,1
AF042170926,2,0,16,Away Team,0.08,0.0405,0,1,1
AF042170926,2,0,17,Away Team,0.08,0.038,0,1,1
AF042170926,2,0,17,Home Team,0.08,0.0305,0,1,1
AF042170926,2,0,17,Home Team,0.08,0.047,0,1,1
AF042170926,2,0,17,Home Team,0.08,0.04,0,1,1
AF042170926,2,0,17,Home Team,0.08,0.036000000000000004,0,1,1
AF042170926,2,0,17,Home Team,0.08,0.0435,0,1,1
AF042170926,2,0,17,Home Team,0.08,0.0455,0,1,1
AF042170926,2,0,17,Home Team,0.08,0.039,0,1,1
AF042170926,2,0,17,Home Team,0.08,0.0385,0,1,1
AF042180926,1,0,0,Home Team,0.5111,0.599,1,1,1
AF042180926,1,0,0,Home Team,0.4947,0.618,1,1,1
AF042180926,1,0,0,Home Team,0.4291,0.58,1,1,1
AF042180926,1,0,0,Home Team,0.4291,0.527,1,1,1
AF042180926,1,0,0,Away Team,0.43270000000000003,0.4925,1,1,1
AF042180926,1,0,6,Away Team,0.38159999999999994,0.36700000000000005,1,1,1
AF042180926,1,0,7,Away Team,0.2639,0.365,1,1,1
AF042180926,1,0,7,Home Team,0.2736,0.3815,1,1,1
AF042180926,1,0,7,Home Team,0.2458,0.369,1,1,1
AF042180926,1,0,7,Home Team,0.3015,0.413,1,1,1
AF042180926,1,0,7,Home Team,0.3048,0.4225,1,1,1
AF042180926,1,0,7,Home Team,0.3395,0.45299999999999996,1,1,1
AF042180926,1,6,7,Home Team,0.3395,0.47950000000000004,1,1,1
AF042180926,1,7,7,Home Team,0.38060000000000005,0.4815,1,1,1
AF042180926,1,7,7,Away Team,0.40880000000000005,0.47200000000000003,1,1,1
AF042180926,1,7,7,Away Team,0.3602,0.45799999999999996,1,1,1
AF042180926,1,7,7,Away Team,0.3508,0.4675,1,1,1
AF042180926,2,7,7,Away Team,0.4285,0.532,1,1,1
AF042180926,2,7,7,Away Team,0.4285,0.6154999999999999,1,1,1
AF042180926,2,7,7,Away Team,0.43700000000000006,0.41100000000000003,1,1,1
AF042180926,2,7,7,Away Team,0.3521,0.44549999999999995,1,1,1
AF042180926,2,7,7,Away Team,0.2968,0.4105,1,1,1
AF042180926,2,7,7,Away Team,0.2995,0.414,1,1,1
AF042180926,2,7,7,Away Team,0.29469999999999996,0.4235,1,1,1
AF042180926,2,7,7,Away Team,0.29469999999999996,0.32799999999999996,1,1,1
AF042180926,2,7,13,Away Team,0.29469999999999996,0.3235,1,1,1
AF042180926,2,7,14,Away Team,0.21760000000000002,0.3045,1,1,1
AF042180926,2,7,14,Home Team,0.21030000000000001,0.319,1,1,1
AF042180926,2,7,14,Home Team,0.20929999999999999,0.2825,1,1,1
AF042180926,2,7,14,Home Team,0.2224,0.298,1,1,1
AF042180926,2,7,14,Home Team,0.2224,0.42100000000000004,1,1,1
AF042180926,2,13,14,Home Team,0.2224,0.46299999999999997,1,1,1
AF042180926,2,14,14,Home Team,0.34659999999999996,0.46619999999999995,1,1,1
AF042180926,2,14,14,Away Team,0.3436,0.47,1,1,1
AF042180926,2,14,14,Home Team,0.6118,0.6748000000000001,1,1,1
AF042180926,2,14,14,Home Team,0.6018,0.6809999999999999,1,1,1
AF042180926,2,17,14,Home Team,0.6018,0.6709999999999999,1,1,1
AF042180926,2,17,14,Away Team,0.5716,0.6779999999999999,1,1,1
AF042180926,2,17,14,Away Team,0.4387,0.6970000000000001,1,1,1
AF042220926,1,0,0,Away Team,0.486,0.49700000000000005,0,1,1
AF042220926,1,0,0,Away Team,0.47859999999999997,0.4825,0,1,1
AF042220926,1,0,0,Away Team,0.5797,0.5435,0,1,1
AF042220926,1,0,0,Away Team,0.5797,0.597,0,1,1
AF042220926,1,0,0,Home Team,0.5826,0.5815,0,1,1
AF042220926,1,0,0,Home Team,0.6729999999999999,0.605,0,1,1
AF042220926,1,0,0,Home Team,0.7225,0.6545000000000001,0,1,1
AF042220926,1,0,0,Home Team,0.7170000000000001,0.6715000000000001,0,1,1
AF042220926,1,0,0,Home Team,0.7039,0.639,0,1,1
AF042220926,2,6,0,Home Team,0.7039,0.7254999999999999,0,1,1
AF042220926,2,7,0,Home Team,0.7781999999999999,0.7375,0,1,1
AF042220926,2,7,0,Away Team,0.7437,0.7143999999999999,0,1,1
AF042220926,2,7,0,Away Team,0.7564,0.6998000000000001,0,1,1
AF042220926,2,7,0,Away Team,0.7487,0.705,0,1,1
AF042220926,2,7,0,Away Team,0.7317,0.6878,0,1,1
AF042220926,2,7,0,Away Team,0.7339,0.7070000000000001,0,1,1
AF042220926,2,7,0,Away Team,0.7536,0.7354999999999999,0,1,1
AF042220926,2,7,0,Away Team,0.7169,0.667,0,1,1
AF042220926,2,7,6,Away Team,0.7169,0.6114999999999999,0,1,1
AF042220926,2,7,7,Away Team,0.6866,0.5985,0,1,1
AF042220926,2,7,7,Home Team,0.6817,0.6204999999999999,0,1,1
AF042220926,2,7,7,Home Team,0.7290000000000001,0.647,0,1,1
AF042220926,2,7,7,Home Team,0.7618,0.7140000000000001,0,1,1
AF042220926,2,7,7,Home Team,0.722,0.6645,0,1,1
AF042220926,2,7,7,Home Team,0.6948000000000001,0.693,0,1,1
AF042220926,2,7,7,Home Team,0.6948000000000001,0.6815000000000001,0,1,1
AF042220926,2,10,7,Home Team,0.7056,0.6875,0,1,1
AF042220926,2,10,7,Away Team,0.7139,0.698,0,1,1
AF042220926,2,10,7,Away Team,0.7515999999999999,0.6855,0,1,1
AF042220926,2,10,7,Away Team,0.6701,0.7040000000000001,0,1,1
AF043170926,1,0,0,Home Team,0.4946,0.401,1,1,1
AF043170926,1,0,0,Home Team,0.4459,0.4075,1,1,1
AF043170926,1,0,0,Home Team,0.4415,0.3982,1,1,1
AF043170926,1,0,0,Home Team,0.46950000000000003,0.4115,1,1,1
AF043170926,1,0,0,Home Team,0.4658,0.4375,1,1,1
AF043170926,1,0,0,Home Team,0.4819,0.4415,1,1,1
AF043170926,1,0,0,Home Team,0.4886,0.4365,1,1,1
AF043170926,1,0,0,Home Team,0.4979,0.4685,1,1,1
AF043170926,2,0,0,Home Team,0.4979,0.478,1,1,1
AF043170926,2,0,0,Home Team,0.4979,0.5005,1,1,1
AF043170926,2,0,0,Home Team,0.4979,0.433,1,1,1
AF043170926,2,6,0,Home Team,0.4979,0.5365,1,1,1
AF043170926,2,7,0,Home Team,0.4979,0.551,1,1,1
AF043170926,2,7,0,Away Team,0.5876,0.568,1,1,1
AF043170926,2,7,0,Away Team,0.5496,0.539,1,1,1
AF043170926,2,7,0,Away Team,0.5373,0.5435,1,1,1
AF043170926,2,7,0,Away Team,0.5464,0.5105,1,1,1
AF043170926,2,7,0,Away Team,0.5188,0.5095000000000001,1,1,1
AF043170926,2,7,0,Away Team,0.5231,0.5429999999999999,1,1,1
AF043170926,2,7,0,Away Team,0.5257999999999999,0.547,1,1,1
AF043170926,2,7,0,Away Team,0.5257999999999999,0.614,1,1,1
AF043170926,2,7,3,Away Team,0.5835,0.6293,1,1,1
AF043170926,2,7,3,Home Team,0.6539,0.6248,1,1,1
AF043170926,2,7,3,Home Team,0.6637000000000001,0.6393,1,1,1
AF043170926,2,7,3,Home Team,0.6557999999999999,0.616,1,1,1
AF043170926,2,7,3,Home Team,0.5962,0.6054999999999999,1,1,1
AF043170926,2,7,3,Home Team,0.6745,0.6415000000000001,1,1,1
AF043170926,2,10,3,Home Team,0.6745,0.667,1,1,1
AF043180926,1,0,0,Away Team,0.5347,0.4765,1,1,1
AF043180926,1,0,0,Away Team,0.5118,0.45399999999999996,1,1,1
AF043180926,1,0,0,Away Team,0.5038,0.4435,1,1,1
AF043180926,1,0,6,Away Team,0.5038,0.35700000000000004,1,1,1
AF043180926,1,0,7,Away Team,0.4073,0.35950000000000004,1,1,1
AF043180926,1,0,7,Home Team,0.4131,0.37799999999999995,1,1,1
AF043180926,1,0,7,Home Team,0.3973,0.3635,1,1,1
AF043180926,1,6,7,Home Team,0.3973,0.46649999999999997,1,1,1
AF043180926,1,7,7,Home Team,0.5243,0.473,1,1,1
AF043180926,1,7,7,Away Team,0.5222,0.4755,1,1,1
AF043180926,1,7,7,Away Team,0.5379,0.4667,1,1,1
AF043180926,1,7,7,Away Team,0.5362,0.4805,1,1,1
AF043180926,1,7,7,Away Team,0.5355,0.45,1,1,1
AF043180926,2,7,7,Away Team,0.5225,0.434,1,1,1
AF043180926,2,7,7,Away Team,0.555,0.4875,1,1,1
AF043180926,2,7,7,Away Team,0.493,0.409,1,1,1
AF043180926,2,7,7,Away Team,0.4732,0.40049999999999997,1,1,1
AF043180926,2,7,13,Away Team,0.4732,0.33149999999999996,1,1,1
AF043180926,2,7,14,Away Team,0.40340000000000004,0.33399999999999996,1,1,1
AF043180926,2,7,14,Home Team,0.4071,0.3215,1,1,1
AF043180926,2,7,14,Home Team,0.4211,0.359,1,1,1
AF043180926,2,7,14,Home Team,0.43920000000000003,0.3825,1,1,1
AF043180926,2,7,14,Home Team,0.4949,0.41350000000000003,1,1,1
AF043180926,2,7,14,Home Team,0.45539999999999997,0.42200000000000004,1,1,1
AF043180926,2,7,14,Home Team,0.47729999999999995,0.4165,1,1,1
AF043180926,2,13,14,Home Team,0.47729999999999995,0.45049999999999996,1,1,1
AF043180926,2,14,14,Home Team,0.5104,0.465,1,1,1
AF043180926,2,14,14,Away Team,0.5082,0.452,1,1,1
AF043180926,2,14,14,Away Team,0.5084000000000001,0.45899999999999996,1,1,1
AF043180926,2,14,14,Away Team,0.5046,0.478,1,1,1
AF043180926,2,14,14,Away Team,0.5046,0.532,1,1,1
AF043180926,2,14,14,Home Team,0.5505,0.5975,1,1,1
AF043180926,2,14,14,Home Team,0.7777,0.7170000000000001,1,1,1
AF043180926,2,17,14,Home Team,0.7777,0.7575,1,1,1
AF043190926,1,0,0,Home Team,0.3957,0.48119999999999996,0,1,1
AF043190926,1,6,0,Home Team,0.3957,0.606,0,1,1
AF043190926,1,7,0,Home Team,0.5352,0.5895,0,1,1
AF043190926,1,7,0,Away Team,0.551,0.599,0,1,1
AF043190926,1,7,0,Away Team,0.5252,0.6065,0,1,1
AF043190926,1,7,0,Away Team,0.5379999999999999,0.6075,0,1,1
AF043190926,1,7,0,Away Team,0.5594,0.6305,0,1,1
AF043190926,1,7,0,Away Team,0.5168,0.615,0,1,1
AF043190926,1,7,0,Away Team,0.534,0.6235,0,1,1
AF043190926,1,7,0,Away Team,0.5708,0.6715000000000001,0,1,1
AF043190926,1,7,0,Home Team,0.7006999999999999,0.759,0,1,1
AF043190926,1,7,0,Home Team,0.7359,0.7695000000000001,0,1,1
AF043190926,1,7,0,Home Team,0.7395,0.7945,0,1,1
AF043190926,2,7,0,Home Team,0.7646,0.8225,0,1,1
AF043190926,2,7,0,Home Team,0.7509,0.8055,0,1,1
AF043190926,2,7,0,Home Team,0.7221,0.772,0,1,1
AF043190926,2,7,0,Home Team,0.7221,0.7095,0,1,1
AF043190926,2,10,0,Home Team,0.6611,0.721,0,1,1
AF043190926,2,10,0,Away Team,0.6663,0.708,0,1,1
AF043190926,2,10,0,Away Team,0.6766,0.7075,0,1,1
AF043190926,2,10,0,Away Team,0.6401,0.7075,0,1,1
AF043190926,2,10,0,Away Team,0.6448,0.715,0,1,1
AF043190926,2,10,0,Away Team,0.6823999999999999,0.7365,0,1,1
AF043190926,2,10,0,Away Team,0.6823999999999999,0.8105,0,1,1
AF043190926,2,10,3,Away Team,0.728,0.7975,0,1,1
AF043190926,2,10,3,Home Team,0.7184999999999999,0.79,0,1,1
AF043190926,2,10,3,Home Team,0.7609,0.8,0,1,1
AF043190926,2,10,3,Home Team,0.7734000000000001,0.8125,0,1,1
AF043190926,2,10,3,Home Team,0.7611,0.8215,0,1,1
AF043190926,2,10,3,Home Team,0.8281999999999999,0.863,0,1,1
AF043190926,2,10,3,Home Team,0.8369,0.8665,0,1,1
AF043190926,2,10,3,Home Team,0.8277,0.8554999999999999,0,1,1
AF043190926,2,10,3,Home Team,0.8538,0.873,0,1,1
AF043190926,2,10,3,Home Team,0.8592,0.8675,0,1,1
AF043190926,2,10,3,Home Team,0.8645,0.865,0,1,1
AF043190926,2,10,3,Home Team,0.8645,0.8965000000000001,0,1,1
AF043200926,1,0,0,Home Team,0.4677,0.35,1,1,1
AF043200926,1,0,0,Home Team,0.48369999999999996,0.35600000000000004,1,1,1
AF043200926,1,0,0,Home Team,0.5142,0.3785,1,1,1
AF043200926,1,0,0,Home Team,0.5062,0.359,1,1,1
AF043200926,1,0,0,Away Team,0.315,0.21350000000000002,1,1,1
AF043200926,1,0,0,Away Team,0.3147,0.21050000000000002,1,1,1
AF043200926,1,0,0,Away Team,0.3098,0.2205,1,1,1
AF043200926,1,0,0,Away Team,0.3098,0.27449999999999997,1,1,1
AF043200926,1,0,6,Away Team,0.35369999999999996,0.147,1,1,1
AF043200926,1,0,7,Away Team,0.35369999999999996,0.1465,1,1,1
AF043200926,1,0,7,Home Team,0.2086,0.158,1,1,1
AF043200926,1,0,7,Home Team,0.2336,0.149,1,1,1
AF043200926,1,0,7,Home Team,0.2248,0.151,1,1,1
AF043200926,1,0,7,Home Team,0.2242,0.16449999999999998,1,1,1
AF043200926,1,0,7,Home Team,0.2361,0.16,1,1,1
AF043200926,2,0,7,Home Team,0.2353,0.159,1,1,1
AF043200926,2,0,7,Home Team,0.23079999999999998,0.151,1,1,1
AF043200926,2,0,7,Home Team,0.2011,0.162,1,1,1
AF043200926,2,0,7,Home Team,0.209,0.1445,1,1,1
AF043200926,2,0,7,Home Team,0.209,0.085,1,1,1
AF043200926,2,0,7,Away Team,0.0885,0.046,1,1,1
AF043200926,2,0,7,Away Team,0.0926,0.055,1,1,1
AF043200926,2,0,7,Home Team,0.20679999999999998,0.1605,1,1,1
AF043200926,2,0,7,Home Team,0.19190000000000002,0.1295,1,1,1
AF043200926,2,0,7,Home Team,0.19190000000000002,0.16449999999999998,1,1,1
AF043200926,2,0,7,Home Team,0.2157,0.1491,1,1,1
AF043200926,2,0,7,Home Team,0.21170000000000003,0.1245,1,1,1
AF043200926,2,0,7,Home Team,0.23129999999999998,0.145,1,1,1
AF043200926,2,0,7,Home Team,0.2097,0.141,1,1,1
AF043200926,2,0,7,Home Team,0.1801,0.139,1,1,1
AF043200926,2,6,7,Home Team,0.1801,0.289,1,1,1
AF043200926,2,7,7,Home Team,0.3591,0.297,1,1,1
AF043200926,2,7,7,Away Team,0.3602,0.299,1,1,1
AF043200926,2,7,7,Away Team,0.3563,0.28600000000000003,1,1,1
AF044170926,1,0,0,Home Team,0.5264,0.5065,0,1,1
AF044170926,1,0,0,Home Team,0.5139,0.519,0,1,1
AF044170926,1,0,0,Home Team,0.5123,0.516,0,1,1
AF044170926,1,0,0,Home Team,0.5123,0.462,0,1,1
AF044170926,1,0,0,Away Team,0.4617,0.43450000000000005,0,1,1
AF044170926,1,0,0,Away Team,0.3926,0.4165,0,1,1
AF044170926,1,0,0,Away Team,0.3912,0.44799999999999995,0,1,1
AF044170926,1,0,0,Away Team,0.3911,0.4065,0,1,1
AF044170926,1,0,0,Away Team,0.3911,0.4425,0,1,1
AF044170926,1,0,0,Home Team,0.534,0.5670000000000001,0,1,1
AF044170926,1,0,0,Home Team,0.5521,0.5775,0,1,1
AF044170926,1,6,0,Home Team,0.5521,0.6825,0,1,1
AF044170926,1,7,0,Home Team,0.6709,0.6805,0,1,1
AF044170926,1,7,0,Away Team,0.6859999999999999,0.667,0,1,1
AF044170926,1,7,0,Away Team,0.6876000000000001,0.674,0,1,1
AF044170926,1,7,0,Away Team,0.7361,0.7020000000000001,0,1,1
AF044170926,2,7,0,Home Team,0.8161,0.8355,0,1,1
AF044170926,2,7,0,Home Team,0.81,0.83,0,1,1
AF044170926,2,7,0,Home Team,0.7827,0.792,0,1,1
AF044170926,2,7,0,Away Team,0.6731,0.6835,0,1,1
AF044170926,2,7,0,Away Team,0.6937000000000001,0.688,0,1,1
AF044170926,2,7,0,Away Team,0.6708,0.6825,0,1,1
AF044170926,2,7,0,Away Team,0.6473,0.6505,0,1,1
AF044170926,2,7,0,Away Team,0.6555,0.6385000000000001,0,1,1
AF044170926,2,7,6,Away Team,0.6555,0.5555,0,1,1
AF044170926,2,7,7,Away Team,0.5594,0.5489999999999999,0,1,1
AF044170926,2,7,7,Home Team,0.5557,0.5375,0,1,1
AF044170926,2,7,7,Home Team,0.5557,0.5818,0,1,1
AF044170926,2,7,7,Home Team,0.5517,0.5710000000000001,0,1,1
AF044170926,2,7,7,Away Team,0.3676,0.391,0,1,1
AF044170926,2,7,7,Away Team,0.3454,0.3995,0,1,1
AF044170926,2,7,7,Away Team,0.3308,0.35950000000000004,0,1,1
AF044170926,2,7,7,Away Team,0.3616,0.386,0,1,1
AF044170926,2,7,7,Away Team,0.36450000000000005,0.423,0,1,1
AF044170926,2,7,13,Away Team,0.36450000000000005,0.19149999999999998,0,1,1
AF044170926,2,7,14,Away Team,0.1637,0.198,0,1,1
AF044170926,2,7,14,Home Team,0.17579999999999998,0.198,0,1,1
AF044170926,2,7,14,Home Team,0.17,0.185,0,1,1
AF044170926,2,7,14,Away Team,0.17,0.149,0,1,1
AF044180926,1,0,0,Away Team,0.45030000000000003,0.3285,0,1,1
AF044180926,1,0,0,Away Team,0.46549999999999997,0.317,0,1,1
AF044180926,1,0,0,Away Team,0.4107,0.2545,0,1,1
AF044180926,1,0,0,Away Team,0.4152,0.2845,0,1,1
AF044180926,1,0,0,Away Team,0.3961,0.2675,0,1,1
AF044180926,1,0,0,Away Team,0.3961,0.316,0,1,1
AF044180926,1,0,6,Away Team,0.4472,0.212,0,1,1
AF044180926,1,0,7,Away Team,0.4472,0.21100000000000002,0,1,1
AF044180926,1,0,7,Home Team,0.3407,0.21100000000000002,0,1,1
AF044180926,1,0,7,Home Team,0.3378,0.1945,0,1,1
AF044180926,1,0,7,Home Team,0.36719999999999997,0.22,0,1,1
AF044180926,1,0,7,Home Team,0.35729999999999995,0.2205,0,1,1
AF044180926,1,0,13,Away Team,0.35729999999999995,0.0665,0,1,1
AF044180926,1,0,13,Away Team,0.1536,0.09300000000000001,0,1,1
AF044180926,2,0,13,Home Team,0.1603,0.08900000000000001,0,1,1
AF044180926,2,0,13,Home Team,0.1788,0.1165,0,1,1
AF044180926,2,0,13,Home Team,0.193,0.1235,0,1,1
AF044180926,2,0,13,Home Team,0.20420000000000002,0.1175,0,1,1
AF044180926,2,6,13,Home Team,0.20420000000000002,0.134,0,1,1
AF044180926,2,7,13,Home Team,0.22460000000000002,0.14550000000000002,0,1,1
AF044180926,2,7,13,Away Team,0.2434,0.132,0,1,1
AF044180926,2,7,13,Away Team,0.2186,0.14150000000000001,0,1,1
AF044180926,2,7,13,Away Team,0.2242,0.1155,0,1,1
AF044180926,2,7,19,Away Team,0.2242,0.08449999999999999,0,1,1
AF044180926,2,7,20,Away Team,0.1565,0.092,0,1,1
AF044180926,2,7,20,Home Team,0.1506,0.08449999999999999,0,1,1
AF044180926,2,7,26,Away Team,0.1506,0.015,0,1,1
AF044180926,2,7,27,Away Team,0.08,0.015,0,1,1
AF044180926,2,7,27,Home Team,0.08,0.0155,0,1,1
AF044180926,2,7,27,Home Team,0.08,0.01,0,1,1
AF044180926,2,7,27,Home Team,0.08,0.006,0,1,1
AF044180926,2,7,27,Home Team,0.08,0.004,0,1,1
AF044180926,2,7,27,Away Team,0.08,0.0025,0,1,1
AF044180926,2,7,27,Away Team,0.08,0.0025,0,1,1
AF044180926,2,7,27,Away Team,0.08,0.0034999999999999996,0,1,1
AF044180926,2,7,27,Away Team,0.08,0.005,0,1,1
AF044200926,1,0,0,Home Team,0.4703,0.5778,1,1,1
AF044200926,1,0,0,Home Team,0.4175,0.5575,1,1,1
AF044200926,1,0,0,Home Team,0.47909999999999997,0.5665,1,1,1
AF044200926,1,0,0,Home Team,0.4939,0.6255,1,1,1
AF044200926,1,0,0,Home Team,0.527,0.6395000000000001,1,1,1
AF044200926,1,0,0,Home Team,0.5234000000000001,0.6405,1,1,1
AF044200926,1,0,0,Home Team,0.5654,0.6703,1,1,1
AF044200926,1,6,0,Home Team,0.5654,0.737,1,1,1
AF044200926,1,7,0,Home Team,0.6073,0.7223999999999999,1,1,1
AF044200926,1,7,0,Away Team,0.5912,0.745,1,1,1
AF044200926,1,7,0,Away Team,0.6242,0.7635,1,1,1
AF044200926,2,7,0,Away Team,0.6305,0.7504000000000001,1,1,1
AF044200926,2,7,0,Away Team,0.5643,0.6708,1,1,1
AF044200926,2,7,0,Away Team,0.5424,0.647,1,1,1
AF044200926,2,7,0,Away Team,0.5540999999999999,0.6535,1,1,1
AF044200926,2,7,0,Away Team,0.5663,0.653,1,1,1
AF044200926,2,7,6,Away Team,0.5663,0.5685,1,1,1
AF044200926,2,7,7,Away Team,0.5056,0.5695,1,1,1
AF044200926,2,7,7,Home Team,0.5014,0.5598,1,1,1
AF044200926,2,7,7,Home Team,0.5123,0.6175999999999999,1,1,1
AF044200926,2,7,7,Home Team,0.5288,0.5922999999999999,1,1,1
AF044200926,2,7,7,Home Team,0.5525,0.68,1,1,1
AF044200926,2,7,7,Home Team,0.5518,0.7,1,1,1
AF044200926,2,7,7,Home Team,0.5283,0.677,1,1,1
AF044200926,2,7,7,Home Team,0.5283,0.6075,1,1,1
AF044200926,2,13,7,Home Team,0.4341,0.7759999999999999,1,1,1
AF044200926,2,14,7,Home Team,0.4341,0.7805,1,1,1
AF044200926,2,14,7,Away Team,0.6179,0.764,1,1,1
AF044200926,2,14,7,Away Team,0.6463,0.778,1,1,1
AF044200926,2,14,7,Home Team,0.8684999999999999,0.877,1,1,1
AF044200926,2,14,7,Home Team,0.8684999999999999,0.888,1,1,1
AF044200926,2,14,7,Home Team,0.8537,0.8859999999999999,1,1,1
AF044200926,2,14,7,Home Team,0.8537,0.8575,1,1,1
AF044220926,1,0,0,Away Team,0.5099,0.431,1,1,1
AF044220926,1,0,6,Away Team,0.5099,0.302,1,1,1
AF044220926,1,0,7,Away Team,0.3958,0.29350000000000004,1,1,1
AF044220926,1,0,7,Home Team,0.3917,0.292,1,1,1
AF044220926,1,0,7,Home Team,0.41479999999999995,0.32549999999999996,1,1,1
AF044220926,1,0,7,Home Team,0.3911,0.2975,1,1,1
AF044220926,1,0,7,Home Team,0.41960000000000003,0.297,1,1,1
AF044220926,1,0,7,Home Team,0.4489,0.316,1,1,1
AF044220926,1,6,7,Home Team,0.4489,0.3995,1,1,1
AF044220926,1,7,7,Home Team,0.5056,0.4282,1,1,1
AF044220926,1,7,7,Away Team,0.523,0.4375,1,1,1
AF044220926,1,7,7,Away Team,0.5374,0.4465,1,1,1
AF044220926,1,7,7,Away Team,0.5036999999999999,0.37200000000000005,1,1,1
AF044220926,2,7,13,Away Team,0.5036999999999999,0.29350000000000004,1,1,1
AF044220926,2,7,14,Away Team,0.4006,0.29350000000000004,1,1,1
AF044220926,2,7,14,Home Team,0.3846,0.29760000000000003,1,1,1
AF044220926,2,7,14,Home Team,0.3978,0.2845,1,1,1
AF044220926,2,7,14,Home Team,0.4193,0.3,1,1,1
AF044220926,2,7,14,Home Team,0.40259999999999996,0.2955,1,1,1
AF044220926,2,7,14,Home Team,0.3893,0.29100000000000004,1,1,1
AF044220926,2,7,14,Home Team,0.44659999999999994,0.32549999999999996,1,1,1
AF044220926,2,7,14,Home Team,0.4422,0.3145,1,1,1
AF044220926,2,7,14,Home Team,0.44530000000000003,0.2905,1,1,1
AF044220926,2,7,14,Home Team,0.44530000000000003,0.2845,1,1,1
AF044220926,2,10,14,Home Team,0.36719999999999997,0.28,1,1,1
AF044220926,2,10,14,Away Team,0.36719999999999997,0.27949999999999997,1,1,1
AF044220926,2,10,14,Away Team,0.3531,0.27649999999999997,1,1,1
AF044220926,2,10,14,Away Team,0.3818,0.261,1,1,1
AF044220926,2,10,14,Home Team,0.4648,0.29600000000000004,1,1,1
AF045170926,1,0,0,Away Team,0.637,0.545,1,1,1
AF045170926,1,0,0,Away Team,0.6273,0.514,1,1,1
AF045170926,1,0,0,Away Team,0.6296,0.5505,1,1,1
AF045170926,1,0,6,Away Team,0.6296,0.41950000000000004,1,1,1
AF045170926,1,0,7,Away Team,0.5246,0.4175,1,1,1
AF045170926,1,0,7,Home Team,0.5303,0.41100000000000003,1,1,1
AF045170926,1,0,7,Home Team,0.5336,0.423,1,1,1
AF045170926,1,0,7,Home Team,0.5311,0.415,1,1,1
AF045170926,1,6,7,Home Team,0.5311,0.5355,1,1,1
AF045170926,1,7,7,Home Team,0.6269,0.5329999999999999,1,1,1
AF045170926,1,7,7,Away Team,0.6291,0.5315,1,1,1
AF045170926,1,7,7,Away Team,0.6206,0.5075,1,1,1
AF045170926,1,7,7,Away Team,0.643,0.5429999999999999,1,1,1
AF045170926,1,13,7,Home Team,0.643,0.765,1,1,1
AF045170926,1,14,7,Home Team,0.8469,0.7659999999999999,1,1,1
AF045170926,2,14,7,Away Team,0.8567,0.7705,1,1,1
AF045170926,2,14,7,Away Team,0.8684999999999999,0.7845,1,1,1
AF045170926,2,14,7,Away Team,0.851,0.7645000000000001,1,1,1
AF045170926,2,14,7,Away Team,0.8453,0.768,1,1,1
AF045170926,2,14,7,Away Team,0.8397,0.7490000000000001,1,1,1
AF045170926,2,14,7,Away Team,0.8417,0.7645000000000001,1,1,1
AF045170926,2,14,7,Away Team,0.8412000000000001,0.7609999999999999,1,1,1
AF045170926,2,14,7,Away Team,0.8161,0.758,1,1,1
AF045170926,2,14,7,Away Team,0.8190999999999999,0.7195,1,1,1
AF045170926,2,14,7,Away Team,0.8204,0.7635,1,1,1
AF045170926,2,14,7,Away Team,0.7976000000000001,0.7115,1,1,1
AF045170926,2,14,7,Away Team,0.8198000000000001,0.7354999999999999,1,1,1
AF045170926,2,14,7,Away Team,0.8153,0.7465,1,1,1
AF045170926,2,14,13,Away Team,0.8153,0.6408,1,1,1
AF045170926,2,14,14,Away Team,0.74,0.6175,1,1,1
AF045170926,2,14,14,Home Team,0.7552,0.624,1,1,1
AF045170926,2,14,14,Home Team,0.7448999999999999,0.618,1,1,1
AF045170926,2,14,14,Home Team,0.7218000000000001,0.6225,1,1,1
AF045180926,1,0,0,Home Team,0.6168,0.494,0,1,1
AF045180926,1,0,0,Home Team,0.5818,0.47450000000000003,0,1,1
AF045180926,1,0,0,Home Team,0.6124,0.5005,0,1,1
AF045180926,1,0,0,Home Team,0.5927,0.4855,0,1,1
AF045180926,1,0,0,Home Team,0.637,0.5065,0,1,1
AF045180926,1,0,0,Home Team,0.6652,0.5539999999999999,0,1,1
AF045180926,1,6,0,Home Team,0.6652,0.6185,0,1,1
AF045180926,1,7,0,Home Team,0.7023999999999999,0.604,0,1,1
AF045180926,1,7,0,Away Team,0.7045999999999999,0.626,0,1,1
AF045180926,1,7,0,Away Team,0.7049,0.623,0,1,1
AF045180926,1,7,0,Away Team,0.7276,0.6625,0,1,1
AF045180926,1,7,0,Away Team,0.6713,0.591,0,1,1
AF045180926,2,7,0,Away Team,0.7132,0.6565000000000001,0,1,1
AF045180926,2,7,0,Away Team,0.7179000000000001,0.6775,0,1,1
AF045180926,2,7,0,Away Team,0.7179000000000001,0.7334999999999999,0,1,1
AF045180926,2,7,3,Away Team,0.76,0.698,0,1,1
AF045180926,2,7,3,Home Team,0.748,0.69,0,1,1
AF045180926,2,7,3,Home Team,0.7434000000000001,0.6675,0,1,1
AF045180926,2,7,3,Home Team,0.7023,0.6045,0,1,1
AF045180926,2,7,3,Home Team,0.7023,0.488,0,1,1
AF045180926,2,7,3,Away Team,0.6557999999999999,0.45549999999999996,0,1,1
AF045180926,2,7,3,Away Team,0.5814,0.466,0,1,1
AF045180926,2,7,3,Away Team,0.5643,0.48100000000000004,0,1,1
AF045180926,2,7,9,Away Team,0.5643,0.3825,0,1,1
AF045180926,2,7,10,Away Team,0.4696,0.37670000000000003,0,1,1
AF045180926,2,7,10,Home Team,0.4648,0.355,0,1,1
AF045180926,2,7,10,Home Team,0.43170000000000003,0.344,0,1,1
AF045180926,2,7,10,Home Team,0.3201,0.231,0,1,1
AF045180926,2,7,10,Away Team,0.1413,0.139,0,1,1
AF045180926,2,7,10,Away Team,0.1535,0.13949999999999999,0,1,1
AF045180926,2,7,10,Away Team,0.1597,0.132,0,1,1
AF045180926,2,7,10,Away Team,0.2779,0.2605,0,1,1
AF045180926,2,7,10,Home Team,0.28850000000000003,0.228,0,1,1
AF045190926,1,0,0,Away Team,0.41759999999999997,0.3565,0,1,1
AF045190926,1,0,0,Away Team,0.40869999999999995,0.327,0,1,1
AF045190926,1,0,0,Away Team,0.4172,0.331,0,1,1
AF045190926,1,0,0,Home Team,0.6114999999999999,0.4775,0,1,1
AF045190926,1,0,0,Home Team,0.593,0.47350000000000003,0,1,1
AF045190926,1,0,0,Home Team,0.6015999999999999,0.493,0,1,1
AF045190926,1,6,0,Home Team,0.6015999999999999,0.6085,0,1,1
AF045190926,1,7,0,Home Team,0.6887000000000001,0.5935,0,1,1
AF045190926,1,7,0,Away Team,0.6864,0.604,0,1,1
AF045190926,1,7,0,Away Team,0.6840999999999999,0.6045,0,1,1
AF045190926,1,7,6,Away Team,0.6840999999999999,0.439,0,1,1
AF045190926,1,7,7,Away Team,0.5805,0.45399999999999996,0,1,1
AF045190926,1,7,7,Home Team,0.5724,0.44049999999999995,0,1,1
AF045190926,1,13,7,Home Team,0.5724,0.594,0,1,1
AF045190926,1,14,7,Home Team,0.7037,0.61,0,1,1
AF045190926,1,14,7,Away Team,0.69,0.6145,0,1,1
AF045190926,1,14,7,Away Team,0.6954,0.5925,0,1,1
AF045190926,2,14,13,Away Team,0.6954,0.46799999999999997,0,1,1
AF045190926,2,14,14,Away Team,0.5888,0.46799999999999997,0,1,1
AF045190926,2,14,14,Home Team,0.5839,0.4625,0,1,1
AF045190926,2,20,14,Home Team,0.5839,0.623,0,1,1
AF045190926,2,21,14,Home Team,0.688,0.6125,0,1,1
AF045190926,2,21,14,Away Team,0.6879000000000001,0.6125,0,1,1
AF045190926,2,21,14,Away Team,0.7291,0.6185,0,1,1
AF045190926,2,21,14,Away Team,0.7240000000000001,0.6225,0,1,1
AF045190926,2,21,14,Away Team,0.6864,0.6114999999999999,0,1,1
AF045190926,2,21,14,Away Team,0.6905,0.608,0,1,1
AF045190926,2,21,14,Away Team,0.6912,0.6258,0,1,1
AF045190926,2,21,20,Away Team,0.6912,0.496,0,1,1
AF045190926,2,21,21,Away Team,0.6291,0.499,0,1,1
AF045190926,2,21,21,Home Team,0.6397999999999999,0.4715,0,1,1
AF045190926,2,21,21,Home Team,0.6092,0.4635,0,1,1
AF045190926,2,21,21,Home Team,0.5029,0.4125,0,1,1
AF045190926,2,21,21,Home Team,0.5029,0.4105,0,1,1
AF045190926,2,21,21,Home Team,0.5709000000000001,0.5385,0,1,1
AF045190926,2,21,21,Home Team,0.6293,0.4805,0,1,1
AF045190926,2,21,21,Home Team,0.6629,0.54,0,1,1
AF045190926,2,21,21,Home Team,0.6651,0.5555,0,1,1
AF045190926,2,21,21,Home Team,0.6651,0.5305,0,1,1
AF045190926,2,21,21,Home Team,0.6592,0.518,0,1,1
AF045210926,1,0,0,Home Team,0.5815,0.7959999999999999,0,1,1
AF045210926,1,0,0,Home Team,0.5821000000000001,0.7509999999999999,0,1,1
AF045210926,1,0,0,Home Team,0.6123,0.7865000000000001,0,1,1
AF045210926,1,0,0,Home Team,0.6209,0.7675,0,1,1
AF045210926,1,0,0,Home Team,0.6386999999999999,0.7935,0,1,1
AF045210926,1,0,0,Home Team,0.6507,0.8140000000000001,0,1,1
AF045210926,1,0,0,Home Team,0.6652,0.8195,0,1,1
AF045210926,1,6,0,Home Team,0.6652,0.8405,0,1,1
AF045210926,1,7,0,Home Team,0.6823,0.8454999999999999,0,1,1
AF045210926,1,7,0,Away Team,0.6918000000000001,0.845,0,1,1
AF045210926,1,7,0,Away Team,0.6748000000000001,0.8270000000000001,0,1,1
AF045210926,2,7,0,Away Team,0.6502,0.8085,0,1,1
AF045210926,2,7,0,Away Team,0.6706,0.81,0,1,1
AF045210926,2,7,0,Away Team,0.6347,0.7975,0,1,1
AF045210926,2,7,0,Away Team,0.6496,0.8029999999999999,0,1,1
AF045210926,2,7,6,Away Team,0.6496,0.755,0,1,1
AF045210926,2,7,7,Away Team,0.5851,0.755,0,1,1
AF045210926,2,7,7,Home Team,0.5611999999999999,0.7565000000000001,0,1,1
AF045210926,2,7,7,Home Team,0.5728,0.7354999999999999,0,1,1
AF045210926,2,7,7,Away Team,0.26649999999999996,0.4775,0,1,1
AF045210926,2,7,7,Away Team,0.3442,0.47100000000000003,0,1,1
AF045210926,2,7,7,Away Team,0.2695,0.4675,0,1,1
AF045210926,2,7,7,Away Team,0.23149999999999998,0.434,0,1,1
AF045210926,2,7,13,Away Team,0.23149999999999998,0.28350000000000003,0,1,1
AF045210926,2,7,14,Away Team,0.1431,0.275,0,1,1
AF045210926,2,7,14,Home Team,0.16010000000000002,0.3055,0,1,1
AF045210926,2,7,14,Home Team,0.1585,0.287,0,1,1
AF045220926,1,0,0,Home Team,0.4448,0.43,0,1,1
AF045220926,1,6,0,Home Team,0.4448,0.5665,0,1,1
AF045220926,1,7,0,Home Team,0.5666,0.59,0,1,1
AF045220926,1,7,0,Away Team,0.5434,0.5705,0,1,1
AF045220926,1,7,0,Away Team,0.5374,0.591,0,1,1
AF045220926,1,7,0,Away Team,0.529,0.5825,0,1,1
AF045220926,1,7,0,Away Team,0.46840000000000004,0.528,0,1,1
AF045220926,1,7,0,Away Team,0.4863,0.5485,0,1,1
AF045220926,1,7,6,Away Team,0.4863,0.4842,0,1,1
AF045220926,1,7,7,Away Team,0.4365,0.491,0,1,1
AF045220926,1,7,7,Home Team,0.4496,0.46,0,1,1
AF045220926,1,7,7,Home Team,0.4347,0.4875,0,1,1
AF045220926,1,7,7,Home Team,0.4188,0.48350000000000004,0,1,1
AF045220926,1,7,7,Home Team,0.4315,0.48450000000000004,0,1,1
AF045220926,2,7,7,Home Team,0.4681,0.5065,0,1,1
AF045220926,2,7,7,Home Team,0.4661,0.516,0,1,1
AF045220926,2,7,7,Home Team,0.3697,0.4445,0,1,1
AF045220926,2,7,7,Home Team,0.3697,0.341,0,1,1
AF045220926,2,7,7,Away Team,0.3809,0.3115,0,1,1
AF045220926,2,7,7,Away Team,0.2768,0.32299999999999995,0,1,1
AF045220926,2,7,7,Away Team,0.3259,0.355,0,1,1
AF045220926,2,7,7,Away Team,0.243,0.2655,0,1,1
AF045220926,2,7,7,Away Team,0.2589,0.304,0,1,1
AF045220926,2,7,7,Away Team,0.29969999999999997,0.3115,0,1,1
AF045220926,2,7,7,Away Team,0.29969999999999997,0.2145,0,1,1
AF045220926,2,7,7,Away Team,0.2014,0.19149999999999998,0,1,1
AF045220926,2,7,13,Away Team,0.2014,0.146,0,1,1
AF045220926,2,7,14,Away Team,0.12960000000000002,0.1495,0,1,1
AF045220926,2,7,14,Home Team,0.1378,0.1515,0,1,1
AF045220926,2,7,14,Away Team,0.08710000000000001,0.08349999999999999,0,1,1
AF045220926,2,7,14,Away Team,0.08,0.077,0,1,1
AF046170926,1,0,0,Away Team,0.4474,0.5738,1,1,1
AF046170926,1,0,0,Away Team,0.4487,0.5943,1,1,1
AF046170926,1,0,0,Away Team,0.5157,0.634,1,1,1
AF046170926,1,0,0,Away Team,0.4266,0.5525,1,1,1
AF046170926,1,0,0,Away Team,0.4102,0.5275,1,1,1
AF046170926,1,0,0,Away Team,0.373,0.5,1,1,1
AF046170926,1,0,0,Away Team,0.373,0.42950000000000005,1,1,1
AF046170926,1,0,6,Away Team,0.373,0.41850000000000004,1,1,1
AF046170926,1,0,7,Away Team,0.3233,0.4115,1,1,1
AF046170926,1,0,7,Home Team,0.32409999999999994,0.39799999999999996,1,1,1
AF046170926,1,0,7,Home Team,0.34149999999999997,0.43,1,1,1
AF046170926,1,0,7,Home Team,0.3165,0.4525,1,1,1
AF046170926,2,0,7,Home Team,0.3432,0.4625,1,1,1
AF046170926,2,0,7,Away Team,0.19140000000000001,0.2975,1,1,1
AF046170926,2,0,7,Away Team,0.18899999999999997,0.3195,1,1,1
AF046170926,2,0,7,Away Team,0.2675,0.35350000000000004,1,1,1
AF046170926,2,6,7,Home Team,0.2675,0.5375,1,1,1
AF046170926,2,7,7,Home Team,0.4379,0.5275,1,1,1
AF046170926,2,7,7,Away Team,0.4263,0.5183,1,1,1
AF046170926,2,7,7,Away Team,0.47759999999999997,0.5197999999999999,1,1,1
AF046170926,2,7,7,Away Team,0.5262,0.5683,1,1,1
AF046170926,2,7,7,Away Team,0.5262,0.5763,1,1,1
AF046170926,2,7,7,Home Team,0.649,0.7195,1,1,1
AF046170926,2,7,7,Home Team,0.6873,0.7384000000000001,1,1,1
AF046170926,2,7,7,Home Team,0.6827,0.7835,1,1,1
AF046170926,2,7,7,Home Team,0.6931,0.7615000000000001,1,1,1
AF046170926,2,7,7,Home Team,0.7469,0.797,1,1,1
AF046170926,2,13,7,Home Team,0.7469,0.846,1,1,1
AF046170926,2,14,7,Home Team,0.7578,0.8270000000000001,1,1,1
AF046170926,2,14,7,Away Team,0.7745000000000001,0.862,1,1,1
AF046170926,2,14,7,Away Team,0.7515999999999999,0.8525,1,1,1
AF046170926,2,14,7,Away Team,0.7906,0.8465,1,1,1
AF046170926,2,14,7,Away Team,0.6794,0.7535,1,1,1
AF046170926,2,14,13,Away Team,0.6794,0.6385000000000001,1,1,1
AF046170926,2,14,14,Away Team,0.5748,0.64,1,1,1
AF046170926,2,14,14,Home Team,0.588,0.634,1,1,1
AF046170926,2,14,14,Home Team,0.6995,0.602,1,1,1
AF046200926,1,0,0,Home Team,0.5306000000000001,0.5578,1,1,1
AF046200926,1,0,0,Home Team,0.5362,0.5589999999999999,1,1,1
AF046200926,1,0,0,Home Team,0.49090000000000006,0.5525,1,1,1
AF046200926,1,0,0,Home Team,0.5183,0.555,1,1,1
AF046200926,1,6,0,Home Team,0.5183,0.6915,1,1,1
AF046200926,1,7,0,Home Team,0.6248,0.6805,1,1,1
AF046200926,1,7,0,Away Team,0.6107,0.662,1,1,1
AF046200926,1,7,0,Away Team,0.5876,0.634,1,1,1
AF046200926,1,7,0,Away Team,0.5668,0.6405,1,1,1
AF046200926,1,7,0,Away Team,0.5361,0.596,1,1,1
AF046200926,1,7,0,Home Team,0.7757,0.784,1,1,1
AF046200926,1,7,0,Home Team,0.7962,0.8059000000000001,1,1,1
AF046200926,1,7,0,Home Team,0.752,0.7705,1,1,1
AF046200926,2,7,0,Home Team,0.812,0.8205,1,1,1
AF046200926,2,7,0,Home Team,0.8303,0.8359000000000001,1,1,1
AF046200926,2,7,0,Home Team,0.8527,0.8254,1,1,1
AF046200926,2,7,0,Home Team,0.8593999999999999,0.8484999999999999,1,1,1
AF046200926,2,7,0,Home Team,0.8492000000000001,0.8805,1,1,1
AF046200926,2,7,0,Home Team,0.8706,0.8704999999999999,1,1,1
AF046200926,2,7,0,Away Team,0.7136,0.7615000000000001,1,1,1
AF046200926,2,7,0,Away Team,0.7045999999999999,0.7645000000000001,1,1,1
AF046200926,2,7,0,Away Team,0.7136,0.773,1,1,1
AF046200926,2,7,0,Away Team,0.7247,0.7845,1,1,1
AF046210926,1,0,0,Home Team,0.48090000000000005,0.4727,1,1,1
AF046210926,1,0,0,Home Team,0.4445,0.441,1,1,1
AF046210926,1,0,0,Home Team,0.39030000000000004,0.4175,1,1,1
AF046210926,1,0,0,Home Team,0.39030000000000004,0.445,1,1,1
AF046210926,1,0,0,Away Team,0.324,0.33649999999999997,1,1,1
AF046210926,1,0,6,Away Team,0.324,0.2395,1,1,1
AF046210926,1,0,7,Away Team,0.22719999999999999,0.242,1,1,1
AF046210926,1,0,7,Home Team,0.2273,0.222,1,1,1
AF046210926,1,0,7,Home Team,0.2138,0.24,1,1,1
AF046210926,1,0,7,Home Team,0.2351,0.245,1,1,1
AF046210926,1,0,7,Home Team,0.2318,0.278,1,1,1
AF046210926,1,0,7,Home Team,0.2458,0.28300000000000003,1,1,1
AF046210926,2,0,7,Home Team,0.2503,0.2925,1,1,1
AF046210926,2,0,7,Home Team,0.24559999999999998,0.2575,1,1,1
AF046210926,2,0,7,Home Team,0.2697,0.32299999999999995,1,1,1
AF046210926,2,0,7,Home Team,0.2571,0.28,1,1,1
AF046210926,2,0,7,Home Team,0.2566,0.287,1,1,1
AF046210926,2,6,7,Home Team,0.2566,0.382,1,1,1
AF046210926,2,7,7,Home Team,0.3091,0.37200000000000005,1,1,1
AF046210926,2,7,7,Away Team,0.3346,0.358,1,1,1
AF046210926,2,7,7,Away Team,0.2859,0.3225,1,1,1
AF046210926,2,7,7,Away Team,0.3155,0.318,1,1,1
AF046210926,2,7,7,Away Team,0.27699999999999997,0.324,1,1,1
AF046210926,2,7,7,Away Team,0.2834,0.3045,1,1,1
AF046210926,2,7,7,Away Team,0.2614,0.3115,1,1,1
AF046210926,2,7,7,Away Team,0.2702,0.319,1,1,1
AF046220926,1,0,0,Home Team,0.4747,0.47450000000000003,0,1,1
AF046220926,1,0,0,Home Team,0.4905,0.4905,0,1,1
AF046220926,1,0,0,Home Team,0.4736,0.485,0,1,1
AF046220926,1,0,0,Home Team,0.5139,0.55,0,1,1
AF046220926,1,0,0,Home Team,0.556,0.5868,0,1,1
AF046220926,1,0,0,Home Team,0.556,0.625,0,1,1
AF046220926,1,0,0,Home Team,0.556,0.5760000000000001,0,1,1
AF046220926,1,6,0,Home Team,0.556,0.6383,0,1,1
AF046220926,1,7,0,Home Team,0.6184000000000001,0.6275,0,1,1
AF046220926,2,7,0,Away Team,0.623,0.6214999999999999,0,1,1
AF046220926,2,7,0,Away Team,0.6338,0.645,0,1,1
AF046220926,2,7,0,Away Team,0.5920000000000001,0.6114999999999999,0,1,1
AF046220926,2,7,0,Away Team,0.5685,0.5882999999999999,0,1,1
AF046220926,2,7,0,Away Team,0.6182,0.6085,0,1,1
AF046220926,2,7,0,Away Team,0.5598,0.5845,0,1,1
AF046220926,2,7,0,Away Team,0.5483,0.5815,0,1,1
AF046220926,2,7,0,Away Team,0.5722999999999999,0.5995,0,1,1
AF046220926,2,7,0,Away Team,0.6301,0.6408,0,1,1
AF046220926,2,7,0,Away Team,0.6301,0.569,0,1,1
AF046220926,2,7,0,Away Team,0.5583,0.5845,0,1,1
AF046220926,2,7,6,Away Team,0.5583,0.496,0,1,1
AF046220926,2,7,7,Away Team,0.4556,0.47450000000000003,0,1,1
AF046220926,2,7,7,Home Team,0.446,0.4775,0,1,1
AF046220926,2,7,7,Home Team,0.446,0.48469999999999996,0,1,1
AF046220926,2,7,7,Home Team,0.4387,0.48969999999999997,0,1,1
AF046220926,2,7,7,Away Team,0.2861,0.348,0,1,1
AF046220926,2,7,10,Away Team,0.2861,0.23850000000000002,0,1,1
AF047180926,1,0,0,Home Team,0.574,0.5,1,1,1
AF047180926,1,0,0,Home Team,0.5908,0.5423,1,1,1
AF047180926,1,0,0,Home Team,0.5899,0.523,1,1,1
AF047180926,1,0,0,Home Team,0.5993999999999999,0.55,1,1,1
AF047180926,1,0,0,Home Team,0.6264,0.5660000000000001,1,1,1
AF047180926,1,0,0,Home Team,0.6369,0.5805,1,1,1
AF047180926,1,0,0,Home Team,0.6309,0.595,1,1,1
AF047180926,1,0,0,Home Team,0.6486,0.6114999999999999,1,1,1
AF047180926,2,6,0,Home Team,0.6486,0.6435,1,1,1
AF047180926,2,7,0,Home Team,0.6751999999999999,0.644,1,1,1
AF047180926,2,7,0,Away Team,0.6845,0.649,1,1,1
AF047180926,2,7,0,Away Team,0.6835,0.636,1,1,1
AF047180926,2,7,0,Away Team,0.6979000000000001,0.6515000000000001,1,1,1
AF047180926,2,7,0,Home Team,0.6979000000000001,0.8525,1,1,1
AF047180926,2,7,0,Home Team,0.6979000000000001,0.845,1,1,1
AF047180926,2,7,0,Home Team,0.8375,0.813,1,1,1
AF047180926,2,13,0,Home Team,0.8375,0.878,1,1,1
AF047180926,2,14,0,Home Team,0.8913,0.8765000000000001,1,1,1
AF047180926,2,14,0,Away Team,0.8920999999999999,0.8675,1,1,1
AF047180926,2,14,0,Away Team,0.882,0.8440000000000001,1,1,1
AF047180926,2,14,0,Away Team,0.8778,0.8640000000000001,1,1,1
AF047180926,2,14,0,Away Team,0.8854000000000001,0.863,1,1,1
AF047180926,2,14,0,Away Team,0.885,0.8695,1,1,1
AF047180926,2,14,0,Away Team,0.8859,0.883,1,1,1
AF047180926,2,14,6,Away Team,0.8859,0.795,1,1,1
AF047180926,2,14,7,Away Team,0.8155,0.8059999999999999,1,1,1
AF047180926,2,14,7,Home Team,0.828,0.7979999999999999,1,1,1
AF047180926,2,14,7,Away Team,0.653,0.6295000000000001,1,1,1
AF047180926,2,14,7,Away Team,0.6620999999999999,0.662,1,1,1
AF047180926,2,14,7,Away Team,0.6466,0.6915,1,1,1
AF047180926,2,14,10,Away Team,0.6466,0.64,1,1,1
AF047190926,1,0,0,Home Team,0.49570000000000003,0.568,0,1,1
AF047190926,1,0,0,Home Team,0.4936,0.583,0,1,1
AF047190926,1,0,0,Home Team,0.5177,0.5920000000000001,0,1,1
AF047190926,1,0,0,Home Team,0.4963,0.565,0,1,1
AF047190926,1,0,0,Home Team,0.5433,0.626,0,1,1
AF047190926,1,6,0,Home Team,0.5433,0.6984999999999999,0,1,1
AF047190926,1,7,0,Home Team,0.6175,0.7114,0,1,1
AF047190926,1,7,0,Away Team,0.6112,0.725,0,1,1
AF047190926,1,7,0,Away Team,0.6493000000000001,0.758,0,1,1
AF047190926,1,7,0,Away Team,0.5959,0.7005,0,1,1
AF047190926,2,7,0,Away Team,0.6248,0.6970000000000001,0,1,1
AF047190926,2,7,0,Away Team,0.6426000000000001,0.7275,0,1,1
AF047190926,2,7,0,Home Team,0.7801,0.833,0,1,1
AF047190926,2,7,0,Home Team,0.8062999999999999,0.858,0,1,1
AF047190926,2,7,0,Home Team,0.8087000000000001,0.87,0,1,1
AF047190926,2,7,0,Home Team,0.8271999999999999,0.8584999999999999,0,1,1
AF047190926,2,7,0,Home Team,0.8207,0.8425,0,1,1
AF047190926,2,13,0,Home Team,0.8207,0.893,0,1,1
AF047190926,2,14,0,Home Team,0.863,0.894,0,1,1
AF047190926,2,14,0,Away Team,0.8693000000000001,0.888,0,1,1
AF047190926,2,14,0,Away Team,0.8784000000000001,0.904,0,1,1
AF047190926,2,14,0,Away Team,0.8475,0.8885,0,1,1
AF047190926,2,14,0,Away Team,0.8748,0.9,0,1,1
AF047190926,2,14,0,Home Team,0.9681000000000001,0.9734999999999999,0,1,1
AF047190926,2,14,0,Away Team,0.8743000000000001,0.9055,0,1,1
AF047190926,2,14,0,Away Team,0.8835,0.9105,0,1,1
AF047190926,2,14,0,Away Team,0.9246,0.9440000000000001,0,1,1
AF047190926,2,14,0,Away Team,0.8712000000000001,0.9159999999999999,0,1,1
AF047190926,2,14,0,Away Team,0.8687,0.8955,0,1,1
AF047190926,2,14,0,Away Team,0.8201999999999999,0.856,0,1,1
AF047190926,2,14,0,Away Team,0.8428,0.8665,0,1,1
AF047190926,2,14,6,Away Team,0.8428,0.8015000000000001,0,1,1
AF047190926,2,14,7,Away Team,0.7565999999999999,0.7985,0,1,1
AF047190926,2,14,7,Home Team,0.7574,0.8035,0,1,1
AF047190926,2,14,7,Home Team,0.7543000000000001,0.7955,0,1,1
AF047200926,1,0,0,Away Team,0.4767,0.48350000000000004,0,1,1
AF047200926,1,0,0,Away Team,0.48450000000000004,0.46950000000000003,0,1,1
AF047200926,1,0,0,Away Team,0.5099,0.5025,0,1,1
AF047200926,1,0,0,Away Team,0.4623,0.4575,0,1,1
AF047200926,1,0,0,Away Team,0.4324,0.44049999999999995,0,1,1
AF047200926,1,0,0,Away Team,0.4532,0.43799999999999994,0,1,1
AF047200926,1,0,0,Away Team,0.40850000000000003,0.4105,0,1,1
AF047200926,1,0,0,Away Team,0.44439999999999996,0.4375,0,1,1
AF047200926,1,0,0,Away Team,0.45770000000000005,0.4755,0,1,1
AF047200926,2,0,6,Away Team,0.45770000000000005,0.3655,0,1,1
AF047200926,2,0,7,Away Team,0.3479,0.36700000000000005,0,1,1
AF047200926,2,0,7,Home Team,0.35609999999999997,0.3565,0,1,1
AF047200926,2,0,7,Home Team,0.37670000000000003,0.3675,0,1,1
AF047200926,2,0,7,Home Team,0.35200000000000004,0.35100000000000003,0,1,1
AF047200926,2,0,7,Home Team,0.3807,0.359,0,1,1
AF047200926,2,0,7,Home Team,0.37479999999999997,0.35700000000000004,0,1,1
AF047200926,2,0,7,Home Team,0.3935,0.3795,0,1,1
AF047200926,2,0,7,Home Team,0.436,0.4075,0,1,1
AF047200926,2,0,7,Home Team,0.4335,0.40700000000000003,0,1,1
AF047200926,2,0,7,Home Team,0.3979,0.37549999999999994,0,1,1
AF047200926,2,0,7,Away Team,0.113,0.23199999999999998,0,1,1
AF047210926,1,0,0,Away Team,0.5106,0.49700000000000005,0,1,1
AF047210926,1,0,0,Away Team,0.5253,0.512,0,1,1
AF047210926,1,0,0,Away Team,0.5153,0.47700000000000004,0,1,1
AF047210926,1,0,0,Away Team,0.5241,0.5108,0,1,1
AF047210926,1,0,0,Away Team,0.5654,0.518,0,1,1
AF047210926,1,0,0,Away Team,0.5654,0.506,0,1,1
AF047210926,1,0,0,Away Team,0.5074000000000001,0.46649999999999997,0,1,1
AF047210926,1,0,6,Away Team,0.48450000000000004,0.3575,0,1,1
AF047210926,1,0,7,Away Team,0.4035,0.331,0,1,1
AF047210926,1,0,7,Home Team,0.42310000000000003,0.353,0,1,1
AF047210926,1,0,7,Home Team,0.41229999999999994,0.336,0,1,1
AF047210926,2,0,7,Home Team,0.38079999999999997,0.3565,0,1,1
AF047210926,2,0,7,Home Team,0.44770000000000004,0.3795,0,1,1
AF047210926,2,0,7,Home Team,0.4003,0.34450000000000003,0,1,1
AF047210926,2,0,7,Home Team,0.40009999999999996,0.33399999999999996,0,1,1
AF047210926,2,0,7,Home Team,0.4754,0.40149999999999997,0,1,1
AF047210926,2,0,7,Home Team,0.4754,0.45799999999999996,0,1,1
AF047210926,2,0,7,Home Team,0.4754,0.4285,0,1,1
AF047210926,2,0,7,Home Team,0.4754,0.389,0,1,1
AF047210926,2,6,7,Home Team,0.4754,0.4575,0,1,1
AF047210926,2,7,7,Home Team,0.5229,0.456,0,1,1
AF047210926,2,7,7,Away Team,0.5417000000000001,0.4465,0,1,1
AF047210926,2,7,7,Away Team,0.5536,0.46799999999999997,0,1,1
AF047210926,2,7,7,Away Team,0.4168,0.379,0,1,1
AF047210926,2,7,13,Away Team,0.4168,0.3085,0,1,1
AF047210926,2,7,14,Away Team,0.3823,0.299,0,1,1
AF047210926,2,7,14,Home Team,0.4189,0.33149999999999996,0,1,1
AF047210926,2,7,14,Home Team,0.3804,0.31,0,1,1
AF047210926,2,7,14,Home Team,0.4008,0.303,0,1,1
AF047210926,2,7,14,Away Team,0.12789999999999999,0.1505,0,1,1
AF048170926,1,0,0,Home Team,0.4508,0.4495,0,1,1
AF048170926,1,0,0,Home Team,0.44520000000000004,0.4585,0,1,1
AF048170926,1,0,0,Home Team,0.4069,0.44299999999999995,0,1,1
AF048170926,1,0,0,Home Team,0.4414,0.4815,0,1,1
AF048170926,1,0,0,Home Team,0.48310000000000003,0.4755,0,1,1
AF048170926,1,0,0,Away Team,0.3129,0.354,0,1,1
AF048170926,1,0,0,Away Team,0.29460000000000003,0.33899999999999997,0,1,1
AF048170926,1,0,0,Away Team,0.298,0.2895,0,1,1
AF048170926,1,0,0,Away Team,0.2837,0.3045,0,1,1
AF048170926,2,0,0,Away Team,0.2798,0.3245,0,1,1
AF048170926,2,0,0,Away Team,0.2515,0.2905,0,1,1
AF048170926,2,0,0,Away Team,0.247,0.2905,0,1,1
AF048170926,2,0,0,Away Team,0.247,0.2565,0,1,1
AF048170926,2,0,7,Away Team,0.1963,0.2165,0,1,1
AF048170926,2,0,7,Home Team,0.1937,0.2005,0,1,1
AF048170926,2,0,7,Home Team,0.198,0.20199999999999999,0,1,1
AF048170926,2,0,7,Home Team,0.17309999999999998,0.1705,0,1,1
AF048170926,2,0,7,Home Team,0.1912,0.20550000000000002,0,1,1
AF048170926,2,0,7,Home Team,0.1666,0.1985,0,1,1
AF048170926,2,0,7,Home Team,0.15990000000000001,0.198,0,1,1
AF048170926,2,0,7,Home Team,0.15990000000000001,0.14150000000000001,0,1,1
AF048170926,2,0,7,Home Team,0.1551,0.23,0,1,1
AF048170926,2,0,7,Home Team,0.2066,0.21850000000000003,0,1,1
AF048170926,2,0,7,Home Team,0.18280000000000002,0.2205,0,1,1
AF048170926,2,0,7,Home Team,0.18280000000000002,0.19949999999999998,0,1,1
AF048170926,2,3,7,Home Team,0.1577,0.207,0,1,1
AF048170926,2,3,7,Away Team,0.17420000000000002,0.2065,0,1,1
AF048170926,2,3,7,Away Team,0.1743,0.21350000000000002,0,1,1
AF048180926,1,0,0,Away Team,0.5316,0.6675,1,1,1
AF048180926,1,0,0,Away Team,0.5154,0.6655,1,1,1
AF048180926,1,0,0,Away Team,0.5064,0.6525,1,1,1
AF048180926,1,0,6,Away Team,0.5064,0.5235,1,1,1
AF048180926,1,0,7,Away Team,0.4127,0.517,1,1,1
AF048180926,1,0,7,Home Team,0.3969,0.5115,1,1,1
AF048180926,1,0,7,Home Team,0.4537,0.551,1,1,1
AF048180926,1,0,7,Home Team,0.4496,0.5465,1,1,1
AF048180926,1,0,7,Home Team,0.4474,0.5303,1,1,1
AF048180926,1,0,7,Home Team,0.4474,0.47450000000000003,1,1,1
AF048180926,1,0,7,Home Team,0.40700000000000003,0.562,1,1,1
AF048180926,1,6,7,Home Team,0.4756,0.6095,1,1,1
AF048180926,1,7,7,Home Team,0.5111,0.6285000000000001,1,1,1
AF048180926,2,7,7,Away Team,0.5138,0.615,1,1,1
AF048180926,2,7,7,Away Team,0.5326,0.617,1,1,1
AF048180926,2,7,7,Away Team,0.506,0.601,1,1,1
AF048180926,2,7,7,Away Team,0.5490999999999999,0.63,1,1,1
AF048180926,2,7,7,Away Team,0.6263000000000001,0.6912999999999999,1,1,1
AF048180926,2,7,7,Away Team,0.46240000000000003,0.565,1,1,1
AF048180926,2,7,7,Away Team,0.4657,0.5645,1,1,1
AF048180926,2,7,7,Away Team,0.41009999999999996,0.5095000000000001,1,1,1
AF048180926,2,7,13,Away Team,0.41009999999999996,0.441,1,1,1
AF048180926,2,7,14,Away Team,0.3971,0.4435,1,1,1
AF048180926,2,7,14,Home Team,0.4183,0.4705,1,1,1
AF048180926,2,7,14,Home Team,0.3543,0.4202,1,1,1
AF048180926,2,7,14,Away Team,0.1989,0.29350000000000004,1,1,1
AF048180926,2,7,14,Away Team,0.21,0.3055,1,1,1
AF048180926,2,7,14,Away Team,0.21,0.2926,1,1,1
AF048180926,2,7,14,Away Team,0.19030000000000002,0.27399999999999997,1,1,1
AF048190926,1,0,0,Away Team,0.40049999999999997,0.371,0,1,1
AF048190926,1,0,0,Away Team,0.40409999999999996,0.369,0,1,1
AF048190926,1,0,0,Away Team,0.3528,0.336,0,1,1
AF048190926,1,0,0,Away Team,0.36950000000000005,0.354,0,1,1
AF048190926,1,0,0,Away Team,0.3408,0.314,0,1,1
AF048190926,1,0,0,Away Team,0.3583,0.3525,0,1,1
AF048190926,1,0,6,Away Team,0.3583,0.253,0,1,1
AF048190926,1,0,7,Away Team,0.29710000000000003,0.26,0,1,1
AF048190926,1,0,7,Home Team,0.30510000000000004,0.27699999999999997,0,1,1
AF048190926,1,0,7,Home Team,0.2948,0.2845,0,1,1
AF048190926,1,6,7,Home Team,0.2948,0.39899999999999997,0,1,1
AF048190926,1,7,7,Home Team,0.4224,0.376,0,1,1
AF048190926,1,7,7,Away Team,0.4301,0.359,0,1,1
AF048190926,1,7,7,Away Team,0.44079999999999997,0.3885,0,1,1
AF048190926,1,7,7,Away Team,0.5074000000000001,0.4525,0,1,1
AF048190926,1,7,7,Away Team,0.4075,0.3425,0,1,1
AF048190926,2,7,7,Away Team,0.4108,0.34299999999999997,0,1,1
AF048190926,2,7,7,Away Team,0.37920000000000004,0.3195,0,1,1
AF048190926,2,7,7,Away Team,0.3627,0.3195,0,1,1
AF048190926,2,7,7,Away Team,0.36920000000000003,0.3115,0,1,1
AF048190926,2,7,7,Away Team,0.3726,0.312,0,1,1
AF048190926,2,7,7,Away Team,0.3911,0.3125,0,1,1
AF048190926,2,7,13,Away Team,0.3911,0.2655,0,1,1
AF048190926,2,7,14,Away Team,0.3006,0.284,0,1,1
AF048190926,2,7,14,Home Team,0.3041,0.26649999999999996,0,1,1
AF048190926,2,7,14,Home Team,0.33490000000000003,0.2925,0,1,1
AF048190926,2,7,14,Home Team,0.3154,0.27,0,1,1
AF048190926,2,7,14,Home Team,0.2673,0.248,0,1,1
AF048190926,2,13,14,Home Team,0.2673,0.396,0,1,1
AF048190926,2,14,14,Home Team,0.3795,0.397,0,1,1
AF048190926,2,14,14,Away Team,0.4093,0.384,0,1,1
AF048190926,2,14,20,Away Team,0.4093,0.275,0,1,1
AF048190926,2,14,21,Away Team,0.3104,0.2585,0,1,1
AF048190926,2,14,21,Home Team,0.2937,0.26,0,1,1
AF048190926,2,14,21,Home Team,0.2726,0.2585,0,1,1
AF048190926,2,14,21,Home Team,0.32659999999999995,0.276,0,1,1
AF048190926,2,14,21,Home Team,0.3772,0.29600000000000004,0,1,1
AF048190926,2,14,21,Home Team,0.39590000000000003,0.326,0,1,1
AF048190926,2,14,21,Home Team,0.4328,0.3425,0,1,1
AF048190926,2,14,21,Home Team,0.4355,0.3455,0,1,1
AF048190926,2,14,21,Home Team,0.39409999999999995,0.342,0,1,1
AF048190926,2,14,21,Home Team,0.39409999999999995,0.29,0,1,1
AF048190926,2,17,21,Home Team,0.32780000000000004,0.31,0,1,1
AF048200926,1,0,0,Home Team,0.4462,0.569,0,1,1
AF048200926,1,0,0,Home Team,0.43810000000000004,0.5485,0,1,1
AF048200926,1,0,0,Home Team,0.46619999999999995,0.5645,0,1,1
AF048200926,1,0,0,Home Team,0.4571,0.5585,0,1,1
AF048200926,1,0,0,Home Team,0.49,0.583,0,1,1
AF048200926,1,0,0,Home Team,0.4989,0.6114999999999999,0,1,1
AF048200926,1,0,0,Home Team,0.4953,0.622,0,1,1
AF048200926,1,0,0,Home Team,0.5229,0.647,0,1,1
AF048200926,2,0,0,Home Team,0.5447,0.6552,0,1,1
AF048200926,2,0,0,Home Team,0.5447,0.67,0,1,1
AF048200926,2,0,0,Home Team,0.5447,0.652,0,1,1
AF048200926,2,6,0,Home Team,0.5447,0.698,0,1,1
AF048200926,2,7,0,Home Team,0.5986,0.735,0,1,1
AF048200926,2,7,0,Away Team,0.5879,0.7055,0,1,1
AF048200926,2,7,0,Away Team,0.5972,0.7465,0,1,1
AF048200926,2,7,0,Away Team,0.6461,0.762,0,1,1
AF048200926,2,7,0,Away Team,0.5725,0.7155,0,1,1
AF048200926,2,7,0,Away Team,0.5887,0.726,0,1,1
AF048200926,2,7,0,Away Team,0.5534,0.6890000000000001,0,1,1
AF048200926,2,7,0,Away Team,0.5534,0.6805,0,1,1
AF048200926,2,7,0,Away Team,0.4954,0.6623,0,1,1
AF048200926,2,7,0,Away Team,0.5123,0.6463,0,1,1
AF048200926,2,7,0,Away Team,0.44520000000000004,0.6104999999999999,0,1,1
AF048200926,2,7,6,Away Team,0.44520000000000004,0.5155,0,1,1
AF048200926,2,7,7,Away Team,0.3925,0.5145000000000001,0,1,1
AF048200926,2,7,7,Home Team,0.4019,0.5165,0,1,1
AF048200926,2,7,7,Home Team,0.4028,0.5253,0,1,1
AF048200926,2,7,7,Away Team,0.3337,0.47350000000000003,0,1,1
AF048220926,1,0,0,Away Team,0.4693,0.561,1,1,1
AF048220926,1,0,0,Away Team,0.4533,0.5395,1,1,1
AF048220926,1,0,0,Away Team,0.47619999999999996,0.564,1,1,1
AF048220926,1,0,6,Away Team,0.47619999999999996,0.384,1,1,1
AF048220926,1,0,7,Away Team,0.34990000000000004,0.38799999999999996,1,1,1
AF048220926,1,0,7,Home Team,0.3428,0.369,1,1,1
AF048220926,1,0,7,Home Team,0.3586,0.3865,1,1,1
AF048220926,1,0,7,Home Team,0.35590000000000005,0.3892,1,1,1
AF048220926,1,0,7,Home Team,0.35340000000000005,0.3995,1,1,1
AF048220926,1,0,7,Home Team,0.34700000000000003,0.3685,1,1,1
AF048220926,1,0,7,Home Team,0.38439999999999996,0.39799999999999996,1,1,1
AF048220926,2,0,7,Home Team,0.38130000000000003,0.40549999999999997,1,1,1
AF048220926,2,0,7,Home Team,0.37729999999999997,0.4067,1,1,1
AF048220926,2,0,7,Home Team,0.37729999999999997,0.35600000000000004,1,1,1
AF048220926,2,0,7,Home Team,0.3262,0.4365,1,1,1
AF048220926,2,0,7,Home Team,0.40259999999999996,0.4275,1,1,1
AF048220926,2,0,7,Home Team,0.4321,0.45899999999999996,1,1,1
AF048220926,2,0,7,Home Team,0.44060000000000005,0.4335,1,1,1
AF048220926,2,0,7,Home Team,0.4119,0.4375,1,1,1
AF048220926,2,0,7,Home Team,0.4119,0.369,1,1,1
AF048220926,2,6,7,Home Team,0.349,0.5365,1,1,1
AF048220926,2,7,7,Home Team,0.349,0.5585,1,1,1
AF048220926,2,7,7,Away Team,0.4899,0.5598,1,1,1
AF048220926,2,7,7,Away Team,0.511,0.5643,1,1,1
AF048220926,2,7,7,Home Team,0.6693000000000001,0.6355,1,1,1
AF048220926,2,7,7,Home Team,0.7192000000000001,0.6925,1,1,1
AF048220926,2,7,7,Home Team,0.7192000000000001,0.6095,1,1,1
AF049170926,1,0,0,Home Team,0.5163,0.3825,0,1,1
AF049170926,1,0,0,Home Team,0.4515,0.3505,0,1,1
AF049170926,1,0,0,Home Team,0.48840000000000006,0.4035,0,1,1
AF049170926,1,0,0,Home Team,0.5115,0.40149999999999997,0,1,1
AF049170926,1,0,0,Home Team,0.4782,0.37200000000000005,0,1,1
AF049170926,1,0,0,Home Team,0.5326,0.4205,0,1,1
AF049170926,1,0,0,Home Team,0.5271,0.428,0,1,1
AF049170926,1,0,0,Home Team,0.5367999999999999,0.43700000000000006,0,1,1
AF049170926,1,0,0,Home Team,0.5225,0.429,0,1,1
AF049170926,2,0,0,Home Team,0.5754,0.47450000000000003,0,1,1
AF049170926,2,0,0,Home Team,0.5754,0.457,0,1,1
AF049170926,2,0,0,Home Team,0.5754,0.4545,0,1,1
AF049170926,2,0,0,Home Team,0.5754,0.36200000000000004,0,1,1
AF049170926,2,3,0,Home Team,0.4789,0.368,0,1,1
AF049170926,2,3,0,Away Team,0.4048,0.3675,0,1,1
AF049170926,2,3,0,Away Team,0.41590000000000005,0.3625,0,1,1
AF049170926,2,3,0,Away Team,0.3957,0.3555,0,1,1
AF049170926,2,3,0,Away Team,0.43700000000000006,0.3785,0,1,1
AF049170926,2,3,0,Away Team,0.3549,0.342,0,1,1
AF049170926,2,3,0,Away Team,0.3482,0.3105,0,1,1
AF049170926,2,3,0,Away Team,0.318,0.3125,0,1,1
AF049170926,2,3,0,Away Team,0.2968,0.28300000000000003,0,1,1
AF049170926,2,3,0,Away Team,0.3329,0.2975,0,1,1
AF049170926,2,3,0,Away Team,0.3329,0.23199999999999998,0,1,1
AF049170926,2,3,6,Away Team,0.3329,0.18350000000000002,0,1,1
AF049170926,2,3,7,Away Team,0.22039999999999998,0.1825,0,1,1
AF049170926,2,3,7,Home Team,0.2279,0.20199999999999999,0,1,1
AF049170926,2,3,7,Home Team,0.1837,0.1675,0,1,1
AF049180926,1,0,0,Home Team,0.5528,0.48950000000000005,0,1,1
AF049180926,1,0,0,Home Team,0.5181,0.45549999999999996,0,1,1
AF049180926,1,0,0,Home Team,0.5301,0.4545,0,1,1
AF049180926,1,0,0,Home Team,0.5381,0.498,0,1,1
AF049180926,1,0,0,Home Team,0.5488000000000001,0.502,0,1,1
AF049180926,1,0,0,Home Team,0.5811999999999999,0.5455,0,1,1
AF049180926,1,0,0,Home Team,0.584,0.5465,0,1,1
AF049180926,1,0,0,Home Team,0.5423,0.489,0,1,1
AF049180926,1,0,0,Home Team,0.5895,0.5535,0,1,1
AF049180926,2,0,0,Home Team,0.6077,0.544,0,1,1
AF049180926,2,0,0,Home Team,0.6174000000000001,0.56,0,1,1
AF049180926,2,6,0,Home Team,0.6174000000000001,0.6195,0,1,1
AF049180926,2,7,0,Home Team,0.6564,0.6285000000000001,0,1,1
AF049180926,2,7,0,Away Team,0.6542,0.6045,0,1,1
AF049180926,2,7,0,Away Team,0.6767,0.614,0,1,1
AF049180926,2,7,0,Away Team,0.6425,0.594,0,1,1
AF049180926,2,7,0,Away Team,0.6441,0.5795,0,1,1
AF049180926,2,7,0,Away Team,0.6372,0.573,0,1,1
AF049180926,2,7,0,Away Team,0.6319,0.5725,0,1,1
AF049180926,2,7,6,Away Team,0.6319,0.51,0,1,1
AF049180926,2,7,7,Away Team,0.5574,0.522,0,1,1
AF049180926,2,7,13,Away Team,0.5574,0.141,0,1,1
AF049180926,2,7,14,Away Team,0.2685,0.222,0,1,1
AF049180926,2,7,14,Home Team,0.2568,0.21,0,1,1
AF049180926,2,7,14,Home Team,0.2325,0.1955,0,1,1
AF049180926,2,7,14,Home Team,0.1889,0.1935,0,1,1
AF049180926,2,7,14,Home Team,0.26170000000000004,0.2335,0,1,1
AF049180926,2,7,14,Home Team,0.254,0.247,0,1,1
AF049180926,2,7,14,Home Team,0.25739999999999996,0.2165,0,1,1
AF049180926,2,7,14,Home Team,0.3073,0.2615,0,1,1
AF049180926,2,13,14,Home Team,0.3073,0.32049999999999995,0,1,1
AF049180926,2,14,14,Home Team,0.3378,0.3265,0,1,1
AF049180926,2,14,14,Away Team,0.35350000000000004,0.3325,0,1,1
AF049180926,2,14,14,Away Team,0.34409999999999996,0.3505,0,1,1
AF049180926,2,14,14,Away Team,0.34409999999999996,0.3435,0,1,1
AF049180926,2,14,14,Away Team,0.4022,0.40049999999999997,0,1,1
AF049190926,1,0,0,Home Team,0.4335,0.40020000000000006,1,1,1
AF049190926,1,0,0,Home Team,0.4139,0.3667,1,1,1
AF049190926,1,0,0,Home Team,0.38159999999999994,0.33799999999999997,1,1,1
AF049190926,1,0,0,Home Team,0.47100000000000003,0.4375,1,1,1
AF049190926,1,0,0,Home Team,0.4645,0.4445,1,1,1
AF049190926,1,0,0,Home Team,0.47369999999999995,0.456,1,1,1
AF049190926,1,0,0,Home Team,0.4929,0.47350000000000003,1,1,1
AF049190926,1,0,0,Home Team,0.4979,0.4775,1,1,1
AF049190926,1,0,0,Home Team,0.4693,0.4725,1,1,1
AF049190926,2,6,0,Home Team,0.4693,0.5535,1,1,1
AF049190926,2,7,0,Home Team,0.5804,0.563,1,1,1
AF049190926,2,7,0,Away Team,0.5825,0.545,1,1,1
AF049190926,2,7,0,Away Team,0.585,0.594,1,1,1
AF049190926,2,7,0,Home Team,0.7794,0.759,1,1,1
AF049190926,2,7,0,Home Team,0.7517,0.7395,1,1,1
AF049190926,2,7,0,Away Team,0.6003000000000001,0.5755,1,1,1
AF049190926,2,7,0,Away Team,0.5138,0.5075,1,1,1
AF049190926,2,7,0,Away Team,0.5111,0.496,1,1,1
AF049190926,2,7,0,Away Team,0.5045000000000001,0.49200000000000005,1,1,1
AF049190926,2,7,0,Away Team,0.5291,0.528,1,1,1
AF049190926,2,7,0,Away Team,0.5637,0.586,1,1,1
AF049190926,2,7,0,Away Team,0.5637,0.652,1,1,1
AF049190926,2,7,3,Away Team,0.6243,0.6245,1,1,1
AF049190926,2,7,3,Home Team,0.6305,0.611,1,1,1
AF049190926,2,13,3,Home Team,0.6305,0.7805,1,1,1
AF049190926,2,14,3,Home Team,0.7728,0.762,1,1,1
AF049190926,2,14,3,Away Team,0.7958,0.7759999999999999,1,1,1
AF049190926,2,14,3,Away Team,0.6595,0.6785,1,1,1
AF049190926,2,14,3,Away Team,0.736,0.7375,1,1,1
AF049190926,2,14,3,Away Team,0.7535,0.736,1,1,1
AF049190926,2,14,3,Away Team,0.7535,0.779,1,1,1
AF049190926,2,14,6,Away Team,0.8081,0.7809999999999999,1,1,1
AF049190926,2,14,6,Home Team,0.7876000000000001,0.7785,1,1,1
AF049190926,2,14,6,Home Team,0.8026000000000001,0.775,1,1,1
AF049190926,2,14,6,Home Team,0.7909,0.7665000000000001,1,1,1
AF049200926,1,0,0,Away Team,0.45409999999999995,0.3675,0,1,1
AF049200926,1,0,0,Away Team,0.4707,0.36700000000000005,0,1,1
AF049200926,1,0,0,Away Team,0.4526,0.35100000000000003,0,1,1
AF049200926,1,0,0,Away Team,0.4363,0.3455,0,1,1
AF049200926,1,0,0,Away Team,0.4421,0.3345,0,1,1
AF049200926,1,0,0,Away Team,0.4115,0.3115,0,1,1
AF049200926,1,0,0,Away Team,0.3954,0.3165,0,1,1
AF049200926,1,0,6,Away Team,0.3954,0.26649999999999996,0,1,1
AF049200926,1,0,7,Away Team,0.354,0.2605,0,1,1
AF049200926,1,0,7,Home Team,0.3361,0.272,0,1,1
AF049200926,1,0,7,Home Team,0.34090000000000004,0.2465,0,1,1
AF049200926,2,0,7,Away Team,0.1949,0.122,0,1,1
AF049200926,2,0,7,Away Team,0.1696,0.12050000000000001,0,1,1
AF049200926,2,0,7,Away Team,0.1696,0.1235,0,1,1
AF049200926,2,0,7,Away Team,0.16670000000000001,0.11699999999999999,0,1,1
AF049200926,2,0,7,Away Team,0.16010000000000002,0.1225,0,1,1
AF049200926,2,0,7,Home Team,0.3267,0.22699999999999998,0,1,1
AF049200926,2,6,7,Home Team,0.3267,0.358,0,1,1
AF049200926,2,7,7,Home Team,0.4339,0.3375,0,1,1
AF049200926,2,7,7,Away Team,0.456,0.3945,0,1,1
AF049200926,2,7,7,Away Team,0.4532,0.3285,0,1,1
AF049200926,2,7,7,Away Team,0.4268,0.3515,0,1,1
AF049200926,2,7,7,Away Team,0.40590000000000004,0.3175,0,1,1
AF049200926,2,7,7,Away Team,0.345,0.27949999999999997,0,1,1
AF049200926,2,7,7,Away Team,0.3678,0.28309999999999996,0,1,1
AF049200926,2,7,13,Away Team,0.3678,0.20199999999999999,0,1,1
AF049200926,2,7,14,Away Team,0.2917,0.2045,0,1,1
AF049200926,2,7,14,Home Team,0.3091,0.1985,0,1,1
AF049200926,2,7,14,Home Team,0.2672,0.193,0,1,1
AF049200926,2,7,14,Home Team,0.2576,0.1925,0,1,1
AF049200926,2,7,14,Home Team,0.2576,0.1685,0,1,1
AF049200926,2,7,14,Away Team,0.2413,0.1705,0,1,1
AF049220926,1,0,0,Home Team,0.47240000000000004,0.5770000000000001,1,1,1
AF049220926,1,0,0,Home Team,0.4819,0.598,1,1,1
AF049220926,1,0,0,Home Team,0.49219999999999997,0.6085,1,1,1
AF049220926,1,0,0,Home Team,0.4817,0.578,1,1,1
AF049220926,1,0,0,Home Team,0.5609000000000001,0.667,1,1,1
AF049220926,1,0,0,Home Team,0.5437,0.6295000000000001,1,1,1
AF049220926,1,6,0,Home Team,0.5437,0.69,1,1,1
AF049220926,1,7,0,Home Team,0.5992999999999999,0.6659999999999999,1,1,1
AF049220926,1,7,0,Away Team,0.6057,0.6855,1,1,1
AF049220926,1,7,0,Away Team,0.5622,0.649,1,1,1
AF049220926,1,7,0,Away Team,0.6258,0.722,1,1,1
AF049220926,1,7,0,Away Team,0.5494,0.631,1,1,1
AF049220926,1,7,0,Away Team,0.5511,0.6214999999999999,1,1,1
AF049220926,2,7,6,Away Team,0.5511,0.6054999999999999,1,1,1
AF049220926,2,7,7,Away Team,0.49439999999999995,0.586,1,1,1
AF049220926,2,7,7,Home Team,0.48969999999999997,0.5855,1,1,1
AF049220926,2,7,7,Home Team,0.4647,0.591,1,1,1
AF049220926,2,7,7,Away Team,0.24609999999999999,0.3475,1,1,1
AF049220926,2,7,7,Away Team,0.24609999999999999,0.37,1,1,1
AF049220926,2,7,13,Away Team,0.24609999999999999,0.313,1,1,1
AF049220926,2,7,14,Away Team,0.2314,0.31,1,1,1
AF049220926,2,7,14,Home Team,0.22149999999999997,0.306,1,1,1
AF049220926,2,7,14,Home Team,0.1844,0.2805,1,1,1
AF049220926,2,7,14,Home Team,0.19440000000000002,0.27149999999999996,1,1,1
AF049220926,2,7,14,Home Team,0.22030000000000002,0.3215,1,1,1
AF049220926,2,7,14,Home Team,0.2463,0.32799999999999996,1,1,1
AF049220926,2,7,14,Home Team,0.245,0.335,1,1,1
AF049220926,2,7,14,Home Team,0.2515,0.33799999999999997,1,1,1
AF049220926,2,7,14,Home Team,0.2535,0.34299999999999997,1,1,1
AF049220926,2,13,14,Home Team,0.2535,0.376,1,1,1
AF049220926,2,14,14,Home Team,0.2928,0.39399999999999996,1,1,1
AF049220926,2,14,14,Away Team,0.2898,0.3895,1,1,1
AF049220926,2,14,14,Away Team,0.3069,0.40399999999999997,1,1,1
AF049220926,2,14,14,Away Team,0.3074,0.4235,1,1,1
AF049220926,2,14,14,Away Team,0.3074,0.46799999999999997,1,1,1
AF049220926,2,14,14,Home Team,0.3293,0.496,1,1,1
AF049220926,2,14,14,Home Team,0.3721,0.445,1,1,1
AF050170926,1,0,0,Away Team,0.4177,0.47100000000000003,1,1,1
AF050170926,1,0,0,Away Team,0.4603,0.524,1,1,1
AF050170926,1,0,0,Home Team,0.5784,0.6228,1,1,1
AF050170926,1,0,0,Home Team,0.5414,0.6054999999999999,1,1,1
AF050170926,1,0,0,Home Team,0.48340000000000005,0.5529999999999999,1,1,1
AF050170926,1,0,0,Home Team,0.48340000000000005,0.585,1,1,1
AF050170926,1,3,0,Home Team,0.5293,0.606,1,1,1
AF050170926,1,3,0,Away Team,0.5512,0.6265,1,1,1
AF050170926,1,3,0,Away Team,0.5704,0.6265,1,1,1
AF050170926,1,3,0,Away Team,0.5579,0.6004999999999999,1,1,1
AF050170926,1,3,0,Away Team,0.5579,0.665,1,1,1
AF050170926,2,3,0,Away Team,0.6204999999999999,0.565,1,1,1
AF050170926,2,3,0,Away Team,0.5525,0.5635,1,1,1
AF050170926,2,3,0,Away Team,0.5818,0.604,1,1,1
AF050170926,2,3,0,Away Team,0.5056,0.5275,1,1,1
AF050170926,2,3,0,Away Team,0.5211,0.5495,1,1,1
AF050170926,2,3,0,Away Team,0.5186,0.6004999999999999,1,1,1
AF050170926,2,3,0,Away Team,0.5186,0.6275,1,1,1
AF050170926,2,3,0,Home Team,0.7315,0.7495,1,1,1
AF050170926,2,3,0,Home Team,0.7243999999999999,0.747,1,1,1
AF050170926,2,3,0,Home Team,0.7865000000000001,0.7879999999999999,1,1,1
AF050170926,2,3,0,Away Team,0.5611999999999999,0.622,1,1,1
AF050170926,2,9,0,Home Team,0.5611999999999999,0.903,1,1,1
AF050170926,2,10,0,Home Team,0.8887,0.9015000000000001,1,1,1
AF050170926,2,10,0,Away Team,0.895,0.912,1,1,1
AF050170926,2,10,0,Away Team,0.8741,0.91,1,1,1
AF050170926,2,10,0,Away Team,0.8291,0.8625,1,1,1
AF050170926,2,10,0,Away Team,0.841,0.8725,1,1,1
AF050170926,2,10,0,Away Team,0.845,0.8690000000000001,1,1,1
AF050170926,2,10,3,Away Team,0.845,0.8690000000000001,1,1,1
AF050180926,1,0,0,Away Team,0.4758,0.38549999999999995,0,1,1
AF050180926,1,0,0,Away Team,0.4794,0.3835,0,1,1
AF050180926,1,0,0,Away Team,0.4697,0.397,0,1,1
AF050180926,1,0,0,Away Team,0.44670000000000004,0.36,0,1,1
AF050180926,1,0,0,Away Team,0.4069,0.3125,0,1,1
AF050180926,1,0,0,Away Team,0.3887,0.2905,0,1,1
AF050180926,1,0,0,Away Team,0.4421,0.3605,0,1,1
AF050180926,1,0,0,Away Team,0.43229999999999996,0.3685,0,1,1
AF050180926,1,0,0,Away Team,0.43229999999999996,0.38,0,1,1
AF050180926,1,0,3,Away Team,0.5044,0.3865,0,1,1
AF050180926,1,0,3,Home Team,0.515,0.387,0,1,1
AF050180926,2,0,3,Home Team,0.5096,0.4125,0,1,1
AF050180926,2,0,3,Home Team,0.5031,0.36869999999999997,0,1,1
AF050180926,2,0,3,Home Team,0.5307,0.42200000000000004,0,1,1
AF050180926,2,0,3,Home Team,0.5346,0.385,0,1,1
AF050180926,2,0,3,Home Team,0.5655,0.466,0,1,1
AF050180926,2,0,3,Home Team,0.5775,0.457,0,1,1
AF050180926,2,0,3,Home Team,0.5518,0.435,0,1,1
AF050180926,2,0,3,Home Team,0.623,0.512,0,1,1
AF050180926,2,0,3,Home Team,0.623,0.5275,0,1,1
AF050180926,2,0,3,Home Team,0.5636,0.485,0,1,1
AF050180926,2,0,3,Home Team,0.5636,0.41700000000000004,0,1,1
AF050180926,2,3,3,Home Team,0.4683,0.442,0,1,1
AF050180926,2,3,3,Away Team,0.483,0.4072,0,1,1
AF050180926,2,3,3,Away Team,0.5167,0.415,0,1,1
AF050180926,2,3,3,Away Team,0.43729999999999997,0.3747,0,1,1
AF050180926,2,3,9,Away Team,0.43729999999999997,0.1821,0,1,1
AF050180926,2,3,10,Away Team,0.24559999999999998,0.184,0,1,1
AF050180926,2,3,10,Home Team,0.2585,0.16469999999999999,0,1,1
AF050180926,2,3,10,Home Team,0.2487,0.1635,0,1,1
AF050180926,2,3,10,Home Team,0.22,0.1575,0,1,1
AF050180926,2,3,10,Home Team,0.23129999999999998,0.1495,0,1,1
AF050190926,1,0,0,Home Team,0.5952000000000001,0.5815,0,1,1
AF050190926,1,0,0,Home Team,0.5869,0.6054999999999999,0,1,1
AF050190926,1,0,0,Home Team,0.6109,0.605,0,1,1
AF050190926,1,0,0,Home Team,0.5893,0.5820000000000001,0,1,1
AF050190926,1,0,0,Home Team,0.632,0.618,0,1,1
AF050190926,1,0,0,Away Team,0.44329999999999997,0.441,0,1,1
AF050190926,1,0,0,Away Team,0.44909999999999994,0.4275,0,1,1
AF050190926,1,0,0,Away Team,0.44909999999999994,0.41450000000000004,0,1,1
AF050190926,1,0,0,Home Team,0.596,0.5875,0,1,1
AF050190926,1,0,0,Home Team,0.5656,0.594,0,1,1
AF050190926,1,0,0,Home Team,0.5817,0.5835,0,1,1
AF050190926,1,0,0,Away Team,0.3671,0.3975,0,1,1
AF050190926,1,0,0,Away Team,0.3843,0.4025,0,1,1
AF050190926,1,0,0,Away Team,0.36829999999999996,0.39399999999999996,0,1,1
AF050190926,2,0,0,Away Team,0.3712,0.43200000000000005,0,1,1
AF050190926,2,0,0,Away Team,0.4403,0.442,0,1,1
AF050190926,2,0,6,Away Team,0.4403,0.34850000000000003,0,1,1
AF050190926,2,0,7,Away Team,0.3074,0.327,0,1,1
AF050190926,2,0,7,Home Team,0.29460000000000003,0.35,0,1,1
AF050190926,2,0,7,Home Team,0.2751,0.33,0,1,1
AF050190926,2,0,7,Home Team,0.3028,0.3375,0,1,1
AF050190926,2,0,7,Home Team,0.3063,0.341,0,1,1
AF050190926,2,0,7,Home Team,0.33990000000000004,0.349,0,1,1
AF050190926,2,0,7,Home Team,0.3429,0.35450000000000004,0,1,1
AF050190926,2,0,7,Home Team,0.2664,0.3095,0,1,1
AF050190926,2,6,7,Home Team,0.2664,0.4115,0,1,1
AF050190926,2,7,7,Home Team,0.381,0.39899999999999997,0,1,1
AF050190926,2,7,7,Away Team,0.3671,0.4065,0,1,1
AF050190926,2,7,13,Away Team,0.3671,0.307,0,1,1
AF050190926,2,7,14,Away Team,0.2688,0.3055,0,1,1
AF050190926,2,7,14,Home Team,0.2785,0.3015,0,1,1
AF050190926,2,7,14,Home Team,0.2975,0.324,0,1,1
AF050190926,2,7,14,Away Team,0.1425,0.1425,0,1,1
AF050190926,2,7,14,Away Team,0.1426,0.162,0,1,1
AF050190926,2,7,14,Away Team,0.1564,0.1845,0,1,1
AF050190926,2,7,14,Away Team,0.1564,0.129,0,1,1
AF050190926,2,7,14,Away Team,0.12269999999999999,0.131,0,1,1
AF050190926,2,7,14,Home Team,0.2763,0.319,0,1,1
AF050190926,2,7,14,Home Team,0.2529,0.2825,0,1,1
AF050190926,2,7,14,Home Team,0.25739999999999996,0.292,0,1,1
AF050190926,2,10,14,Home Team,0.25739999999999996,0.298,0,1,1
AF050190926,2,10,14,Away Team,0.2408,0.28350000000000003,0,1,1
AF050200926,1,0,0,Away Team,0.48310000000000003,0.515,1,1,1
AF050200926,1,0,0,Away Team,0.5103,0.53,1,1,1
AF050200926,1,0,6,Away Team,0.5103,0.36700000000000005,1,1,1
AF050200926,1,0,7,Away Team,0.3807,0.368,1,1,1
AF050200926,1,0,7,Home Team,0.3735,0.371,1,1,1
AF050200926,1,0,7,Home Team,0.3699,0.3395,1,1,1
AF050200926,1,0,7,Home Team,0.3197,0.3175,1,1,1
AF050200926,1,0,7,Home Team,0.3197,0.278,1,1,1
AF050200926,1,0,7,Home Team,0.3145,0.3575,1,1,1
AF050200926,1,0,7,Home Team,0.40630000000000005,0.396,1,1,1
AF050200926,1,0,7,Home Team,0.38280000000000003,0.377,1,1,1
AF050200926,1,0,7,Home Team,0.3797,0.3385,1,1,1
AF050200926,1,0,7,Home Team,0.423,0.4065,1,1,1
AF050200926,1,0,7,Home Team,0.424,0.413,1,1,1
AF050200926,1,0,7,Home Team,0.419,0.4277,1,1,1
AF050200926,2,0,7,Home Team,0.4474,0.42119999999999996,1,1,1
AF050200926,2,0,7,Home Team,0.43,0.4372,1,1,1
AF050200926,2,0,7,Home Team,0.46740000000000004,0.445,1,1,1
AF050200926,2,0,7,Home Team,0.46490000000000004,0.43450000000000005,1,1,1
AF050200926,2,0,7,Home Team,0.4276,0.39399999999999996,1,1,1
AF050200926,2,0,7,Home Team,0.4276,0.3455,1,1,1
AF050200926,2,0,7,Away Team,0.2216,0.2455,1,1,1
AF050200926,2,0,7,Away Team,0.21989999999999998,0.2545,1,1,1
AF050200926,2,0,7,Away Team,0.2022,0.21350000000000002,1,1,1
AF050200926,2,0,7,Away Team,0.2261,0.212,1,1,1
AF050200926,2,0,7,Away Team,0.2218,0.221,1,1,1
AF050200926,2,0,7,Away Team,0.19519999999999998,0.2125,1,1,1
AF050200926,2,0,7,Away Team,0.19190000000000002,0.2065,1,1,1
AF050210926,1,0,0,Away Team,0.5760000000000001,0.505,1,1,1
AF050210926,1,0,0,Away Team,0.569,0.519,1,1,1
AF050210926,1,0,0,Away Team,0.6107,0.5293,1,1,1
AF050210926,1,0,0,Away Team,0.6107,0.5853,1,1,1
AF050210926,1,0,0,Home Team,0.7424,0.653,1,1,1
AF050210926,1,6,0,Home Team,0.7424,0.7309,1,1,1
AF050210926,1,7,0,Home Team,0.7741,0.7190000000000001,1,1,1
AF050210926,1,7,0,Away Team,0.7918000000000001,0.7234999999999999,1,1,1
AF050210926,1,7,0,Away Team,0.8014,0.7525,1,1,1
AF050210926,1,7,0,Away Team,0.7609999999999999,0.6695,1,1,1
AF050210926,1,7,0,Away Team,0.7356,0.662,1,1,1
AF050210926,1,7,0,Away Team,0.7447,0.6655,1,1,1
AF050210926,1,7,0,Away Team,0.7525,0.6970000000000001,1,1,1
AF050210926,1,7,0,Away Team,0.7525,0.7384999999999999,1,1,1
AF050210926,1,7,3,Away Team,0.7989,0.738,1,1,1
AF050210926,1,7,3,Home Team,0.8079999999999999,0.721,1,1,1
AF050210926,1,7,3,Home Team,0.8283,0.7665000000000001,1,1,1
AF050210926,1,7,3,Away Team,0.6753,0.6153,1,1,1
AF050210926,2,7,3,Away Team,0.6938,0.6015,1,1,1
AF050210926,2,7,3,Away Team,0.6779999999999999,0.563,1,1,1
AF050210926,2,7,3,Away Team,0.6479,0.5489999999999999,1,1,1
AF050210926,2,7,3,Away Team,0.6587999999999999,0.5710000000000001,1,1,1
AF050210926,2,7,3,Away Team,0.6934,0.5920000000000001,1,1,1
AF050210926,2,7,3,Away Team,0.6934,0.63,1,1,1
AF050210926,2,7,9,Away Team,0.7044,0.48,1,1,1
AF050210926,2,7,10,Away Team,0.7044,0.47350000000000003,1,1,1
AF050210926,2,7,10,Home Team,0.5997,0.4647,1,1,1
AF050210926,2,7,10,Home Team,0.6495000000000001,0.49200000000000005,1,1,1
AF050210926,2,7,10,Home Team,0.6101,0.5255,1,1,1
AF050210926,2,7,10,Home Team,0.6324000000000001,0.4925,1,1,1
AF050210926,2,7,10,Home Team,0.6725,0.5425,1,1,1
AF050210926,2,7,10,Home Team,0.6798000000000001,0.5525,1,1,1
AF050210926,2,7,10,Away Team,0.4451,0.38799999999999996,1,1,1
AF050210926,2,7,10,Away Team,0.4499,0.3795,1,1,1
AF050210926,2,7,10,Away Team,0.4648,0.401,1,1,1
AF050220926,1,0,0,Away Team,0.4876,0.489,1,1,1
AF050220926,1,0,0,Away Team,0.4642,0.46950000000000003,1,1,1
AF050220926,1,0,6,Away Team,0.4642,0.3615,1,1,1
AF050220926,1,0,7,Away Team,0.3489,0.35350000000000004,1,1,1
AF050220926,1,0,7,Home Team,0.3567,0.3625,1,1,1
AF050220926,1,0,7,Home Team,0.345,0.3705,1,1,1
AF050220926,1,0,7,Home Team,0.3782,0.34450000000000003,1,1,1
AF050220926,1,0,7,Home Team,0.3907,0.37,1,1,1
AF050220926,1,0,7,Away Team,0.2045,0.2255,1,1,1
AF050220926,1,0,7,Away Team,0.19760000000000003,0.2305,1,1,1
AF050220926,1,0,7,Away Team,0.19899999999999998,0.228,1,1,1
AF050220926,1,0,7,Away Team,0.19899999999999998,0.261,1,1,1
AF050220926,1,0,10,Away Team,0.2193,0.233,1,1,1
AF050220926,2,0,10,Home Team,0.2193,0.257,1,1,1
AF050220926,2,0,10,Home Team,0.2506,0.2785,1,1,1
AF050220926,2,0,10,Home Team,0.2559,0.259,1,1,1
AF050220926,2,0,10,Home Team,0.2306,0.2655,1,1,1
AF050220926,2,0,10,Home Team,0.218,0.24850000000000003,1,1,1
AF050220926,2,0,10,Home Team,0.2657,0.2565,1,1,1
AF050220926,2,0,10,Home Team,0.2933,0.2725,1,1,1
AF050220926,2,0,10,Home Team,0.258,0.25,1,1,1
AF050220926,2,0,10,Home Team,0.258,0.2515,1,1,1
AF050220926,2,0,10,Home Team,0.2813,0.23199999999999998,1,1,1
AF050220926,2,0,10,Home Team,0.2443,0.26,1,1,1
AF050220926,2,0,10,Away Team,0.1027,0.114,1,1,1
AF050220926,2,0,10,Away Team,0.10619999999999999,0.11449999999999999,1,1,1
AF050220926,2,0,10,Away Team,0.1026,0.11900000000000001,1,1,1
AF051180926,1,0,0,Away Team,0.5995,0.5135000000000001,0,1,1
AF051180926,1,0,0,Away Team,0.5776,0.493,0,1,1
AF051180926,1,0,0,Away Team,0.5625,0.429,0,1,1
AF051180926,1,0,0,Away Team,0.5401,0.4475,0,1,1
AF051180926,1,0,0,Away Team,0.52,0.415,0,1,1
AF051180926,1,0,6,Away Team,0.52,0.355,0,1,1
AF051180926,1,0,7,Away Team,0.47369999999999995,0.374,0,1,1
AF051180926,1,0,7,Home Team,0.465,0.34700000000000003,0,1,1
AF051180926,1,0,7,Home Team,0.45630000000000004,0.34450000000000003,0,1,1
AF051180926,1,0,7,Home Team,0.4604,0.33399999999999996,0,1,1
AF051180926,1,0,7,Home Team,0.4901,0.3895,0,1,1
AF051180926,2,0,7,Home Team,0.4972,0.38049999999999995,0,1,1
AF051180926,2,6,7,Home Team,0.4972,0.46950000000000003,0,1,1
AF051180926,2,7,7,Home Team,0.5715,0.45649999999999996,0,1,1
AF051180926,2,7,7,Away Team,0.5706,0.469,0,1,1
AF051180926,2,7,7,Away Team,0.5771999999999999,0.46799999999999997,0,1,1
AF051180926,2,7,7,Away Team,0.5835,0.461,0,1,1
AF051180926,2,7,7,Away Team,0.5670000000000001,0.4595,0,1,1
AF051180926,2,7,7,Away Team,0.5346,0.4275,0,1,1
AF051180926,2,7,7,Away Team,0.5151,0.408,0,1,1
AF051180926,2,7,7,Away Team,0.5492,0.426,0,1,1
AF051180926,2,7,7,Away Team,0.4757,0.36950000000000005,0,1,1
AF051180926,2,7,13,Away Team,0.4757,0.3265,0,1,1
AF051180926,2,7,14,Away Team,0.4278,0.3275,0,1,1
AF051180926,2,7,14,Home Team,0.4107,0.3245,0,1,1
AF051180926,2,7,14,Home Team,0.3947,0.312,0,1,1
AF051180926,2,7,14,Away Team,0.1997,0.1585,0,1,1
AF051180926,2,7,20,Away Team,0.1997,0.1035,0,1,1
AF051180926,2,7,21,Away Team,0.154,0.0955,0,1,1
AF051180926,2,7,21,Home Team,0.16649999999999998,0.1155,0,1,1
AF051180926,2,7,21,Home Team,0.14279999999999998,0.0885,0,1,1
AF051180926,2,7,21,Home Team,0.1358,0.0935,0,1,1
AF051180926,2,7,21,Home Team,0.1358,0.051,0,1,1
AF051180926,2,7,21,Away Team,0.125,0.053,0,1,1
AF051180926,2,7,21,Away Team,0.08,0.0575,0,1,1
AF051190926,1,0,0,Home Team,0.5589,0.6475,0,1,1
AF051190926,1,0,0,Home Team,0.608,0.6635,0,1,1
AF051190926,1,0,0,Home Team,0.5871,0.653,0,1,1
AF051190926,1,0,0,Home Team,0.6111,0.6628000000000001,0,1,1
AF051190926,1,0,0,Home Team,0.6229,0.6505,0,1,1
AF051190926,1,6,0,Home Team,0.6229,0.7375,0,1,1
AF051190926,1,7,0,Home Team,0.6818000000000001,0.7525,0,1,1
AF051190926,1,7,0,Away Team,0.6788,0.7625,0,1,1
AF051190926,1,7,0,Away Team,0.68,0.7454999999999999,0,1,1
AF051190926,1,7,0,Away Team,0.7021,0.7605,0,1,1
AF051190926,1,7,0,Away Team,0.6379,0.6884999999999999,0,1,1
AF051190926,1,7,0,Away Team,0.6323,0.7025,0,1,1
AF051190926,2,7,6,Away Team,0.6323,0.644,0,1,1
AF051190926,2,7,7,Away Team,0.5747,0.6729999999999999,0,1,1
AF051190926,2,7,7,Home Team,0.55,0.634,0,1,1
AF051190926,2,7,7,Home Team,0.5579999999999999,0.6405,0,1,1
AF051190926,2,7,7,Home Team,0.4708,0.5645,0,1,1
AF051190926,2,7,7,Home Team,0.4708,0.46049999999999996,0,1,1
AF051190926,2,7,7,Away Team,0.5061,0.474,0,1,1
AF051190926,2,7,7,Away Team,0.3625,0.4355,0,1,1
AF051190926,2,7,7,Away Team,0.38189999999999996,0.39149999999999996,0,1,1
AF051190926,2,7,13,Away Team,0.38189999999999996,0.34149999999999997,0,1,1
AF051190926,2,7,14,Away Team,0.2979,0.33,0,1,1
AF051190926,2,7,14,Home Team,0.3045,0.3795,0,1,1
AF051190926,2,7,14,Home Team,0.3005,0.3505,0,1,1
AF051190926,2,7,14,Home Team,0.2707,0.32299999999999995,0,1,1
AF051190926,2,7,14,Home Team,0.2707,0.2245,0,1,1
AF051190926,2,7,14,Home Team,0.2419,0.37799999999999995,0,1,1
AF051190926,2,7,14,Home Team,0.2879,0.36700000000000005,0,1,1
AF051190926,2,7,14,Home Team,0.3173,0.35200000000000004,0,1,1
AF051190926,2,7,14,Home Team,0.3268,0.4155,0,1,1
AF051190926,2,7,14,Home Team,0.3094,0.365,0,1,1
AF051190926,2,7,14,Away Team,0.1324,0.1885,0,1,1
AF051190926,2,7,14,Away Team,0.136,0.192,0,1,1
AF051190926,2,7,14,Away Team,0.12380000000000001,0.162,0,1,1
AF051190926,2,7,14,Away Team,0.1176,0.1635,0,1,1
AF051190926,2,7,14,Away Team,0.0904,0.142,0,1,1
AF051190926,2,7,14,Away Team,0.09140000000000001,0.13949999999999999,0,1,1
AF051190926,2,7,14,Away Team,0.1131,0.1315,0,1,1
AF051190926,2,7,14,Away Team,0.1131,0.1405,0,1,1
AF051200926,1,0,0,Home Team,0.4458,0.341,0,1,1
AF051200926,1,6,0,Home Team,0.4458,0.4515,0,1,1
AF051200926,1,7,0,Home Team,0.5632,0.47100000000000003,0,1,1
AF051200926,1,7,0,Away Team,0.5916,0.442,0,1,1
AF051200926,1,7,0,Away Team,0.5806,0.4435,0,1,1
AF051200926,1,7,0,Away Team,0.56,0.434,0,1,1
AF051200926,1,7,0,Away Team,0.5332,0.4105,0,1,1
AF051200926,1,7,0,Away Team,0.5533,0.445,0,1,1
AF051200926,1,7,0,Away Team,0.5537,0.441,0,1,1
AF051200926,1,7,6,Away Team,0.5537,0.3665,0,1,1
AF051200926,1,7,7,Away Team,0.44689999999999996,0.35,0,1,1
AF051200926,1,7,7,Home Team,0.46380000000000005,0.3505,0,1,1
AF051200926,1,7,7,Home Team,0.4404,0.3455,0,1,1
AF051200926,1,7,7,Away Team,0.2661,0.19699999999999998,0,1,1
AF051200926,1,7,7,Away Team,0.2661,0.166,0,1,1
AF051200926,1,7,7,Away Team,0.2661,0.1675,0,1,1
AF051200926,1,7,7,Away Team,0.2661,0.20199999999999999,0,1,1
AF051200926,2,7,13,Away Team,0.2661,0.1805,0,1,1
AF051200926,2,7,14,Away Team,0.20989999999999998,0.16649999999999998,0,1,1
AF051200926,2,7,14,Home Team,0.20879999999999999,0.16399999999999998,0,1,1
AF051200926,2,7,14,Home Team,0.2116,0.158,0,1,1
AF051200926,2,7,14,Home Team,0.2523,0.2045,0,1,1
AF051200926,2,13,14,Home Team,0.2523,0.2165,0,1,1
AF051200926,2,14,14,Home Team,0.2937,0.22,0,1,1
AF051200926,2,14,14,Away Team,0.294,0.218,0,1,1
AF051200926,2,14,14,Away Team,0.2594,0.188,0,1,1
AF051200926,2,14,14,Away Team,0.2778,0.212,0,1,1
AF051200926,2,14,14,Away Team,0.248,0.1815,0,1,1
AF051200926,2,14,14,Away Team,0.23850000000000002,0.21,0,1,1
AF051200926,2,14,14,Away Team,0.2792,0.23850000000000002,0,1,1
AF051200926,2,14,20,Away Team,0.2792,0.146,0,1,1
AF051200926,2,14,21,Away Team,0.1962,0.1405,0,1,1
AF051200926,2,14,21,Home Team,0.1892,0.142,0,1,1
AF051200926,2,14,21,Home Team,0.19949999999999998,0.1335,0,1,1
AF051200926,2,14,21,Away Team,0.08,0.045,0,1,1
AF051200926,2,14,21,Away Team,0.08,0.04650000000000001,0,1,1
AF051200926,2,14,21,Away Team,0.08,0.037000000000000005,0,1,1
AF051200926,2,14,21,Away Team,0.08,0.0395,0,1,1
AF051200926,2,14,21,Away Team,0.08,0.0315,0,1,1
AF051200926,2,14,21,Away Team,0.08,0.033,0,1,1
AF051200926,2,14,24,Away Team,0.08,0.044000000000000004,0,1,1
AF051200926,2,14,24,Home Team,0.08,0.055,0,1,1
AF051200926,2,14,24,Home Team,0.08,0.0575,0,1,1
AF051200926,2,14,24,Home Team,0.09,0.066,0,1,1
AF051210926,1,0,0,Home Team,0.4006,0.249,1,1,1
AF051210926,1,0,0,Home Team,0.40490000000000004,0.22949999999999998,1,1,1
AF051210926,1,0,0,Home Team,0.39740000000000003,0.24100000000000002,1,1,1
AF051210926,1,0,0,Home Team,0.38520000000000004,0.255,1,1,1
AF051210926,1,0,0,Home Team,0.41509999999999997,0.271,1,1,1
AF051210926,1,0,0,Home Team,0.40130000000000005,0.2635,1,1,1
AF051210926,1,0,0,Home Team,0.3651,0.2325,1,1,1
AF051210926,1,0,0,Home Team,0.3651,0.215,1,1,1
AF051210926,1,3,0,Home Team,0.3283,0.23800000000000002,1,1,1
AF051210926,1,3,0,Away Team,0.3624,0.24100000000000002,1,1,1
AF051210926,1,3,0,Away Team,0.3944,0.27949999999999997,1,1,1
AF051210926,1,3,0,Away Team,0.4522,0.3385,1,1,1
AF051210926,1,9,0,Home Team,0.4522,0.47850000000000004,1,1,1
AF051210926,1,10,0,Home Team,0.653,0.47200000000000003,1,1,1
AF051210926,2,10,0,Away Team,0.6399,0.47450000000000003,1,1,1
AF051210926,2,10,0,Away Team,0.6065999999999999,0.4515,1,1,1
AF051210926,2,10,0,Away Team,0.6114999999999999,0.4855,1,1,1
AF051210926,2,10,0,Away Team,0.5649000000000001,0.4545,1,1,1
AF051210926,2,10,0,Home Team,0.7545000000000001,0.629,1,1,1
AF051210926,2,10,0,Home Team,0.7706000000000001,0.644,1,1,1
AF051210926,2,10,0,Home Team,0.8081,0.674,1,1,1
AF051210926,2,10,0,Home Team,0.7917000000000001,0.6635,1,1,1
AF051210926,2,10,0,Home Team,0.8262,0.6809999999999999,1,1,1
AF051210926,2,10,0,Home Team,0.8473,0.7625,1,1,1
AF051210926,2,10,0,Home Team,0.8543999999999999,0.7505,1,1,1
AF051210926,2,10,0,Home Team,0.8813,0.797,1,1,1
AF051210926,2,10,6,Away Team,0.8813,0.433,1,1,1
AF051210926,2,10,7,Away Team,0.5409,0.4115,1,1,1
AF051210926,2,10,7,Home Team,0.542,0.41350000000000003,1,1,1
AF051210926,2,10,7,Home Team,0.5454,0.418,1,1,1
AF051210926,2,10,7,Home Team,0.5454,0.4035,1,1,1
AF051210926,2,10,7,Home Team,0.5685,0.48200000000000004,1,1,1
AF051220926,1,0,0,Home Team,0.622,0.595,0,1,1
AF051220926,1,0,0,Home Team,0.6125,0.5895,0,1,1
AF051220926,1,0,0,Home Team,0.6648999999999999,0.6315,0,1,1
AF051220926,1,0,0,Home Team,0.6589,0.636,0,1,1
AF051220926,1,0,0,Home Team,0.6518,0.621,0,1,1
AF051220926,1,0,0,Home Team,0.6518,0.585,0,1,1
AF051220926,1,3,0,Home Team,0.5981000000000001,0.5525,0,1,1
AF051220926,1,3,0,Away Team,0.5589999999999999,0.5465,0,1,1
AF051220926,1,3,6,Away Team,0.5589999999999999,0.41200000000000003,0,1,1
AF051220926,1,3,7,Away Team,0.4336,0.41850000000000004,0,1,1
AF051220926,1,3,7,Home Team,0.4261,0.414,0,1,1
AF051220926,1,3,7,Home Team,0.43450000000000005,0.405,0,1,1
AF051220926,1,3,7,Home Team,0.45049999999999996,0.43700000000000006,0,1,1
AF051220926,1,3,7,Home Team,0.4421,0.4415,0,1,1
AF051220926,2,3,7,Home Team,0.40700000000000003,0.426,0,1,1
AF051220926,2,3,7,Home Team,0.40700000000000003,0.337,0,1,1
AF051220926,2,3,7,Away Team,0.376,0.295,0,1,1
AF051220926,2,3,7,Away Team,0.28600000000000003,0.263,0,1,1
AF051220926,2,3,7,Away Team,0.2704,0.23800000000000002,0,1,1
AF051220926,2,3,7,Away Team,0.21960000000000002,0.195,0,1,1
AF051220926,2,3,7,Away Team,0.21539999999999998,0.1905,0,1,1
AF051220926,2,3,7,Away Team,0.2397,0.2495,0,1,1
AF051220926,2,3,7,Away Team,0.18780000000000002,0.18,0,1,1
AF051220926,2,3,7,Away Team,0.17559999999999998,0.1525,0,1,1
AF051220926,2,3,7,Away Team,0.1856,0.201,0,1,1
AF051220926,2,3,13,Away Team,0.1856,0.111,0,1,1
AF051220926,2,3,14,Away Team,0.1352,0.11349999999999999,0,1,1
AF051220926,2,3,14,Home Team,0.1253,0.1195,0,1,1
AF051220926,2,3,14,Home Team,0.1107,0.1065,0,1,1
AF051220926,2,3,14,Home Team,0.12390000000000001,0.113,0,1,1
AF051220926,2,3,14,Home Team,0.0986,0.10550000000000001,0,1,1
AF051220926,2,3,14,Away Team,0.08,0.061,0,1,1
AF051220926,2,3,14,Away Team,0.08,0.066,0,1,1
AF052170926,1,0,0,Away Team,0.4424,0.3775,0,1,1
AF052170926,1,0,0,Away Team,0.4586,0.38,0,1,1
AF052170926,1,0,0,Away Team,0.4437,0.3605,0,1,1
AF052170926,1,0,0,Away Team,0.43920000000000003,0.37,0,1,1
AF052170926,1,0,0,Away Team,0.4265,0.35200000000000004,0,1,1
AF052170926,1,0,0,Away Team,0.42479999999999996,0.3845,0,1,1
AF052170926,1,0,6,Away Team,0.42479999999999996,0.252,0,1,1
AF052170926,1,0,7,Away Team,0.3099,0.262,0,1,1
AF052170926,1,0,7,Home Team,0.3236,0.2565,0,1,1
AF052170926,1,0,7,Home Team,0.3471,0.27,0,1,1
AF052170926,1,0,7,Home Team,0.3262,0.2575,0,1,1
AF052170926,2,0,7,Home Team,0.2754,0.23149999999999998,0,1,1
AF052170926,2,0,7,Home Team,0.2754,0.179,0,1,1
AF052170926,2,0,7,Away Team,0.1936,0.1375,0,1,1
AF052170926,2,0,13,Away Team,0.1936,0.1025,0,1,1
AF052170926,2,0,14,Away Team,0.1255,0.09449999999999999,0,1,1
AF052170926,2,0,14,Home Team,0.127,0.099,0,1,1
AF052170926,2,0,14,Home Team,0.12689999999999999,0.0965,0,1,1
AF052170926,2,0,14,Home Team,0.1039,0.0815,0,1,1
AF052170926,2,0,14,Away Team,0.08,0.0355,0,1,1
AF052170926,2,0,14,Away Team,0.08,0.0415,0,1,1
AF052170926,2,0,14,Away Team,0.08,0.0405,0,1,1
AF052170926,2,0,14,Away Team,0.08,0.051,0,1,1
AF052170926,2,0,17,Away Team,0.08,0.035,0,1,1
AF052170926,2,0,17,Home Team,0.08,0.043,0,1,1
AF052170926,2,0,17,Home Team,0.08,0.0315,0,1,1
AF052170926,2,0,17,Home Team,0.08,0.048,0,1,1
AF052170926,2,0,17,Home Team,0.08310000000000001,0.0535,0,1,1
AF052170926,2,0,17,Home Team,0.0803,0.0555,0,1,1
AF052170926,2,0,17,Home Team,0.0814,0.055,0,1,1
AF052170926,2,0,17,Home Team,0.0814,0.0305,0,1,1
AF052180926,1,0,0,Home Team,0.5793,0.5785,0,1,1
AF052180926,1,0,0,Home Team,0.536,0.5315,0,1,1
AF052180926,1,0,0,Home Team,0.6071,0.6025,0,1,1
AF052180926,1,0,0,Home Team,0.6157,0.609,0,1,1
AF052180926,1,0,0,Home Team,0.5826,0.5945,0,1,1
AF052180926,1,0,0,Home Team,0.6244,0.6409999999999999,0,1,1
AF052180926,1,0,0,Home Team,0.6244,0.6475,0,1,1
AF052180926,1,0,0,Home Team,0.6244,0.6025,0,1,1
AF052180926,1,0,0,Home Team,0.6244,0.52,0,1,1
AF052180926,2,6,0,Home Team,0.5102,0.6435,0,1,1
AF052180926,2,7,0,Home Team,0.5102,0.6595,0,1,1
AF052180926,2,7,0,Away Team,0.6788,0.6505,0,1,1
AF052180926,2,7,0,Away Team,0.6817,0.6665000000000001,0,1,1
AF052180926,2,7,0,Away Team,0.6562,0.6509999999999999,0,1,1
AF052180926,2,7,0,Away Team,0.6597,0.6525,0,1,1
AF052180926,2,7,0,Away Team,0.6595,0.66,0,1,1
AF052180926,2,7,0,Away Team,0.6595,0.7290000000000001,0,1,1
AF052180926,2,7,0,Home Team,0.8294,0.8345,0,1,1
AF052180926,2,7,0,Home Team,0.8418000000000001,0.8595,0,1,1
AF052180926,2,13,0,Home Team,0.8418000000000001,0.8855,0,1,1
AF052180926,2,14,0,Home Team,0.8837,0.8985,0,1,1
AF052180926,2,14,0,Away Team,0.8941,0.8905,0,1,1
AF052180926,2,14,0,Away Team,0.9073,0.922,0,1,1
AF052180926,2,14,0,Away Team,0.8931,0.897,0,1,1
AF052180926,2,14,0,Away Team,0.9035,0.898,0,1,1
AF052180926,2,14,0,Away Team,0.882,0.8965000000000001,0,1,1
AF052180926,2,14,0,Away Team,0.8941,0.902,0,1,1
AF052180926,2,14,0,Away Team,0.8690000000000001,0.8784000000000001,0,1,1
AF052180926,2,14,3,Away Team,0.8690000000000001,0.9125,0,1,1
AF052180926,2,14,3,Home Team,0.9181999999999999,0.9095,0,1,1
AF052180926,2,14,3,Home Team,0.9078,0.9065000000000001,0,1,1
AF052200926,1,0,0,Away Team,0.4817,0.5285,1,1,1
AF052200926,1,0,0,Away Team,0.512,0.5335,1,1,1
AF052200926,1,0,0,Away Team,0.47490000000000004,0.514,1,1,1
AF052200926,1,0,0,Away Team,0.4864,0.518,1,1,1
AF052200926,1,0,0,Away Team,0.5018,0.525,1,1,1
AF052200926,1,0,0,Away Team,0.4435,0.46950000000000003,1,1,1
AF052200926,1,0,0,Away Team,0.46659999999999996,0.4885,1,1,1
AF052200926,1,0,0,Away Team,0.4849,0.522,1,1,1
AF052200926,1,0,0,Away Team,0.42460000000000003,0.44,1,1,1
AF052200926,2,0,0,Away Team,0.4296,0.423,1,1,1
AF052200926,2,0,0,Away Team,0.43979999999999997,0.4732,1,1,1
AF052200926,2,0,0,Home Team,0.6960999999999999,0.722,1,1,1
AF052200926,2,0,0,Home Team,0.6864,0.6990000000000001,1,1,1
AF052200926,2,0,0,Home Team,0.6670999999999999,0.6665000000000001,1,1,1
AF052200926,2,0,0,Home Team,0.7262000000000001,0.722,1,1,1
AF052200926,2,0,0,Home Team,0.7262000000000001,0.7265,1,1,1
AF052200926,2,0,0,Home Team,0.7262000000000001,0.7184999999999999,1,1,1
AF052200926,2,6,0,Home Team,0.7262000000000001,0.794,1,1,1
AF052200926,2,7,0,Home Team,0.7675,0.787,1,1,1
AF052200926,2,7,0,Away Team,0.7807999999999999,0.8,1,1,1
AF052200926,2,7,0,Away Team,0.7725,0.8145,1,1,1
AF052200926,2,7,0,Home Team,0.9361,0.9225,1,1,1
AF052200926,2,7,0,Home Team,0.9381,0.9215000000000001,1,1,1
AF052200926,2,7,0,Home Team,0.9501000000000001,0.9315000000000001,1,1,1
AF052200926,2,7,0,Home Team,0.9543,0.9245,1,1,1
AF052200926,2,7,0,Home Team,0.9543,0.92,1,1,1
AF052200926,2,13,0,Home Team,0.9511,0.9754999999999999,1,1,1
AF052200926,2,14,0,Home Team,0.9808,0.9775,1,1,1
AF052200926,2,14,0,Away Team,0.9832,0.9754999999999999,1,1,1
AF052220926,1,0,0,Away Team,0.4771,0.606,0,1,1
AF052220926,1,0,0,Away Team,0.49420000000000003,0.5865,0,1,1
AF052220926,1,0,0,Away Team,0.49770000000000003,0.5720000000000001,0,1,1
AF052220926,1,0,0,Away Team,0.49369999999999997,0.5785,0,1,1
AF052220926,1,0,0,Away Team,0.4639,0.565,0,1,1
AF052220926,1,0,0,Away Team,0.4639,0.441,0,1,1
AF052220926,1,0,6,Away Team,0.4639,0.396,0,1,1
AF052220926,1,0,7,Away Team,0.3669,0.4065,0,1,1
AF052220926,1,0,7,Home Team,0.33909999999999996,0.418,0,1,1
AF052220926,1,0,7,Home Team,0.3175,0.3995,0,1,1
AF052220926,1,0,7,Home Team,0.3407,0.3875,0,1,1
AF052220926,1,0,7,Home Team,0.37479999999999997,0.44299999999999995,0,1,1
AF052220926,2,0,7,Home Team,0.3514,0.41100000000000003,0,1,1
AF052220926,2,0,7,Home Team,0.32899999999999996,0.4,0,1,1
AF052220926,2,0,7,Home Team,0.40340000000000004,0.457,0,1,1
AF052220926,2,0,7,Home Team,0.4103,0.4635,0,1,1
AF052220926,2,0,7,Home Team,0.4103,0.4385,0,1,1
AF052220926,2,0,7,Home Team,0.4103,0.509,0,1,1
AF052220926,2,0,7,Home Team,0.4354,0.46399999999999997,0,1,1
AF052220926,2,0,7,Home Team,0.41350000000000003,0.4495,0,1,1
AF052220926,2,0,7,Home Team,0.41350000000000003,0.36450000000000005,0,1,1
AF052220926,2,0,7,Away Team,0.2051,0.2595,0,1,1
AF052220926,2,0,7,Away Team,0.1319,0.177,0,1,1
AF052220926,2,0,7,Away Team,0.1266,0.1725,0,1,1
AF052220926,2,0,7,Away Team,0.1344,0.17300000000000001,0,1,1
AF052220926,2,0,7,Away Team,0.1344,0.1861,0,1,1
AF052220926,2,0,10,Away Team,0.15130000000000002,0.184,0,1,1
AF052220926,2,0,10,Home Team,0.13470000000000001,0.1655,0,1,1
AF052220926,2,0,10,Home Team,0.133,0.17550000000000002,0,1,1
AF052220926,2,0,10,Home Team,0.11349999999999999,0.1465,0,1,1
AF053170926,1,0,0,Away Team,0.5390999999999999,0.446,1,1,1
AF053170926,1,0,0,Away Team,0.5390999999999999,0.419,1,1,1
AF053170926,1,0,6,Away Team,0.5390999999999999,0.35950000000000004,1,1,1
AF053170926,1,0,7,Away Team,0.4696,0.3635,1,1,1
AF053170926,1,0,7,Home Team,0.49200000000000005,0.376,1,1,1
AF053170926,1,0,7,Home Team,0.4802,0.358,1,1,1
AF053170926,1,0,7,Home Team,0.4954,0.39,1,1,1
AF053170926,1,0,7,Home Team,0.46630000000000005,0.379,1,1,1
AF053170926,1,0,7,Home Team,0.5075,0.39,1,1,1
AF053170926,1,0,7,Home Team,0.5019,0.3945,1,1,1
AF053170926,1,0,7,Home Team,0.4782,0.37799999999999995,1,1,1
AF053170926,2,0,7,Away Team,0.2793,0.20850000000000002,1,1,1
AF053170926,2,0,7,Away Team,0.2682,0.1905,1,1,1
AF053170926,2,0,7,Away Team,0.2577,0.204,1,1,1
AF053170926,2,0,7,Away Team,0.26489999999999997,0.2,1,1,1
AF053170926,2,0,7,Away Team,0.26489999999999997,0.20600000000000002,1,1,1
AF053170926,2,0,10,Away Team,0.2735,0.2375,1,1,1
AF053170926,2,0,10,Home Team,0.3368,0.24600000000000002,1,1,1
AF053170926,2,0,10,Home Team,0.3447,0.256,1,1,1
AF053170926,2,0,10,Home Team,0.3447,0.309,1,1,1
AF053170926,2,0,10,Home Team,0.3933,0.305,1,1,1
AF053170926,2,0,10,Home Team,0.40149999999999997,0.289,1,1,1
AF053170926,2,0,10,Home Team,0.40149999999999997,0.23199999999999998,1,1,1
AF053170926,2,3,10,Home Team,0.34600000000000003,0.21050000000000002,1,1,1
AF053170926,2,3,10,Away Team,0.2553,0.20149999999999998,1,1,1
AF053170926,2,3,10,Away Team,0.2706,0.222,1,1,1
AF053170926,2,3,10,Away Team,0.1822,0.225,1,1,1
AF053180926,1,0,0,Away Team,0.6134000000000001,0.5145000000000001,1,1,1
AF053180926,1,0,0,Away Team,0.6307,0.5115,1,1,1
AF053180926,1,0,0,Away Team,0.5816,0.45649999999999996,1,1,1
AF053180926,1,0,0,Away Team,0.5868,0.46649999999999997,1,1,1
AF053180926,1,0,0,Away Team,0.5748,0.4595,1,1,1
AF053180926,1,0,0,Away Team,0.5748,0.51,1,1,1
AF053180926,1,0,3,Away Team,0.6389,0.48200000000000004,1,1,1
AF053180926,1,0,3,Home Team,0.6587999999999999,0.47950000000000004,1,1,1
AF053180926,1,0,3,Home Team,0.6448999999999999,0.483,1,1,1
AF053180926,1,0,3,Home Team,0.6362,0.485,1,1,1
AF053180926,1,0,3,Home Team,0.6614,0.5125,1,1,1
AF053180926,2,0,3,Home Team,0.6533,0.5125,1,1,1
AF053180926,2,0,3,Home Team,0.6643000000000001,0.511,1,1,1
AF053180926,2,6,3,Home Team,0.6643000000000001,0.614,1,1,1
AF053180926,2,7,3,Home Team,0.7312000000000001,0.619,1,1,1
AF053180926,2,7,3,Away Team,0.7291,0.6355,1,1,1
AF053180926,2,7,3,Away Team,0.7348,0.6154999999999999,1,1,1
AF053180926,2,7,3,Away Team,0.7359,0.6255,1,1,1
AF053180926,2,7,3,Away Team,0.7015,0.6013000000000001,1,1,1
AF053180926,2,7,3,Away Team,0.6990000000000001,0.593,1,1,1
AF053180926,2,7,3,Away Team,0.6794,0.5875,1,1,1
AF053180926,2,7,3,Away Team,0.6757,0.547,1,1,1
AF053180926,2,7,3,Away Team,0.6862,0.589,1,1,1
AF053180926,2,7,3,Away Team,0.7479,0.6605,1,1,1
AF053180926,2,7,3,Home Team,0.8859,0.8005,1,1,1
AF053180926,2,7,3,Home Team,0.8859,0.8725,1,1,1
AF053180926,2,7,3,Home Team,0.9095,0.846,1,1,1
AF053180926,2,7,3,Home Team,0.9398000000000001,0.8875,1,1,1
AF053180926,2,7,3,Home Team,0.9396,0.8905,1,1,1
AF053180926,2,7,3,Home Team,0.9327,0.884,1,1,1
AF053180926,2,7,3,Home Team,0.9323,0.8985,1,1,1
AF053180926,2,7,3,Home Team,0.9323,0.8665,1,1,1
AF053180926,2,10,3,Home Team,0.9152,0.8725,1,1,1
AF053180926,2,10,3,Away Team,0.907,0.8584999999999999,1,1,1
AF053180926,2,10,3,Home Team,0.9284,0.8759999999999999,1,1,1
AF053190926,1,0,0,Home Team,0.5482,0.5985,0,1,1
AF053190926,1,0,0,Home Team,0.5844,0.6509999999999999,0,1,1
AF053190926,1,0,0,Home Team,0.5761999999999999,0.6355,0,1,1
AF053190926,1,0,0,Home Team,0.5958,0.6305,0,1,1
AF053190926,1,0,0,Home Team,0.5958,0.606,0,1,1
AF053190926,1,3,0,Home Team,0.5677,0.5725,0,1,1
AF053190926,1,3,0,Away Team,0.5006,0.575,0,1,1
AF053190926,1,3,0,Away Team,0.5585,0.614,0,1,1
AF053190926,1,3,6,Away Team,0.5585,0.4425,0,1,1
AF053190926,1,3,7,Away Team,0.3809,0.43200000000000005,0,1,1
AF053190926,1,3,7,Home Team,0.3734,0.457,0,1,1
AF053190926,1,3,7,Home Team,0.3607,0.41600000000000004,0,1,1
AF053190926,1,3,7,Away Team,0.21600000000000003,0.272,0,1,1
AF053190926,1,3,7,Away Team,0.2082,0.2695,0,1,1
AF053190926,2,3,7,Away Team,0.2394,0.282,0,1,1
AF053190926,2,3,7,Away Team,0.17920000000000003,0.2305,0,1,1
AF053190926,2,3,7,Away Team,0.177,0.2195,0,1,1
AF053190926,2,3,13,Away Team,0.177,0.17550000000000002,0,1,1
AF053190926,2,3,14,Away Team,0.1325,0.17350000000000002,0,1,1
AF053190926,2,3,14,Home Team,0.11869999999999999,0.1656,0,1,1
AF053190926,2,3,14,Home Team,0.1151,0.15560000000000002,0,1,1
AF053190926,2,3,14,Home Team,0.1413,0.2025,0,1,1
AF053190926,2,3,14,Home Team,0.1527,0.20199999999999999,0,1,1
AF053190926,2,3,14,Home Team,0.16390000000000002,0.19399999999999998,0,1,1
AF053190926,2,3,14,Home Team,0.139,0.1805,0,1,1
AF053190926,2,3,14,Home Team,0.1638,0.195,0,1,1
AF053190926,2,3,14,Home Team,0.147,0.1716,0,1,1
AF053190926,2,3,14,Home Team,0.1451,0.1725,0,1,1
AF053190926,2,3,14,Home Team,0.1451,0.1456,0,1,1
AF053190926,2,6,14,Home Team,0.10830000000000001,0.1525,0,1,1
AF053190926,2,6,14,Away Team,0.0916,0.1425,0,1,1
AF053190926,2,6,14,Home Team,0.09820000000000001,0.1186,0,1,1
AF053200926,1,0,0,Away Team,0.535,0.652,1,1,1
AF053200926,1,0,0,Away Team,0.5251,0.625,1,1,1
AF053200926,1,0,0,Away Team,0.5212,0.629,1,1,1
AF053200926,1,0,0,Away Team,0.4986,0.626,1,1,1
AF053200926,1,0,0,Away Team,0.48,0.604,1,1,1
AF053200926,1,0,0,Away Team,0.4719,0.601,1,1,1
AF053200926,1,0,0,Away Team,0.4796,0.5805,1,1,1
AF053200926,1,0,0,Away Team,0.489,0.599,1,1,1
AF053200926,2,0,0,Away Team,0.4339,0.5375,1,1,1
AF053200926,2,0,0,Away Team,0.4807,0.5660000000000001,1,1,1
AF053200926,2,0,0,Home Team,0.6777,0.7234999999999999,1,1,1
AF053200926,2,0,0,Home Team,0.7081999999999999,0.7454999999999999,1,1,1
AF053200926,2,0,0,Home Team,0.7212000000000001,0.759,1,1,1
AF053200926,2,0,0,Home Team,0.6687000000000001,0.703,1,1,1
AF053200926,2,0,0,Away Team,0.4421,0.536,1,1,1
AF053200926,2,0,0,Away Team,0.4597,0.4985,1,1,1
AF053200926,2,0,0,Away Team,0.4671,0.509,1,1,1
AF053200926,2,0,6,Away Team,0.4671,0.4515,1,1,1
AF053200926,2,0,7,Away Team,0.3874,0.4545,1,1,1
AF053200926,2,0,7,Home Team,0.3912,0.4495,1,1,1
AF053200926,2,0,7,Home Team,0.4432,0.484,1,1,1
AF053200926,2,0,7,Home Team,0.4484,0.5205,1,1,1
AF053200926,2,0,7,Home Team,0.4372,0.48100000000000004,1,1,1
AF053200926,2,0,7,Home Team,0.4241,0.485,1,1,1
AF053200926,2,0,7,Home Team,0.4241,0.37,1,1,1
AF053210926,1,0,0,Away Team,0.429,0.3785,1,1,1
AF053210926,1,0,0,Away Team,0.4167,0.379,1,1,1
AF053210926,1,0,0,Away Team,0.40549999999999997,0.3615,1,1,1
AF053210926,1,0,0,Home Team,0.6068,0.541,1,1,1
AF053210926,1,0,0,Home Team,0.589,0.5395,1,1,1
AF053210926,1,0,0,Home Team,0.5995,0.521,1,1,1
AF053210926,1,0,0,Home Team,0.6253,0.545,1,1,1
AF053210926,1,0,0,Home Team,0.6124,0.545,1,1,1
AF053210926,1,0,0,Home Team,0.6277,0.5415,1,1,1
AF053210926,1,0,0,Home Team,0.649,0.564,1,1,1
AF053210926,1,0,0,Home Team,0.6514,0.5660000000000001,1,1,1
AF053210926,1,0,0,Home Team,0.6394,0.5655,1,1,1
AF053210926,2,0,0,Home Team,0.5965,0.5295000000000001,1,1,1
AF053210926,2,0,0,Away Team,0.4424,0.39049999999999996,1,1,1
AF053210926,2,0,0,Home Team,0.6539,0.5755,1,1,1
AF053210926,2,0,0,Home Team,0.6454000000000001,0.5798,1,1,1
AF053210926,2,6,0,Home Team,0.6454000000000001,0.664,1,1,1
AF053210926,2,7,0,Home Team,0.7284999999999999,0.6665000000000001,1,1,1
AF053210926,2,7,0,Away Team,0.7379000000000001,0.6615000000000001,1,1,1
AF053210926,2,7,0,Away Team,0.7240000000000001,0.6573,1,1,1
AF053210926,2,7,0,Away Team,0.7422,0.685,1,1,1
AF053210926,2,7,0,Away Team,0.7014,0.6485,1,1,1
AF053210926,2,7,0,Away Team,0.7304,0.688,1,1,1
AF053210926,2,7,0,Away Team,0.7395999999999999,0.7340000000000001,1,1,1
AF053210926,2,7,0,Home Team,0.8868,0.86,1,1,1
AF053210926,2,7,0,Home Team,0.8868,0.872,1,1,1
AF053210926,2,7,0,Home Team,0.9323999999999999,0.9,1,1,1
AF053210926,2,13,0,Home Team,0.9323999999999999,0.919,1,1,1
AF053210926,2,14,0,Home Team,0.9266,0.9175,1,1,1
AF053210926,2,14,0,Away Team,0.94,0.9235,1,1,1
AF053210926,2,14,0,Away Team,0.9159,0.9009999999999999,1,1,1
AF053210926,2,14,0,Away Team,0.9178000000000001,0.89,1,1,1
AF053210926,2,14,0,Away Team,0.9043000000000001,0.887,1,1,1
AF053210926,2,14,0,Away Team,0.9303,0.885,1,1,1
AF053210926,2,14,0,Away Team,0.9259000000000001,0.888,1,1,1
AF053210926,2,14,0,Away Team,0.9259000000000001,0.9115000000000001,1,1,1
AF053210926,2,14,3,Away Team,0.9357,0.915,1,1,1
AF054170926,1,0,0,Away Team,0.4193,0.442,1,1,1
AF054170926,1,0,0,Away Team,0.40090000000000003,0.4475,1,1,1
AF054170926,1,0,0,Away Team,0.4354,0.467,1,1,1
AF054170926,1,0,0,Away Team,0.4044,0.4335,1,1,1
AF054170926,1,0,0,Away Team,0.4493,0.47350000000000003,1,1,1
AF054170926,1,0,0,Away Team,0.39,0.4132,1,1,1
AF054170926,1,0,0,Away Team,0.3605,0.4035,1,1,1
AF054170926,1,0,0,Home Team,0.5720000000000001,0.5533,1,1,1
AF054170926,1,0,0,Home Team,0.5526,0.5705,1,1,1
AF054170926,1,6,0,Home Team,0.5526,0.6965,1,1,1
AF054170926,1,7,0,Home Team,0.7089,0.7,1,1,1
AF054170926,1,7,0,Away Team,0.7132,0.7034999999999999,1,1,1
AF054170926,1,7,0,Away Team,0.6774,0.6945,1,1,1
AF054170926,1,7,0,Away Team,0.6343,0.6383,1,1,1
AF054170926,2,7,0,Away Team,0.6901999999999999,0.6679999999999999,1,1,1
AF054170926,2,7,0,Away Team,0.6851999999999999,0.6990000000000001,1,1,1
AF054170926,2,7,0,Away Team,0.6204999999999999,0.6278,1,1,1
AF054170926,2,13,0,Home Team,0.6204999999999999,0.9065000000000001,1,1,1
AF054170926,2,14,0,Home Team,0.9159,0.898,1,1,1
AF054170926,2,14,0,Away Team,0.9059999999999999,0.9085,1,1,1
AF054170926,2,14,0,Away Team,0.9092,0.9175,1,1,1
AF054170926,2,14,0,Away Team,0.8771,0.8765000000000001,1,1,1
AF054170926,2,14,6,Away Team,0.8771,0.8425,1,1,1
AF054170926,2,14,7,Away Team,0.8606,0.848,1,1,1
AF054170926,2,14,7,Home Team,0.8529000000000001,0.8590000000000001,1,1,1
AF054170926,2,14,7,Home Team,0.846,0.8275,1,1,1
AF054170926,2,14,7,Home Team,0.846,0.8490000000000001,1,1,1
AF054170926,2,14,7,Home Team,0.8478,0.8095,1,1,1
AF054170926,2,14,7,Home Team,0.8556,0.8815000000000001,1,1,1
AF054170926,2,14,7,Home Team,0.8732,0.865,1,1,1
AF054170926,2,14,7,Home Team,0.9026000000000001,0.8684999999999999,1,1,1
AF054180926,1,0,0,Away Team,0.5368999999999999,0.531,0,1,1
AF054180926,1,0,0,Away Team,0.5554,0.5465,0,1,1
AF054180926,1,0,0,Away Team,0.5484,0.5255,0,1,1
AF054180926,1,0,0,Away Team,0.5404,0.5329999999999999,0,1,1
AF054180926,1,0,0,Away Team,0.5563,0.5489999999999999,0,1,1
AF054180926,1,0,0,Away Team,0.5364,0.5228,0,1,1
AF054180926,1,0,0,Away Team,0.5121,0.4765,0,1,1
AF054180926,1,0,0,Away Team,0.523,0.473,0,1,1
AF054180926,1,0,0,Away Team,0.5046,0.484,0,1,1
AF054180926,1,0,0,Away Team,0.5136999999999999,0.4935,0,1,1
AF054180926,2,0,0,Away Team,0.496,0.449,0,1,1
AF054180926,2,0,0,Away Team,0.48100000000000004,0.461,0,1,1
AF054180926,2,0,0,Away Team,0.47979999999999995,0.4192,0,1,1
AF054180926,2,0,0,Away Team,0.4571,0.4375,0,1,1
AF054180926,2,0,0,Away Team,0.45520000000000005,0.425,0,1,1
AF054180926,2,0,0,Away Team,0.44770000000000004,0.41100000000000003,0,1,1
AF054180926,2,0,0,Away Team,0.4752,0.4365,0,1,1
AF054180926,2,0,6,Away Team,0.4752,0.359,0,1,1
AF054180926,2,0,7,Away Team,0.3775,0.3475,0,1,1
AF054180926,2,0,7,Home Team,0.3775,0.35200000000000004,0,1,1
AF054180926,2,0,7,Home Team,0.413,0.36200000000000004,0,1,1
AF054180926,2,0,7,Home Team,0.4089,0.3435,0,1,1
AF054180926,2,0,7,Away Team,0.19190000000000002,0.18899999999999997,0,1,1
AF054180926,2,0,7,Away Team,0.1685,0.1575,0,1,1
AF054180926,2,0,10,Away Team,0.1685,0.1625,0,1,1
AF054190926,1,0,0,Away Team,0.4188,0.41350000000000003,1,1,1
AF054190926,1,0,0,Away Team,0.4218,0.41350000000000003,1,1,1
AF054190926,1,0,0,Away Team,0.4069,0.41100000000000003,1,1,1
AF054190926,1,0,0,Away Team,0.42729999999999996,0.442,1,1,1
AF054190926,1,0,0,Away Team,0.342,0.376,1,1,1
AF054190926,1,0,0,Away Team,0.342,0.3325,1,1,1
AF054190926,1,0,6,Away Team,0.342,0.34,1,1,1
AF054190926,1,0,7,Away Team,0.2981,0.34950000000000003,1,1,1
AF054190926,1,0,7,Home Team,0.3096,0.33149999999999996,1,1,1
AF054190926,1,0,7,Home Team,0.2768,0.34299999999999997,1,1,1
AF054190926,1,0,7,Home Team,0.2702,0.32049999999999995,1,1,1
AF054190926,1,0,7,Home Team,0.3494,0.36700000000000005,1,1,1
AF054190926,1,6,7,Home Team,0.3494,0.424,1,1,1
AF054190926,1,7,7,Home Team,0.4288,0.4175,1,1,1
AF054190926,1,7,7,Away Team,0.4304,0.42450000000000004,1,1,1
AF054190926,1,7,7,Away Team,0.4557,0.44799999999999995,1,1,1
AF054190926,1,7,7,Away Team,0.3865,0.4,1,1,1
AF054190926,2,7,7,Away Team,0.42219999999999996,0.39649999999999996,1,1,1
AF054190926,2,7,7,Away Team,0.37479999999999997,0.4025,1,1,1
AF054190926,2,7,7,Away Team,0.3689,0.3845,1,1,1
AF054190926,2,7,13,Away Team,0.3689,0.33899999999999997,1,1,1
AF054190926,2,7,14,Away Team,0.3195,0.35,1,1,1
AF054190926,2,7,14,Home Team,0.3102,0.354,1,1,1
AF054190926,2,7,14,Home Team,0.2807,0.3185,1,1,1
AF054190926,2,7,14,Home Team,0.3028,0.3225,1,1,1
AF054190926,2,7,14,Home Team,0.33590000000000003,0.365,1,1,1
AF054190926,2,7,20,Away Team,0.33590000000000003,0.12,1,1,1
AF054190926,2,7,21,Away Team,0.11019999999999999,0.1195,1,1,1
AF054190926,2,7,21,Home Team,0.1084,0.11900000000000001,1,1,1
AF054190926,2,7,21,Home Team,0.1125,0.1175,1,1,1
AF054190926,2,7,21,Home Team,0.0882,0.106,1,1,1
AF054190926,2,7,21,Home Team,0.0882,0.0825,1,1,1
AF054190926,2,7,21,Home Team,0.08,0.135,1,1,1
AF054190926,2,7,21,Home Team,0.1278,0.14300000000000002,1,1,1
AF054190926,2,7,21,Home Team,0.1311,0.1445,1,1,1
AF054190926,2,13,21,Home Team,0.1311,0.135,1,1,1
AF054190926,2,14,21,Home Team,0.1664,0.152,1,1,1
AF054190926,2,14,21,Away Team,0.1722,0.149,1,1,1
AF054190926,2,14,21,Away Team,0.1457,0.1265,1,1,1
AF054190926,2,14,21,Away Team,0.1457,0.109,1,1,1
AF054200926,1,0,0,Away Team,0.48950000000000005,0.499,1,1,1
AF054200926,1,0,0,Away Team,0.5378000000000001,0.5429999999999999,1,1,1
AF054200926,1,0,0,Away Team,0.6115999999999999,0.5670000000000001,1,1,1
AF054200926,1,0,0,Away Team,0.6115999999999999,0.5515,1,1,1
AF054200926,1,0,0,Away Team,0.5756,0.485,1,1,1
AF054200926,1,0,0,Away Team,0.4731,0.4675,1,1,1
AF054200926,1,0,0,Away Team,0.5109,0.504,1,1,1
AF054200926,1,0,0,Away Team,0.4531,0.462,1,1,1
AF054200926,1,0,0,Away Team,0.4637,0.44549999999999995,1,1,1
AF054200926,1,0,0,Away Team,0.4779,0.455,1,1,1
AF054200926,1,0,0,Away Team,0.4779,0.4825,1,1,1
AF054200926,1,0,0,Away Team,0.5259,0.392,1,1,1
AF054200926,2,0,0,Away Team,0.42460000000000003,0.4035,1,1,1
AF054200926,2,0,0,Away Team,0.42460000000000003,0.4052,1,1,1
AF054200926,2,0,6,Away Team,0.42460000000000003,0.344,1,1,1
AF054200926,2,0,7,Away Team,0.3753,0.32549999999999996,1,1,1
AF054200926,2,0,7,Home Team,0.3556,0.341,1,1,1
AF054200926,2,0,7,Home Team,0.39630000000000004,0.365,1,1,1
AF054200926,2,0,7,Home Team,0.3836,0.363,1,1,1
AF054200926,2,0,7,Home Team,0.42469999999999997,0.3735,1,1,1
AF054200926,2,0,7,Home Team,0.39130000000000004,0.3432,1,1,1
AF054200926,2,0,7,Home Team,0.4169,0.33899999999999997,1,1,1
AF054200926,2,0,7,Home Team,0.4534,0.40299999999999997,1,1,1
AF054200926,2,0,7,Home Team,0.4622,0.38299999999999995,1,1,1
AF054200926,2,0,7,Home Team,0.4437,0.365,1,1,1
AF054200926,2,0,7,Home Team,0.4437,0.34600000000000003,1,1,1
AF054200926,2,0,7,Home Team,0.4014,0.401,1,1,1
AF054200926,2,6,7,Home Team,0.48560000000000003,0.5065,1,1,1
AF054200926,2,7,7,Home Team,0.5852,0.521,1,1,1
AF054200926,2,7,7,Away Team,0.5837,0.5035000000000001,1,1,1
AF054200926,2,7,7,Away Team,0.604,0.5245000000000001,1,1,1
AF054200926,2,7,7,Away Team,0.6119,0.545,1,1,1
AF054220926,1,0,0,Away Team,0.4667,0.575,0,1,1
AF054220926,1,0,0,Away Team,0.4508,0.536,0,1,1
AF054220926,1,0,0,Away Team,0.45289999999999997,0.53,0,1,1
AF054220926,1,0,0,Away Team,0.413,0.4727,0,1,1
AF054220926,1,0,0,Away Team,0.4122,0.4637,0,1,1
AF054220926,1,0,0,Away Team,0.4029,0.4685,0,1,1
AF054220926,1,0,0,Away Team,0.4368,0.5125,0,1,1
AF054220926,1,0,6,Away Team,0.4368,0.3975,0,1,1
AF054220926,1,0,7,Away Team,0.3343,0.395,0,1,1
AF054220926,1,0,7,Home Team,0.35969999999999996,0.387,0,1,1
AF054220926,1,0,7,Home Team,0.3134,0.34950000000000003,0,1,1
AF054220926,2,0,7,Home Team,0.2682,0.32299999999999995,0,1,1
AF054220926,2,0,7,Home Team,0.3583,0.37200000000000005,0,1,1
AF054220926,2,6,7,Home Team,0.3583,0.5175,0,1,1
AF054220926,2,7,7,Home Team,0.4464,0.516,0,1,1
AF054220926,2,7,7,Away Team,0.4636,0.516,0,1,1
AF054220926,2,7,7,Away Team,0.4578,0.488,0,1,1
AF054220926,2,7,7,Away Team,0.4473,0.4705,0,1,1
AF054220926,2,7,7,Away Team,0.4546,0.49450000000000005,0,1,1
AF054220926,2,7,7,Away Team,0.4843,0.4877,0,1,1
AF054220926,2,7,7,Away Team,0.4843,0.5720000000000001,0,1,1
AF054220926,2,7,7,Home Team,0.7265,0.6825,0,1,1
AF054220926,2,7,7,Home Team,0.6736,0.667,0,1,1
AF054220926,2,7,7,Home Team,0.6406999999999999,0.6405,0,1,1
AF054220926,2,7,7,Home Team,0.6406999999999999,0.5705,0,1,1
AF054220926,2,7,7,Away Team,0.6492,0.569,0,1,1
AF054220926,2,7,7,Away Team,0.4572,0.512,0,1,1
AF054220926,2,7,7,Away Team,0.442,0.479,0,1,1
AF054220926,2,7,7,Away Team,0.42979999999999996,0.47200000000000003,0,1,1
AF054220926,2,7,7,Away Team,0.33390000000000003,0.3865,0,1,1
AF054220926,2,7,13,Away Team,0.33390000000000003,0.2575,0,1,1
AF054220926,2,7,14,Away Team,0.2386,0.262,0,1,1
AF054220926,2,7,14,Home Team,0.21530000000000002,0.248,0,1,1
AF054220926,2,7,14,Home Team,0.23199999999999998,0.242,0,1,1
AF055170926,1,0,0,Away Team,0.35,0.35350000000000004,0,1,1
AF055170926,1,0,0,Away Team,0.35409999999999997,0.35950000000000004,0,1,1
AF055170926,1,0,0,Away Team,0.37229999999999996,0.36200000000000004,0,1,1
AF055170926,1,0,0,Away Team,0.34090000000000004,0.331,0,1,1
AF055170926,1,0,0,Away Team,0.3578,0.35350000000000004,0,1,1
AF055170926,1,0,0,Away Team,0.37420000000000003,0.3525,0,1,1
AF055170926,1,0,0,Away Team,0.3386,0.317,0,1,1
AF055170926,1,0,0,Away Team,0.3293,0.3045,0,1,1
AF055170926,1,0,0,Away Team,0.3357,0.3105,0,1,1
AF055170926,1,0,6,Away Team,0.3357,0.22149999999999997,0,1,1
AF055170926,1,0,7,Away Team,0.2865,0.235,0,1,1
AF055170926,1,0,7,Home Team,0.2922,0.2325,0,1,1
AF055170926,2,0,7,Home Team,0.2922,0.3245,0,1,1
AF055170926,2,6,7,Home Team,0.2922,0.32899999999999996,0,1,1
AF055170926,2,7,7,Home Team,0.3801,0.33899999999999997,0,1,1
AF055170926,2,7,7,Away Team,0.3725,0.3075,0,1,1
AF055170926,2,7,7,Away Team,0.37770000000000004,0.3145,0,1,1
AF055170926,2,7,7,Away Team,0.3864,0.3465,0,1,1
AF055170926,2,7,7,Away Team,0.3642,0.3265,0,1,1
AF055170926,2,7,7,Away Team,0.3837,0.374,0,1,1
AF055170926,2,7,7,Away Team,0.425,0.379,0,1,1
AF055170926,2,7,7,Away Team,0.425,0.3975,0,1,1
AF055170926,2,7,7,Away Team,0.4103,0.2955,0,1,1
AF055170926,2,7,7,Away Team,0.3651,0.303,0,1,1
AF055170926,2,7,7,Away Team,0.3298,0.295,0,1,1
AF055170926,2,7,7,Away Team,0.3182,0.3035,0,1,1
AF055170926,2,7,7,Away Team,0.31120000000000003,0.2685,0,1,1
AF055170926,2,7,7,Away Team,0.312,0.2981,0,1,1
AF055170926,2,7,13,Away Team,0.312,0.16899999999999998,0,1,1
AF055170926,2,7,14,Away Team,0.1967,0.1675,0,1,1
AF055170926,2,7,14,Home Team,0.2119,0.16949999999999998,0,1,1
AF055170926,2,7,14,Home Team,0.1978,0.158,0,1,1
AF055180926,1,0,0,Away Team,0.5135000000000001,0.49450000000000005,0,1,1
AF055180926,1,0,0,Away Team,0.5229,0.47100000000000003,0,1,1
AF055180926,1,0,0,Away Team,0.6098,0.545,0,1,1
AF055180926,1,0,0,Away Team,0.5058,0.478,0,1,1
AF055180926,1,0,0,Away Team,0.5067,0.4805,0,1,1
AF055180926,1,0,0,Away Team,0.5047999999999999,0.452,0,1,1
AF055180926,1,0,0,Away Team,0.5034000000000001,0.4635,0,1,1
AF055180926,1,0,0,Away Team,0.49310000000000004,0.44799999999999995,0,1,1
AF055180926,1,0,0,Away Team,0.52,0.45799999999999996,0,1,1
AF055180926,2,0,0,Away Team,0.52,0.4815,0,1,1
AF055180926,2,0,0,Away Team,0.518,0.3865,0,1,1
AF055180926,2,0,0,Away Team,0.47909999999999997,0.41600000000000004,0,1,1
AF055180926,2,0,6,Away Team,0.47909999999999997,0.34600000000000003,0,1,1
AF055180926,2,0,7,Away Team,0.4226,0.35350000000000004,0,1,1
AF055180926,2,0,7,Home Team,0.42729999999999996,0.3455,0,1,1
AF055180926,2,0,7,Home Team,0.41960000000000003,0.353,0,1,1
AF055180926,2,0,7,Home Team,0.40759999999999996,0.35850000000000004,0,1,1
AF055180926,2,0,7,Home Team,0.3895,0.32549999999999996,0,1,1
AF055180926,2,0,7,Home Team,0.35810000000000003,0.3155,0,1,1
AF055180926,2,0,7,Home Team,0.35810000000000003,0.213,0,1,1
AF055180926,2,0,7,Away Team,0.34369999999999995,0.207,0,1,1
AF055180926,2,0,7,Away Team,0.23370000000000002,0.20600000000000002,0,1,1
AF055180926,2,0,7,Away Team,0.23879999999999998,0.225,0,1,1
AF055180926,2,0,7,Away Team,0.2029,0.17600000000000002,0,1,1
AF055180926,2,0,7,Away Team,0.1883,0.185,0,1,1
AF055180926,2,0,7,Away Team,0.1949,0.183,0,1,1
AF055180926,2,0,7,Away Team,0.12,0.11,0,1,1
AF055180926,2,0,7,Away Team,0.12390000000000001,0.1085,0,1,1
AF055180926,2,0,7,Away Team,0.1152,0.131,0,1,1
AF055190926,1,0,0,Away Team,0.5628,0.557,1,1,1
AF055190926,1,0,0,Away Team,0.5964,0.5725,1,1,1
AF055190926,1,0,0,Away Team,0.6514,0.61,1,1,1
AF055190926,1,0,0,Away Team,0.6514,0.701,1,1,1
AF055190926,1,0,0,Home Team,0.6459999999999999,0.6875,1,1,1
AF055190926,1,0,0,Home Team,0.7182999999999999,0.667,1,1,1
AF055190926,1,0,0,Home Team,0.7723,0.7354999999999999,1,1,1
AF055190926,1,0,0,Home Team,0.7764,0.754,1,1,1
AF055190926,1,6,0,Home Team,0.7764,0.785,1,1,1
AF055190926,1,7,0,Home Team,0.8099,0.7825,1,1,1
AF055190926,1,7,0,Home Team,0.9262999999999999,0.893,1,1,1
AF055190926,1,7,0,Home Team,0.9255,0.8905,1,1,1
AF055190926,1,7,0,Home Team,0.9172,0.8795000000000001,1,1,1
AF055190926,2,7,0,Home Team,0.9412,0.92,1,1,1
AF055190926,2,7,0,Home Team,0.93,0.9005,1,1,1
AF055190926,2,7,0,Home Team,0.9234,0.8975,1,1,1
AF055190926,2,13,0,Home Team,0.9234,0.9259999999999999,1,1,1
AF055190926,2,14,0,Home Team,0.9566,0.92,1,1,1
AF055190926,2,14,0,Away Team,0.9561,0.9359999999999999,1,1,1
AF055190926,2,14,0,Away Team,0.9525,0.9405,1,1,1
AF055190926,2,14,0,Away Team,0.9536,0.9384999999999999,1,1,1
AF055190926,2,14,0,Away Team,0.9631000000000001,0.9484999999999999,1,1,1
AF055190926,2,14,0,Away Team,0.9606,0.9384999999999999,1,1,1
AF055190926,2,14,0,Away Team,0.9606,0.9670000000000001,1,1,1
AF055190926,2,14,3,Away Team,0.9682999999999999,0.956,1,1,1
AF055190926,2,14,3,Home Team,0.9661,0.9540000000000001,1,1,1
AF055190926,2,14,3,Home Team,0.9671,0.9540000000000001,1,1,1
AF055190926,2,14,3,Away Team,0.8923000000000001,0.8604999999999999,1,1,1
AF055190926,2,14,3,Away Team,0.8923000000000001,0.858,1,1,1
AF055190926,2,14,3,Away Team,0.8926999999999999,0.8645,1,1,1
AF055190926,2,14,3,Away Team,0.9134,0.8615,1,1,1
AF055190926,2,14,9,Away Team,0.9134,0.8175,1,1,1
AF055190926,2,14,9,Away Team,0.8728,0.852,1,1,1
AF055190926,2,14,9,Home Team,0.8599,0.8615,1,1,1
AF055200926,1,0,0,Home Team,0.5757,0.48350000000000004,0,1,1
AF055200926,1,0,0,Home Team,0.5737,0.512,0,1,1
AF055200926,1,0,0,Home Team,0.5679,0.493,0,1,1
AF055200926,1,0,0,Away Team,0.39520000000000005,0.36700000000000005,0,1,1
AF055200926,1,0,0,Away Team,0.40619999999999995,0.392,0,1,1
AF055200926,1,0,0,Away Team,0.444,0.415,0,1,1
AF055200926,1,0,0,Away Team,0.373,0.33649999999999997,0,1,1
AF055200926,1,0,0,Away Team,0.33659999999999995,0.3425,0,1,1
AF055200926,1,0,0,Away Team,0.3318,0.308,0,1,1
AF055200926,2,0,6,Away Team,0.3318,0.2515,0,1,1
AF055200926,2,0,7,Away Team,0.2692,0.2515,0,1,1
AF055200926,2,0,7,Home Team,0.2686,0.24600000000000002,0,1,1
AF055200926,2,0,7,Home Team,0.26489999999999997,0.239,0,1,1
AF055200926,2,0,7,Home Team,0.2903,0.267,0,1,1
AF055200926,2,0,7,Home Team,0.2966,0.285,0,1,1
AF055200926,2,0,7,Home Team,0.3134,0.2955,0,1,1
AF055200926,2,0,7,Home Team,0.30010000000000003,0.2705,0,1,1
AF055200926,2,0,7,Home Team,0.2626,0.23550000000000001,0,1,1
AF055200926,2,6,7,Home Team,0.2626,0.3345,0,1,1
AF055200926,2,7,7,Home Team,0.3507,0.34850000000000003,0,1,1
AF055200926,2,7,7,Away Team,0.36729999999999996,0.3465,0,1,1
AF055200926,2,7,7,Away Team,0.38079999999999997,0.37200000000000005,0,1,1
AF055200926,2,7,7,Away Team,0.3257,0.33399999999999996,0,1,1
AF055200926,2,7,7,Away Team,0.37,0.35600000000000004,0,1,1
AF055200926,2,7,7,Away Team,0.35509999999999997,0.3195,0,1,1
AF055200926,2,7,7,Away Team,0.3151,0.33299999999999996,0,1,1
AF055200926,2,7,7,Away Team,0.3154,0.3165,0,1,1
AF055200926,2,7,7,Away Team,0.3367,0.3295,0,1,1
AF055200926,2,7,7,Home Team,0.42619999999999997,0.4315,0,1,1
AF055210926,1,0,0,Home Team,0.4217,0.2415,0,1,1
AF055210926,1,0,0,Home Team,0.3873,0.24350000000000002,0,1,1
AF055210926,1,0,0,Home Team,0.3386,0.214,0,1,1
AF055210926,1,0,0,Home Team,0.4053,0.2705,0,1,1
AF055210926,1,0,0,Home Team,0.4025,0.298,0,1,1
AF055210926,1,0,0,Home Team,0.43560000000000004,0.281,0,1,1
AF055210926,1,0,0,Home Team,0.3861,0.2645,0,1,1
AF055210926,1,0,0,Away Team,0.21050000000000002,0.1595,0,1,1
AF055210926,1,0,0,Away Team,0.1937,0.135,0,1,1
AF055210926,1,0,6,Away Team,0.1937,0.1065,0,1,1
AF055210926,1,0,7,Away Team,0.1776,0.1035,0,1,1
AF055210926,1,0,7,Home Team,0.18469999999999998,0.1101,0,1,1
AF055210926,1,0,7,Home Team,0.1925,0.1045,0,1,1
AF055210926,1,0,7,Home Team,0.1859,0.11199999999999999,0,1,1
AF055210926,2,0,7,Home Team,0.15130000000000002,0.106,0,1,1
AF055210926,2,0,7,Home Team,0.1891,0.139,0,1,1
AF055210926,2,0,7,Home Team,0.1948,0.14400000000000002,0,1,1
AF055210926,2,6,7,Home Team,0.1948,0.18100000000000002,0,1,1
AF055210926,2,7,7,Home Team,0.21539999999999998,0.17550000000000002,0,1,1
AF055210926,2,7,7,Away Team,0.22870000000000001,0.1945,0,1,1
AF055210926,2,7,7,Away Team,0.2177,0.18,0,1,1
AF055210926,2,7,7,Away Team,0.25420000000000004,0.22,0,1,1
AF055210926,2,7,7,Away Team,0.25420000000000004,0.303,0,1,1
AF055210926,2,7,7,Home Team,0.2879,0.28859999999999997,0,1,1
AF055210926,2,7,7,Home Team,0.3926,0.2965,0,1,1
AF055210926,2,7,7,Home Team,0.2851,0.191,0,1,1
AF055210926,2,7,7,Home Team,0.2851,0.1765,0,1,1
AF055210926,2,7,7,Away Team,0.3477,0.1675,0,1,1
AF055210926,2,7,7,Away Team,0.1834,0.175,0,1,1
AF055210926,2,7,7,Away Team,0.2155,0.207,0,1,1
AF055210926,2,7,7,Away Team,0.174,0.16149999999999998,0,1,1
AF055210926,2,7,7,Away Team,0.138,0.1551,0,1,1
AF055210926,2,7,7,Away Team,0.1674,0.1655,0,1,1
AF055210926,2,7,10,Away Team,0.1674,0.138,0,1,1
AF055210926,2,7,10,Away Team,0.1079,0.16,0,1,1
AF055220926,1,0,0,Home Team,0.5417000000000001,0.618,1,1,1
AF055220926,1,0,0,Home Team,0.5874,0.6565000000000001,1,1,1
AF055220926,1,0,0,Home Team,0.6139,0.6859999999999999,1,1,1
AF055220926,1,0,0,Home Team,0.5972999999999999,0.6609999999999999,1,1,1
AF055220926,1,0,0,Home Team,0.5639,0.644,1,1,1
AF055220926,1,0,0,Home Team,0.5639,0.597,1,1,1
AF055220926,1,0,0,Away Team,0.39020000000000005,0.46299999999999997,1,1,1
AF055220926,1,0,0,Away Team,0.4299,0.496,1,1,1
AF055220926,2,0,0,Away Team,0.4739,0.5158,1,1,1
AF055220926,2,0,0,Away Team,0.4739,0.608,1,1,1
AF055220926,2,0,0,Home Team,0.4447,0.6485,1,1,1
AF055220926,2,0,0,Home Team,0.5640999999999999,0.6085,1,1,1
AF055220926,2,0,0,Home Team,0.4794,0.568,1,1,1
AF055220926,2,6,0,Home Team,0.4794,0.7095,1,1,1
AF055220926,2,7,0,Home Team,0.6572,0.71,1,1,1
AF055220926,2,7,0,Away Team,0.6539,0.713,1,1,1
AF055220926,2,7,0,Away Team,0.6251,0.675,1,1,1
AF055220926,2,7,0,Away Team,0.6132,0.698,1,1,1
AF055220926,2,7,0,Away Team,0.6448999999999999,0.728,1,1,1
AF055220926,2,7,0,Away Team,0.5825,0.6605,1,1,1
AF055220926,2,7,0,Away Team,0.6006,0.677,1,1,1
AF055220926,2,7,0,Away Team,0.6152000000000001,0.7034999999999999,1,1,1
AF055220926,2,7,0,Away Team,0.6152000000000001,0.71,1,1,1
AF055220926,2,7,6,Away Team,0.6236999999999999,0.6195,1,1,1
AF055220926,2,7,7,Away Team,0.6236999999999999,0.6104999999999999,1,1,1
AF055220926,2,7,7,Home Team,0.5633,0.6265,1,1,1
AF055220926,2,7,7,Home Team,0.5274,0.631,1,1,1
AF055220926,2,7,7,Home Team,0.5134000000000001,0.603,1,1,1
AF055220926,2,7,7,Home Team,0.5134000000000001,0.48200000000000004,1,1,1
AF055220926,2,7,7,Home Team,0.5163,0.6725,1,1,1
AF055220926,2,7,7,Home Team,0.5284,0.64,1,1,1
AF055220926,2,7,7,Home Team,0.6289,0.6890000000000001,1,1,1
AF055220926,2,7,7,Home Team,0.6439,0.6945,1,1,1
AF055220926,2,7,7,Home Team,0.6439,0.6890000000000001,1,1,1
AF055220926,2,7,7,Home Team,0.6424,0.623,1,1,1
AF055220926,2,10,7,Home Team,0.5920000000000001,0.652,1,1,1
AF055220926,2,10,7,Away Team,0.5809000000000001,0.65,1,1,1
AF056170926,1,0,0,Home Team,0.4885,0.4325,0,1,1
AF056170926,1,0,0,Home Team,0.4683,0.4497,0,1,1
AF056170926,1,0,0,Home Team,0.355,0.322,0,1,1
AF056170926,1,0,0,Home Team,0.355,0.3025,0,1,1
AF056170926,1,0,0,Away Team,0.3979,0.313,0,1,1
AF056170926,1,0,6,Away Team,0.2871,0.2075,0,1,1
AF056170926,1,0,7,Away Team,0.214,0.20149999999999998,0,1,1
AF056170926,1,0,7,Home Team,0.2096,0.2005,0,1,1
AF056170926,1,0,7,Home Team,0.1801,0.191,0,1,1
AF056170926,1,0,7,Home Team,0.22460000000000002,0.1895,0,1,1
AF056170926,1,0,7,Home Team,0.2296,0.21850000000000003,0,1,1
AF056170926,1,0,7,Home Team,0.2102,0.20149999999999998,0,1,1
AF056170926,2,0,7,Home Team,0.2102,0.177,0,1,1
AF056170926,2,3,7,Home Team,0.1991,0.17350000000000002,0,1,1
AF056170926,2,3,7,Away Team,0.1744,0.159,0,1,1
AF056170926,2,3,7,Away Team,0.18489999999999998,0.161,0,1,1
AF056170926,2,3,7,Away Team,0.1693,0.1565,0,1,1
AF056170926,2,3,7,Away Team,0.1524,0.147,0,1,1
AF056170926,2,3,7,Away Team,0.1578,0.1885,0,1,1
AF056170926,2,3,7,Away Team,0.13390000000000002,0.158,0,1,1
AF056170926,2,3,7,Away Team,0.1268,0.127,0,1,1
AF056170926,2,3,7,Away Team,0.1493,0.1485,0,1,1
AF056170926,2,3,7,Away Team,0.1493,0.13949999999999999,0,1,1
AF056170926,2,3,7,Away Team,0.1338,0.14300000000000002,0,1,1
AF056170926,2,3,7,Away Team,0.1338,0.17,0,1,1
AF056170926,2,3,10,Away Team,0.1568,0.135,0,1,1
AF056170926,2,3,10,Home Team,0.1503,0.146,0,1,1
AF056170926,2,3,10,Home Team,0.1253,0.1211,0,1,1
AF056200926,1,0,0,Home Team,0.7143999999999999,0.6355,0,1,1
AF056200926,1,0,0,Home Team,0.7179000000000001,0.612,0,1,1
AF056200926,1,0,0,Home Team,0.6778,0.6145,0,1,1
AF056200926,1,0,0,Away Team,0.5394,0.4765,0,1,1
AF056200926,1,0,0,Away Team,0.5589999999999999,0.489,0,1,1
AF056200926,1,0,0,Away Team,0.5317000000000001,0.4545,0,1,1
AF056200926,1,0,0,Away Team,0.4972,0.4175,0,1,1
AF056200926,1,0,0,Away Team,0.4892,0.41600000000000004,0,1,1
AF056200926,2,0,0,Away Team,0.4717,0.38299999999999995,0,1,1
AF056200926,2,0,0,Away Team,0.4753,0.41350000000000003,0,1,1
AF056200926,2,0,6,Away Team,0.4753,0.3095,0,1,1
AF056200926,2,0,7,Away Team,0.3778,0.314,0,1,1
AF056200926,2,0,7,Home Team,0.381,0.295,0,1,1
AF056200926,2,0,7,Home Team,0.3697,0.318,0,1,1
AF056200926,2,0,7,Home Team,0.3442,0.27449999999999997,0,1,1
AF056200926,2,0,7,Home Team,0.418,0.349,0,1,1
AF056200926,2,0,7,Home Team,0.4328,0.3225,0,1,1
AF056200926,2,0,7,Home Team,0.4328,0.266,0,1,1
AF056200926,2,0,7,Home Team,0.3049,0.2345,0,1,1
AF056200926,2,0,7,Away Team,0.34159999999999996,0.209,0,1,1
AF056200926,2,0,7,Away Team,0.2353,0.2125,0,1,1
AF056200926,2,0,7,Away Team,0.22219999999999998,0.204,0,1,1
AF056200926,2,0,13,Away Team,0.22219999999999998,0.058499999999999996,0,1,1
AF056200926,2,0,14,Away Team,0.08,0.047,0,1,1
AF056200926,2,0,14,Home Team,0.08,0.048,0,1,1
AF056220926,1,0,0,Away Team,0.47259999999999996,0.5885,1,1,1
AF056220926,1,0,0,Away Team,0.46509999999999996,0.5685,1,1,1
AF056220926,1,0,0,Away Team,0.47950000000000004,0.5579999999999999,1,1,1
AF056220926,1,0,0,Away Team,0.47130000000000005,0.564,1,1,1
AF056220926,1,0,0,Away Team,0.46659999999999996,0.5385,1,1,1
AF056220926,1,0,0,Away Team,0.42060000000000003,0.5195000000000001,1,1,1
AF056220926,1,0,0,Away Team,0.43520000000000003,0.537,1,1,1
AF056220926,1,0,0,Away Team,0.4769,0.561,1,1,1
AF056220926,1,0,0,Home Team,0.6514,0.6745,1,1,1
AF056220926,1,0,0,Home Team,0.6249,0.653,1,1,1
AF056220926,1,0,0,Home Team,0.6698000000000001,0.7115,1,1,1
AF056220926,1,0,0,Home Team,0.6399,0.6895,1,1,1
AF056220926,1,0,0,Home Team,0.6408,0.6865000000000001,1,1,1
AF056220926,2,0,0,Home Team,0.6356,0.6995,1,1,1
AF056220926,2,0,0,Home Team,0.6938,0.738,1,1,1
AF056220926,2,6,0,Home Team,0.6938,0.8094,1,1,1
AF056220926,2,7,0,Home Team,0.758,0.8005,1,1,1
AF056220926,2,7,0,Away Team,0.7585999999999999,0.797,1,1,1
AF056220926,2,7,0,Away Team,0.7681,0.7985,1,1,1
AF056220926,2,7,0,Away Team,0.7265,0.762,1,1,1
AF056220926,2,7,0,Away Team,0.7281,0.7564,1,1,1
AF056220926,2,7,0,Away Team,0.7123,0.7929,1,1,1
AF056220926,2,7,0,Away Team,0.7123,0.7170000000000001,1,1,1
AF056220926,2,7,0,Away Team,0.6890000000000001,0.7575,1,1,1
AF056220926,2,7,0,Away Team,0.6934,0.7535,1,1,1
AF056220926,2,7,0,Away Team,0.7264,0.7625,1,1,1
AF056220926,2,7,0,Away Team,0.7264,0.7965000000000001,1,1,1
AF056220926,2,7,0,Home Team,0.7264,0.905,1,1,1
AF057170926,1,0,0,Away Team,0.3593,0.452,1,1,1
AF057170926,1,0,6,Away Team,0.3593,0.36,1,1,1
AF057170926,1,0,7,Away Team,0.27140000000000003,0.34950000000000003,1,1,1
AF057170926,1,0,7,Home Team,0.2733,0.345,1,1,1
AF057170926,1,0,7,Home Team,0.2464,0.332,1,1,1
AF057170926,1,0,7,Home Team,0.292,0.37,1,1,1
AF057170926,1,6,7,Home Team,0.292,0.4235,1,1,1
AF057170926,1,6,7,Home Team,0.3378,0.4375,1,1,1
AF057170926,1,7,7,Home Team,0.37070000000000003,0.46950000000000003,1,1,1
AF057170926,1,7,7,Away Team,0.35159999999999997,0.46399999999999997,1,1,1
AF057170926,1,7,7,Away Team,0.35159999999999997,0.446,1,1,1
AF057170926,1,7,7,Away Team,0.3224,0.41600000000000004,1,1,1
AF057170926,1,7,7,Away Team,0.35369999999999996,0.4525,1,1,1
AF057170926,1,7,7,Away Team,0.35369999999999996,0.3935,1,1,1
AF057170926,1,7,7,Away Team,0.35369999999999996,0.41,1,1,1
AF057170926,2,7,7,Away Team,0.35369999999999996,0.41100000000000003,1,1,1
AF057170926,2,7,13,Away Team,0.35369999999999996,0.374,1,1,1
AF057170926,2,7,14,Away Team,0.2968,0.3515,1,1,1
AF057170926,2,7,14,Home Team,0.2889,0.34450000000000003,1,1,1
AF057170926,2,7,14,Home Team,0.2925,0.331,1,1,1
AF057170926,2,7,14,Home Team,0.3012,0.325,1,1,1
AF057170926,2,7,14,Home Team,0.3184,0.34850000000000003,1,1,1
AF057170926,2,7,14,Home Team,0.3122,0.3325,1,1,1
AF057170926,2,7,14,Home Team,0.3322,0.3705,1,1,1
AF057170926,2,7,14,Home Team,0.40590000000000004,0.4155,1,1,1
AF057170926,2,13,14,Home Team,0.40590000000000004,0.4815,1,1,1
AF057170926,2,14,14,Home Team,0.4263,0.4755,1,1,1
AF057170926,2,14,14,Away Team,0.41009999999999996,0.4875,1,1,1
AF057170926,2,14,14,Away Team,0.3946,0.46399999999999997,1,1,1
AF057170926,2,14,14,Away Team,0.4132,0.4775,1,1,1
AF057170926,2,14,14,Away Team,0.3912,0.46649999999999997,1,1,1
AF057170926,2,14,14,Away Team,0.389,0.48,1,1,1
AF057170926,2,14,17,Away Team,0.389,0.4155,1,1,1
AF057180926,1,0,0,Away Team,0.5368999999999999,0.518,1,1,1
AF057180926,1,0,0,Away Team,0.5529,0.508,1,1,1
AF057180926,1,0,0,Away Team,0.5401,0.484,1,1,1
AF057180926,1,0,0,Away Team,0.5001,0.46549999999999997,1,1,1
AF057180926,1,0,0,Away Team,0.5096,0.4905,1,1,1
AF057180926,1,0,0,Away Team,0.5173,0.47850000000000004,1,1,1
AF057180926,1,0,0,Away Team,0.5173,0.503,1,1,1
AF057180926,1,0,3,Away Team,0.5245000000000001,0.5505,1,1,1
AF057180926,1,0,3,Home Team,0.5885,0.564,1,1,1
AF057180926,1,0,3,Home Team,0.5911,0.5565,1,1,1
AF057180926,2,0,3,Home Team,0.6025,0.5855,1,1,1
AF057180926,2,0,3,Home Team,0.636,0.5715,1,1,1
AF057180926,2,0,3,Home Team,0.6037,0.5915,1,1,1
AF057180926,2,0,3,Home Team,0.5619,0.5025,1,1,1
AF057180926,2,0,3,Home Team,0.5619,0.45549999999999996,1,1,1
AF057180926,2,3,3,Home Team,0.5325,0.4915,1,1,1
AF057180926,2,3,3,Away Team,0.519,0.486,1,1,1
AF057180926,2,3,3,Away Team,0.514,0.46649999999999997,1,1,1
AF057180926,2,3,3,Away Team,0.5202,0.44,1,1,1
AF057180926,2,3,3,Away Team,0.4496,0.408,1,1,1
AF057180926,2,3,3,Away Team,0.4907,0.40299999999999997,1,1,1
AF057180926,2,3,3,Home Team,0.7158,0.6685,1,1,1
AF057180926,2,3,3,Home Team,0.7326,0.6725,1,1,1
AF057180926,2,3,3,Home Team,0.7648999999999999,0.7384999999999999,1,1,1
AF057180926,2,3,3,Home Team,0.7775,0.7304999999999999,1,1,1
AF057180926,2,3,3,Home Team,0.7601,0.7225,1,1,1
AF057180926,2,3,3,Home Team,0.8173,0.7559999999999999,1,1,1
AF057180926,2,3,3,Home Team,0.8226,0.7440000000000001,1,1,1
AF057180926,2,6,3,Home Team,0.8226,0.7559999999999999,1,1,1
AF057200926,1,0,0,Home Team,0.5437,0.6659999999999999,1,1,1
AF057200926,1,0,0,Home Team,0.5490999999999999,0.705,1,1,1
AF057200926,1,0,0,Home Team,0.5371,0.6685,1,1,1
AF057200926,1,0,0,Home Team,0.5945,0.727,1,1,1
AF057200926,1,0,0,Home Team,0.5893,0.7055,1,1,1
AF057200926,1,0,0,Home Team,0.6103000000000001,0.7509999999999999,1,1,1
AF057200926,1,6,0,Home Team,0.6103000000000001,0.7615000000000001,1,1,1
AF057200926,1,7,0,Home Team,0.6406999999999999,0.7559999999999999,1,1,1
AF057200926,1,7,0,Away Team,0.6439,0.759,1,1,1
AF057200926,1,7,0,Away Team,0.6646,0.7815000000000001,1,1,1
AF057200926,1,7,0,Away Team,0.6487999999999999,0.7440000000000001,1,1,1
AF057200926,1,7,0,Away Team,0.6457999999999999,0.7440000000000001,1,1,1
AF057200926,2,7,0,Away Team,0.636,0.7440000000000001,1,1,1
AF057200926,2,7,0,Home Team,0.8315,0.8915000000000001,1,1,1
AF057200926,2,7,0,Away Team,0.6315999999999999,0.7334999999999999,1,1,1
AF057200926,2,7,0,Away Team,0.6701,0.7735,1,1,1
AF057200926,2,7,0,Away Team,0.6445000000000001,0.7345,1,1,1
AF057200926,2,7,0,Away Team,0.5891,0.688,1,1,1
AF057200926,2,7,0,Away Team,0.5985,0.7195,1,1,1
AF057200926,2,7,0,Away Team,0.6494,0.748,1,1,1
AF057200926,2,7,0,Away Team,0.6494,0.815,1,1,1
AF057200926,2,7,3,Away Team,0.6895,0.8065000000000001,1,1,1
AF057200926,2,7,3,Home Team,0.6895,0.8075,1,1,1
AF057200926,2,7,3,Home Team,0.7079000000000001,0.818,1,1,1
AF057200926,2,7,3,Home Team,0.7358,0.8140000000000001,1,1,1
AF057200926,2,7,3,Away Team,0.5418999999999999,0.6845,1,1,1
AF057200926,2,7,9,Away Team,0.5418999999999999,0.4465,1,1,1
AF057200926,2,7,10,Away Team,0.33039999999999997,0.461,1,1,1
AF057200926,2,7,10,Home Team,0.35729999999999995,0.43450000000000005,1,1,1
AF057200926,2,7,10,Home Team,0.3886,0.4575,1,1,1
AF057200926,2,13,10,Home Team,0.3886,0.736,1,1,1
AF057200926,2,14,10,Home Team,0.6349,0.7415,1,1,1
AF057200926,2,14,10,Away Team,0.6324000000000001,0.7415,1,1,1
AF057200926,2,14,10,Away Team,0.635,0.713,1,1,1
AF057200926,2,14,10,Away Team,0.6441,0.7095,1,1,1
AF057210926,1,0,0,Home Team,0.4164,0.353,1,1,1
AF057210926,1,0,0,Home Team,0.39590000000000003,0.3215,1,1,1
AF057210926,1,0,0,Home Team,0.3578,0.308,1,1,1
AF057210926,1,0,0,Home Team,0.3578,0.258,1,1,1
AF057210926,1,0,0,Away Team,0.3444,0.2555,1,1,1
AF057210926,1,0,0,Home Team,0.47240000000000004,0.41200000000000003,1,1,1
AF057210926,1,0,0,Home Team,0.44310000000000005,0.405,1,1,1
AF057210926,1,6,0,Home Team,0.44310000000000005,0.488,1,1,1
AF057210926,1,7,0,Home Team,0.5264,0.486,1,1,1
AF057210926,1,7,0,Away Team,0.5065,0.49670000000000003,1,1,1
AF057210926,1,7,0,Away Team,0.5438000000000001,0.506,1,1,1
AF057210926,1,7,0,Away Team,0.517,0.48450000000000004,1,1,1
AF057210926,1,7,0,Away Team,0.499,0.488,1,1,1
AF057210926,1,7,0,Away Team,0.5494,0.5055,1,1,1
AF057210926,1,7,0,Away Team,0.5169,0.4585,1,1,1
AF057210926,2,7,0,Away Team,0.49560000000000004,0.4475,1,1,1
AF057210926,2,7,0,Away Team,0.5387,0.4955,1,1,1
AF057210926,2,7,0,Away Team,0.5387,0.5565,1,1,1
AF057210926,2,7,3,Away Team,0.5675,0.5555,1,1,1
AF057210926,2,7,3,Home Team,0.6001,0.5455,1,1,1
AF057210926,2,7,3,Home Team,0.5375,0.529,1,1,1
AF057210926,2,7,3,Home Team,0.5981000000000001,0.5915,1,1,1
AF057210926,2,13,3,Home Team,0.5981000000000001,0.6659999999999999,1,1,1
AF057210926,2,14,3,Home Team,0.7136,0.6535,1,1,1
AF057210926,2,14,3,Away Team,0.7045999999999999,0.67,1,1,1
AF057210926,2,14,3,Away Team,0.6831999999999999,0.6615000000000001,1,1,1
AF057210926,2,14,3,Home Team,0.8445999999999999,0.7985,1,1,1
AF057210926,2,14,3,Home Team,0.8508,0.813,1,1,1
AF057210926,2,14,3,Home Team,0.8477,0.8145,1,1,1
AF057210926,2,14,3,Home Team,0.9209,0.8684999999999999,1,1,1
AF057210926,2,14,3,Home Team,0.9307,0.9105,1,1,1
AF057210926,2,14,3,Home Team,0.9331,0.9079999999999999,1,1,1
AF057210926,2,14,3,Home Team,0.9331,0.8740000000000001,1,1,1
AF057210926,2,17,3,Home Team,0.9106000000000001,0.893,1,1,1
AF057210926,2,17,3,Away Team,0.9106000000000001,0.8945000000000001,1,1,1
AF057210926,2,17,3,Away Team,0.917,0.9085,1,1,1
AF057220926,1,0,0,Home Team,0.5339,0.5255,1,1,1
AF057220926,1,0,0,Home Team,0.5575,0.5335,1,1,1
AF057220926,1,0,0,Home Team,0.5575,0.49950000000000006,1,1,1
AF057220926,1,0,0,Away Team,0.3784,0.3505,1,1,1
AF057220926,1,0,0,Away Team,0.3435,0.33549999999999996,1,1,1
AF057220926,1,0,0,Away Team,0.34240000000000004,0.32299999999999995,1,1,1
AF057220926,1,0,0,Away Team,0.34990000000000004,0.34700000000000003,1,1,1
AF057220926,1,0,6,Away Team,0.34990000000000004,0.2825,1,1,1
AF057220926,1,0,7,Away Team,0.27949999999999997,0.2925,1,1,1
AF057220926,1,0,7,Home Team,0.2723,0.29600000000000004,1,1,1
AF057220926,2,0,7,Home Team,0.2874,0.297,1,1,1
AF057220926,2,0,7,Home Team,0.2877,0.3035,1,1,1
AF057220926,2,0,7,Home Team,0.3093,0.33549999999999996,1,1,1
AF057220926,2,0,7,Home Team,0.31920000000000004,0.3245,1,1,1
AF057220926,2,0,7,Home Team,0.31129999999999997,0.315,1,1,1
AF057220926,2,0,7,Home Team,0.31129999999999997,0.33799999999999997,1,1,1
AF057220926,2,6,7,Home Team,0.31129999999999997,0.36,1,1,1
AF057220926,2,7,7,Home Team,0.3601,0.38,1,1,1
AF057220926,2,7,7,Away Team,0.3749,0.3685,1,1,1
AF057220926,2,7,7,Away Team,0.40950000000000003,0.397,1,1,1
AF057220926,2,7,7,Away Team,0.47009999999999996,0.4425,1,1,1
AF057220926,2,7,7,Away Team,0.3171,0.36,1,1,1
AF057220926,2,7,7,Away Team,0.2756,0.316,1,1,1
AF057220926,2,7,7,Home Team,0.4336,0.4355,1,1,1
AF057220926,2,7,7,Home Team,0.445,0.423,1,1,1
AF058180926,1,0,0,Away Team,0.5227,0.515,0,1,1
AF058180926,1,0,0,Away Team,0.5226,0.5085000000000001,0,1,1
AF058180926,1,0,0,Away Team,0.5285,0.5065,0,1,1
AF058180926,1,0,0,Away Team,0.5285,0.569,0,1,1
AF058180926,1,0,0,Home Team,0.7001999999999999,0.6485,0,1,1
AF058180926,1,0,0,Home Team,0.6809000000000001,0.6565000000000001,0,1,1
AF058180926,1,0,0,Home Team,0.6955,0.6559999999999999,0,1,1
AF058180926,1,0,0,Home Team,0.6675,0.6285000000000001,0,1,1
AF058180926,1,0,0,Home Team,0.6462,0.594,0,1,1
AF058180926,1,0,0,Away Team,0.6462,0.5255,0,1,1
AF058180926,1,0,0,Away Team,0.532,0.501,0,1,1
AF058180926,2,0,0,Away Team,0.5115,0.4715,0,1,1
AF058180926,2,0,0,Away Team,0.48009999999999997,0.44799999999999995,0,1,1
AF058180926,2,0,6,Away Team,0.48009999999999997,0.34,0,1,1
AF058180926,2,0,7,Away Team,0.38539999999999996,0.3615,0,1,1
AF058180926,2,0,7,Home Team,0.38539999999999996,0.366,0,1,1
AF058180926,2,0,7,Home Team,0.3538,0.3575,0,1,1
AF058180926,2,0,7,Home Team,0.33649999999999997,0.327,0,1,1
AF058180926,2,0,7,Home Team,0.4217,0.386,0,1,1
AF058180926,2,0,7,Home Team,0.4121,0.408,0,1,1
AF058180926,2,0,7,Away Team,0.1911,0.17800000000000002,0,1,1
AF058180926,2,0,7,Away Team,0.2165,0.1955,0,1,1
AF058180926,2,0,7,Home Team,0.41859999999999997,0.4025,0,1,1
AF058180926,2,0,7,Home Team,0.46159999999999995,0.409,0,1,1
AF058180926,2,0,7,Home Team,0.44670000000000004,0.40149999999999997,0,1,1
AF058180926,2,0,7,Home Team,0.4894,0.44049999999999995,0,1,1
AF058180926,2,0,7,Home Team,0.4894,0.4635,0,1,1
AF058180926,2,6,7,Home Team,0.47850000000000004,0.551,0,1,1
AF058180926,2,7,7,Home Team,0.5948,0.5379999999999999,0,1,1
AF058180926,2,7,7,Away Team,0.5853,0.53,0,1,1
AF058180926,2,7,7,Away Team,0.5953,0.5495,0,1,1
AF058190926,1,0,0,Away Team,0.5218,0.5589999999999999,0,1,1
AF058190926,1,0,0,Away Team,0.5191,0.5503,0,1,1
AF058190926,1,0,0,Away Team,0.5716,0.5820000000000001,0,1,1
AF058190926,1,0,0,Away Team,0.483,0.5135000000000001,0,1,1
AF058190926,1,0,0,Away Team,0.4978,0.514,0,1,1
AF058190926,1,0,0,Away Team,0.52,0.5495,0,1,1
AF058190926,1,0,0,Away Team,0.52,0.5505,0,1,1
AF058190926,1,0,0,Home Team,0.6693000000000001,0.677,0,1,1
AF058190926,1,0,0,Home Team,0.6598,0.6725,0,1,1
AF058190926,1,0,0,Home Team,0.6761,0.6765000000000001,0,1,1
AF058190926,2,0,0,Home Team,0.6507,0.695,0,1,1
AF058190926,2,0,0,Home Team,0.5664,0.6365,0,1,1
AF058190926,2,0,0,Away Team,0.469,0.517,0,1,1
AF058190926,2,0,0,Away Team,0.48810000000000003,0.5235,0,1,1
AF058190926,2,0,0,Away Team,0.4451,0.4765,0,1,1
AF058190926,2,0,0,Away Team,0.4747,0.547,0,1,1
AF058190926,2,0,0,Away Team,0.521,0.5585,0,1,1
AF058190926,2,0,0,Away Team,0.521,0.6045,0,1,1
AF058190926,2,0,3,Away Team,0.5646,0.5785,0,1,1
AF058190926,2,0,3,Home Team,0.629,0.6235,0,1,1
AF058190926,2,0,3,Home Team,0.5835,0.6095,0,1,1
AF058190926,2,0,3,Home Team,0.6352,0.628,0,1,1
AF058190926,2,0,3,Home Team,0.6437,0.639,0,1,1
AF058190926,2,0,3,Home Team,0.6321,0.6365,0,1,1
AF058190926,2,0,3,Home Team,0.6581,0.613,0,1,1
AF058190926,2,0,3,Home Team,0.6033,0.4585,0,1,1
AF058200926,1,0,0,Away Team,0.46659999999999996,0.38,0,1,1
AF058200926,1,0,0,Away Team,0.45380000000000004,0.3615,0,1,1
AF058200926,1,0,0,Away Team,0.4704,0.389,0,1,1
AF058200926,1,0,0,Away Team,0.5041,0.408,0,1,1
AF058200926,1,0,0,Away Team,0.4274,0.36,0,1,1
AF058200926,1,0,6,Away Team,0.4274,0.3,0,1,1
AF058200926,1,0,7,Away Team,0.38189999999999996,0.278,0,1,1
AF058200926,1,0,7,Home Team,0.3764,0.2785,0,1,1
AF058200926,1,0,7,Home Team,0.3589,0.26649999999999996,0,1,1
AF058200926,1,0,7,Home Team,0.3617,0.264,0,1,1
AF058200926,1,0,7,Home Team,0.4056,0.3175,0,1,1
AF058200926,1,0,7,Home Team,0.3843,0.30820000000000003,0,1,1
AF058200926,2,0,7,Home Team,0.35729999999999995,0.2365,0,1,1
AF058200926,2,0,7,Home Team,0.35729999999999995,0.20350000000000001,0,1,1
AF058200926,2,0,7,Away Team,0.3121,0.17149999999999999,0,1,1
AF058200926,2,0,7,Away Team,0.2134,0.1685,0,1,1
AF058200926,2,0,7,Away Team,0.1884,0.14150000000000001,0,1,1
AF058200926,2,0,7,Away Team,0.19829999999999998,0.138,0,1,1
AF058200926,2,0,13,Away Team,0.19829999999999998,0.09300000000000001,0,1,1
AF058200926,2,0,14,Away Team,0.1419,0.0875,0,1,1
AF058200926,2,0,14,Home Team,0.13570000000000002,0.09050000000000001,0,1,1
AF058200926,2,0,14,Home Team,0.1247,0.086,0,1,1
AF058200926,2,0,14,Home Team,0.126,0.0765,0,1,1
AF058200926,2,0,14,Home Team,0.1298,0.076,0,1,1
AF058200926,2,0,14,Home Team,0.1303,0.0705,0,1,1
AF058200926,2,0,14,Home Team,0.134,0.0745,0,1,1
AF058200926,2,0,14,Home Team,0.1396,0.0855,0,1,1
AF058200926,2,0,14,Home Team,0.18289999999999998,0.114,0,1,1
AF058200926,2,0,14,Home Team,0.1838,0.08449999999999999,0,1,1
AF058200926,2,0,14,Home Team,0.1558,0.0215,0,1,1
AF058210926,1,0,0,Away Team,0.5008,0.5379999999999999,1,1,1
AF058210926,1,0,0,Away Team,0.5128,0.557,1,1,1
AF058210926,1,0,0,Away Team,0.5768,0.588,1,1,1
AF058210926,1,0,0,Away Team,0.4894,0.507,1,1,1
AF058210926,1,0,0,Away Team,0.505,0.5185,1,1,1
AF058210926,1,0,0,Away Team,0.5522,0.5525,1,1,1
AF058210926,1,0,0,Away Team,0.5522,0.5954999999999999,1,1,1
AF058210926,1,0,0,Away Team,0.5749,0.46649999999999997,1,1,1
AF058210926,1,0,0,Away Team,0.49689999999999995,0.457,1,1,1
AF058210926,2,0,0,Away Team,0.4843,0.46299999999999997,1,1,1
AF058210926,2,0,0,Away Team,0.44670000000000004,0.44,1,1,1
AF058210926,2,0,0,Away Team,0.4471,0.41850000000000004,1,1,1
AF058210926,2,0,0,Away Team,0.436,0.428,1,1,1
AF058210926,2,0,6,Away Team,0.436,0.33649999999999997,1,1,1
AF058210926,2,0,7,Away Team,0.37520000000000003,0.3395,1,1,1
AF058210926,2,0,7,Home Team,0.4114,0.35600000000000004,1,1,1
AF058210926,2,6,7,Home Team,0.4114,0.5025,1,1,1
AF058210926,2,7,7,Home Team,0.47600000000000003,0.501,1,1,1
AF058210926,2,7,7,Away Team,0.4825,0.5105,1,1,1
AF058210926,2,7,7,Away Team,0.5067,0.5255,1,1,1
AF058210926,2,7,7,Away Team,0.5924,0.5675,1,1,1
AF058210926,2,7,7,Away Team,0.5924,0.6507999999999999,1,1,1
AF058210926,2,7,7,Home Team,0.5398,0.6803,1,1,1
AF058210926,2,7,7,Home Team,0.7081999999999999,0.6625,1,1,1
AF058210926,2,7,7,Home Team,0.7238,0.659,1,1,1
AF058210926,2,7,7,Home Team,0.6890999999999999,0.6565000000000001,1,1,1
AF058210926,2,7,7,Home Team,0.6890999999999999,0.679,1,1,1
AF058210926,2,7,7,Home Team,0.6962,0.6685,1,1,1
AF058210926,2,10,7,Home Team,0.6962,0.7334999999999999,1,1,1
AF058210926,2,10,7,Away Team,0.7487,0.7240000000000001,1,1,1
AF058210926,2,10,7,Away Team,0.7617,0.7284999999999999,1,1,1
AF058220926,1,0,0,Away Team,0.5152,0.5215,0,1,1
AF058220926,1,0,0,Away Team,0.5329,0.54,0,1,1
AF058220926,1,0,0,Away Team,0.5387,0.5625,0,1,1
AF058220926,1,0,0,Away Team,0.5387,0.601,0,1,1
AF058220926,1,0,0,Home Team,0.7125,0.6485,0,1,1
AF058220926,1,0,0,Home Team,0.706,0.65,0,1,1
AF058220926,1,0,0,Home Team,0.6759999999999999,0.6245,0,1,1
AF058220926,1,0,0,Home Team,0.7456,0.685,0,1,1
AF058220926,1,0,0,Home Team,0.7387999999999999,0.7040000000000001,0,1,1
AF058220926,2,0,0,Home Team,0.7562000000000001,0.7265,0,1,1
AF058220926,2,0,0,Home Team,0.7444,0.7065,0,1,1
AF058220926,2,0,0,Home Team,0.7444,0.7190000000000001,0,1,1
AF058220926,2,0,0,Home Team,0.7444,0.679,0,1,1
AF058220926,2,3,0,Home Team,0.7444,0.61,0,1,1
AF058220926,2,3,0,Away Team,0.6273,0.6198,0,1,1
AF058220926,2,3,0,Away Team,0.6175999999999999,0.6053000000000001,0,1,1
AF058220926,2,3,0,Away Team,0.6053000000000001,0.6173,0,1,1
AF058220926,2,3,0,Away Team,0.6585,0.64,0,1,1
AF058220926,2,3,0,Away Team,0.6919,0.662,0,1,1
AF058220926,2,3,0,Away Team,0.5898,0.6025,0,1,1
AF058220926,2,3,0,Away Team,0.6322,0.62,0,1,1
AF058220926,2,3,0,Away Team,0.5595,0.5329999999999999,0,1,1
AF058220926,2,3,0,Away Team,0.5356000000000001,0.561,0,1,1
AF058220926,2,3,0,Away Team,0.518,0.529,0,1,1
AF058220926,2,3,0,Away Team,0.5184000000000001,0.5345,0,1,1
AF058220926,2,3,0,Away Team,0.5184000000000001,0.5225,0,1,1
AF058220926,2,3,6,Away Team,0.5539000000000001,0.40049999999999997,0,1,1
AF058220926,2,3,7,Away Team,0.4183,0.39049999999999996,0,1,1
AF058220926,2,3,7,Home Team,0.4207,0.385,0,1,1
AF058220926,2,3,7,Home Team,0.5390999999999999,0.34299999999999997,0,1,1
AF059170926,1,0,0,Home Team,0.5189,0.624,0,1,1
AF059170926,1,0,0,Home Team,0.5229,0.6185,0,1,1
AF059170926,1,0,0,Home Team,0.5421,0.5915,0,1,1
AF059170926,1,0,0,Home Team,0.5934,0.6475,0,1,1
AF059170926,1,0,0,Home Team,0.5941,0.64,0,1,1
AF059170926,1,0,0,Home Team,0.5995,0.6409999999999999,0,1,1
AF059170926,1,0,0,Home Team,0.6073,0.6413,0,1,1
AF059170926,2,0,0,Home Team,0.6147,0.659,0,1,1
AF059170926,2,0,0,Home Team,0.569,0.6355,0,1,1
AF059170926,2,6,0,Home Team,0.569,0.7315,0,1,1
AF059170926,2,7,0,Home Team,0.6173,0.7175,0,1,1
AF059170926,2,7,0,Away Team,0.629,0.7234999999999999,0,1,1
AF059170926,2,7,0,Away Team,0.6396000000000001,0.7170000000000001,0,1,1
AF059170926,2,7,0,Away Team,0.6681,0.742,0,1,1
AF059170926,2,7,0,Away Team,0.6681,0.8220000000000001,0,1,1
AF059170926,2,7,0,Home Team,0.687,0.853,0,1,1
AF059170926,2,7,0,Home Team,0.8268000000000001,0.8654999999999999,0,1,1
AF059170926,2,7,0,Away Team,0.5953,0.7175,0,1,1
AF059170926,2,7,0,Away Team,0.5953,0.785,0,1,1
AF059170926,2,7,0,Away Team,0.5966,0.706,0,1,1
AF059170926,2,7,0,Away Team,0.584,0.6859999999999999,0,1,1
AF059170926,2,7,0,Away Team,0.5578,0.642,0,1,1
AF059170926,2,7,0,Away Team,0.5721,0.655,0,1,1
AF059170926,2,7,0,Away Team,0.5852,0.6865000000000001,0,1,1
AF059170926,2,7,6,Away Team,0.5852,0.546,0,1,1
AF059170926,2,7,7,Away Team,0.4694,0.5395,0,1,1
AF059170926,2,7,7,Home Team,0.4548,0.5475,0,1,1
AF059170926,2,7,7,Home Team,0.4824,0.5710000000000001,0,1,1
AF059170926,2,7,7,Home Team,0.4617,0.5379999999999999,0,1,1
AF059180926,1,0,0,Away Team,0.5554,0.5165,0,1,1
AF059180926,1,0,0,Away Team,0.5573,0.516,0,1,1
AF059180926,1,0,0,Away Team,0.5711999999999999,0.518,0,1,1
AF059180926,1,0,0,Away Team,0.5311,0.474,0,1,1
AF059180926,1,0,0,Away Team,0.5326,0.46950000000000003,0,1,1
AF059180926,1,0,0,Away Team,0.49920000000000003,0.423,0,1,1
AF059180926,1,0,0,Away Team,0.5253,0.475,0,1,1
AF059180926,1,0,6,Away Team,0.5253,0.3795,0,1,1
AF059180926,1,0,7,Away Team,0.4578,0.3605,0,1,1
AF059180926,1,0,7,Home Team,0.4497,0.37549999999999994,0,1,1
AF059180926,1,6,7,Home Team,0.4497,0.515,0,1,1
AF059180926,1,7,7,Home Team,0.5505,0.52,0,1,1
AF059180926,1,7,7,Away Team,0.5423,0.5235,0,1,1
AF059180926,1,7,7,Away Team,0.547,0.4645,0,1,1
AF059180926,2,7,7,Away Team,0.5678,0.4905,0,1,1
AF059180926,2,7,7,Away Team,0.6597,0.564,0,1,1
AF059180926,2,7,7,Away Team,0.5118,0.43700000000000006,0,1,1
AF059180926,2,7,7,Away Team,0.5005,0.4235,0,1,1
AF059180926,2,7,7,Away Team,0.5043,0.42100000000000004,0,1,1
AF059180926,2,7,7,Away Team,0.5154,0.40950000000000003,0,1,1
AF059180926,2,7,7,Away Team,0.5154,0.5379999999999999,0,1,1
AF059180926,2,7,10,Away Team,0.5995,0.5375,0,1,1
AF059180926,2,7,10,Home Team,0.635,0.5329999999999999,0,1,1
AF059180926,2,7,10,Home Team,0.6014,0.5345,0,1,1
AF059180926,2,7,10,Home Team,0.7021999999999999,0.6709999999999999,0,1,1
AF059180926,2,13,10,Home Team,0.7021999999999999,0.721,0,1,1
AF059180926,2,14,10,Home Team,0.7193999999999999,0.701,0,1,1
AF059180926,2,14,10,Away Team,0.7242000000000001,0.713,0,1,1
AF059180926,2,14,10,Away Team,0.7848,0.753,0,1,1
AF059180926,2,14,10,Away Team,0.8249,0.7715000000000001,0,1,1
AF059180926,2,14,10,Away Team,0.8249,0.792,0,1,1
AF059180926,2,14,10,Home Team,0.8123999999999999,0.847,0,1,1
AF059180926,2,14,10,Home Team,0.879,0.8105,0,1,1
AF059180926,2,14,10,Away Team,0.879,0.7759999999999999,0,1,1
AF059190926,1,0,0,Away Team,0.6106,0.66,1,1,1
AF059190926,1,0,0,Away Team,0.6139,0.6575,1,1,1
AF059190926,1,0,0,Away Team,0.5887,0.6345000000000001,1,1,1
AF059190926,1,0,0,Away Team,0.6126,0.6515000000000001,1,1,1
AF059190926,1,0,0,Away Team,0.6478,0.6745,1,1,1
AF059190926,1,0,0,Away Team,0.5700999999999999,0.6258,1,1,1
AF059190926,1,0,0,Away Team,0.5722,0.624,1,1,1
AF059190926,1,0,0,Away Team,0.5329999999999999,0.57,1,1,1
AF059190926,1,0,6,Away Team,0.5329999999999999,0.48100000000000004,1,1,1
AF059190926,1,0,7,Away Team,0.451,0.49200000000000005,1,1,1
AF059190926,1,0,7,Home Team,0.4562,0.484,1,1,1
AF059190926,1,0,7,Home Team,0.43979999999999997,0.4805,1,1,1
AF059190926,2,0,7,Home Team,0.4524,0.5045000000000001,1,1,1
AF059190926,2,0,7,Home Team,0.4752,0.5095000000000001,1,1,1
AF059190926,2,6,7,Home Team,0.4752,0.596,1,1,1
AF059190926,2,7,7,Home Team,0.5806,0.605,1,1,1
AF059190926,2,7,7,Away Team,0.5718,0.573,1,1,1
AF059190926,2,7,7,Away Team,0.617,0.603,1,1,1
AF059190926,2,7,7,Away Team,0.6726000000000001,0.6455,1,1,1
AF059190926,2,7,7,Away Team,0.6726000000000001,0.7275,1,1,1
AF059190926,2,7,7,Home Team,0.6367,0.7415,1,1,1
AF059190926,2,7,7,Home Team,0.7212000000000001,0.723,1,1,1
AF059190926,2,7,7,Home Team,0.77,0.78,1,1,1
AF059190926,2,7,7,Home Team,0.7431,0.7575,1,1,1
AF059190926,2,7,7,Home Team,0.7356,0.7505,1,1,1
AF059190926,2,7,7,Home Team,0.7972,0.807,1,1,1
AF059190926,2,13,7,Home Team,0.7972,0.858,1,1,1
AF059190926,2,14,7,Home Team,0.8315,0.858,1,1,1
AF059190926,2,14,7,Away Team,0.8340000000000001,0.8640000000000001,1,1,1
AF059190926,2,14,7,Away Team,0.8340000000000001,0.865,1,1,1
AF059190926,2,14,7,Away Team,0.8443,0.889,1,1,1
AF059190926,2,14,7,Away Team,0.8543000000000001,0.885,1,1,1
AF059190926,2,14,7,Away Team,0.8569,0.87,1,1,1
AF059190926,2,14,10,Away Team,0.8569,0.8305,1,1,1
AF059190926,2,14,10,Home Team,0.8340000000000001,0.8340000000000001,1,1,1
AF059200926,1,0,0,Away Team,0.5954,0.6435,0,1,1
AF059200926,1,0,0,Away Team,0.6223,0.6445000000000001,0,1,1
AF059200926,1,0,0,Away Team,0.6015,0.626,0,1,1
AF059200926,1,0,0,Away Team,0.5918,0.619,0,1,1
AF059200926,1,0,0,Away Team,0.6248,0.662,0,1,1
AF059200926,1,0,0,Away Team,0.6706,0.6755,0,1,1
AF059200926,1,0,0,Home Team,0.7439,0.7375,0,1,1
AF059200926,1,0,0,Home Team,0.7785,0.799,0,1,1
AF059200926,1,0,0,Home Team,0.7659,0.7685,0,1,1
AF059200926,1,0,0,Home Team,0.7409,0.75,0,1,1
AF059200926,1,0,0,Home Team,0.7853,0.807,0,1,1
AF059200926,2,6,0,Home Team,0.7853,0.8370000000000001,0,1,1
AF059200926,2,7,0,Home Team,0.8175,0.8240000000000001,0,1,1
AF059200926,2,7,0,Away Team,0.8044,0.8365,0,1,1
AF059200926,2,7,0,Away Team,0.8556999999999999,0.8325,0,1,1
AF059200926,2,7,0,Away Team,0.8079999999999999,0.8009999999999999,0,1,1
AF059200926,2,7,0,Away Team,0.8127,0.82,0,1,1
AF059200926,2,7,0,Away Team,0.7965000000000001,0.7915000000000001,0,1,1
AF059200926,2,7,0,Away Team,0.7887000000000001,0.778,0,1,1
AF059200926,2,7,6,Away Team,0.7887000000000001,0.7484999999999999,0,1,1
AF059200926,2,7,7,Away Team,0.7339,0.743,0,1,1
AF059200926,2,7,7,Home Team,0.7368000000000001,0.7334999999999999,0,1,1
AF059200926,2,7,7,Away Team,0.5376,0.5125,0,1,1
AF059200926,2,7,7,Away Team,0.5505,0.546,0,1,1
AF059200926,2,7,7,Away Team,0.5178,0.5605,0,1,1
AF059200926,2,7,7,Away Team,0.5194,0.5579999999999999,0,1,1
AF059200926,2,7,7,Away Team,0.5387,0.578,0,1,1
AF059210926,1,0,0,Home Team,0.5584,0.598,0,1,1
AF059210926,1,0,0,Home Team,0.556,0.5915,0,1,1
AF059210926,1,0,0,Home Team,0.5887,0.621,0,1,1
AF059210926,1,0,0,Home Team,0.5724,0.6265,0,1,1
AF059210926,1,0,0,Home Team,0.5798,0.6325,0,1,1
AF059210926,1,0,0,Home Team,0.5726,0.6153,0,1,1
AF059210926,1,0,0,Home Team,0.6227,0.664,0,1,1
AF059210926,1,0,0,Home Team,0.6109,0.643,0,1,1
AF059210926,1,0,0,Home Team,0.5828,0.648,0,1,1
AF059210926,1,6,0,Home Team,0.5828,0.722,0,1,1
AF059210926,1,7,0,Home Team,0.6446,0.742,0,1,1
AF059210926,1,7,0,Away Team,0.6335000000000001,0.7265,0,1,1
AF059210926,1,7,0,Away Team,0.6655,0.7159,0,1,1
AF059210926,1,7,0,Away Team,0.6537000000000001,0.7055,0,1,1
AF059210926,2,7,0,Away Team,0.6838,0.7304999999999999,0,1,1
AF059210926,2,7,0,Away Team,0.6528,0.7090000000000001,0,1,1
AF059210926,2,7,0,Away Team,0.6341,0.6875,0,1,1
AF059210926,2,7,0,Away Team,0.6175999999999999,0.6679999999999999,0,1,1
AF059210926,2,7,0,Away Team,0.5993999999999999,0.6593000000000001,0,1,1
AF059210926,2,7,0,Away Team,0.6017,0.6295000000000001,0,1,1
AF059210926,2,7,0,Away Team,0.615,0.6658,0,1,1
AF059210926,2,7,0,Away Team,0.6426000000000001,0.6788,0,1,1
AF059210926,2,7,0,Away Team,0.6426000000000001,0.7759999999999999,0,1,1
AF059210926,2,7,3,Away Team,0.6992,0.7768999999999999,0,1,1
AF059210926,2,7,3,Home Team,0.6992,0.7789,0,1,1
AF059210926,2,7,3,Home Team,0.7069,0.762,0,1,1
AF059210926,2,7,3,Home Team,0.6054999999999999,0.6765000000000001,0,1,1
AF059210926,2,7,3,Home Team,0.6054999999999999,0.6154999999999999,0,1,1
AF059210926,2,7,3,Away Team,0.6343,0.578,0,1,1
AF059210926,2,7,3,Away Team,0.4799,0.5670000000000001,0,1,1
AF059210926,2,7,3,Away Team,0.4864,0.5685,0,1,1
AF059210926,2,7,3,Away Team,0.4864,0.5455,0,1,1
AF059210926,2,7,9,Away Team,0.42829999999999996,0.332,0,1,1
AF059210926,2,7,10,Away Team,0.2882,0.34,0,1,1
AF059210926,2,7,10,Home Team,0.28190000000000004,0.3555,0,1,1
AF059210926,2,7,10,Away Team,0.26780000000000004,0.341,0,1,1
AF060170926,1,0,0,Home Team,0.4523,0.4595,1,1,1
AF060170926,1,0,0,Home Team,0.4174,0.4725,1,1,1
AF060170926,1,0,0,Home Team,0.44659999999999994,0.46,1,1,1
AF060170926,1,0,0,Home Team,0.44659999999999994,0.44,1,1,1
AF060170926,1,0,0,Home Team,0.4007,0.4805,1,1,1
AF060170926,1,0,0,Home Team,0.4807,0.5058,1,1,1
AF060170926,1,0,0,Home Team,0.4475,0.49570000000000003,1,1,1
AF060170926,1,0,0,Home Team,0.4711,0.518,1,1,1
AF060170926,1,0,0,Home Team,0.4902,0.4965,1,1,1
AF060170926,1,0,0,Home Team,0.5155,0.5355,1,1,1
AF060170926,2,0,0,Home Team,0.4675,0.511,1,1,1
AF060170926,2,0,0,Home Team,0.5102,0.5205,1,1,1
AF060170926,2,6,0,Home Team,0.5102,0.5820000000000001,1,1,1
AF060170926,2,7,0,Home Team,0.5622,0.608,1,1,1
AF060170926,2,7,0,Away Team,0.6004,0.5954999999999999,1,1,1
AF060170926,2,7,0,Away Team,0.5998,0.601,1,1,1
AF060170926,2,7,0,Home Team,0.7974,0.7895,1,1,1
AF060170926,2,7,0,Home Team,0.7774,0.79,1,1,1
AF060170926,2,13,0,Home Team,0.7774,0.8490000000000001,1,1,1
AF060170926,2,14,0,Home Team,0.8561,0.8554999999999999,1,1,1
AF060170926,2,14,0,Away Team,0.8508,0.8534999999999999,1,1,1
AF060170926,2,14,0,Away Team,0.8665999999999999,0.865,1,1,1
AF060170926,2,14,0,Away Team,0.8236,0.836,1,1,1
AF060170926,2,14,0,Away Team,0.8303,0.8234999999999999,1,1,1
AF060170926,2,14,6,Away Team,0.8303,0.7929999999999999,1,1,1
AF060170926,2,14,7,Away Team,0.757,0.7815000000000001,1,1,1
AF060170926,2,14,7,Home Team,0.7955,0.802,1,1,1
AF060170926,2,14,7,Away Team,0.5720000000000001,0.643,1,1,1
AF060170926,2,14,7,Away Team,0.5787,0.6495000000000001,1,1,1
AF060170926,2,14,7,Away Team,0.5384,0.551,1,1,1
AF060170926,2,14,7,Home Team,0.7469,0.7595000000000001,1,1,1
AF060170926,2,14,7,Home Team,0.7408,0.7535,1,1,1
AF060170926,2,14,7,Home Team,0.7408,0.7775,1,1,1
AF060170926,2,14,7,Home Team,0.7408,0.841,1,1,1
AF060200926,1,0,0,Away Team,0.5047,0.4495,0,1,1
AF060200926,1,0,0,Away Team,0.4518,0.4225,0,1,1
AF060200926,1,0,0,Away Team,0.4639,0.4285,0,1,1
AF060200926,1,0,0,Away Team,0.4947,0.41350000000000003,0,1,1
AF060200926,1,0,0,Away Team,0.4506,0.397,0,1,1
AF060200926,1,0,0,Away Team,0.4633,0.4045,0,1,1
AF060200926,1,0,0,Away Team,0.4485,0.3865,0,1,1
AF060200926,1,0,0,Away Team,0.46240000000000003,0.39649999999999996,0,1,1
AF060200926,1,0,0,Away Team,0.45990000000000003,0.4125,0,1,1
AF060200926,2,0,0,Away Team,0.43229999999999996,0.39049999999999996,0,1,1
AF060200926,2,0,0,Away Team,0.4548,0.392,0,1,1
AF060200926,2,0,0,Away Team,0.4711,0.4167,0,1,1
AF060200926,2,0,0,Away Team,0.4711,0.4125,0,1,1
AF060200926,2,0,0,Home Team,0.4711,0.557,0,1,1
AF060200926,2,0,0,Home Team,0.7567,0.652,0,1,1
AF060200926,2,0,0,Home Team,0.7155,0.626,0,1,1
AF060200926,2,0,0,Home Team,0.7243,0.6568,0,1,1
AF060200926,2,0,0,Home Team,0.7243,0.5893,0,1,1
AF060200926,2,0,0,Home Team,0.6625,0.6890000000000001,0,1,1
AF060200926,2,0,0,Home Team,0.7776000000000001,0.6783,0,1,1
AF060200926,2,0,0,Home Team,0.8075,0.6628000000000001,0,1,1
AF060200926,2,0,0,Home Team,0.8075,0.7559999999999999,0,1,1
AF060200926,2,0,0,Home Team,0.8075,0.6940000000000001,0,1,1
AF060200926,2,0,0,Home Team,0.8075,0.3285,0,1,1
AF060220926,1,0,6,Away Team,0.5268999999999999,0.193,0,1,1
AF060220926,1,0,7,Away Team,0.40909999999999996,0.2955,0,1,1
AF060220926,1,0,7,Home Team,0.3997,0.2965,0,1,1
AF060220926,1,0,7,Home Team,0.4071,0.2945,0,1,1
AF060220926,1,0,7,Home Team,0.40399999999999997,0.309,0,1,1
AF060220926,1,0,7,Home Team,0.39759999999999995,0.2965,0,1,1
AF060220926,1,0,7,Home Team,0.3823,0.27449999999999997,0,1,1
AF060220926,1,0,7,Home Team,0.43310000000000004,0.33899999999999997,0,1,1
AF060220926,1,0,7,Home Team,0.446,0.3395,0,1,1
AF060220926,1,0,7,Home Team,0.41490000000000005,0.2945,0,1,1
AF060220926,2,0,7,Home Team,0.36340000000000006,0.262,0,1,1
AF060220926,2,6,7,Home Team,0.36340000000000006,0.41100000000000003,0,1,1
AF060220926,2,7,7,Home Team,0.5123,0.4035,0,1,1
AF060220926,2,7,7,Away Team,0.5075999999999999,0.39770000000000005,0,1,1
AF060220926,2,7,7,Away Team,0.5239,0.4122,0,1,1
AF060220926,2,7,7,Away Team,0.5816,0.43450000000000005,0,1,1
AF060220926,2,7,7,Away Team,0.5816,0.534,0,1,1
AF060220926,2,7,7,Home Team,0.588,0.5565,0,1,1
AF060220926,2,7,7,Home Team,0.6904,0.536,0,1,1
AF060220926,2,7,7,Home Team,0.6484000000000001,0.5385,0,1,1
AF060220926,2,7,7,Home Team,0.6484000000000001,0.45399999999999996,0,1,1
AF060220926,2,7,7,Away Team,0.49,0.3522,0,1,1
AF060220926,2,7,7,Away Team,0.4727,0.342,0,1,1
AF060220926,2,7,7,Away Team,0.4475,0.332,0,1,1
AF060220926,2,7,7,Away Team,0.45049999999999996,0.337,0,1,1
AF060220926,2,7,7,Away Team,0.4778,0.36869999999999997,0,1,1
AF060220926,2,7,7,Away Team,0.4778,0.41850000000000004,0,1,1
AF060220926,2,7,10,Away Team,0.5567,0.41700000000000004,0,1,1
AF060220926,2,7,10,Home Team,0.5929,0.3997,0,1,1
AF060220926,2,7,10,Home Team,0.6186,0.4547,0,1,1
AF060220926,2,7,10,Home Team,0.6162,0.4355,0,1,1
AF060220926,2,7,10,Home Team,0.515,0.3775,0,1,1
AF060220926,2,7,10,Home Team,0.515,0.3575,0,1,1
AF060220926,2,7,10,Away Team,0.3954,0.3145,0,1,1
AF061170926,1,0,0,Away Team,0.4893,0.45299999999999996,1,1,1
AF061170926,1,0,0,Away Team,0.49700000000000005,0.479,1,1,1
AF061170926,1,0,0,Away Team,0.43079999999999996,0.40299999999999997,1,1,1
AF061170926,1,0,6,Away Team,0.43079999999999996,0.33649999999999997,1,1,1
AF061170926,1,0,7,Away Team,0.3832,0.3425,1,1,1
AF061170926,1,0,7,Home Team,0.3892,0.34,1,1,1
AF061170926,1,0,7,Away Team,0.2073,0.2125,1,1,1
AF061170926,1,0,7,Away Team,0.1996,0.2225,1,1,1
AF061170926,1,0,7,Away Team,0.1889,0.1845,1,1,1
AF061170926,1,0,7,Away Team,0.1889,0.1881,1,1,1
AF061170926,1,0,7,Away Team,0.1889,0.19149999999999998,1,1,1
AF061170926,1,0,13,Away Team,0.1889,0.13449999999999998,1,1,1
AF061170926,1,0,14,Away Team,0.1684,0.1335,1,1,1
AF061170926,1,0,14,Home Team,0.1604,0.146,1,1,1
AF061170926,1,0,14,Home Team,0.1677,0.135,1,1,1
AF061170926,1,0,14,Home Team,0.16579999999999998,0.1285,1,1,1
AF061170926,2,0,14,Home Team,0.1696,0.1465,1,1,1
AF061170926,2,0,14,Home Team,0.1955,0.1425,1,1,1
AF061170926,2,0,14,Home Team,0.1821,0.1585,1,1,1
AF061170926,2,0,14,Home Team,0.1766,0.14300000000000002,1,1,1
AF061170926,2,6,14,Home Team,0.1766,0.179,1,1,1
AF061170926,2,7,14,Home Team,0.20440000000000003,0.1865,1,1,1
AF061170926,2,7,14,Away Team,0.2047,0.188,1,1,1
AF061170926,2,7,14,Home Team,0.4484,0.3625,1,1,1
AF061170926,2,7,14,Home Team,0.4653,0.3455,1,1,1
AF061170926,2,7,14,Home Team,0.4543,0.386,1,1,1
AF061170926,2,7,14,Home Team,0.489,0.4325,1,1,1
AF061170926,2,7,14,Home Team,0.48090000000000005,0.43450000000000005,1,1,1
AF061170926,2,7,14,Home Team,0.47850000000000004,0.39899999999999997,1,1,1
AF061170926,2,13,14,Home Team,0.47850000000000004,0.49450000000000005,1,1,1
AF061170926,2,14,14,Home Team,0.5373,0.475,1,1,1
AF061170926,2,14,14,Away Team,0.5045000000000001,0.47850000000000004,1,1,1
AF061170926,2,14,14,Away Team,0.5246,0.475,1,1,1
AF061170926,2,14,14,Away Team,0.5638000000000001,0.4975,1,1,1
AF061170926,2,14,14,Away Team,0.5638000000000001,0.5725,1,1,1
AF061170926,2,14,14,Home Team,0.5771999999999999,0.5645,1,1,1
AF061180926,1,0,0,Away Team,0.5333,0.4585,0,1,1
AF061180926,1,0,0,Away Team,0.5329,0.4495,0,1,1
AF061180926,1,0,0,Away Team,0.5047999999999999,0.44299999999999995,0,1,1
AF061180926,1,0,0,Away Team,0.5083,0.46299999999999997,0,1,1
AF061180926,1,0,0,Away Team,0.4963,0.42700000000000005,0,1,1
AF061180926,1,0,0,Away Team,0.49340000000000006,0.4365,0,1,1
AF061180926,1,0,0,Away Team,0.4595,0.40049999999999997,0,1,1
AF061180926,1,0,0,Away Team,0.4736,0.41600000000000004,0,1,1
AF061180926,1,0,0,Away Team,0.5085000000000001,0.45049999999999996,0,1,1
AF061180926,1,0,6,Away Team,0.5085000000000001,0.34,0,1,1
AF061180926,1,0,7,Away Team,0.39990000000000003,0.34049999999999997,0,1,1
AF061180926,1,0,7,Home Team,0.3967,0.35,0,1,1
AF061180926,2,0,7,Home Team,0.37079999999999996,0.33299999999999996,0,1,1
AF061180926,2,0,7,Home Team,0.415,0.376,0,1,1
AF061180926,2,0,7,Home Team,0.4164,0.391,0,1,1
AF061180926,2,0,7,Home Team,0.4549,0.386,0,1,1
AF061180926,2,0,7,Home Team,0.4568,0.37549999999999994,0,1,1
AF061180926,2,0,7,Home Team,0.4705,0.38049999999999995,0,1,1
AF061180926,2,0,7,Home Team,0.47130000000000005,0.37799999999999995,0,1,1
AF061180926,2,0,7,Home Team,0.47130000000000005,0.433,0,1,1
AF061180926,2,0,7,Home Team,0.4972,0.444,0,1,1
AF061180926,2,6,7,Home Team,0.4972,0.4355,0,1,1
AF061180926,2,7,7,Home Team,0.5599000000000001,0.4585,0,1,1
AF061180926,2,7,7,Away Team,0.5542,0.46950000000000003,0,1,1
AF061180926,2,7,7,Away Team,0.5158,0.41850000000000004,0,1,1
AF061180926,2,7,7,Away Team,0.5526,0.444,0,1,1
AF061180926,2,7,7,Away Team,0.518,0.44799999999999995,0,1,1
AF061180926,2,7,10,Away Team,0.518,0.4065,0,1,1
AF061180926,2,7,10,Home Team,0.4924,0.42,0,1,1
AF061180926,2,7,10,Home Team,0.4802,0.42450000000000004,0,1,1
AF061190926,1,0,0,Home Team,0.5053,0.4045,0,1,1
AF061190926,1,0,0,Home Team,0.4949,0.39799999999999996,0,1,1
AF061190926,1,0,0,Home Team,0.5334,0.42200000000000004,0,1,1
AF061190926,1,0,0,Home Team,0.5307999999999999,0.44,0,1,1
AF061190926,1,0,0,Home Team,0.5559000000000001,0.4495,0,1,1
AF061190926,1,0,0,Home Team,0.5609000000000001,0.47,0,1,1
AF061190926,1,0,0,Home Team,0.5661,0.47850000000000004,0,1,1
AF061190926,1,0,0,Home Team,0.5727,0.4817,0,1,1
AF061190926,2,0,0,Home Team,0.5887,0.525,0,1,1
AF061190926,2,6,0,Home Team,0.5887,0.5515,0,1,1
AF061190926,2,7,0,Home Team,0.6262,0.529,0,1,1
AF061190926,2,7,0,Away Team,0.6346,0.5585,0,1,1
AF061190926,2,7,0,Away Team,0.6244,0.546,0,1,1
AF061190926,2,7,0,Away Team,0.6236,0.5345,0,1,1
AF061190926,2,7,0,Away Team,0.544,0.505,0,1,1
AF061190926,2,7,6,Away Team,0.544,0.46149999999999997,0,1,1
AF061190926,2,7,7,Away Team,0.519,0.4525,0,1,1
AF061190926,2,7,7,Home Team,0.5178,0.4612,0,1,1
AF061190926,2,7,7,Away Team,0.21420000000000003,0.17550000000000002,0,1,1
AF061190926,2,7,13,Away Team,0.21420000000000003,0.177,0,1,1
AF061190926,2,7,14,Away Team,0.2011,0.17600000000000002,0,1,1
AF061190926,2,7,14,Home Team,0.2256,0.18100000000000002,0,1,1
AF061190926,2,7,14,Home Team,0.2018,0.155,0,1,1
AF061190926,2,7,14,Home Team,0.27140000000000003,0.2545,0,1,1
AF061190926,2,13,14,Home Team,0.27140000000000003,0.321,0,1,1
AF061190926,2,14,14,Home Team,0.3518,0.3245,0,1,1
AF061190926,2,14,14,Away Team,0.3555,0.34149999999999997,0,1,1
AF061190926,2,14,14,Away Team,0.3125,0.3165,0,1,1
AF061190926,2,14,14,Away Team,0.29969999999999997,0.29100000000000004,0,1,1
AF061190926,2,14,14,Away Team,0.2413,0.39799999999999996,0,1,1
AF061200926,1,0,0,Home Team,0.5550999999999999,0.5375,1,1,1
AF061200926,1,0,0,Home Team,0.5964,0.584,1,1,1
AF061200926,1,6,0,Home Team,0.5964,0.631,1,1,1
AF061200926,1,7,0,Home Team,0.6587999999999999,0.6204999999999999,1,1,1
AF061200926,1,7,0,Away Team,0.6528,0.654,1,1,1
AF061200926,1,7,0,Away Team,0.6748000000000001,0.6595,1,1,1
AF061200926,1,7,0,Away Team,0.684,0.6759999999999999,1,1,1
AF061200926,1,7,6,Away Team,0.684,0.551,1,1,1
AF061200926,1,7,7,Away Team,0.535,0.5285,1,1,1
AF061200926,1,7,7,Home Team,0.5351,0.5385,1,1,1
AF061200926,1,7,7,Home Team,0.5325,0.5445,1,1,1
AF061200926,1,7,7,Home Team,0.5807,0.59,1,1,1
AF061200926,1,7,7,Home Team,0.5971,0.609,1,1,1
AF061200926,1,9,7,Home Team,0.6137,0.6295000000000001,1,1,1
AF061200926,1,9,7,Home Team,0.6492,0.6355,1,1,1
AF061200926,2,15,7,Home Team,0.6492,0.6970000000000001,1,1,1
AF061200926,2,16,7,Home Team,0.7393000000000001,0.6965,1,1,1
AF061200926,2,16,7,Away Team,0.7494,0.706,1,1,1
AF061200926,2,16,7,Away Team,0.7536,0.7125,1,1,1
AF061200926,2,16,7,Away Team,0.7484999999999999,0.701,1,1,1
AF061200926,2,16,7,Away Team,0.7472,0.71,1,1,1
AF061200926,2,22,7,Home Team,0.7472,0.9165000000000001,1,1,1
AF061200926,2,23,7,Home Team,0.9251999999999999,0.9145,1,1,1
AF061200926,2,23,7,Away Team,0.9286,0.9075,1,1,1
AF061200926,2,23,7,Away Team,0.9355,0.9309999999999999,1,1,1
AF061200926,2,23,7,Home Team,0.9804,0.9690000000000001,1,1,1
AF061200926,2,23,7,Home Team,0.9804999999999999,0.97,1,1,1
AF061200926,2,23,7,Home Team,0.9891,0.988,1,1,1
AF061200926,2,23,7,Home Team,0.9923000000000001,0.9884999999999999,1,1,1
AF061200926,2,23,7,Home Team,0.9921,0.99,1,1,1
AF061200926,2,23,7,Home Team,0.9921,0.9804999999999999,1,1,1
AF061210926,1,0,0,Away Team,0.4115,0.45399999999999996,0,1,1
AF061210926,1,0,0,Away Team,0.3962,0.446,0,1,1
AF061210926,1,0,0,Away Team,0.37770000000000004,0.4435,0,1,1
AF061210926,1,0,0,Away Team,0.4023,0.45549999999999996,0,1,1
AF061210926,1,0,0,Away Team,0.43450000000000005,0.484,0,1,1
AF061210926,1,0,0,Away Team,0.37979999999999997,0.4255,0,1,1
AF061210926,1,0,0,Away Team,0.38,0.435,0,1,1
AF061210926,1,0,0,Away Team,0.3654,0.40399999999999997,0,1,1
AF061210926,1,0,0,Away Team,0.3713,0.40149999999999997,0,1,1
AF061210926,2,0,0,Away Team,0.3876,0.39270000000000005,0,1,1
AF061210926,2,0,0,Away Team,0.3514,0.39799999999999996,0,1,1
AF061210926,2,0,0,Away Team,0.3514,0.444,0,1,1
AF061210926,2,0,0,Away Team,0.4033,0.3525,0,1,1
AF061210926,2,0,6,Away Team,0.3221,0.2945,0,1,1
AF061210926,2,0,7,Away Team,0.2909,0.284,0,1,1
AF061210926,2,0,7,Home Team,0.2893,0.287,0,1,1
AF061210926,2,6,7,Home Team,0.2893,0.44049999999999995,0,1,1
AF061210926,2,7,7,Home Team,0.3983,0.4515,0,1,1
AF061210926,2,7,7,Away Team,0.4117,0.462,0,1,1
AF061210926,2,7,7,Away Team,0.41119999999999995,0.488,0,1,1
AF061210926,2,7,7,Away Team,0.4671,0.506,0,1,1
AF061210926,2,7,7,Home Team,0.654,0.6609999999999999,0,1,1
AF061210926,2,7,7,Home Team,0.6627,0.6835,0,1,1
AF061210926,2,7,7,Home Team,0.7077,0.7325,0,1,1
AF061210926,2,7,7,Home Team,0.7077,0.73,0,1,1
AF061210926,2,7,7,Home Team,0.7077,0.705,0,1,1
AF061210926,2,7,7,Away Team,0.4604,0.501,0,1,1
AF061210926,2,7,7,Away Team,0.4778,0.5035000000000001,0,1,1
AF061210926,2,7,7,Away Team,0.49200000000000005,0.501,0,1,1
AF061210926,2,7,7,Home Team,0.5581,0.5225,0,1,1
AF061220926,1,0,0,Home Team,0.4489,0.4475,1,1,1
AF061220926,1,6,0,Home Team,0.4489,0.546,1,1,1
AF061220926,1,7,0,Home Team,0.593,0.5425,1,1,1
AF061220926,1,7,0,Away Team,0.5787,0.5595,1,1,1
AF061220926,1,7,0,Away Team,0.6058,0.5795,1,1,1
AF061220926,1,7,0,Away Team,0.5947,0.5539999999999999,1,1,1
AF061220926,1,7,0,Away Team,0.5629,0.5455,1,1,1
AF061220926,1,7,0,Away Team,0.5934,0.5655,1,1,1
AF061220926,1,7,0,Away Team,0.6209,0.5845,1,1,1
AF061220926,1,7,0,Away Team,0.6209,0.6643000000000001,1,1,1
AF061220926,1,7,0,Away Team,0.6557999999999999,0.5325,1,1,1
AF061220926,1,7,0,Away Team,0.5479999999999999,0.532,1,1,1
AF061220926,1,7,0,Away Team,0.5479999999999999,0.505,1,1,1
AF061220926,1,7,0,Away Team,0.5225,0.5205,1,1,1
AF061220926,2,7,0,Away Team,0.5355,0.556,1,1,1
AF061220926,2,7,6,Away Team,0.5355,0.473,1,1,1
AF061220926,2,7,7,Away Team,0.47759999999999997,0.4635,1,1,1
AF061220926,2,7,7,Home Team,0.4838,0.4545,1,1,1
AF061220926,2,7,7,Home Team,0.45039999999999997,0.4722,1,1,1
AF061220926,2,7,7,Home Team,0.47009999999999996,0.4537,1,1,1
AF061220926,2,7,7,Home Team,0.5019,0.4902,1,1,1
AF061220926,2,7,7,Home Team,0.5086999999999999,0.488,1,1,1
AF061220926,2,7,7,Home Team,0.5206000000000001,0.5115,1,1,1
AF061220926,2,7,7,Home Team,0.49689999999999995,0.5003,1,1,1
AF061220926,2,7,7,Home Team,0.5207,0.5118,1,1,1
AF061220926,2,7,7,Home Team,0.5417000000000001,0.5385,1,1,1
AF061220926,2,7,7,Home Team,0.5494,0.5055,1,1,1
AF061220926,2,7,7,Home Team,0.42840000000000006,0.408,1,1,1
AF061220926,2,7,7,Home Team,0.42840000000000006,0.386,1,1,1
AF061220926,2,10,7,Home Team,0.41509999999999997,0.4092,1,1,1
AF061220926,2,10,7,Away Team,0.39,0.4102,1,1,1
AF061220926,2,10,7,Away Team,0.4096,0.4007,1,1,1
AF061220926,2,10,7,Away Team,0.4096,0.3845,1,1,1
AF061220926,2,10,7,Away Team,0.4028,0.4065,1,1,1
AF061220926,2,10,7,Away Team,0.3701,0.377,1,1,1
AF061220926,2,10,7,Away Team,0.3439,0.35600000000000004,1,1,1
AF061220926,2,10,7,Away Team,0.2743,0.2985,1,1,1
AF061220926,2,10,7,Away Team,0.2955,0.318,1,1,1
AF061220926,2,10,7,Home Team,0.2955,0.537,1,1,1
AF061220926,2,10,7,Home Team,0.5552,0.54,1,1,1
AF062170926,1,0,0,Away Team,0.40130000000000005,0.4775,1,1,1
AF062170926,1,0,0,Away Team,0.4044,0.47100000000000003,1,1,1
AF062170926,1,0,0,Away Team,0.39520000000000005,0.45299999999999996,1,1,1
AF062170926,1,0,0,Away Team,0.38380000000000003,0.451,1,1,1
AF062170926,1,0,0,Away Team,0.3835,0.42700000000000005,1,1,1
AF062170926,1,0,0,Away Team,0.39149999999999996,0.445,1,1,1
AF062170926,1,0,0,Away Team,0.4607,0.478,1,1,1
AF062170926,1,0,0,Away Team,0.4607,0.489,1,1,1
AF062170926,1,0,0,Away Team,0.47100000000000003,0.614,1,1,1
AF062170926,1,0,0,Home Team,0.6263000000000001,0.6409999999999999,1,1,1
AF062170926,2,0,0,Home Team,0.6351,0.669,1,1,1
AF062170926,2,0,0,Home Team,0.6429,0.6575,1,1,1
AF062170926,2,0,0,Home Team,0.6661,0.6759999999999999,1,1,1
AF062170926,2,6,0,Home Team,0.6661,0.735,1,1,1
AF062170926,2,7,0,Home Team,0.7162000000000001,0.752,1,1,1
AF062170926,2,7,0,Away Team,0.6845,0.6759999999999999,1,1,1
AF062170926,2,7,0,Away Team,0.6728000000000001,0.667,1,1,1
AF062170926,2,7,0,Away Team,0.6731999999999999,0.6815000000000001,1,1,1
AF062170926,2,7,0,Away Team,0.7016,0.7159,1,1,1
AF062170926,2,7,0,Away Team,0.7016,0.7855,1,1,1
AF062170926,2,7,3,Away Team,0.7754000000000001,0.772,1,1,1
AF062170926,2,7,3,Home Team,0.7842,0.7745000000000001,1,1,1
AF062170926,2,7,3,Home Team,0.8031999999999999,0.7915000000000001,1,1,1
AF062170926,2,7,3,Home Team,0.8089,0.792,1,1,1
AF062170926,2,7,3,Home Team,0.8391,0.8105,1,1,1
AF062170926,2,13,3,Home Team,0.8391,0.9295,1,1,1
AF062170926,2,14,3,Home Team,0.9455,0.9384999999999999,1,1,1
AF062170926,2,14,3,Away Team,0.9551999999999999,0.9335,1,1,1
AF062170926,2,14,3,Away Team,0.9525,0.943,1,1,1
AF062190926,1,0,0,Home Team,0.5898,0.6204999999999999,1,1,1
AF062190926,1,0,0,Home Team,0.5743,0.6045,1,1,1
AF062190926,1,0,0,Home Team,0.5501,0.5685,1,1,1
AF062190926,1,0,0,Home Team,0.5501,0.586,1,1,1
AF062190926,1,0,0,Home Team,0.5703,0.6779999999999999,1,1,1
AF062190926,1,0,0,Home Team,0.6509999999999999,0.6765000000000001,1,1,1
AF062190926,1,0,0,Home Team,0.6264,0.664,1,1,1
AF062190926,1,6,0,Home Team,0.6264,0.726,1,1,1
AF062190926,1,7,0,Home Team,0.6939,0.7184999999999999,1,1,1
AF062190926,1,7,0,Away Team,0.6940000000000001,0.727,1,1,1
AF062190926,1,7,0,Away Team,0.7132999999999999,0.748,1,1,1
AF062190926,1,7,0,Away Team,0.7034,0.7225,1,1,1
AF062190926,1,7,0,Away Team,0.677,0.7175,1,1,1
AF062190926,1,7,0,Away Team,0.677,0.6745,1,1,1
AF062190926,2,7,0,Away Team,0.6305,0.6509999999999999,1,1,1
AF062190926,2,7,0,Away Team,0.6242,0.684,1,1,1
AF062190926,2,7,0,Away Team,0.6242,0.6679999999999999,1,1,1
AF062190926,2,7,0,Away Team,0.6242,0.6435,1,1,1
AF062190926,2,7,0,Away Team,0.6462,0.6765000000000001,1,1,1
AF062190926,2,7,0,Home Team,0.8279000000000001,0.8365,1,1,1
AF062190926,2,7,0,Home Team,0.8422,0.8684999999999999,1,1,1
AF062190926,2,7,0,Home Team,0.8539,0.88,1,1,1
AF062190926,2,7,0,Home Team,0.8316,0.8695,1,1,1
AF062190926,2,7,0,Home Team,0.8306,0.8504999999999999,1,1,1
AF062190926,2,13,0,Home Team,0.8306,0.92,1,1,1
AF062190926,2,14,0,Home Team,0.9206,0.9195,1,1,1
AF062190926,2,14,0,Away Team,0.915,0.9275,1,1,1
AF062190926,2,14,0,Away Team,0.9209999999999999,0.9440000000000001,1,1,1
AF062190926,2,14,0,Home Team,0.9737,0.9825,1,1,1
AF062190926,2,14,0,Home Team,0.9664,0.978,1,1,1
AF062190926,2,14,0,Home Team,0.9718000000000001,0.9790000000000001,1,1,1
AF062190926,2,14,0,Home Team,0.9806999999999999,0.9834999999999999,1,1,1
AF062190926,2,14,0,Home Team,0.9834999999999999,0.983,1,1,1
AF062190926,2,17,0,Home Team,0.9834999999999999,0.9890000000000001,1,1,1
AF062190926,2,17,0,Away Team,0.9845,0.9875,1,1,1
AF062200926,1,0,0,Away Team,0.5335,0.4595,0,1,1
AF062200926,1,0,0,Away Team,0.557,0.46520000000000006,0,1,1
AF062200926,1,0,0,Home Team,0.7304999999999999,0.5675,0,1,1
AF062200926,1,0,0,Away Team,0.4997,0.387,0,1,1
AF062200926,1,0,0,Away Team,0.5215,0.3975,0,1,1
AF062200926,1,0,0,Away Team,0.4719,0.34600000000000003,0,1,1
AF062200926,1,0,0,Away Team,0.4675,0.35100000000000003,0,1,1
AF062200926,1,0,6,Away Team,0.4675,0.28800000000000003,0,1,1
AF062200926,1,0,7,Away Team,0.4054,0.295,0,1,1
AF062200926,1,0,7,Home Team,0.4065,0.289,0,1,1
AF062200926,1,0,7,Home Team,0.3858,0.266,0,1,1
AF062200926,1,0,7,Home Team,0.3918,0.259,0,1,1
AF062200926,1,0,7,Home Team,0.43079999999999996,0.32,0,1,1
AF062200926,2,0,7,Home Team,0.42200000000000004,0.3215,0,1,1
AF062200926,2,0,7,Home Team,0.4486,0.34600000000000003,0,1,1
AF062200926,2,0,7,Home Team,0.434,0.335,0,1,1
AF062200926,2,0,7,Home Team,0.4581,0.3295,0,1,1
AF062200926,2,0,7,Home Team,0.4581,0.289,0,1,1
AF062200926,2,0,7,Home Team,0.4043,0.3385,0,1,1
AF062200926,2,0,7,Home Team,0.47479999999999994,0.325,0,1,1
AF062200926,2,0,7,Home Team,0.507,0.3497,0,1,1
AF062200926,2,0,7,Home Team,0.5239,0.38270000000000004,0,1,1
AF062200926,2,0,7,Away Team,0.2412,0.18969999999999998,0,1,1
AF062200926,2,0,7,Away Team,0.2493,0.1855,0,1,1
AF062200926,2,0,7,Away Team,0.2609,0.1595,0,1,1
AF062200926,2,0,7,Away Team,0.2609,0.1155,0,1,1
AF062210926,1,0,0,Away Team,0.5074000000000001,0.546,1,1,1
AF062210926,1,0,0,Away Team,0.4654,0.5185,1,1,1
AF062210926,1,0,0,Away Team,0.4758,0.514,1,1,1
AF062210926,1,0,0,Away Team,0.47490000000000004,0.5145000000000001,1,1,1
AF062210926,1,0,0,Away Team,0.4686,0.49,1,1,1
AF062210926,1,0,0,Away Team,0.446,0.5163,1,1,1
AF062210926,1,0,0,Away Team,0.47,0.5125,1,1,1
AF062210926,1,0,0,Away Team,0.47,0.5545,1,1,1
AF062210926,1,0,3,Away Team,0.5086999999999999,0.5495,1,1,1
AF062210926,1,0,3,Home Team,0.5294,0.55,1,1,1
AF062210926,1,6,3,Home Team,0.5294,0.7,1,1,1
AF062210926,1,7,3,Home Team,0.6770999999999999,0.698,1,1,1
AF062210926,1,7,3,Away Team,0.6396999999999999,0.6609999999999999,1,1,1
AF062210926,2,7,3,Away Team,0.6474,0.6395000000000001,1,1,1
AF062210926,2,7,3,Away Team,0.6377,0.6345000000000001,1,1,1
AF062210926,2,7,3,Away Team,0.6179,0.623,1,1,1
AF062210926,2,7,9,Away Team,0.6179,0.515,1,1,1
AF062210926,2,7,10,Away Team,0.5579999999999999,0.531,1,1,1
AF062210926,2,7,10,Home Team,0.5367000000000001,0.525,1,1,1
AF062210926,2,7,10,Home Team,0.5556,0.562,1,1,1
AF062210926,2,7,10,Home Team,0.5771000000000001,0.5435,1,1,1
AF062210926,2,7,10,Home Team,0.5653,0.5315,1,1,1
AF062210926,2,7,10,Home Team,0.49939999999999996,0.484,1,1,1
AF062210926,2,7,10,Home Team,0.49939999999999996,0.43,1,1,1
AF062210926,2,7,10,Away Team,0.5112,0.4225,1,1,1
AF062210926,2,13,10,Home Team,0.37420000000000003,0.7944,1,1,1
AF062210926,2,14,10,Home Team,0.7972,0.7868999999999999,1,1,1
AF062210926,2,14,10,Away Team,0.7829,0.7804000000000001,1,1,1
AF062210926,2,14,10,Away Team,0.8104,0.802,1,1,1
AF062220926,1,6,0,Home Team,0.4736,0.752,0,1,1
AF062220926,1,7,0,Home Team,0.618,0.6375,0,1,1
AF062220926,1,7,0,Away Team,0.6162,0.628,0,1,1
AF062220926,1,7,0,Away Team,0.6396000000000001,0.6645,0,1,1
AF062220926,1,7,0,Away Team,0.6916,0.6709999999999999,0,1,1
AF062220926,1,7,0,Away Team,0.5698,0.596,0,1,1
AF062220926,1,7,0,Away Team,0.5629,0.5855,0,1,1
AF062220926,1,7,0,Away Team,0.5965,0.6135,0,1,1
AF062220926,1,7,0,Away Team,0.5533,0.575,0,1,1
AF062220926,1,7,0,Away Team,0.5764,0.5915,0,1,1
AF062220926,1,7,0,Away Team,0.5932,0.6328,0,1,1
AF062220926,1,7,0,Away Team,0.5932,0.6735,0,1,1
AF062220926,1,7,3,Away Team,0.6579999999999999,0.7069,0,1,1
AF062220926,1,7,3,Home Team,0.6604000000000001,0.6878,0,1,1
AF062220926,1,7,3,Home Team,0.6704000000000001,0.6995,0,1,1
AF062220926,2,7,3,Home Team,0.6718000000000001,0.7190000000000001,0,1,1
AF062220926,2,7,3,Home Team,0.6666,0.7073999999999999,0,1,1
AF062220926,2,7,3,Home Team,0.6559999999999999,0.67,0,1,1
AF062220926,2,7,3,Home Team,0.6559999999999999,0.546,0,1,1
AF062220926,2,7,3,Away Team,0.5985,0.53,0,1,1
AF062220926,2,7,3,Away Team,0.521,0.5255,0,1,1
AF062220926,2,7,3,Away Team,0.4689,0.496,0,1,1
AF062220926,2,7,3,Home Team,0.7473000000000001,0.7548999999999999,0,1,1
AF062220926,2,13,3,Home Team,0.7473000000000001,0.7975,0,1,1
AF062220926,2,14,3,Home Team,0.7733,0.7965000000000001,0,1,1
AF062220926,2,14,3,Away Team,0.7709999999999999,0.7954000000000001,0,1,1
AF062220926,2,14,3,Away Team,0.7321,0.7624,0,1,1
AF062220926,2,14,3,Away Team,0.7364,0.7605,0,1,1
AF062220926,2,14,3,Away Team,0.7041,0.7334999999999999,0,1,1
AF062220926,2,14,9,Away Team,0.7041,0.7134999999999999,0,1,1
AF062220926,2,14,10,Away Team,0.6878,0.7225,0,1,1
AF062220926,2,14,10,Home Team,0.6878,0.7204999999999999,0,1,1
AF062220926,2,14,10,Home Team,0.6406000000000001,0.7070000000000001,0,1,1
AF062220926,2,14,10,Home Team,0.6708,0.6825,0,1,1
AF062220926,2,14,10,Home Team,0.7286,0.736,0,1,1
AF062220926,2,14,10,Home Team,0.7976000000000001,0.7615000000000001,0,1,1
AF062220926,2,14,10,Home Team,0.736,0.753,0,1,1
AF062220926,2,14,10,Home Team,0.731,0.7475,0,1,1
AF062220926,2,14,10,Home Team,0.792,0.7785,0,1,1
AF062220926,2,17,10,Away Team,0.7329000000000001,0.7595000000000001,0,1,1
AF063170926,1,0,0,Home Team,0.40399999999999997,0.384,0,1,1
AF063170926,1,0,0,Home Team,0.3859,0.365,0,1,1
AF063170926,1,0,0,Home Team,0.4075,0.409,0,1,1
AF063170926,1,0,0,Home Team,0.4275,0.42,0,1,1
AF063170926,1,0,0,Home Team,0.4728,0.46799999999999997,0,1,1
AF063170926,1,0,0,Home Team,0.4629,0.457,0,1,1
AF063170926,1,0,0,Home Team,0.44079999999999997,0.418,0,1,1
AF063170926,1,6,0,Home Team,0.44079999999999997,0.5145000000000001,0,1,1
AF063170926,1,7,0,Home Team,0.5422,0.521,0,1,1
AF063170926,1,7,0,Away Team,0.5368999999999999,0.515,0,1,1
AF063170926,1,7,0,Away Team,0.5647,0.5329999999999999,0,1,1
AF063170926,2,7,0,Away Team,0.5219,0.525,0,1,1
AF063170926,2,7,0,Away Team,0.46619999999999995,0.4725,0,1,1
AF063170926,2,7,0,Away Team,0.4656,0.456,0,1,1
AF063170926,2,7,0,Away Team,0.4656,0.465,0,1,1
AF063170926,2,7,6,Away Team,0.4656,0.4325,0,1,1
AF063170926,2,7,7,Away Team,0.43829999999999997,0.434,0,1,1
AF063170926,2,7,7,Home Team,0.4303,0.42200000000000004,0,1,1
AF063170926,2,7,7,Home Team,0.41450000000000004,0.45549999999999996,0,1,1
AF063170926,2,7,7,Home Team,0.4105,0.4265,0,1,1
AF063170926,2,7,7,Home Team,0.3636,0.375,0,1,1
AF063170926,2,7,7,Home Team,0.3636,0.284,0,1,1
AF063170926,2,7,7,Away Team,0.35350000000000004,0.297,0,1,1
AF063170926,2,7,7,Away Team,0.28809999999999997,0.3015,0,1,1
AF063170926,2,7,7,Away Team,0.2493,0.2345,0,1,1
AF063170926,2,7,7,Away Team,0.2677,0.267,0,1,1
AF063170926,2,7,7,Away Team,0.2647,0.273,0,1,1
AF063170926,2,7,7,Away Team,0.2647,0.375,0,1,1
AF063170926,2,7,7,Home Team,0.2874,0.3885,0,1,1
AF063170926,2,7,7,Home Team,0.38799999999999996,0.397,0,1,1
AF063170926,2,7,7,Home Team,0.34119999999999995,0.39799999999999996,0,1,1
AF063170926,2,7,7,Home Team,0.3317,0.3195,0,1,1
AF063180926,1,0,0,Away Team,0.5342,0.542,0,1,1
AF063180926,1,0,0,Away Team,0.5388000000000001,0.5515,0,1,1
AF063180926,1,0,0,Away Team,0.5793,0.6015,0,1,1
AF063180926,1,0,0,Away Team,0.5174,0.5535,0,1,1
AF063180926,1,0,0,Away Team,0.5307999999999999,0.545,0,1,1
AF063180926,1,0,0,Away Team,0.5181,0.5275,0,1,1
AF063180926,1,0,0,Away Team,0.49829999999999997,0.5078,0,1,1
AF063180926,1,0,0,Away Team,0.5414,0.5715,0,1,1
AF063180926,1,0,0,Away Team,0.5996,0.5865,0,1,1
AF063180926,1,0,0,Away Team,0.5996,0.621,0,1,1
AF063180926,1,0,0,Home Team,0.6153,0.6415000000000001,0,1,1
AF063180926,1,0,0,Home Team,0.6153,0.603,0,1,1
AF063180926,1,0,0,Home Team,0.6870999999999999,0.6575,0,1,1
AF063180926,1,0,0,Home Team,0.6689,0.626,0,1,1
AF063180926,2,0,0,Home Team,0.701,0.6975,0,1,1
AF063180926,2,0,0,Home Team,0.7054,0.7155,0,1,1
AF063180926,2,0,0,Home Team,0.7088,0.7075,0,1,1
AF063180926,2,0,0,Home Team,0.701,0.65,0,1,1
AF063180926,2,0,0,Home Team,0.7404999999999999,0.7204999999999999,0,1,1
AF063180926,2,0,0,Home Team,0.7931,0.7425,0,1,1
AF063180926,2,0,0,Home Team,0.7748,0.7315,0,1,1
AF063180926,2,0,0,Home Team,0.7525,0.713,0,1,1
AF063180926,2,0,0,Home Team,0.7525,0.7020000000000001,0,1,1
AF063180926,2,3,0,Home Team,0.7044,0.6775,0,1,1
AF063180926,2,3,0,Away Team,0.6677,0.6884999999999999,0,1,1
AF063180926,2,3,0,Away Team,0.6865000000000001,0.7075,0,1,1
AF063180926,2,3,0,Away Team,0.7515000000000001,0.74,0,1,1
AF063180926,2,3,0,Away Team,0.7515000000000001,0.56,0,1,1
AF063180926,2,3,0,Away Team,0.546,0.5820000000000001,0,1,1
AF063180926,2,3,0,Away Team,0.546,0.6085,0,1,1
AF063210926,1,0,0,Away Team,0.5759000000000001,0.512,1,1,1
AF063210926,1,0,0,Home Team,0.7756000000000001,0.6265,1,1,1
AF063210926,1,6,0,Home Team,0.7756000000000001,0.7120000000000001,1,1,1
AF063210926,1,7,0,Home Team,0.8068000000000001,0.7240000000000001,1,1,1
AF063210926,1,7,0,Away Team,0.8097,0.7204999999999999,1,1,1
AF063210926,1,7,0,Away Team,0.8015000000000001,0.6888,1,1,1
AF063210926,1,7,0,Away Team,0.8039000000000001,0.6995,1,1,1
AF063210926,1,7,0,Away Team,0.8062999999999999,0.706,1,1,1
AF063210926,1,7,0,Away Team,0.8312,0.7334999999999999,1,1,1
AF063210926,1,7,0,Away Team,0.7972,0.7075,1,1,1
AF063210926,1,7,0,Away Team,0.7951,0.71,1,1,1
AF063210926,1,7,0,Away Team,0.8146,0.7125,1,1,1
AF063210926,1,7,0,Away Team,0.7945,0.6755,1,1,1
AF063210926,2,7,0,Away Team,0.784,0.6713,1,1,1
AF063210926,2,7,0,Away Team,0.8111,0.7155,1,1,1
AF063210926,2,7,0,Away Team,0.8111,0.736,1,1,1
AF063210926,2,7,3,Away Team,0.8243,0.7605,1,1,1
AF063210926,2,7,3,Home Team,0.8593999999999999,0.754,1,1,1
AF063210926,2,7,3,Home Team,0.8683,0.7705,1,1,1
AF063210926,2,7,3,Home Team,0.8425,0.7155,1,1,1
AF063210926,2,7,3,Home Team,0.8885,0.7825,1,1,1
AF063210926,2,7,3,Home Team,0.872,0.7925,1,1,1
AF063210926,2,7,3,Home Team,0.8917,0.8045,1,1,1
AF063210926,2,7,3,Home Team,0.9283,0.8545,1,1,1
AF063210926,2,7,3,Home Team,0.92,0.8334999999999999,1,1,1
AF063210926,2,13,3,Home Team,0.92,0.92,1,1,1
AF063210926,2,14,3,Home Team,0.9579000000000001,0.9279999999999999,1,1,1
AF063210926,2,14,3,Away Team,0.9579000000000001,0.9359999999999999,1,1,1
AF063210926,2,14,3,Home Team,0.9892,0.966,1,1,1
AF063210926,2,17,3,Away Team,0.9878,0.975,1,1,1
AF063220926,1,0,0,Home Team,0.5002,0.47850000000000004,0,1,1
AF063220926,1,0,0,Home Team,0.5114,0.4732,0,1,1
AF063220926,1,0,0,Home Team,0.5288,0.484,0,1,1
AF063220926,1,0,0,Home Team,0.5059,0.469,0,1,1
AF063220926,1,0,0,Home Team,0.5309,0.5158,0,1,1
AF063220926,1,0,0,Home Team,0.5274,0.51,0,1,1
AF063220926,1,0,0,Home Team,0.5014,0.483,0,1,1
AF063220926,1,0,0,Home Team,0.5014,0.4202,0,1,1
AF063220926,1,0,0,Home Team,0.4728,0.524,0,1,1
AF063220926,1,0,0,Home Team,0.5543,0.5335,0,1,1
AF063220926,1,0,0,Home Team,0.5379,0.5388000000000001,0,1,1
AF063220926,1,0,0,Home Team,0.5379,0.4842,0,1,1
AF063220926,1,6,0,Home Team,0.5078,0.617,0,1,1
AF063220926,1,7,0,Home Team,0.5078,0.6255,0,1,1
AF063220926,1,7,0,Away Team,0.6416,0.643,0,1,1
AF063220926,1,7,0,Away Team,0.6474,0.655,0,1,1
AF063220926,1,7,6,Away Team,0.6474,0.5238,0,1,1
AF063220926,1,7,7,Away Team,0.5315,0.5335,0,1,1
AF063220926,1,7,7,Home Team,0.5118,0.5305,0,1,1
AF063220926,2,7,7,Home Team,0.4985,0.506,0,1,1
AF063220926,2,7,7,Home Team,0.5029,0.5185,0,1,1
AF063220926,2,7,13,Away Team,0.5029,0.2555,0,1,1
AF063220926,2,7,14,Away Team,0.2438,0.25,0,1,1
AF063220926,2,7,14,Home Team,0.2368,0.249,0,1,1
AF063220926,2,7,14,Home Team,0.239,0.2525,0,1,1
AF063220926,2,7,14,Home Team,0.2493,0.2515,0,1,1
AF063220926,2,7,14,Home Team,0.22719999999999999,0.233,0,1,1
AF063220926,2,7,14,Home Team,0.22719999999999999,0.17550000000000002,0,1,1
AF063220926,2,7,14,Away Team,0.08,0.09449999999999999,0,1,1
AF063220926,2,7,14,Away Team,0.08199999999999999,0.1025,0,1,1
AF063220926,2,7,20,Away Team,0.08199999999999999,0.055,0,1,1
AF063220926,2,7,21,Away Team,0.08,0.063,0,1,1
AF063220926,2,7,21,Home Team,0.08,0.057999999999999996,0,1,1
AF063220926,2,7,21,Home Team,0.08,0.078,0,1,1
AF063220926,2,7,21,Away Team,0.08,0.0305,0,1,1
AF063220926,2,7,21,Away Team,0.08,0.0355,0,1,1
AF063220926,2,7,21,Away Team,0.08,0.0495,0,1,1
AF063220926,2,7,21,Home Team,0.08,0.0915,0,1,1
AF063220926,2,7,21,Home Team,0.08,0.109,0,1,1
AF063220926,2,7,21,Home Team,0.08,0.091,0,1,1
AF063220926,2,13,21,Home Team,0.08,0.109,0,1,1
AF063220926,2,15,21,Home Team,0.13,0.139,0,1,1
AF063220926,2,15,21,Away Team,0.13,0.14400000000000002,0,1,1
AF063220926,2,15,21,Away Team,0.10220000000000001,0.1105,0,1,1
AF063220926,2,15,21,Away Team,0.0885,0.1255,0,1,1
AF063220926,2,15,24,Away Team,0.0885,0.0625,0,1,1
AF064170926,1,0,0,Away Team,0.6032,0.48100000000000004,1,1,1
AF064170926,1,0,0,Away Team,0.5579999999999999,0.41200000000000003,1,1,1
AF064170926,1,0,0,Away Team,0.5438000000000001,0.4155,1,1,1
AF064170926,1,0,0,Away Team,0.5394,0.3995,1,1,1
AF064170926,1,0,0,Away Team,0.5394,0.405,1,1,1
AF064170926,1,0,0,Away Team,0.5465,0.4042,1,1,1
AF064170926,1,0,0,Away Team,0.5465,0.4532,1,1,1
AF064170926,1,0,6,Away Team,0.5918,0.309,1,1,1
AF064170926,1,0,7,Away Team,0.5918,0.304,1,1,1
AF064170926,1,0,7,Home Team,0.48560000000000003,0.3048,1,1,1
AF064170926,1,0,7,Home Team,0.4814,0.337,1,1,1
AF064170926,2,0,7,Home Team,0.5212,0.34450000000000003,1,1,1
AF064170926,2,0,7,Home Team,0.5218,0.3565,1,1,1
AF064170926,2,0,7,Home Team,0.5136,0.37070000000000003,1,1,1
AF064170926,2,0,7,Home Team,0.5336,0.38,1,1,1
AF064170926,2,0,7,Home Team,0.5085999999999999,0.396,1,1,1
AF064170926,2,0,7,Home Team,0.5538000000000001,0.401,1,1,1
AF064170926,2,0,7,Home Team,0.5675,0.426,1,1,1
AF064170926,2,6,7,Home Team,0.5675,0.5045000000000001,1,1,1
AF064170926,2,7,7,Home Team,0.6567000000000001,0.5108,1,1,1
AF064170926,2,7,7,Away Team,0.6229,0.5175,1,1,1
AF064170926,2,7,7,Home Team,0.8209000000000001,0.6875,1,1,1
AF064170926,2,7,7,Home Team,0.8534999999999999,0.6338,1,1,1
AF064170926,2,10,7,Home Team,0.8534999999999999,0.713,1,1,1
AF064180926,1,0,0,Home Team,0.5203,0.3865,1,1,1
AF064180926,1,0,0,Home Team,0.5372,0.41600000000000004,1,1,1
AF064180926,1,0,0,Home Team,0.5643,0.4675,1,1,1
AF064180926,1,0,0,Home Team,0.5720000000000001,0.439,1,1,1
AF064180926,1,0,0,Home Team,0.5678,0.46799999999999997,1,1,1
AF064180926,1,0,0,Home Team,0.5747,0.47700000000000004,1,1,1
AF064180926,1,6,0,Home Team,0.5747,0.563,1,1,1
AF064180926,1,7,0,Home Team,0.6313,0.563,1,1,1
AF064180926,1,7,0,Away Team,0.6283,0.5760000000000001,1,1,1
AF064180926,1,7,0,Away Team,0.6112,0.5479999999999999,1,1,1
AF064180926,1,7,0,Away Team,0.6345000000000001,0.5525,1,1,1
AF064180926,2,7,0,Away Team,0.5895,0.505,1,1,1
AF064180926,2,7,0,Away Team,0.6065999999999999,0.532,1,1,1
AF064180926,2,7,0,Away Team,0.5904,0.522,1,1,1
AF064180926,2,7,0,Away Team,0.5646,0.479,1,1,1
AF064180926,2,7,0,Away Team,0.5782,0.5175,1,1,1
AF064180926,2,7,0,Away Team,0.6008,0.5475,1,1,1
AF064180926,2,7,0,Away Team,0.6008,0.6145,1,1,1
AF064180926,2,7,3,Away Team,0.6717,0.619,1,1,1
AF064180926,2,7,3,Home Team,0.6973,0.6125,1,1,1
AF064180926,2,7,3,Home Team,0.6758,0.609,1,1,1
AF064180926,2,7,3,Home Team,0.6243,0.54,1,1,1
AF064180926,2,7,3,Home Team,0.742,0.6645,1,1,1
AF064180926,2,7,3,Home Team,0.742,0.662,1,1,1
AF064180926,2,7,3,Home Team,0.6645,0.6145,1,1,1
AF064180926,2,7,3,Home Team,0.6645,0.519,1,1,1
AF064180926,2,7,3,Away Team,0.6920999999999999,0.5245000000000001,1,1,1
AF064180926,2,7,3,Away Team,0.5361,0.51,1,1,1
AF064180926,2,7,3,Away Team,0.541,0.5145000000000001,1,1,1
AF064180926,2,7,3,Away Team,0.5183,0.49700000000000005,1,1,1
AF064180926,2,7,6,Away Team,0.5183,0.39149999999999996,1,1,1
AF064200926,1,0,0,Away Team,0.5093,0.469,0,1,1
AF064200926,1,0,0,Away Team,0.5362,0.4902,0,1,1
AF064200926,1,0,0,Away Team,0.48810000000000003,0.4305,0,1,1
AF064200926,1,0,0,Away Team,0.4683,0.41100000000000003,0,1,1
AF064200926,1,0,0,Away Team,0.4559,0.40549999999999997,0,1,1
AF064200926,1,0,6,Away Team,0.4559,0.3065,0,1,1
AF064200926,1,0,7,Away Team,0.3897,0.3035,0,1,1
AF064200926,1,0,7,Home Team,0.3997,0.299,0,1,1
AF064200926,1,0,7,Home Team,0.3975,0.3175,0,1,1
AF064200926,1,0,7,Home Team,0.44189999999999996,0.3502,0,1,1
AF064200926,1,0,7,Home Team,0.4536,0.3685,0,1,1
AF064200926,2,0,7,Home Team,0.4667,0.3735,0,1,1
AF064200926,2,0,7,Home Team,0.45020000000000004,0.384,0,1,1
AF064200926,2,0,7,Home Team,0.41490000000000005,0.33799999999999997,0,1,1
AF064200926,2,0,7,Home Team,0.41490000000000005,0.2785,0,1,1
AF064200926,2,6,7,Home Team,0.3433,0.45649999999999996,0,1,1
AF064200926,2,8,7,Home Team,0.3433,0.5035000000000001,0,1,1
AF064200926,2,8,7,Away Team,0.5496,0.5165,0,1,1
AF064200926,2,8,7,Away Team,0.5633,0.521,0,1,1
AF064200926,2,8,7,Away Team,0.4742,0.36700000000000005,0,1,1
AF064200926,2,8,13,Away Team,0.4742,0.3342,0,1,1
AF064200926,2,8,14,Away Team,0.43170000000000003,0.3185,0,1,1
AF064200926,2,8,14,Home Team,0.43170000000000003,0.313,0,1,1
AF064200926,2,8,14,Home Team,0.4265,0.2985,0,1,1
AF064200926,2,8,14,Home Team,0.3714,0.27699999999999997,0,1,1
AF064200926,2,8,14,Home Team,0.4515,0.348,0,1,1
AF064200926,2,8,14,Home Team,0.5629,0.3945,0,1,1
AF064200926,2,14,14,Home Team,0.5629,0.5975,0,1,1
AF064200926,2,15,14,Home Team,0.6512,0.5795,0,1,1
AF064200926,2,15,14,Away Team,0.6681,0.604,0,1,1
AF064200926,2,15,14,Away Team,0.6581,0.6045,0,1,1
AF064220926,1,0,0,Home Team,0.536,0.56,1,1,1
AF064220926,1,0,0,Home Team,0.4914,0.564,1,1,1
AF064220926,1,0,0,Home Team,0.5379,0.6175,1,1,1
AF064220926,1,0,0,Home Team,0.5453,0.623,1,1,1
AF064220926,1,0,0,Home Team,0.5343,0.608,1,1,1
AF064220926,1,0,0,Home Team,0.5122,0.6175,1,1,1
AF064220926,1,0,0,Home Team,0.5841,0.674,1,1,1
AF064220926,1,6,0,Home Team,0.5841,0.7290000000000001,1,1,1
AF064220926,1,7,0,Home Team,0.6063000000000001,0.7195,1,1,1
AF064220926,1,7,0,Away Team,0.6379,0.721,1,1,1
AF064220926,1,7,0,Away Team,0.5963,0.7095,1,1,1
AF064220926,1,7,0,Away Team,0.5962,0.701,1,1,1
AF064220926,1,7,0,Away Team,0.6273,0.71,1,1,1
AF064220926,2,7,0,Away Team,0.5613,0.6825,1,1,1
AF064220926,2,7,0,Away Team,0.6257,0.7240000000000001,1,1,1
AF064220926,2,7,0,Away Team,0.5985,0.7065,1,1,1
AF064220926,2,7,0,Away Team,0.5579999999999999,0.6605,1,1,1
AF064220926,2,7,0,Away Team,0.5783,0.6525,1,1,1
AF064220926,2,7,0,Away Team,0.5355,0.6025,1,1,1
AF064220926,2,7,0,Away Team,0.5355,0.6015,1,1,1
AF064220926,2,7,0,Away Team,0.5355,0.6204999999999999,1,1,1
AF064220926,2,7,6,Away Team,0.5355,0.5655,1,1,1
AF064220926,2,7,7,Away Team,0.5209,0.5645,1,1,1
AF064220926,2,7,7,Home Team,0.5199,0.574,1,1,1
AF064220926,2,13,7,Home Team,0.5199,0.7765000000000001,1,1,1
AF064220926,2,14,7,Home Team,0.6688,0.764,1,1,1
AF064220926,2,14,7,Away Team,0.6884999999999999,0.78,1,1,1
AF064220926,2,14,7,Away Team,0.6829999999999999,0.757,1,1,1
AF064220926,2,14,7,Away Team,0.6531,0.7234999999999999,1,1,1
AF064220926,2,14,7,Away Team,0.6658,0.7384999999999999,1,1,1
AF064220926,2,14,10,Away Team,0.6658,0.6779999999999999,1,1,1
AF065170926,1,0,0,Home Team,0.5223,0.519,1,1,1
AF065170926,1,0,0,Home Team,0.5461,0.5445,1,1,1
AF065170926,1,0,0,Home Team,0.5461,0.603,1,1,1
AF065170926,1,6,0,Home Team,0.5461,0.626,1,1,1
AF065170926,1,7,0,Home Team,0.6264,0.6315,1,1,1
AF065170926,1,7,0,Away Team,0.6388,0.6305,1,1,1
AF065170926,1,7,0,Away Team,0.6099,0.6335000000000001,1,1,1
AF065170926,1,7,0,Away Team,0.6123,0.64,1,1,1
AF065170926,1,7,0,Away Team,0.6031,0.6145,1,1,1
AF065170926,1,7,0,Away Team,0.5986,0.6,1,1,1
AF065170926,1,7,0,Away Team,0.6159,0.6325,1,1,1
AF065170926,1,7,0,Away Team,0.6006,0.6375,1,1,1
AF065170926,2,7,0,Away Team,0.6006,0.6829999999999999,1,1,1
AF065170926,2,7,0,Home Team,0.785,0.7945,1,1,1
AF065170926,2,7,0,Home Team,0.7645000000000001,0.779,1,1,1
AF065170926,2,7,0,Home Team,0.8088,0.7955,1,1,1
AF065170926,2,7,0,Home Team,0.8073999999999999,0.7945,1,1,1
AF065170926,2,7,0,Home Team,0.7766,0.7635,1,1,1
AF065170926,2,7,0,Home Team,0.8281999999999999,0.83,1,1,1
AF065170926,2,7,0,Home Team,0.8239,0.8155,1,1,1
AF065170926,2,13,0,Home Team,0.8239,0.8484999999999999,1,1,1
AF065170926,2,14,0,Home Team,0.8591,0.8615,1,1,1
AF065170926,2,14,0,Away Team,0.8639,0.8625,1,1,1
AF065170926,2,14,0,Away Team,0.8490000000000001,0.8590000000000001,1,1,1
AF065170926,2,14,0,Away Team,0.8331999999999999,0.843,1,1,1
AF065170926,2,14,0,Away Team,0.8533,0.8675,1,1,1
AF065170926,2,14,0,Away Team,0.8265,0.8515,1,1,1
AF065170926,2,14,0,Away Team,0.8347,0.8334999999999999,1,1,1
AF065170926,2,14,6,Away Team,0.8347,0.8370000000000001,1,1,1
AF065170926,2,14,7,Away Team,0.8065000000000001,0.821,1,1,1
AF065170926,2,14,7,Home Team,0.8201,0.8255,1,1,1
AF065170926,2,14,7,Home Team,0.7946,0.82,1,1,1
AF065170926,2,14,7,Home Team,0.7959999999999999,0.8109999999999999,1,1,1
AF065170926,2,14,7,Home Team,0.8321999999999999,0.8295,1,1,1
AF065170926,2,14,7,Home Team,0.8321999999999999,0.8145,1,1,1
AF065170926,2,14,7,Home Team,0.7604000000000001,0.8065000000000001,1,1,1
AF065180926,1,0,0,Away Team,0.4788,0.45899999999999996,0,1,1
AF065180926,1,0,6,Away Team,0.4788,0.3455,0,1,1
AF065180926,1,0,7,Away Team,0.3688,0.3425,0,1,1
AF065180926,1,0,7,Home Team,0.3685,0.348,0,1,1
AF065180926,1,0,7,Home Team,0.4385,0.396,0,1,1
AF065180926,1,6,7,Home Team,0.4385,0.469,0,1,1
AF065180926,1,7,7,Home Team,0.4915,0.455,0,1,1
AF065180926,1,7,7,Away Team,0.494,0.4625,0,1,1
AF065180926,1,7,7,Away Team,0.48960000000000004,0.4465,0,1,1
AF065180926,1,7,7,Away Team,0.5121,0.48350000000000004,0,1,1
AF065180926,1,7,7,Away Team,0.49950000000000006,0.4425,0,1,1
AF065180926,1,7,7,Away Team,0.5045000000000001,0.47350000000000003,0,1,1
AF065180926,1,7,7,Away Team,0.4576,0.42450000000000004,0,1,1
AF065180926,1,7,7,Away Team,0.42829999999999996,0.389,0,1,1
AF065180926,2,7,13,Away Team,0.42829999999999996,0.359,0,1,1
AF065180926,2,7,14,Away Team,0.3642,0.3525,0,1,1
AF065180926,2,7,14,Home Team,0.3599,0.35600000000000004,0,1,1
AF065180926,2,7,14,Home Team,0.4077,0.387,0,1,1
AF065180926,2,7,14,Home Team,0.4578,0.428,0,1,1
AF065180926,2,7,14,Home Team,0.4578,0.413,0,1,1
AF065180926,2,13,14,Home Team,0.4578,0.435,0,1,1
AF065180926,2,14,14,Home Team,0.4803,0.4205,0,1,1
AF065180926,2,14,14,Away Team,0.4813,0.42100000000000004,0,1,1
AF065180926,2,14,14,Away Team,0.5041,0.4585,0,1,1
AF065180926,2,14,14,Away Team,0.4517,0.3985,0,1,1
AF065180926,2,14,14,Away Team,0.46880000000000005,0.42700000000000005,0,1,1
AF065180926,2,14,14,Away Team,0.4597,0.41200000000000003,0,1,1
AF065180926,2,14,14,Away Team,0.4372,0.379,0,1,1
AF065180926,2,14,14,Away Team,0.4637,0.40950000000000003,0,1,1
AF065180926,2,14,14,Away Team,0.46649999999999997,0.4415,0,1,1
AF065180926,2,14,14,Away Team,0.3865,0.35700000000000004,0,1,1
AF065180926,2,14,14,Away Team,0.37939999999999996,0.3635,0,1,1
AF065180926,2,14,14,Away Team,0.39380000000000004,0.34299999999999997,0,1,1
AF065180926,2,14,14,Away Team,0.38280000000000003,0.337,0,1,1
AF065180926,2,14,14,Away Team,0.36729999999999996,0.3265,0,1,1
AF065180926,2,14,20,Away Team,0.36729999999999996,0.2535,0,1,1
AF065180926,2,14,21,Away Team,0.2796,0.258,0,1,1
AF065180926,2,14,21,Home Team,0.3048,0.2805,0,1,1
AF065180926,2,14,21,Home Team,0.29109999999999997,0.2685,0,1,1
AF065180926,2,14,21,Away Team,0.2274,0.213,0,1,1
AF065190926,1,0,0,Away Team,0.5547,0.5715,1,1,1
AF065190926,1,0,0,Away Team,0.5888,0.5725,1,1,1
AF065190926,1,0,0,Away Team,0.5215,0.5625,1,1,1
AF065190926,1,0,0,Away Team,0.5473,0.5615,1,1,1
AF065190926,1,0,0,Away Team,0.5449,0.551,1,1,1
AF065190926,1,0,0,Away Team,0.5239,0.544,1,1,1
AF065190926,1,0,0,Away Team,0.5278,0.556,1,1,1
AF065190926,2,0,0,Away Team,0.5183,0.5235,1,1,1
AF065190926,2,0,0,Away Team,0.5278,0.5175,1,1,1
AF065190926,2,0,0,Away Team,0.5655,0.5670000000000001,1,1,1
AF065190926,2,0,0,Home Team,0.7238,0.6729999999999999,1,1,1
AF065190926,2,0,0,Home Team,0.7389,0.7325,1,1,1
AF065190926,2,0,0,Home Team,0.7238,0.7145,1,1,1
AF065190926,2,0,0,Home Team,0.7192000000000001,0.741,1,1,1
AF065190926,2,0,0,Home Team,0.78,0.778,1,1,1
AF065190926,2,0,0,Home Team,0.8064,0.809,1,1,1
AF065190926,2,0,0,Home Team,0.8399,0.8240000000000001,1,1,1
AF065190926,2,6,0,Home Team,0.8399,0.875,1,1,1
AF065190926,2,7,0,Home Team,0.8869,0.879,1,1,1
AF065190926,2,7,0,Away Team,0.9077,0.879,1,1,1
AF065190926,2,7,0,Away Team,0.8625,0.8595,1,1,1
AF065190926,2,7,3,Away Team,0.8625,0.8355,1,1,1
AF065200926,1,0,0,Home Team,0.4211,0.499,0,1,1
AF065200926,1,0,0,Home Team,0.43829999999999997,0.531,0,1,1
AF065200926,1,0,0,Home Team,0.4403,0.508,0,1,1
AF065200926,1,0,0,Home Team,0.439,0.5175,0,1,1
AF065200926,1,0,0,Home Team,0.45020000000000004,0.5195000000000001,0,1,1
AF065200926,1,0,0,Home Team,0.45770000000000005,0.5465,0,1,1
AF065200926,1,0,0,Home Team,0.4507,0.529,0,1,1
AF065200926,1,0,0,Home Team,0.4443,0.48200000000000004,0,1,1
AF065200926,2,0,0,Home Team,0.4443,0.4725,0,1,1
AF065200926,2,0,0,Home Team,0.4575,0.5345,0,1,1
AF065200926,2,6,0,Home Team,0.4946,0.6154999999999999,0,1,1
AF065200926,2,7,0,Home Team,0.57,0.602,0,1,1
AF065200926,2,7,0,Away Team,0.5636,0.626,0,1,1
AF065200926,2,7,0,Away Team,0.5164,0.6004999999999999,0,1,1
AF065200926,2,7,0,Away Team,0.5004,0.5835,0,1,1
AF065200926,2,7,0,Away Team,0.5044,0.5625,0,1,1
AF065200926,2,7,0,Away Team,0.48,0.5455,0,1,1
AF065200926,2,7,0,Away Team,0.48,0.5885,0,1,1
AF065200926,2,7,6,Away Team,0.48,0.415,0,1,1
AF065200926,2,7,7,Away Team,0.365,0.396,0,1,1
AF065200926,2,7,7,Home Team,0.36210000000000003,0.42700000000000005,0,1,1
AF065200926,2,7,7,Home Team,0.3653,0.39549999999999996,0,1,1
AF066170926,1,0,0,Away Team,0.41509999999999997,0.49,0,1,1
AF066170926,1,0,0,Away Team,0.40759999999999996,0.47350000000000003,0,1,1
AF066170926,1,0,6,Away Team,0.40759999999999996,0.3605,0,1,1
AF066170926,1,0,6,Away Team,0.35350000000000004,0.381,0,1,1
AF066170926,1,0,6,Home Team,0.3497,0.41,0,1,1
AF066170926,1,0,6,Home Team,0.3417,0.3935,0,1,1
AF066170926,1,0,6,Home Team,0.3714,0.42100000000000004,0,1,1
AF066170926,1,0,6,Home Team,0.3667,0.41450000000000004,0,1,1
AF066170926,1,0,6,Home Team,0.3701,0.428,0,1,1
AF066170926,1,0,6,Home Team,0.4029,0.452,0,1,1
AF066170926,1,0,6,Home Team,0.39649999999999996,0.45299999999999996,0,1,1
AF066170926,1,0,6,Home Team,0.3696,0.41850000000000004,0,1,1
AF066170926,1,0,6,Away Team,0.21309999999999998,0.252,0,1,1
AF066170926,2,0,6,Away Team,0.20600000000000002,0.22949999999999998,0,1,1
AF066170926,2,0,6,Away Team,0.2314,0.258,0,1,1
AF066170926,2,0,6,Away Team,0.19219999999999998,0.21100000000000002,0,1,1
AF066170926,2,0,6,Away Team,0.15839999999999999,0.188,0,1,1
AF066170926,2,0,6,Away Team,0.1722,0.20350000000000001,0,1,1
AF066170926,2,0,6,Away Team,0.1782,0.2165,0,1,1
AF066170926,2,0,12,Away Team,0.1782,0.1375,0,1,1
AF066170926,2,0,13,Away Team,0.1432,0.135,0,1,1
AF066170926,2,0,13,Home Team,0.14679999999999999,0.1515,0,1,1
AF066170926,2,0,13,Home Team,0.16210000000000002,0.1585,0,1,1
AF066170926,2,0,13,Home Team,0.1417,0.13699999999999998,0,1,1
AF066170926,2,0,13,Home Team,0.1562,0.171,0,1,1
AF066170926,2,0,13,Home Team,0.1595,0.1605,0,1,1
AF066170926,2,0,13,Home Team,0.16760000000000003,0.1815,0,1,1
AF066170926,2,0,13,Home Team,0.18969999999999998,0.214,0,1,1
AF066170926,2,0,13,Home Team,0.17989999999999998,0.2005,0,1,1
AF066170926,2,0,13,Home Team,0.1336,0.14400000000000002,0,1,1
AF066180926,1,0,0,Away Team,0.4454,0.5495,1,1,1
AF066180926,1,0,0,Away Team,0.4603,0.539,1,1,1
AF066180926,1,0,0,Away Team,0.4146,0.5045000000000001,1,1,1
AF066180926,1,0,0,Away Team,0.4307,0.5035000000000001,1,1,1
AF066180926,1,0,6,Away Team,0.4307,0.405,1,1,1
AF066180926,1,0,7,Away Team,0.37020000000000003,0.425,1,1,1
AF066180926,1,0,7,Home Team,0.3502,0.406,1,1,1
AF066180926,1,0,7,Home Team,0.3398,0.40299999999999997,1,1,1
AF066180926,1,0,7,Home Team,0.36219999999999997,0.39899999999999997,1,1,1
AF066180926,1,0,7,Home Team,0.35159999999999997,0.38,1,1,1
AF066180926,1,0,7,Home Team,0.3099,0.34700000000000003,1,1,1
AF066180926,1,0,7,Home Team,0.3099,0.3135,1,1,1
AF066180926,2,6,7,Home Team,0.33149999999999996,0.522,1,1,1
AF066180926,2,7,7,Home Team,0.33149999999999996,0.535,1,1,1
AF066180926,2,7,7,Away Team,0.4549,0.536,1,1,1
AF066180926,2,7,7,Away Team,0.4703,0.5515,1,1,1
AF066180926,2,7,7,Away Team,0.43689999999999996,0.4935,1,1,1
AF066180926,2,7,7,Away Team,0.4464,0.507,1,1,1
AF066180926,2,7,7,Away Team,0.41259999999999997,0.4595,1,1,1
AF066180926,2,7,7,Away Team,0.42729999999999996,0.48450000000000004,1,1,1
AF066180926,2,7,7,Away Team,0.3993,0.429,1,1,1
AF066180926,2,7,13,Away Team,0.3993,0.37799999999999995,1,1,1
AF066180926,2,7,14,Away Team,0.366,0.3885,1,1,1
AF066180926,2,7,14,Home Team,0.37439999999999996,0.385,1,1,1
AF066180926,2,7,14,Home Team,0.3801,0.395,1,1,1
AF066180926,2,7,14,Home Team,0.44630000000000003,0.451,1,1,1
AF066180926,2,7,14,Home Team,0.4199,0.40619999999999995,1,1,1
AF066180926,2,7,14,Home Team,0.45280000000000004,0.48200000000000004,1,1,1
AF066180926,2,13,14,Home Team,0.45280000000000004,0.537,1,1,1
AF066180926,2,14,14,Home Team,0.4765,0.537,1,1,1
AF066180926,2,14,14,Away Team,0.4841,0.5415,1,1,1
AF066180926,2,14,14,Away Team,0.46659999999999996,0.5345,1,1,1
AF066180926,2,14,14,Away Team,0.44270000000000004,0.49450000000000005,1,1,1
AF066180926,2,14,14,Away Team,0.4864,0.534,1,1,1
AF066180926,2,14,14,Away Team,0.46740000000000004,0.496,1,1,1
AF066180926,2,14,14,Away Team,0.46740000000000004,0.5335,1,1,1
AF066190926,1,0,0,Home Team,0.40659999999999996,0.449,0,1,1
AF066190926,1,0,0,Home Team,0.39899999999999997,0.4515,0,1,1
AF066190926,1,0,0,Home Team,0.384,0.418,0,1,1
AF066190926,1,0,0,Home Team,0.3973,0.467,0,1,1
AF066190926,1,0,0,Home Team,0.41340000000000005,0.4645,0,1,1
AF066190926,1,0,0,Home Team,0.42100000000000004,0.4475,0,1,1
AF066190926,1,0,0,Home Team,0.4227,0.4635,0,1,1
AF066190926,1,0,0,Home Team,0.3947,0.47450000000000003,0,1,1
AF066190926,2,0,0,Home Team,0.4146,0.434,0,1,1
AF066190926,2,0,0,Away Team,0.2561,0.278,0,1,1
AF066190926,2,0,0,Away Team,0.2451,0.244,0,1,1
AF066190926,2,0,0,Away Team,0.2631,0.2695,0,1,1
AF066190926,2,0,0,Away Team,0.2133,0.233,0,1,1
AF066190926,2,0,0,Away Team,0.21969999999999998,0.23850000000000002,0,1,1
AF066190926,2,0,0,Away Team,0.2418,0.24350000000000002,0,1,1
AF066190926,2,0,0,Away Team,0.1801,0.20800000000000002,0,1,1
AF066190926,2,0,0,Away Team,0.17170000000000002,0.18350000000000002,0,1,1
AF066190926,2,0,0,Away Team,0.1954,0.1805,0,1,1
AF066190926,2,0,6,Away Team,0.1954,0.134,0,1,1
AF066190926,2,0,7,Away Team,0.0908,0.11800000000000001,0,1,1
AF066190926,2,0,7,Home Team,0.0883,0.1206,0,1,1
AF066200926,1,0,0,Away Team,0.5083,0.47850000000000004,0,1,1
AF066200926,1,0,0,Away Team,0.49079999999999996,0.473,0,1,1
AF066200926,1,0,0,Away Team,0.4451,0.42450000000000004,0,1,1
AF066200926,1,0,0,Away Team,0.4236,0.39299999999999996,0,1,1
AF066200926,1,0,0,Away Team,0.4481,0.43,0,1,1
AF066200926,1,0,0,Away Team,0.4595,0.444,0,1,1
AF066200926,1,0,0,Away Team,0.4595,0.4575,0,1,1
AF066200926,1,0,0,Home Team,0.6522,0.5665,0,1,1
AF066200926,1,0,0,Home Team,0.6535,0.5820000000000001,0,1,1
AF066200926,1,0,0,Home Team,0.6845,0.5982999999999999,0,1,1
AF066200926,1,0,0,Home Team,0.6779000000000001,0.5995,0,1,1
AF066200926,1,0,0,Home Team,0.6517000000000001,0.6104999999999999,0,1,1
AF066200926,1,0,0,Home Team,0.6517000000000001,0.513,0,1,1
AF066200926,1,0,0,Away Team,0.46490000000000004,0.446,0,1,1
AF066200926,2,0,0,Away Team,0.42869999999999997,0.39049999999999996,0,1,1
AF066200926,2,0,0,Away Team,0.39289999999999997,0.401,0,1,1
AF066200926,2,0,6,Away Team,0.39289999999999997,0.325,0,1,1
AF066200926,2,0,7,Away Team,0.3628,0.3325,0,1,1
AF066200926,2,0,7,Home Team,0.3601,0.32420000000000004,0,1,1
AF066200926,2,0,7,Home Team,0.3972,0.36,0,1,1
AF066200926,2,0,7,Home Team,0.45299999999999996,0.39399999999999996,0,1,1
AF066200926,2,0,7,Home Team,0.4225,0.3785,0,1,1
AF066200926,2,0,7,Home Team,0.4236,0.34950000000000003,0,1,1
AF066200926,2,0,7,Home Team,0.4797,0.44049999999999995,0,1,1
AF066200926,2,0,7,Home Team,0.4623,0.43450000000000005,0,1,1
AF066200926,2,0,7,Home Team,0.4717,0.444,0,1,1
AF066200926,2,0,7,Home Team,0.46240000000000003,0.44799999999999995,0,1,1
AF066200926,2,0,7,Home Team,0.46240000000000003,0.369,0,1,1
AF066200926,2,3,7,Home Team,0.4138,0.3325,0,1,1
AF066200926,2,3,7,Away Team,0.3522,0.3292,0,1,1
AF066200926,2,3,7,Away Team,0.36560000000000004,0.3507,0,1,1
AF066210926,1,0,0,Away Team,0.5579999999999999,0.48350000000000004,1,1,1
AF066210926,1,0,0,Away Team,0.5315,0.456,1,1,1
AF066210926,1,0,0,Away Team,0.5421,0.48450000000000004,1,1,1
AF066210926,1,0,0,Away Team,0.5867,0.502,1,1,1
AF066210926,1,0,0,Away Team,0.4935,0.3935,1,1,1
AF066210926,1,0,0,Away Team,0.49310000000000004,0.43,1,1,1
AF066210926,1,0,0,Away Team,0.5242,0.44049999999999995,1,1,1
AF066210926,1,0,0,Away Team,0.4521,0.377,1,1,1
AF066210926,1,0,6,Away Team,0.4521,0.3165,1,1,1
AF066210926,1,0,7,Away Team,0.433,0.321,1,1,1
AF066210926,1,0,7,Home Team,0.4129,0.3025,1,1,1
AF066210926,1,0,7,Home Team,0.40759999999999996,0.32770000000000005,1,1,1
AF066210926,2,0,7,Home Team,0.4255,0.3342,1,1,1
AF066210926,2,0,7,Home Team,0.4133,0.3225,1,1,1
AF066210926,2,0,7,Home Team,0.4389,0.33549999999999996,1,1,1
AF066210926,2,0,7,Home Team,0.4593,0.353,1,1,1
AF066210926,2,0,7,Home Team,0.469,0.38049999999999995,1,1,1
AF066210926,2,0,7,Home Team,0.4549,0.3765,1,1,1
AF066210926,2,0,7,Home Team,0.41450000000000004,0.3325,1,1,1
AF066210926,2,0,7,Home Team,0.41450000000000004,0.275,1,1,1
AF066210926,2,0,7,Home Team,0.3649,0.4165,1,1,1
AF066210926,2,6,7,Home Team,0.5017,0.5055,1,1,1
AF066210926,2,7,7,Home Team,0.5645,0.4975,1,1,1
AF066210926,2,7,7,Away Team,0.5081,0.4437,1,1,1
AF066210926,2,7,7,Away Team,0.5246,0.4515,1,1,1
AF067170926,1,0,0,Away Team,0.47229999999999994,0.4525,0,1,1
AF067170926,1,0,0,Away Team,0.44310000000000005,0.4395,0,1,1
AF067170926,1,0,0,Away Team,0.4685,0.44799999999999995,0,1,1
AF067170926,1,0,0,Away Team,0.4315,0.39399999999999996,0,1,1
AF067170926,1,0,0,Away Team,0.44179999999999997,0.38299999999999995,0,1,1
AF067170926,1,0,0,Away Team,0.4127,0.375,0,1,1
AF067170926,1,0,0,Away Team,0.4011,0.3775,0,1,1
AF067170926,1,0,6,Away Team,0.4011,0.327,0,1,1
AF067170926,1,0,7,Away Team,0.34840000000000004,0.3195,0,1,1
AF067170926,1,0,7,Home Team,0.3395,0.335,0,1,1
AF067170926,1,0,7,Home Team,0.325,0.3115,0,1,1
AF067170926,1,0,7,Home Team,0.2826,0.287,0,1,1
AF067170926,2,0,7,Home Team,0.2826,0.19,0,1,1
AF067170926,2,0,7,Away Team,0.26890000000000003,0.17559999999999998,0,1,1
AF067170926,2,0,7,Away Team,0.21989999999999998,0.17600000000000002,0,1,1
AF067170926,2,0,7,Away Team,0.2029,0.158,0,1,1
AF067170926,2,0,7,Away Team,0.18100000000000002,0.154,0,1,1
AF067170926,2,0,7,Away Team,0.17920000000000003,0.1555,0,1,1
AF067170926,2,0,7,Away Team,0.17989999999999998,0.16949999999999998,0,1,1
AF067170926,2,0,7,Away Team,0.17989999999999998,0.2845,0,1,1
AF067170926,2,0,10,Away Team,0.2484,0.1925,0,1,1
AF067170926,2,0,10,Home Team,0.23440000000000003,0.2,0,1,1
AF067170926,2,0,10,Home Team,0.2389,0.20350000000000001,0,1,1
AF067170926,2,0,10,Home Team,0.2716,0.21350000000000002,0,1,1
AF067170926,2,6,10,Home Team,0.2716,0.353,0,1,1
AF067170926,2,7,10,Home Team,0.387,0.348,0,1,1
AF067170926,2,7,10,Away Team,0.39770000000000005,0.348,0,1,1
AF067170926,2,7,10,Away Team,0.3104,0.27449999999999997,0,1,1
AF067170926,2,7,10,Away Team,0.30269999999999997,0.2865,0,1,1
AF067180926,1,0,0,Away Team,0.4764,0.5745,0,1,1
AF067180926,1,0,0,Away Team,0.5075999999999999,0.5435,0,1,1
AF067180926,1,0,0,Away Team,0.5433,0.6104999999999999,0,1,1
AF067180926,1,0,0,Away Team,0.5935,0.624,0,1,1
AF067180926,1,0,0,Away Team,0.4682,0.5589999999999999,0,1,1
AF067180926,1,0,0,Away Team,0.4743,0.546,0,1,1
AF067180926,1,0,0,Away Team,0.46590000000000004,0.52,0,1,1
AF067180926,1,0,0,Away Team,0.5091,0.5479999999999999,0,1,1
AF067180926,1,0,0,Away Team,0.4425,0.4905,0,1,1
AF067180926,2,0,6,Away Team,0.4425,0.42,0,1,1
AF067180926,2,0,7,Away Team,0.36810000000000004,0.4165,0,1,1
AF067180926,2,0,7,Home Team,0.3422,0.41950000000000004,0,1,1
AF067180926,2,0,7,Home Team,0.34049999999999997,0.40049999999999997,0,1,1
AF067180926,2,0,7,Home Team,0.3569,0.4065,0,1,1
AF067180926,2,0,7,Home Team,0.3885,0.457,0,1,1
AF067180926,2,0,7,Home Team,0.3649,0.41,0,1,1
AF067180926,2,0,7,Home Team,0.3682,0.41,0,1,1
AF067180926,2,6,7,Home Team,0.3682,0.527,0,1,1
AF067180926,2,7,7,Home Team,0.5074000000000001,0.547,0,1,1
AF067180926,2,7,7,Away Team,0.48590000000000005,0.532,0,1,1
AF067180926,2,7,7,Away Team,0.4808,0.4625,0,1,1
AF067180926,2,7,7,Away Team,0.4808,0.5005,0,1,1
AF067180926,2,7,7,Away Team,0.4133,0.4475,0,1,1
AF067180926,2,7,13,Away Team,0.4133,0.3225,0,1,1
AF067180926,2,7,14,Away Team,0.3323,0.331,0,1,1
AF067180926,2,7,14,Home Team,0.3201,0.34,0,1,1
AF067180926,2,7,14,Home Team,0.3309,0.33899999999999997,0,1,1
AF067180926,2,7,14,Home Team,0.32549999999999996,0.33049999999999996,0,1,1
AF067180926,2,7,14,Home Team,0.2923,0.321,0,1,1
AF067180926,2,7,14,Home Team,0.2923,0.304,0,1,1
AF067180926,2,7,14,Away Team,0.179,0.1895,0,1,1
AF067180926,2,7,14,Away Team,0.14,0.2005,0,1,1
AF067180926,2,7,17,Away Team,0.14,0.172,0,1,1
AF067200926,1,0,0,Away Team,0.4965,0.46799999999999997,1,1,1
AF067200926,1,0,0,Away Team,0.5004,0.4725,1,1,1
AF067200926,1,0,0,Away Team,0.5264,0.52,1,1,1
AF067200926,1,0,0,Away Team,0.46380000000000005,0.456,1,1,1
AF067200926,1,0,0,Away Team,0.4693,0.4575,1,1,1
AF067200926,1,0,0,Away Team,0.46759999999999996,0.439,1,1,1
AF067200926,1,0,0,Away Team,0.4583,0.41850000000000004,1,1,1
AF067200926,1,6,0,Home Team,0.4583,0.7155,1,1,1
AF067200926,1,7,0,Home Team,0.7498,0.7034999999999999,1,1,1
AF067200926,1,7,0,Away Team,0.7608,0.7025,1,1,1
AF067200926,1,7,0,Away Team,0.7701,0.695,1,1,1
AF067200926,1,7,0,Away Team,0.7695000000000001,0.708,1,1,1
AF067200926,1,7,0,Away Team,0.7333,0.6965,1,1,1
AF067200926,2,7,0,Away Team,0.7491,0.71,1,1,1
AF067200926,2,7,0,Away Team,0.7743000000000001,0.7315,1,1,1
AF067200926,2,7,0,Away Team,0.7240000000000001,0.7045,1,1,1
AF067200926,2,7,0,Away Team,0.7545000000000001,0.732,1,1,1
AF067200926,2,7,0,Away Team,0.7315999999999999,0.6920000000000001,1,1,1
AF067200926,2,7,0,Away Team,0.7315999999999999,0.7354999999999999,1,1,1
AF067200926,2,7,0,Home Team,0.8845999999999999,0.8584999999999999,1,1,1
AF067200926,2,7,0,Home Team,0.9043000000000001,0.8825,1,1,1
AF067200926,2,7,0,Home Team,0.8803,0.8654999999999999,1,1,1
AF067200926,2,7,0,Home Team,0.8608,0.8340000000000001,1,1,1
AF067200926,2,7,0,Away Team,0.7486,0.7340000000000001,1,1,1
AF067200926,2,7,0,Away Team,0.7491,0.7105,1,1,1
AF067200926,2,7,0,Away Team,0.7535,0.725,1,1,1
AF067200926,2,7,0,Away Team,0.7306,0.7055,1,1,1
AF067200926,2,7,0,Away Team,0.7453,0.7140000000000001,1,1,1
AF067200926,2,7,0,Away Team,0.7706999999999999,0.7334999999999999,1,1,1
AF067200926,2,7,0,Away Team,0.7139,0.7025,1,1,1
AF067200926,2,7,0,Away Team,0.6862,0.6629999999999999,1,1,1
AF067200926,2,7,0,Away Team,0.6969,0.695,1,1,1
AF067200926,2,7,0,Away Team,0.6969,0.736,1,1,1
AF067200926,2,7,7,Away Team,0.5999,0.5835,1,1,1
AF067210926,1,0,0,Away Team,0.4592,0.478,0,1,1
AF067210926,1,0,0,Away Team,0.4708,0.496,0,1,1
AF067210926,1,0,0,Away Team,0.493,0.539,0,1,1
AF067210926,1,0,0,Away Team,0.493,0.5585,0,1,1
AF067210926,1,0,0,Away Team,0.506,0.4635,0,1,1
AF067210926,1,0,0,Away Team,0.42979999999999996,0.4335,0,1,1
AF067210926,1,0,0,Away Team,0.38380000000000003,0.3847,0,1,1
AF067210926,1,0,0,Away Team,0.3776,0.35200000000000004,0,1,1
AF067210926,1,0,7,Away Team,0.3164,0.3045,0,1,1
AF067210926,1,0,7,Home Team,0.32020000000000004,0.3075,0,1,1
AF067210926,1,0,7,Home Team,0.2839,0.308,0,1,1
AF067210926,2,0,7,Home Team,0.2829,0.275,0,1,1
AF067210926,2,0,7,Home Team,0.2829,0.2076,0,1,1
AF067210926,2,0,7,Away Team,0.2541,0.1956,0,1,1
AF067210926,2,0,7,Away Team,0.19510000000000002,0.1666,0,1,1
AF067210926,2,0,7,Home Team,0.35109999999999997,0.3635,0,1,1
AF067210926,2,0,7,Home Team,0.3431,0.349,0,1,1
AF067210926,2,0,13,Away Team,0.3431,0.1155,0,1,1
AF067210926,2,0,14,Away Team,0.1127,0.1185,0,1,1
AF067210926,2,0,14,Home Team,0.11109999999999999,0.1115,0,1,1
AF067210926,2,0,14,Home Team,0.0959,0.0975,0,1,1
AF067210926,2,0,14,Home Team,0.1229,0.1105,0,1,1
AF067210926,2,0,14,Home Team,0.11960000000000001,0.12300000000000001,0,1,1
AF067210926,2,0,14,Home Team,0.1441,0.1306,0,1,1
AF067210926,2,0,14,Home Team,0.1323,0.1295,0,1,1
AF067210926,2,0,14,Away Team,0.1323,0.0565,0,1,1
AF067210926,2,0,14,Away Team,0.08,0.055999999999999994,0,1,1
AF067210926,2,0,14,Away Team,0.08839999999999999,0.073,0,1,1
AF067210926,2,0,14,Away Team,0.08839999999999999,0.0705,0,1,1
AF067210926,2,0,14,Home Team,0.08,0.06849999999999999,0,1,1
AF067210926,2,0,14,Home Team,0.08900000000000001,0.0965,0,1,1
AF067220926,1,0,0,Home Team,0.47840000000000005,0.5555,0,1,1
AF067220926,1,0,0,Home Team,0.4487,0.53,0,1,1
AF067220926,1,0,0,Home Team,0.425,0.5075,0,1,1
AF067220926,1,0,0,Home Team,0.5268999999999999,0.5795,0,1,1
AF067220926,1,6,0,Home Team,0.5268999999999999,0.677,0,1,1
AF067220926,1,7,0,Home Team,0.5989,0.688,0,1,1
AF067220926,1,7,0,Away Team,0.6037,0.652,0,1,1
AF067220926,1,7,0,Away Team,0.6117,0.6815000000000001,0,1,1
AF067220926,1,7,0,Away Team,0.5422,0.6455,0,1,1
AF067220926,1,7,6,Away Team,0.5422,0.5765,0,1,1
AF067220926,1,7,7,Away Team,0.47369999999999995,0.5555,0,1,1
AF067220926,1,7,7,Home Team,0.501,0.5720000000000001,0,1,1
AF067220926,1,7,7,Home Team,0.5354,0.5954999999999999,0,1,1
AF067220926,2,7,7,Home Team,0.5251,0.593,0,1,1
AF067220926,2,13,7,Home Team,0.5251,0.635,0,1,1
AF067220926,2,14,7,Home Team,0.6008,0.638,0,1,1
AF067220926,2,14,7,Away Team,0.6111,0.6559999999999999,0,1,1
AF067220926,2,14,13,Away Team,0.6111,0.563,0,1,1
AF067220926,2,14,14,Away Team,0.48729999999999996,0.564,0,1,1
AF067220926,2,14,14,Home Team,0.4991,0.5785,0,1,1
AF067220926,2,14,14,Home Team,0.44909999999999994,0.5429999999999999,0,1,1
AF067220926,2,14,14,Home Team,0.4177,0.502,0,1,1
AF067220926,2,14,14,Home Team,0.4177,0.3862,0,1,1
AF067220926,2,14,14,Away Team,0.4243,0.35450000000000004,0,1,1
AF067220926,2,14,14,Away Team,0.3161,0.363,0,1,1
AF067220926,2,14,14,Away Team,0.30670000000000003,0.3715,0,1,1
AF067220926,2,14,14,Away Team,0.259,0.33149999999999996,0,1,1
AF067220926,2,14,14,Away Team,0.25670000000000004,0.32899999999999996,0,1,1
AF067220926,2,14,14,Away Team,0.2347,0.289,0,1,1
AF067220926,2,14,14,Away Team,0.2408,0.30920000000000003,0,1,1
AF067220926,2,14,14,Away Team,0.2521,0.33049999999999996,0,1,1
AF067220926,2,14,14,Away Team,0.19649999999999998,0.27649999999999997,0,1,1
AF067220926,2,14,14,Away Team,0.19399999999999998,0.255,0,1,1
AF067220926,2,14,20,Away Team,0.19399999999999998,0.171,0,1,1
AF067220926,2,14,21,Away Team,0.1176,0.16699999999999998,0,1,1
AF067220926,2,14,21,Home Team,0.12369999999999999,0.163,0,1,1
AF067220926,2,14,21,Home Team,0.1108,0.1635,0,1,1
AF067220926,2,14,21,Home Team,0.10830000000000001,0.1495,0,1,1
AF068170926,1,0,0,Away Team,0.5596,0.496,1,1,1
AF068170926,1,0,0,Away Team,0.5756,0.516,1,1,1
AF068170926,1,0,0,Away Team,0.5388000000000001,0.47100000000000003,1,1,1
AF068170926,1,0,0,Away Team,0.5409,0.45399999999999996,1,1,1
AF068170926,1,0,0,Away Team,0.5079,0.4357,1,1,1
AF068170926,1,0,0,Away Team,0.5351,0.457,1,1,1
AF068170926,1,0,0,Away Team,0.49920000000000003,0.4302,1,1,1
AF068170926,1,0,0,Away Team,0.5135000000000001,0.44799999999999995,1,1,1
AF068170926,2,0,0,Away Team,0.5406,0.4385,1,1,1
AF068170926,2,0,0,Away Team,0.5406,0.441,1,1,1
AF068170926,2,0,0,Away Team,0.556,0.3892,1,1,1
AF068170926,2,0,0,Away Team,0.5004,0.4242,1,1,1
AF068170926,2,0,0,Away Team,0.5393,0.4325,1,1,1
AF068170926,2,0,0,Home Team,0.7582,0.5555,1,1,1
AF068170926,2,0,0,Home Team,0.8076000000000001,0.6143,1,1,1
AF068170926,2,0,0,Home Team,0.7505,0.5693,1,1,1
AF068170926,2,0,0,Home Team,0.6557999999999999,0.5315,1,1,1
AF068170926,2,0,0,Home Team,0.8157,0.67,1,1,1
AF068170926,2,0,0,Home Team,0.8026000000000001,0.6485,1,1,1
AF068170926,2,6,0,Home Team,0.8026000000000001,0.831,1,1,1
AF068170926,2,7,0,Home Team,0.8931999999999999,0.8295,1,1,1
AF068170926,2,7,0,Away Team,0.8602,0.8065000000000001,1,1,1
AF068170926,2,7,0,Away Team,0.8723000000000001,0.8315,1,1,1
AF068170926,2,7,0,Away Team,0.8911,0.8379000000000001,1,1,1
AF068170926,2,7,0,Away Team,0.8911,0.8423999999999999,1,1,1
AF068170926,2,7,0,Away Team,0.912,0.862,1,1,1
AF068200926,1,0,0,Away Team,0.4397,0.5379999999999999,0,1,1
AF068200926,1,0,0,Away Team,0.4067,0.465,0,1,1
AF068200926,1,0,0,Away Team,0.40759999999999996,0.47100000000000003,0,1,1
AF068200926,1,0,0,Away Team,0.4192,0.4682,0,1,1
AF068200926,1,0,0,Away Team,0.4192,0.504,0,1,1
AF068200926,1,0,3,Away Team,0.4476,0.511,0,1,1
AF068200926,1,0,3,Home Team,0.496,0.5265,0,1,1
AF068200926,1,0,3,Home Team,0.47609999999999997,0.49200000000000005,0,1,1
AF068200926,1,0,3,Home Team,0.5321,0.5548,0,1,1
AF068200926,1,0,3,Home Team,0.5403,0.5503,0,1,1
AF068200926,1,0,3,Home Team,0.5243,0.525,0,1,1
AF068200926,1,0,3,Home Team,0.5671,0.5710000000000001,0,1,1
AF068200926,2,0,3,Home Team,0.5811,0.6275,0,1,1
AF068200926,2,0,3,Home Team,0.565,0.594,0,1,1
AF068200926,2,0,3,Home Team,0.5361,0.5905,0,1,1
AF068200926,2,6,3,Home Team,0.5361,0.664,0,1,1
AF068200926,2,7,3,Home Team,0.615,0.6765000000000001,0,1,1
AF068200926,2,7,3,Away Team,0.6012,0.6609999999999999,0,1,1
AF068200926,2,7,3,Away Team,0.6179,0.6785,0,1,1
AF068200926,2,7,3,Away Team,0.6322,0.691,0,1,1
AF068200926,2,7,3,Away Team,0.6039,0.6525,0,1,1
AF068200926,2,7,3,Away Team,0.5654,0.629,0,1,1
AF068200926,2,7,3,Home Team,0.8086,0.8240000000000001,0,1,1
AF068200926,2,7,3,Home Team,0.8053,0.8170000000000001,0,1,1
AF068200926,2,7,3,Home Team,0.8325,0.8215,0,1,1
AF068200926,2,7,3,Away Team,0.6058,0.69,0,1,1
AF068200926,2,7,3,Away Team,0.6292,0.654,0,1,1
AF068200926,2,7,3,Away Team,0.6275999999999999,0.6845,0,1,1
AF068200926,2,7,3,Away Team,0.615,0.6675,0,1,1
AF068200926,2,7,3,Away Team,0.5474,0.6186,0,1,1
AF068200926,2,7,9,Away Team,0.5474,0.447,0,1,1
AF068200926,2,7,10,Away Team,0.41450000000000004,0.43799999999999994,0,1,1
AF068200926,2,7,10,Home Team,0.43,0.42719999999999997,0,1,1
AF068200926,2,7,10,Home Team,0.4524,0.40369999999999995,0,1,1
AF068210926,1,0,0,Home Team,0.4797,0.5175,0,1,1
AF068210926,1,0,0,Home Team,0.5168,0.535,0,1,1
AF068210926,1,0,0,Home Team,0.4747,0.5375,0,1,1
AF068210926,1,0,0,Home Team,0.43200000000000005,0.4985,0,1,1
AF068210926,1,0,0,Home Team,0.43200000000000005,0.4775,0,1,1
AF068210926,1,0,0,Away Team,0.34380000000000005,0.42100000000000004,0,1,1
AF068210926,1,0,0,Away Team,0.30079999999999996,0.389,0,1,1
AF068210926,1,0,0,Away Team,0.3128,0.385,0,1,1
AF068210926,1,0,0,Away Team,0.3317,0.414,0,1,1
AF068210926,1,0,0,Away Team,0.3317,0.4165,0,1,1
AF068210926,2,0,3,Away Team,0.3823,0.426,0,1,1
AF068210926,2,0,3,Home Team,0.37079999999999996,0.4205,0,1,1
AF068210926,2,0,3,Home Team,0.3759,0.4475,0,1,1
AF068210926,2,0,3,Home Team,0.4233,0.506,0,1,1
AF068210926,2,0,3,Away Team,0.2369,0.27949999999999997,0,1,1
AF068210926,2,0,3,Away Team,0.2466,0.29,0,1,1
AF068210926,2,0,3,Away Team,0.22460000000000002,0.2755,0,1,1
AF068210926,2,0,3,Away Team,0.20980000000000001,0.265,0,1,1
AF068210926,2,0,3,Away Team,0.22920000000000001,0.2895,0,1,1
AF068210926,2,0,3,Home Team,0.406,0.42719999999999997,0,1,1
AF068210926,2,0,3,Home Team,0.406,0.41450000000000004,0,1,1
AF068210926,2,0,3,Home Team,0.34119999999999995,0.38549999999999995,0,1,1
AF068210926,2,0,3,Home Team,0.34119999999999995,0.3165,0,1,1
AF068210926,2,0,3,Home Team,0.3118,0.29100000000000004,0,1,1
AF068210926,2,0,3,Away Team,0.1532,0.188,0,1,1
AF068210926,2,0,6,Away Team,0.1532,0.18350000000000002,0,1,1
AF068220926,1,0,0,Away Team,0.5859000000000001,0.4437,0,1,1
AF068220926,1,0,0,Away Team,0.5815,0.43799999999999994,0,1,1
AF068220926,1,0,0,Away Team,0.5522,0.413,0,1,1
AF068220926,1,0,0,Away Team,0.5648,0.4385,0,1,1
AF068220926,1,0,0,Away Team,0.5946,0.42200000000000004,0,1,1
AF068220926,1,0,0,Away Team,0.506,0.3367,0,1,1
AF068220926,1,0,6,Away Team,0.506,0.2541,0,1,1
AF068220926,1,0,7,Away Team,0.44409999999999994,0.235,0,1,1
AF068220926,1,0,7,Home Team,0.44229999999999997,0.2576,0,1,1
AF068220926,1,0,7,Home Team,0.4439,0.2465,0,1,1
AF068220926,1,0,7,Home Team,0.4671,0.31,0,1,1
AF068220926,2,0,7,Home Team,0.4608,0.27699999999999997,0,1,1
AF068220926,2,0,7,Home Team,0.46619999999999995,0.29,0,1,1
AF068220926,2,6,7,Home Team,0.46619999999999995,0.405,0,1,1
AF068220926,2,7,7,Home Team,0.5588000000000001,0.40950000000000003,0,1,1
AF068220926,2,7,7,Away Team,0.5598,0.40299999999999997,0,1,1
AF068220926,2,7,7,Away Team,0.5796,0.4335,0,1,1
AF068220926,2,7,7,Away Team,0.5761,0.43200000000000005,0,1,1
AF068220926,2,7,7,Away Team,0.5241,0.4,0,1,1
AF068220926,2,7,7,Away Team,0.5314,0.36469999999999997,0,1,1
AF068220926,2,7,7,Away Team,0.5133,0.37920000000000004,0,1,1
AF068220926,2,7,7,Away Team,0.4833,0.34049999999999997,0,1,1
AF068220926,2,7,7,Away Team,0.4783,0.361,0,1,1
AF068220926,2,7,7,Home Team,0.7371,0.5205,0,1,1
AF068220926,2,7,7,Home Team,0.7376,0.5197999999999999,0,1,1
AF068220926,2,7,7,Home Team,0.7059000000000001,0.5045000000000001,0,1,1
AF068220926,2,7,7,Home Team,0.7289,0.5479999999999999,0,1,1
AF068220926,2,7,7,Away Team,0.529,0.3725,0,1,1
AF068220926,2,7,13,Away Team,0.529,0.20550000000000002,0,1,1
AF068220926,2,7,14,Away Team,0.2883,0.20850000000000002,0,1,1
AF069170926,1,0,0,Home Team,0.3967,0.42469999999999997,0,1,1
AF069170926,1,0,0,Home Team,0.3835,0.40850000000000003,0,1,1
AF069170926,1,0,0,Home Team,0.4107,0.431,0,1,1
AF069170926,1,0,0,Home Team,0.45409999999999995,0.49700000000000005,0,1,1
AF069170926,1,0,0,Home Team,0.439,0.48950000000000005,0,1,1
AF069170926,1,6,0,Home Team,0.439,0.5565,0,1,1
AF069170926,1,7,0,Home Team,0.5321,0.5645,0,1,1
AF069170926,1,7,0,Away Team,0.5337,0.5589999999999999,0,1,1
AF069170926,1,7,0,Away Team,0.5322,0.5675,0,1,1
AF069170926,1,7,0,Away Team,0.5275,0.5475,0,1,1
AF069170926,1,7,0,Away Team,0.5293,0.569,0,1,1
AF069170926,2,7,0,Away Team,0.518,0.532,0,1,1
AF069170926,2,7,0,Away Team,0.5028,0.525,0,1,1
AF069170926,2,7,0,Away Team,0.5188,0.54,0,1,1
AF069170926,2,7,0,Away Team,0.5127,0.5685,0,1,1
AF069170926,2,7,0,Away Team,0.5127,0.631,0,1,1
AF069170926,2,7,0,Away Team,0.5322,0.498,0,1,1
AF069170926,2,7,0,Away Team,0.4576,0.483,0,1,1
AF069170926,2,7,6,Away Team,0.4576,0.441,0,1,1
AF069170926,2,7,7,Away Team,0.3918,0.43,0,1,1
AF069170926,2,7,7,Home Team,0.4454,0.489,0,1,1
AF069170926,2,7,7,Home Team,0.4578,0.4842,0,1,1
AF069170926,2,7,7,Away Team,0.4578,0.3815,0,1,1
AF069170926,2,7,7,Away Team,0.2775,0.332,0,1,1
AF069170926,2,7,7,Away Team,0.2995,0.371,0,1,1
AF069180926,1,0,0,Away Team,0.5223,0.5195000000000001,1,1,1
AF069180926,1,0,0,Away Team,0.5318,0.5165,1,1,1
AF069180926,1,0,0,Away Team,0.5156000000000001,0.489,1,1,1
AF069180926,1,0,0,Away Team,0.48310000000000003,0.46299999999999997,1,1,1
AF069180926,1,0,0,Away Team,0.4632,0.45049999999999996,1,1,1
AF069180926,1,0,0,Away Team,0.4598,0.447,1,1,1
AF069180926,1,0,0,Home Team,0.6939,0.6895,1,1,1
AF069180926,1,0,0,Home Team,0.7334999999999999,0.6975,1,1,1
AF069180926,1,6,0,Home Team,0.7334999999999999,0.7440000000000001,1,1,1
AF069180926,1,7,0,Home Team,0.7603,0.7434999999999999,1,1,1
AF069180926,1,7,0,Away Team,0.777,0.752,1,1,1
AF069180926,1,7,0,Away Team,0.7803,0.7535,1,1,1
AF069180926,2,7,0,Away Team,0.8168000000000001,0.7915000000000001,1,1,1
AF069180926,2,7,0,Away Team,0.8168000000000001,0.841,1,1,1
AF069180926,2,7,0,Home Team,0.8170000000000001,0.8675,1,1,1
AF069180926,2,7,0,Home Team,0.8856,0.8734999999999999,1,1,1
AF069180926,2,7,0,Home Team,0.9105,0.8985,1,1,1
AF069180926,2,7,0,Home Team,0.9181,0.9035,1,1,1
AF069180926,2,7,0,Home Team,0.9136,0.9045000000000001,1,1,1
AF069180926,2,7,0,Home Team,0.9128000000000001,0.8955,1,1,1
AF069180926,2,7,0,Home Team,0.8941,0.8785,1,1,1
AF069180926,2,7,0,Home Team,0.8941,0.838,1,1,1
AF069180926,2,10,0,Home Team,0.8617,0.836,1,1,1
AF069180926,2,10,0,Away Team,0.8626,0.85,1,1,1
AF069180926,2,10,0,Away Team,0.8644,0.8425,1,1,1
AF069180926,2,10,0,Away Team,0.8534,0.8375,1,1,1
AF069180926,2,10,0,Away Team,0.8606,0.8365,1,1,1
AF069180926,2,10,0,Away Team,0.8403,0.83,1,1,1
AF069180926,2,10,0,Away Team,0.857,0.83,1,1,1
AF069180926,2,10,0,Away Team,0.8712000000000001,0.862,1,1,1
AF069180926,2,10,6,Away Team,0.8712000000000001,0.7905,1,1,1
AF069180926,2,10,7,Away Team,0.7998999999999999,0.7805,1,1,1
AF069180926,2,10,7,Home Team,0.7872,0.7805,1,1,1
AF069180926,2,10,7,Away Team,0.5611999999999999,0.539,1,1,1
AF069180926,2,10,7,Away Team,0.545,0.5085000000000001,1,1,1
AF069180926,2,10,7,Away Team,0.5472,0.507,1,1,1
AF069180926,2,10,7,Away Team,0.5771000000000001,0.552,1,1,1
AF069180926,2,10,7,Away Team,0.5771000000000001,0.5915,1,1,1
AF069180926,2,10,13,Away Team,0.5771000000000001,0.455,1,1,1
AF069180926,2,10,14,Away Team,0.5771000000000001,0.423,1,1,1
AF069180926,2,10,14,Home Team,0.4292,0.46149999999999997,1,1,1
AF069180926,2,10,14,Home Team,0.5073,0.498,1,1,1
AF069180926,2,10,14,Home Team,0.49670000000000003,0.3845,1,1,1
AF069190926,1,0,0,Away Team,0.4361,0.5205,0,1,1
AF069190926,1,0,0,Away Team,0.46020000000000005,0.5710000000000001,0,1,1
AF069190926,1,0,0,Away Team,0.4353,0.5205,0,1,1
AF069190926,1,0,0,Away Team,0.42969999999999997,0.5415,0,1,1
AF069190926,1,0,0,Away Team,0.4118,0.505,0,1,1
AF069190926,1,0,6,Away Team,0.4118,0.373,0,1,1
AF069190926,1,0,7,Away Team,0.3284,0.39299999999999996,0,1,1
AF069190926,1,0,7,Home Team,0.3287,0.405,0,1,1
AF069190926,1,0,7,Home Team,0.3221,0.382,0,1,1
AF069190926,1,0,7,Home Team,0.3586,0.444,0,1,1
AF069190926,1,0,7,Home Team,0.3871,0.46950000000000003,0,1,1
AF069190926,2,0,7,Home Team,0.3711,0.4445,0,1,1
AF069190926,2,0,7,Home Team,0.37479999999999997,0.45,0,1,1
AF069190926,2,0,7,Home Team,0.37479999999999997,0.47700000000000004,0,1,1
AF069190926,2,0,7,Home Team,0.4028,0.46399999999999997,0,1,1
AF069190926,2,0,7,Home Team,0.3528,0.40950000000000003,0,1,1
AF069190926,2,0,7,Home Team,0.3528,0.3285,0,1,1
AF069190926,2,3,7,Home Team,0.2939,0.3165,0,1,1
AF069190926,2,3,7,Away Team,0.2778,0.33049999999999996,0,1,1
AF069190926,2,3,7,Away Team,0.2942,0.32899999999999996,0,1,1
AF069190926,2,3,7,Away Team,0.3347,0.365,0,1,1
AF069190926,2,3,7,Away Team,0.3347,0.414,0,1,1
AF069190926,2,3,7,Away Team,0.2616,0.3045,0,1,1
AF069190926,2,3,7,Away Team,0.2501,0.2985,0,1,1
AF069190926,2,3,7,Away Team,0.2501,0.2675,0,1,1
AF069190926,2,3,10,Away Team,0.1998,0.2685,0,1,1
AF069200926,1,0,0,Home Team,0.5015999999999999,0.523,1,1,1
AF069200926,1,0,0,Home Team,0.489,0.522,1,1,1
AF069200926,1,0,0,Home Team,0.48340000000000005,0.5295000000000001,1,1,1
AF069200926,1,0,0,Home Team,0.48340000000000005,0.434,1,1,1
AF069200926,1,0,0,Away Team,0.4347,0.413,1,1,1
AF069200926,1,0,0,Away Team,0.3715,0.39899999999999997,1,1,1
AF069200926,1,0,0,Away Team,0.41229999999999994,0.4315,1,1,1
AF069200926,1,0,0,Away Team,0.41229999999999994,0.5065,1,1,1
AF069200926,1,0,0,Home Team,0.41259999999999997,0.504,1,1,1
AF069200926,1,0,0,Home Team,0.5119,0.546,1,1,1
AF069200926,1,0,0,Home Team,0.5364,0.5745,1,1,1
AF069200926,1,0,0,Home Team,0.5272,0.5495,1,1,1
AF069200926,1,0,0,Home Team,0.5073,0.524,1,1,1
AF069200926,1,0,0,Home Team,0.5682,0.5770000000000001,1,1,1
AF069200926,1,6,0,Home Team,0.5682,0.648,1,1,1
AF069200926,1,7,0,Home Team,0.6236,0.634,1,1,1
AF069200926,2,7,0,Away Team,0.6202000000000001,0.6495000000000001,1,1,1
AF069200926,2,7,0,Away Team,0.6598,0.655,1,1,1
AF069200926,2,7,0,Away Team,0.602,0.628,1,1,1
AF069200926,2,7,0,Away Team,0.5705,0.6114999999999999,1,1,1
AF069200926,2,7,0,Away Team,0.5472,0.6135,1,1,1
AF069200926,2,7,0,Away Team,0.5483,0.6204999999999999,1,1,1
AF069200926,2,7,0,Away Team,0.5579,0.635,1,1,1
AF069200926,2,7,0,Away Team,0.5268999999999999,0.5595,1,1,1
AF069200926,2,7,0,Away Team,0.5327000000000001,0.581,1,1,1
AF069200926,2,7,6,Away Team,0.5327000000000001,0.5445,1,1,1
AF069200926,2,7,7,Away Team,0.48369999999999996,0.5555,1,1,1
AF069200926,2,7,7,Home Team,0.4866,0.5645,1,1,1
AF069200926,2,7,7,Home Team,0.5475,0.5905,1,1,1
AF069200926,2,13,7,Home Team,0.5475,0.6895,1,1,1
AF069200926,2,14,7,Home Team,0.6607,0.6970000000000001,1,1,1
AF069200926,2,14,7,Away Team,0.6492,0.708,1,1,1
AF069200926,2,14,7,Away Team,0.5593,0.6275,1,1,1
AF069200926,2,14,7,Away Team,0.5832,0.643,1,1,1
AF069200926,2,14,7,Away Team,0.6225,0.6459999999999999,1,1,1
AF069200926,2,14,7,Away Team,0.6225,0.6875,1,1,1
AF069200926,2,14,10,Away Team,0.6533,0.6655,1,1,1
AF069200926,2,14,10,Home Team,0.6261,0.6709999999999999,1,1,1
AF069200926,2,14,10,Home Team,0.6723,0.705,1,1,1
AF069220926,1,0,0,Home Team,0.5003,0.588,1,1,1
AF069220926,1,0,0,Home Team,0.47600000000000003,0.564,1,1,1
AF069220926,1,0,0,Home Team,0.5024000000000001,0.584,1,1,1
AF069220926,1,0,0,Home Team,0.5051,0.601,1,1,1
AF069220926,1,0,0,Home Team,0.5175,0.5895,1,1,1
AF069220926,1,0,0,Home Team,0.5316,0.603,1,1,1
AF069220926,1,0,0,Home Team,0.5279,0.6025,1,1,1
AF069220926,1,6,0,Home Team,0.5279,0.7,1,1,1
AF069220926,1,7,0,Home Team,0.6299,0.7195,1,1,1
AF069220926,1,7,0,Away Team,0.6462,0.7225,1,1,1
AF069220926,1,7,0,Away Team,0.6426000000000001,0.7354999999999999,1,1,1
AF069220926,2,7,0,Home Team,0.8073999999999999,0.8440000000000001,1,1,1
AF069220926,2,13,0,Home Team,0.8073999999999999,0.893,1,1,1
AF069220926,2,14,0,Home Team,0.8612000000000001,0.888,1,1,1
AF069220926,2,14,0,Away Team,0.8626,0.8885,1,1,1
AF069220926,2,14,0,Away Team,0.8592,0.8885,1,1,1
AF069220926,2,14,0,Away Team,0.8508,0.8825,1,1,1
AF069220926,2,14,0,Away Team,0.8687,0.9025,1,1,1
AF069220926,2,14,0,Away Team,0.8133,0.8534999999999999,1,1,1
AF069220926,2,14,6,Away Team,0.8133,0.8315,1,1,1
AF069220926,2,14,7,Away Team,0.7878000000000001,0.8540000000000001,1,1,1
AF069220926,2,14,7,Home Team,0.7811,0.855,1,1,1
AF069220926,2,14,7,Home Team,0.7967,0.853,1,1,1
AF069220926,2,14,7,Home Team,0.8031,0.8415,1,1,1
AF069220926,2,14,7,Home Team,0.8564,0.8909999999999999,1,1,1
AF069220926,2,14,7,Home Team,0.8104,0.879,1,1,1
AF069220926,2,14,7,Home Team,0.8212,0.8545,1,1,1
AF069220926,2,14,7,Home Team,0.8212,0.8375,1,1,1
AF069220926,2,14,7,Home Team,0.7717,0.743,1,1,1
AF069220926,2,14,7,Away Team,0.6207,0.7215,1,1,1
AF069220926,2,14,7,Away Team,0.6834,0.7390000000000001,1,1,1
AF069220926,2,14,7,Away Team,0.5589999999999999,0.6729999999999999,1,1,1
AF069220926,2,14,7,Away Team,0.5576,0.6855,1,1,1
AF069220926,2,14,7,Away Team,0.5142,0.6629999999999999,1,1,1
AF069220926,2,14,7,Away Team,0.5813,0.733,1,1,1
AF070170926,1,0,0,Away Team,0.4777,0.45649999999999996,1,1,1
AF070170926,1,0,0,Away Team,0.5024000000000001,0.4755,1,1,1
AF070170926,1,0,0,Away Team,0.4611,0.46049999999999996,1,1,1
AF070170926,1,0,0,Away Team,0.4732,0.45,1,1,1
AF070170926,1,0,0,Away Team,0.4583,0.4125,1,1,1
AF070170926,1,0,0,Away Team,0.4249,0.38299999999999995,1,1,1
AF070170926,1,0,0,Away Team,0.43320000000000003,0.3945,1,1,1
AF070170926,1,0,6,Away Team,0.43320000000000003,0.298,1,1,1
AF070170926,1,0,7,Away Team,0.39380000000000004,0.3085,1,1,1
AF070170926,1,0,7,Home Team,0.3832,0.28300000000000003,1,1,1
AF070170926,1,0,7,Home Team,0.3766,0.2945,1,1,1
AF070170926,1,0,7,Home Team,0.32189999999999996,0.24850000000000003,1,1,1
AF070170926,1,0,7,Home Team,0.41859999999999997,0.3265,1,1,1
AF070170926,2,0,7,Home Team,0.4203,0.3275,1,1,1
AF070170926,2,0,7,Home Team,0.4089,0.3455,1,1,1
AF070170926,2,0,7,Home Team,0.3826,0.317,1,1,1
AF070170926,2,0,7,Home Team,0.3826,0.2635,1,1,1
AF070170926,2,0,7,Home Team,0.3709,0.361,1,1,1
AF070170926,2,0,7,Home Team,0.4702,0.395,1,1,1
AF070170926,2,0,7,Home Team,0.4702,0.41100000000000003,1,1,1
AF070170926,2,6,7,Home Team,0.4755,0.493,1,1,1
AF070170926,2,7,7,Home Team,0.5590999999999999,0.5045000000000001,1,1,1
AF070170926,2,7,7,Away Team,0.5590999999999999,0.4987,1,1,1
AF070170926,2,7,7,Away Team,0.6322,0.5185,1,1,1
AF070170926,2,7,7,Away Team,0.6177,0.5405,1,1,1
AF070180926,1,0,0,Home Team,0.4792,0.46649999999999997,1,1,1
AF070180926,1,0,0,Home Team,0.466,0.4645,1,1,1
AF070180926,1,0,0,Home Team,0.43479999999999996,0.4285,1,1,1
AF070180926,1,0,0,Home Team,0.4829,0.48700000000000004,1,1,1
AF070180926,1,0,0,Home Team,0.5065,0.4955,1,1,1
AF070180926,1,0,0,Home Team,0.5295000000000001,0.522,1,1,1
AF070180926,1,0,0,Home Team,0.5276,0.5285,1,1,1
AF070180926,1,0,0,Home Team,0.5092,0.4752,1,1,1
AF070180926,1,0,0,Home Team,0.5466,0.5495,1,1,1
AF070180926,1,0,0,Home Team,0.5490999999999999,0.5495,1,1,1
AF070180926,1,0,0,Home Team,0.5546,0.546,1,1,1
AF070180926,1,6,0,Home Team,0.5546,0.6214999999999999,1,1,1
AF070180926,1,7,0,Home Team,0.5868,0.621,1,1,1
AF070180926,1,7,6,Away Team,0.5868,0.40049999999999997,1,1,1
AF070180926,1,7,7,Away Team,0.48100000000000004,0.5145000000000001,1,1,1
AF070180926,2,7,7,Home Team,0.46799999999999997,0.4815,1,1,1
AF070180926,2,7,7,Home Team,0.5044,0.539,1,1,1
AF070180926,2,7,7,Home Team,0.5215,0.557,1,1,1
AF070180926,2,13,7,Home Team,0.5215,0.594,1,1,1
AF070180926,2,14,7,Home Team,0.5947,0.6085,1,1,1
AF070180926,2,14,7,Away Team,0.5805,0.607,1,1,1
AF070180926,2,14,7,Away Team,0.6043,0.633,1,1,1
AF070180926,2,14,7,Away Team,0.5968,0.6665000000000001,1,1,1
AF070180926,2,14,7,Away Team,0.5590999999999999,0.6125,1,1,1
AF070180926,2,14,7,Away Team,0.5519,0.613,1,1,1
AF070180926,2,14,7,Away Team,0.5413,0.585,1,1,1
AF070180926,2,14,7,Away Team,0.5699000000000001,0.644,1,1,1
AF070180926,2,14,7,Away Team,0.5740999999999999,0.6365,1,1,1
AF070180926,2,14,7,Away Team,0.5740999999999999,0.669,1,1,1
AF070180926,2,14,7,Away Team,0.5695,0.57,1,1,1
AF070180926,2,14,7,Away Team,0.4975,0.5705,1,1,1
AF070180926,2,14,7,Away Team,0.5885,0.6114999999999999,1,1,1
AF070180926,2,14,7,Away Team,0.5273,0.589,1,1,1
AF070190926,1,0,0,Home Team,0.6364,0.594,1,1,1
AF070190926,1,0,0,Home Team,0.5903,0.562,1,1,1
AF070190926,1,0,0,Home Team,0.5825,0.5489999999999999,1,1,1
AF070190926,1,0,0,Home Team,0.6474,0.6035,1,1,1
AF070190926,1,0,0,Home Team,0.6394,0.603,1,1,1
AF070190926,1,0,0,Home Team,0.6757,0.6435,1,1,1
AF070190926,1,6,0,Home Team,0.6757,0.7090000000000001,1,1,1
AF070190926,1,7,0,Home Team,0.7238,0.7334999999999999,1,1,1
AF070190926,1,7,0,Away Team,0.7252,0.7240000000000001,1,1,1
AF070190926,1,7,0,Away Team,0.7347,0.7175,1,1,1
AF070190926,1,7,0,Away Team,0.7312000000000001,0.7,1,1,1
AF070190926,2,7,0,Away Team,0.7125,0.6895,1,1,1
AF070190926,2,7,0,Away Team,0.6998000000000001,0.691,1,1,1
AF070190926,2,7,0,Away Team,0.7175,0.7055,1,1,1
AF070190926,2,7,0,Away Team,0.7175,0.78,1,1,1
AF070190926,2,7,0,Home Team,0.7579,0.8425,1,1,1
AF070190926,2,7,0,Home Team,0.7985,0.804,1,1,1
AF070190926,2,7,0,Home Team,0.7437,0.748,1,1,1
AF070190926,2,7,0,Home Team,0.7437,0.7023999999999999,1,1,1
AF070190926,2,7,0,Away Team,0.7437,0.7173999999999999,1,1,1
AF070190926,2,7,0,Away Team,0.7162000000000001,0.7265,1,1,1
AF070190926,2,7,0,Away Team,0.6757,0.695,1,1,1
AF070190926,2,7,0,Away Team,0.6833,0.6859999999999999,1,1,1
AF070190926,2,7,0,Away Team,0.6683,0.6859999999999999,1,1,1
AF070190926,2,7,0,Away Team,0.6123,0.65,1,1,1
AF070190926,2,7,0,Away Team,0.6123,0.647,1,1,1
AF070190926,2,7,0,Away Team,0.6417,0.6709999999999999,1,1,1
AF070190926,2,7,0,Away Team,0.6417,0.728,1,1,1
AF070200926,1,0,0,Away Team,0.4338,0.423,1,1,1
AF070200926,1,0,0,Away Team,0.4183,0.4045,1,1,1
AF070200926,1,0,0,Away Team,0.44909999999999994,0.4235,1,1,1
AF070200926,1,0,0,Away Team,0.44909999999999994,0.519,1,1,1
AF070200926,1,0,0,Home Team,0.47,0.494,1,1,1
AF070200926,1,0,0,Home Team,0.5482,0.4915,1,1,1
AF070200926,1,0,0,Home Team,0.5748,0.5225,1,1,1
AF070200926,1,0,0,Home Team,0.6422,0.6008,1,1,1
AF070200926,1,0,0,Home Team,0.6478,0.6098,1,1,1
AF070200926,1,0,0,Home Team,0.6548,0.5843,1,1,1
AF070200926,1,0,0,Home Team,0.6436,0.5875,1,1,1
AF070200926,1,0,0,Home Team,0.6593000000000001,0.607,1,1,1
AF070200926,1,6,0,Home Team,0.6593000000000001,0.691,1,1,1
AF070200926,1,7,0,Home Team,0.7221,0.6815000000000001,1,1,1
AF070200926,1,7,0,Away Team,0.7206999999999999,0.6859999999999999,1,1,1
AF070200926,1,7,0,Away Team,0.6966,0.6545000000000001,1,1,1
AF070200926,2,7,0,Away Team,0.7081999999999999,0.6635,1,1,1
AF070200926,2,7,0,Away Team,0.7806000000000001,0.76,1,1,1
AF070200926,2,7,0,Away Team,0.7806000000000001,0.8095,1,1,1
AF070200926,2,7,0,Home Team,0.7777,0.8305,1,1,1
AF070200926,2,7,0,Home Team,0.8543000000000001,0.8365,1,1,1
AF070200926,2,7,0,Home Team,0.879,0.8584999999999999,1,1,1
AF070200926,2,7,0,Home Team,0.8933,0.8695,1,1,1
AF070200926,2,7,0,Home Team,0.9036,0.8885,1,1,1
AF070200926,2,7,0,Home Team,0.9166,0.888,1,1,1
AF070200926,2,7,0,Home Team,0.9170999999999999,0.905,1,1,1
AF070200926,2,13,0,Home Team,0.9170999999999999,0.9179999999999999,1,1,1
AF070200926,2,14,0,Home Team,0.9368000000000001,0.917,1,1,1
AF070200926,2,14,0,Away Team,0.9368000000000001,0.9265000000000001,1,1,1
AF070200926,2,14,0,Away Team,0.9423,0.9225,1,1,1
AF070200926,2,14,0,Away Team,0.9329999999999999,0.922,1,1,1
AF070200926,2,14,0,Away Team,0.9257,0.9209999999999999,1,1,1
AF070200926,2,14,6,Away Team,0.9257,0.8565,1,1,1
AF070200926,2,14,7,Away Team,0.8906000000000001,0.8490000000000001,1,1,1
AF070200926,2,14,7,Home Team,0.9028,0.8423999999999999,1,1,1
AF070200926,2,14,7,Home Team,0.8787,0.841,1,1,1
AF070200926,2,14,7,Home Team,0.9161,0.871,1,1,1
AF070200926,2,14,7,Home Team,0.9334,0.8925,1,1,1
AF070200926,2,14,7,Home Team,0.9445999999999999,0.889,1,1,1
AF070200926,2,14,7,Home Team,0.9527,0.904,1,1,1
AF070200926,2,17,7,Home Team,0.9527,0.9255,1,1,1
AF070200926,2,17,7,Away Team,0.9508,0.9145,1,1,1
AF071170926,1,0,0,Away Team,0.5759000000000001,0.579,1,1,1
AF071170926,1,0,6,Away Team,0.5759000000000001,0.46,1,1,1
AF071170926,1,0,7,Away Team,0.4682,0.46950000000000003,1,1,1
AF071170926,1,0,7,Home Team,0.45520000000000005,0.4585,1,1,1
AF071170926,1,0,7,Home Team,0.4537,0.44049999999999995,1,1,1
AF071170926,1,0,7,Home Team,0.43810000000000004,0.4235,1,1,1
AF071170926,1,0,7,Home Team,0.43810000000000004,0.34950000000000003,1,1,1
AF071170926,1,0,7,Away Team,0.40880000000000005,0.32799999999999996,1,1,1
AF071170926,1,0,7,Away Team,0.3411,0.319,1,1,1
AF071170926,1,0,7,Away Team,0.2675,0.2735,1,1,1
AF071170926,1,0,7,Away Team,0.26530000000000004,0.27899999999999997,1,1,1
AF071170926,1,0,13,Away Team,0.26530000000000004,0.2045,1,1,1
AF071170926,1,0,14,Away Team,0.2137,0.2065,1,1,1
AF071170926,1,0,14,Home Team,0.2051,0.204,1,1,1
AF071170926,1,0,14,Home Team,0.2041,0.18899999999999997,1,1,1
AF071170926,1,0,14,Home Team,0.19940000000000002,0.1855,1,1,1
AF071170926,1,0,14,Home Team,0.221,0.196,1,1,1
AF071170926,2,0,14,Home Team,0.2113,0.20850000000000002,1,1,1
AF071170926,2,0,14,Home Team,0.20010000000000003,0.1805,1,1,1
AF071170926,2,6,14,Home Team,0.20010000000000003,0.2625,1,1,1
AF071170926,2,7,14,Home Team,0.28059999999999996,0.258,1,1,1
AF071170926,2,7,14,Away Team,0.2905,0.264,1,1,1
AF071170926,2,7,14,Away Team,0.30079999999999996,0.2785,1,1,1
AF071170926,2,7,14,Away Team,0.271,0.23600000000000002,1,1,1
AF071170926,2,7,14,Away Team,0.2623,0.217,1,1,1
AF071170926,2,7,14,Away Team,0.2336,0.2245,1,1,1
AF071170926,2,7,14,Away Team,0.2902,0.272,1,1,1
AF071170926,2,7,14,Away Team,0.1967,0.18899999999999997,1,1,1
AF071170926,2,7,14,Away Team,0.2071,0.223,1,1,1
AF071170926,2,7,14,Away Team,0.22940000000000002,0.237,1,1,1
AF071170926,2,7,14,Away Team,0.22940000000000002,0.2945,1,1,1
AF071170926,2,7,14,Away Team,0.29760000000000003,0.424,1,1,1
AF071170926,2,13,14,Home Team,0.29760000000000003,0.5125,1,1,1
AF071170926,2,14,14,Home Team,0.5474,0.5255,1,1,1
AF071170926,2,14,14,Away Team,0.5489,0.504,1,1,1
AF071170926,2,14,14,Away Team,0.4608,0.424,1,1,1
AF071170926,2,14,14,Away Team,0.4788,0.452,1,1,1
AF071170926,2,14,14,Away Team,0.4335,0.41950000000000004,1,1,1
AF071170926,2,14,20,Away Team,0.4335,0.3125,1,1,1
AF071170926,2,14,21,Away Team,0.3208,0.33,1,1,1
AF071170926,2,14,21,Home Team,0.3079,0.311,1,1,1
AF071170926,2,14,21,Home Team,0.4415,0.285,1,1,1
AF071180926,1,0,0,Away Team,0.4534,0.506,1,1,1
AF071180926,1,0,0,Away Team,0.4708,0.5245000000000001,1,1,1
AF071180926,1,0,0,Away Team,0.4628,0.46049999999999996,1,1,1
AF071180926,1,0,0,Away Team,0.49520000000000003,0.5185,1,1,1
AF071180926,1,0,0,Away Team,0.4489,0.47,1,1,1
AF071180926,1,0,0,Away Team,0.4542,0.46549999999999997,1,1,1
AF071180926,1,0,0,Away Team,0.4458,0.449,1,1,1
AF071180926,1,0,0,Away Team,0.4412,0.4465,1,1,1
AF071180926,1,0,0,Away Team,0.42590000000000006,0.45549999999999996,1,1,1
AF071180926,2,0,0,Away Team,0.40490000000000004,0.4205,1,1,1
AF071180926,2,0,0,Away Team,0.4313,0.42200000000000004,1,1,1
AF071180926,2,0,0,Away Team,0.4525,0.466,1,1,1
AF071180926,2,0,0,Away Team,0.4525,0.5455,1,1,1
AF071180926,2,0,0,Home Team,0.6154999999999999,0.6235,1,1,1
AF071180926,2,0,0,Home Team,0.634,0.64,1,1,1
AF071180926,2,0,0,Home Team,0.5887,0.633,1,1,1
AF071180926,2,0,0,Home Team,0.5887,0.54,1,1,1
AF071180926,2,0,0,Away Team,0.37070000000000003,0.3675,1,1,1
AF071180926,2,0,0,Away Team,0.4046,0.39299999999999996,1,1,1
AF071180926,2,0,0,Away Team,0.341,0.3602,1,1,1
AF071180926,2,0,0,Away Team,0.3504,0.40149999999999997,1,1,1
AF071180926,2,0,3,Away Team,0.3504,0.4225,1,1,1
AF071180926,2,0,3,Home Team,0.4177,0.4235,1,1,1
AF071190926,1,0,0,Away Team,0.5229,0.545,1,1,1
AF071190926,1,0,0,Away Team,0.5539999999999999,0.555,1,1,1
AF071190926,1,0,0,Away Team,0.5456,0.539,1,1,1
AF071190926,1,0,0,Away Team,0.5456,0.616,1,1,1
AF071190926,1,0,0,Home Team,0.5754,0.642,1,1,1
AF071190926,1,0,0,Home Team,0.6709999999999999,0.6035,1,1,1
AF071190926,1,0,0,Home Team,0.6369,0.6015,1,1,1
AF071190926,1,0,0,Home Team,0.7116,0.66,1,1,1
AF071190926,1,0,0,Home Team,0.6970999999999999,0.6655,1,1,1
AF071190926,1,0,0,Home Team,0.7167,0.6785,1,1,1
AF071190926,1,0,0,Home Team,0.7243999999999999,0.688,1,1,1
AF071190926,2,0,0,Home Team,0.7353000000000001,0.67,1,1,1
AF071190926,2,0,0,Home Team,0.741,0.7245,1,1,1
AF071190926,2,0,0,Home Team,0.7421,0.743,1,1,1
AF071190926,2,0,0,Home Team,0.7421,0.757,1,1,1
AF071190926,2,6,0,Home Team,0.7421,0.7835,1,1,1
AF071190926,2,7,0,Home Team,0.7745000000000001,0.7959999999999999,1,1,1
AF071190926,2,7,0,Away Team,0.7684000000000001,0.807,1,1,1
AF071190926,2,7,0,Away Team,0.7526,0.7505,1,1,1
AF071190926,2,7,0,Away Team,0.787,0.763,1,1,1
AF071190926,2,7,0,Away Team,0.7735,0.7585,1,1,1
AF071190926,2,7,6,Away Team,0.7735,0.636,1,1,1
AF071190926,2,7,7,Away Team,0.6908,0.648,1,1,1
AF071190926,2,7,7,Home Team,0.6933,0.6459999999999999,1,1,1
AF071190926,2,7,7,Home Team,0.7143,0.635,1,1,1
AF071190926,2,7,7,Home Team,0.6944,0.6214999999999999,1,1,1
AF071190926,2,7,7,Home Team,0.7226,0.652,1,1,1
AF071190926,2,7,7,Home Team,0.7791,0.6765000000000001,1,1,1
AF071190926,2,10,7,Home Team,0.7791,0.7495,1,1,1
AF071200926,1,0,0,Home Team,0.45189999999999997,0.409,1,1,1
AF071200926,1,0,0,Home Team,0.4534,0.425,1,1,1
AF071200926,1,0,0,Home Team,0.4683,0.4275,1,1,1
AF071200926,1,0,0,Home Team,0.4768,0.434,1,1,1
AF071200926,1,0,0,Home Team,0.47479999999999994,0.41950000000000004,1,1,1
AF071200926,1,0,0,Home Team,0.5307999999999999,0.4435,1,1,1
AF071200926,1,0,0,Home Team,0.5103,0.4475,1,1,1
AF071200926,1,0,0,Home Team,0.4746,0.4125,1,1,1
AF071200926,1,0,0,Home Team,0.4746,0.363,1,1,1
AF071200926,2,0,0,Home Team,0.43189999999999995,0.27,1,1,1
AF071200926,2,0,0,Away Team,0.2991,0.262,1,1,1
AF071200926,2,0,0,Away Team,0.3342,0.29350000000000004,1,1,1
AF071200926,2,0,0,Away Team,0.3017,0.24100000000000002,1,1,1
AF071200926,2,0,0,Away Team,0.3104,0.233,1,1,1
AF071200926,2,0,0,Away Team,0.2618,0.221,1,1,1
AF071200926,2,0,0,Away Team,0.2579,0.23399999999999999,1,1,1
AF071200926,2,0,0,Away Team,0.24100000000000002,0.2045,1,1,1
AF071200926,2,0,0,Away Team,0.24170000000000003,0.2205,1,1,1
AF071200926,2,0,0,Away Team,0.249,0.192,1,1,1
AF071200926,2,0,6,Away Team,0.249,0.14800000000000002,1,1,1
AF071200926,2,0,7,Away Team,0.18420000000000003,0.151,1,1,1
AF071200926,2,0,7,Home Team,0.18170000000000003,0.16,1,1,1
AF071200926,2,0,7,Home Team,0.2305,0.1865,1,1,1
AF071200926,2,0,7,Home Team,0.225,0.192,1,1,1
AF071200926,2,0,7,Home Team,0.2525,0.204,1,1,1
AF071200926,2,0,7,Home Team,0.29109999999999997,0.244,1,1,1
AF071200926,2,0,7,Home Team,0.2944,0.179,1,1,1
AF071200926,2,6,7,Home Team,0.2944,0.335,1,1,1
AF071200926,2,7,7,Home Team,0.35259999999999997,0.32299999999999995,1,1,1
AF071210926,1,0,0,Away Team,0.47369999999999995,0.389,1,1,1
AF071210926,1,0,0,Away Team,0.48950000000000005,0.387,1,1,1
AF071210926,1,0,0,Away Team,0.4343,0.34950000000000003,1,1,1
AF071210926,1,0,0,Away Team,0.45770000000000005,0.3505,1,1,1
AF071210926,1,0,0,Away Team,0.4814,0.3795,1,1,1
AF071210926,1,0,0,Away Team,0.4814,0.418,1,1,1
AF071210926,1,0,3,Away Team,0.5362,0.415,1,1,1
AF071210926,1,0,3,Home Team,0.4938,0.40950000000000003,1,1,1
AF071210926,1,0,3,Home Team,0.47850000000000004,0.4045,1,1,1
AF071210926,1,0,3,Home Team,0.5272,0.441,1,1,1
AF071210926,1,0,3,Home Team,0.5174,0.43,1,1,1
AF071210926,2,0,3,Home Team,0.5516,0.48700000000000004,1,1,1
AF071210926,2,0,3,Home Team,0.5415,0.4825,1,1,1
AF071210926,2,0,3,Home Team,0.5105,0.4425,1,1,1
AF071210926,2,0,3,Home Team,0.5814,0.5065,1,1,1
AF071210926,2,0,3,Home Team,0.5653,0.489,1,1,1
AF071210926,2,0,3,Home Team,0.5653,0.5489999999999999,1,1,1
AF071210926,2,0,3,Home Team,0.5653,0.5379999999999999,1,1,1
AF071210926,2,6,3,Home Team,0.5653,0.581,1,1,1
AF071210926,2,7,3,Home Team,0.6426999999999999,0.5785,1,1,1
AF071210926,2,7,3,Away Team,0.6151,0.5885,1,1,1
AF071210926,2,7,3,Away Team,0.625,0.5660000000000001,1,1,1
AF071210926,2,7,3,Away Team,0.6504000000000001,0.6004999999999999,1,1,1
AF071210926,2,7,3,Away Team,0.6945999999999999,0.6265,1,1,1
AF071210926,2,7,3,Away Team,0.6272,0.5595,1,1,1
AF071210926,2,7,3,Away Team,0.6306,0.555,1,1,1
AF071210926,2,7,3,Home Team,0.8194,0.7384999999999999,1,1,1
AF071210926,2,7,3,Home Team,0.8353,0.7905,1,1,1
AF071210926,2,7,3,Home Team,0.8693000000000001,0.7939,1,1,1
AF071210926,2,7,3,Home Team,0.8798999999999999,0.767,1,1,1
AF071210926,2,10,3,Home Team,0.8798999999999999,0.8270000000000001,1,1,1
AF071220926,1,0,0,Home Team,0.47850000000000004,0.562,1,1,1
AF071220926,1,0,0,Home Team,0.49200000000000005,0.564,1,1,1
AF071220926,1,0,0,Home Team,0.4804,0.5575,1,1,1
AF071220926,1,0,0,Home Team,0.483,0.5545,1,1,1
AF071220926,1,0,0,Home Team,0.483,0.498,1,1,1
AF071220926,1,0,0,Home Team,0.4465,0.5770000000000001,1,1,1
AF071220926,1,0,0,Home Team,0.5203,0.562,1,1,1
AF071220926,1,0,0,Home Team,0.5578,0.625,1,1,1
AF071220926,1,0,0,Home Team,0.5547,0.6275,1,1,1
AF071220926,1,0,0,Home Team,0.5118,0.5660000000000001,1,1,1
AF071220926,1,6,0,Home Team,0.5118,0.68,1,1,1
AF071220926,1,7,0,Home Team,0.6092,0.6675,1,1,1
AF071220926,2,7,0,Away Team,0.5858,0.6445000000000001,1,1,1
AF071220926,2,7,0,Away Team,0.6087,0.6609999999999999,1,1,1
AF071220926,2,7,0,Away Team,0.5564,0.6135,1,1,1
AF071220926,2,7,6,Away Team,0.5564,0.58,1,1,1
AF071220926,2,7,7,Away Team,0.5027,0.5675,1,1,1
AF071220926,2,7,7,Home Team,0.4997,0.581,1,1,1
AF071220926,2,7,7,Home Team,0.451,0.5535,1,1,1
AF071220926,2,7,7,Home Team,0.512,0.6083,1,1,1
AF071220926,2,7,7,Home Team,0.473,0.5485,1,1,1
AF071220926,2,7,7,Home Team,0.4828,0.5785,1,1,1
AF071220926,2,7,7,Home Team,0.4828,0.6875,1,1,1
AF071220926,2,7,7,Home Team,0.5697,0.6912999999999999,1,1,1
AF071220926,2,7,7,Home Team,0.5436,0.669,1,1,1
AF071220926,2,13,7,Home Team,0.5436,0.7284999999999999,1,1,1
AF071220926,2,14,7,Home Team,0.655,0.747,1,1,1
AF071220926,2,14,7,Away Team,0.6547,0.742,1,1,1
AF071220926,2,14,7,Away Team,0.7075,0.78,1,1,1
AF071220926,2,14,7,Away Team,0.7306999999999999,0.8125,1,1,1
AF071220926,2,14,7,Away Team,0.7306999999999999,0.8995000000000001,1,1,1
AF072170926,1,0,0,Away Team,0.47159999999999996,0.5155,1,1,1
AF072170926,1,0,0,Away Team,0.4927,0.519,1,1,1
AF072170926,1,0,0,Away Team,0.523,0.563,1,1,1
AF072170926,1,0,0,Away Team,0.523,0.6204999999999999,1,1,1
AF072170926,1,0,0,Home Team,0.5690999999999999,0.6104999999999999,1,1,1
AF072170926,1,0,0,Home Team,0.6111,0.5770000000000001,1,1,1
AF072170926,1,0,0,Home Team,0.5189,0.5329999999999999,1,1,1
AF072170926,1,0,0,Away Team,0.41850000000000004,0.47350000000000003,1,1,1
AF072170926,1,0,0,Away Team,0.4261,0.48,1,1,1
AF072170926,1,0,0,Away Team,0.4255,0.48869999999999997,1,1,1
AF072170926,1,0,0,Away Team,0.4025,0.441,1,1,1
AF072170926,2,0,0,Away Team,0.4158,0.4707,1,1,1
AF072170926,2,0,0,Away Team,0.4692,0.4875,1,1,1
AF072170926,2,0,0,Away Team,0.4692,0.5375,1,1,1
AF072170926,2,0,3,Away Team,0.5132,0.5385,1,1,1
AF072170926,2,0,3,Home Team,0.5407,0.5388000000000001,1,1,1
AF072170926,2,0,3,Home Team,0.5305,0.5165,1,1,1
AF072170926,2,0,3,Home Team,0.5929,0.5615,1,1,1
AF072170926,2,0,3,Home Team,0.6468,0.638,1,1,1
AF072170926,2,0,3,Home Team,0.6565000000000001,0.6515000000000001,1,1,1
AF072170926,2,0,3,Home Team,0.6376,0.6015,1,1,1
AF072170926,2,0,3,Home Team,0.6376,0.5185,1,1,1
AF072170926,2,3,3,Home Team,0.53,0.515,1,1,1
AF072170926,2,3,3,Away Team,0.5053,0.5395,1,1,1
AF072170926,2,3,3,Away Team,0.5053,0.56,1,1,1
AF072170926,2,3,3,Away Team,0.5649000000000001,0.585,1,1,1
AF072190926,1,0,0,Home Team,0.3997,0.42369999999999997,0,1,1
AF072190926,1,0,0,Home Team,0.3724,0.4275,0,1,1
AF072190926,1,0,0,Home Team,0.3914,0.44,0,1,1
AF072190926,1,0,0,Home Team,0.41609999999999997,0.47119999999999995,0,1,1
AF072190926,1,0,0,Home Team,0.41340000000000005,0.4525,0,1,1
AF072190926,1,0,0,Home Team,0.4489,0.499,0,1,1
AF072190926,1,6,0,Home Team,0.4489,0.5895,0,1,1
AF072190926,1,7,0,Home Team,0.5386,0.5875,0,1,1
AF072190926,1,7,0,Away Team,0.4978,0.5670000000000001,0,1,1
AF072190926,1,7,0,Away Team,0.48560000000000003,0.5795,0,1,1
AF072190926,1,7,0,Away Team,0.5529,0.6537999999999999,0,1,1
AF072190926,2,7,0,Away Team,0.45899999999999996,0.5545,0,1,1
AF072190926,2,7,6,Away Team,0.45899999999999996,0.44,0,1,1
AF072190926,2,7,7,Away Team,0.4357,0.451,0,1,1
AF072190926,2,7,7,Home Team,0.4257,0.4582,0,1,1
AF072190926,2,7,7,Home Team,0.4257,0.4375,0,1,1
AF072190926,2,7,7,Home Team,0.4257,0.483,0,1,1
AF072190926,2,7,7,Home Team,0.4257,0.467,0,1,1
AF072190926,2,7,7,Home Team,0.4257,0.409,0,1,1
AF072190926,2,7,7,Home Team,0.4257,0.40149999999999997,0,1,1
AF072190926,2,7,7,Away Team,0.4257,0.32799999999999996,0,1,1
AF072190926,2,7,7,Away Team,0.2445,0.337,0,1,1
AF072190926,2,7,7,Away Team,0.2328,0.37450000000000006,0,1,1
AF072190926,2,7,7,Away Team,0.2025,0.3025,0,1,1
AF072190926,2,7,7,Away Team,0.1886,0.263,0,1,1
AF072190926,2,7,7,Away Team,0.1427,0.2261,0,1,1
AF072190926,2,7,10,Away Team,0.1427,0.2365,0,1,1
AF072190926,2,7,10,Home Team,0.1906,0.23550000000000001,0,1,1
AF072200926,1,0,0,Away Team,0.4557,0.4755,1,1,1
AF072200926,1,0,0,Away Team,0.479,0.5015,1,1,1
AF072200926,1,0,0,Away Team,0.5009,0.5195000000000001,1,1,1
AF072200926,1,0,0,Away Team,0.5009,0.5745,1,1,1
AF072200926,1,0,0,Home Team,0.5544,0.5715,1,1,1
AF072200926,1,0,0,Home Team,0.6352,0.601,1,1,1
AF072200926,1,0,0,Home Team,0.6299,0.5895,1,1,1
AF072200926,1,0,0,Home Team,0.6299,0.5215,1,1,1
AF072200926,1,0,0,Away Team,0.613,0.491,1,1,1
AF072200926,1,0,0,Away Team,0.5047,0.5278,1,1,1
AF072200926,1,0,0,Away Team,0.4999,0.524,1,1,1
AF072200926,1,0,0,Away Team,0.4489,0.4585,1,1,1
AF072200926,2,0,0,Away Team,0.4576,0.4595,1,1,1
AF072200926,2,0,0,Away Team,0.5005,0.5245000000000001,1,1,1
AF072200926,2,0,0,Away Team,0.3975,0.3985,1,1,1
AF072200926,2,0,0,Away Team,0.4175,0.3945,1,1,1
AF072200926,2,0,0,Away Team,0.402,0.39299999999999996,1,1,1
AF072200926,2,0,0,Away Team,0.4142,0.41619999999999996,1,1,1
AF072200926,2,0,0,Home Team,0.6523,0.602,1,1,1
AF072200926,2,0,0,Home Team,0.6093,0.5805,1,1,1
AF072200926,2,0,0,Home Team,0.6129,0.59,1,1,1
AF072200926,2,6,0,Home Team,0.6129,0.79,1,1,1
AF072200926,2,7,0,Home Team,0.7362000000000001,0.773,1,1,1
AF072200926,2,7,0,Away Team,0.7454999999999999,0.767,1,1,1
AF072200926,2,7,0,Home Team,0.9218999999999999,0.9135,1,1,1
AF072200926,2,7,0,Home Team,0.9243000000000001,0.91,1,1,1
AF072200926,2,7,0,Home Team,0.9075,0.8959999999999999,1,1,1
AF072200926,2,7,0,Home Team,0.9483,0.9315000000000001,1,1,1
AF072200926,2,7,0,Home Team,0.9538,0.9285,1,1,1
AF072200926,2,10,0,Away Team,0.9335,0.922,1,1,1
AF072200926,2,10,0,Home Team,0.9734999999999999,0.9015000000000001,1,1,1
AF073170926,1,0,0,Away Team,0.49670000000000003,0.544,0,1,1
AF073170926,1,0,0,Away Team,0.509,0.5155,0,1,1
AF073170926,1,0,0,Away Team,0.498,0.48950000000000005,0,1,1
AF073170926,1,0,0,Away Team,0.5003,0.48350000000000004,0,1,1
AF073170926,1,0,0,Away Team,0.4863,0.48700000000000004,0,1,1
AF073170926,1,0,0,Away Team,0.48840000000000006,0.488,0,1,1
AF073170926,1,0,0,Away Team,0.4816,0.4985,0,1,1
AF073170926,1,0,0,Away Team,0.4951,0.5215,0,1,1
AF073170926,1,0,0,Away Team,0.45270000000000005,0.47200000000000003,0,1,1
AF073170926,1,0,0,Away Team,0.4592,0.4805,0,1,1
AF073170926,1,0,0,Away Team,0.485,0.5135000000000001,0,1,1
AF073170926,2,0,0,Away Team,0.485,0.431,0,1,1
AF073170926,2,0,6,Away Team,0.485,0.405,0,1,1
AF073170926,2,0,7,Away Team,0.39409999999999995,0.387,0,1,1
AF073170926,2,0,7,Home Team,0.3725,0.40299999999999997,0,1,1
AF073170926,2,0,7,Home Team,0.40299999999999997,0.3895,0,1,1
AF073170926,2,0,7,Home Team,0.3734,0.344,0,1,1
AF073170926,2,0,7,Home Team,0.4094,0.42700000000000005,0,1,1
AF073170926,2,0,7,Away Team,0.19519999999999998,0.2075,0,1,1
AF073170926,2,0,7,Away Team,0.17300000000000001,0.177,0,1,1
AF073170926,2,0,13,Away Team,0.17300000000000001,0.145,0,1,1
AF073170926,2,0,14,Away Team,0.1505,0.135,0,1,1
AF073170926,2,0,14,Home Team,0.1445,0.146,0,1,1
AF073170926,2,0,14,Home Team,0.1557,0.14150000000000001,0,1,1
AF073170926,2,0,14,Home Team,0.1617,0.166,0,1,1
AF073170926,2,0,14,Home Team,0.17190000000000003,0.152,0,1,1
AF073170926,2,0,14,Home Team,0.17190000000000003,0.1655,0,1,1
AF073170926,2,0,14,Home Team,0.16399999999999998,0.1655,0,1,1
AF073170926,2,0,14,Home Team,0.1893,0.207,0,1,1
AF073170926,2,6,14,Home Team,0.1893,0.233,0,1,1
AF073170926,2,7,14,Home Team,0.2089,0.222,0,1,1
AF073170926,2,7,14,Away Team,0.2095,0.222,0,1,1
AF073170926,2,7,14,Away Team,0.2407,0.23,0,1,1
AF073170926,2,7,14,Away Team,0.2057,0.21100000000000002,0,1,1
AF073170926,2,7,14,Away Team,0.2302,0.21350000000000002,0,1,1
AF073170926,2,7,14,Away Team,0.2522,0.233,0,1,1
AF073180926,1,0,0,Away Team,0.4585,0.5255,0,1,1
AF073180926,1,0,0,Away Team,0.4729,0.54,0,1,1
AF073180926,1,0,0,Away Team,0.4551,0.5175,0,1,1
AF073180926,1,0,0,Away Team,0.4841,0.5275,0,1,1
AF073180926,1,0,0,Away Team,0.452,0.511,0,1,1
AF073180926,1,0,0,Away Team,0.4473,0.5135000000000001,0,1,1
AF073180926,1,0,0,Away Team,0.4457,0.506,0,1,1
AF073180926,1,0,0,Away Team,0.48619999999999997,0.5255,0,1,1
AF073180926,2,0,0,Away Team,0.4397,0.483,0,1,1
AF073180926,2,0,0,Away Team,0.4493,0.509,0,1,1
AF073180926,2,0,0,Away Team,0.4755,0.5435,0,1,1
AF073180926,2,0,0,Away Team,0.41359999999999997,0.4575,0,1,1
AF073180926,2,0,0,Away Team,0.4238,0.4775,0,1,1
AF073180926,2,0,0,Away Team,0.45630000000000004,0.49200000000000005,0,1,1
AF073180926,2,0,0,Away Team,0.45630000000000004,0.552,0,1,1
AF073180926,2,0,6,Away Team,0.4976,0.3705,0,1,1
AF073180926,2,0,7,Away Team,0.4976,0.3715,0,1,1
AF073180926,2,0,7,Home Team,0.3249,0.3725,0,1,1
AF073180926,2,0,7,Home Team,0.3479,0.358,0,1,1
AF073180926,2,6,7,Home Team,0.3479,0.5655,0,1,1
AF073180926,2,7,7,Home Team,0.5347999999999999,0.59,0,1,1
AF073180926,2,7,7,Away Team,0.5552,0.5715,0,1,1
AF073180926,2,7,7,Away Team,0.5484,0.5665,0,1,1
AF073180926,2,7,7,Away Team,0.5779,0.552,0,1,1
AF073190926,1,0,0,Home Team,0.4658,0.537,0,1,1
AF073190926,1,6,0,Home Team,0.4658,0.647,0,1,1
AF073190926,1,7,0,Home Team,0.5670000000000001,0.647,0,1,1
AF073190926,1,7,0,Away Team,0.5736,0.6465000000000001,0,1,1
AF073190926,1,7,0,Away Team,0.5806,0.6485,0,1,1
AF073190926,1,7,0,Home Team,0.7419,0.782,0,1,1
AF073190926,1,7,0,Home Team,0.7362000000000001,0.7715000000000001,0,1,1
AF073190926,1,7,0,Home Team,0.7071999999999999,0.7565000000000001,0,1,1
AF073190926,1,7,0,Home Team,0.7071999999999999,0.73,0,1,1
AF073190926,1,10,0,Home Team,0.6873999999999999,0.7555,0,1,1
AF073190926,1,10,0,Away Team,0.7047,0.746,0,1,1
AF073190926,1,10,0,Away Team,0.6236999999999999,0.685,0,1,1
AF073190926,1,10,0,Away Team,0.6587999999999999,0.7005,0,1,1
AF073190926,1,10,0,Away Team,0.6666,0.7475,0,1,1
AF073190926,1,10,0,Home Team,0.8027,0.8590000000000001,0,1,1
AF073190926,1,10,0,Home Team,0.7986,0.8405,0,1,1
AF073190926,2,10,0,Home Team,0.8051999999999999,0.8340000000000001,0,1,1
AF073190926,2,10,0,Home Team,0.8514,0.8704999999999999,0,1,1
AF073190926,2,10,0,Home Team,0.8162999999999999,0.8675,0,1,1
AF073190926,2,10,0,Home Team,0.8571,0.902,0,1,1
AF073190926,2,10,0,Home Team,0.8495999999999999,0.8584999999999999,0,1,1
AF073190926,2,10,0,Home Team,0.8906000000000001,0.9045000000000001,0,1,1
AF073190926,2,10,0,Home Team,0.8623000000000001,0.892,0,1,1
AF073190926,2,10,0,Home Team,0.8837999999999999,0.91,0,1,1
AF073190926,2,10,0,Home Team,0.8837999999999999,0.8695,0,1,1
AF073190926,2,10,0,Away Team,0.7169,0.785,0,1,1
AF073190926,2,10,0,Away Team,0.7047,0.742,0,1,1
AF073190926,2,10,0,Away Team,0.6894,0.72,0,1,1
AF073190926,2,10,0,Away Team,0.6551,0.6995,0,1,1
AF073190926,2,10,6,Away Team,0.6551,0.655,0,1,1
AF073190926,2,10,7,Away Team,0.6161,0.6745,0,1,1
AF073190926,2,10,7,Home Team,0.6133,0.6645,0,1,1
AF073190926,2,10,7,Home Team,0.6151,0.6735,0,1,1
AF073190926,2,10,7,Home Team,0.6015,0.653,0,1,1
AF073190926,2,10,7,Away Team,0.3644,0.447,0,1,1
AF073190926,2,10,7,Away Team,0.4006,0.485,0,1,1
AF073190926,2,10,7,Away Team,0.36219999999999997,0.46399999999999997,0,1,1
AF073200926,1,0,0,Home Team,0.48719999999999997,0.494,1,1,1
AF073200926,1,0,0,Home Team,0.4802,0.47200000000000003,1,1,1
AF073200926,1,0,0,Home Team,0.45899999999999996,0.445,1,1,1
AF073200926,1,0,0,Home Team,0.45899999999999996,0.34850000000000003,1,1,1
AF073200926,1,0,0,Away Team,0.45899999999999996,0.34850000000000003,1,1,1
AF073200926,1,0,6,Away Team,0.33640000000000003,0.258,1,1,1
AF073200926,1,0,7,Away Team,0.2586,0.24850000000000003,1,1,1
AF073200926,1,0,7,Home Team,0.245,0.261,1,1,1
AF073200926,1,0,7,Home Team,0.2484,0.2445,1,1,1
AF073200926,1,0,7,Home Team,0.24710000000000001,0.254,1,1,1
AF073200926,1,0,7,Home Team,0.2862,0.287,1,1,1
AF073200926,1,0,7,Home Team,0.262,0.2535,1,1,1
AF073200926,1,0,7,Home Team,0.2134,0.19649999999999998,1,1,1
AF073200926,2,0,7,Home Team,0.299,0.298,1,1,1
AF073200926,2,6,7,Home Team,0.299,0.32,1,1,1
AF073200926,2,7,7,Home Team,0.3292,0.322,1,1,1
AF073200926,2,7,7,Away Team,0.3285,0.317,1,1,1
AF073200926,2,7,7,Away Team,0.3176,0.319,1,1,1
AF073200926,2,7,7,Away Team,0.3281,0.3165,1,1,1
AF073200926,2,7,7,Away Team,0.2986,0.294,1,1,1
AF073200926,2,7,7,Home Team,0.5119,0.5275,1,1,1
AF073200926,2,7,7,Home Team,0.536,0.5395,1,1,1
AF073200926,2,7,7,Home Team,0.5703,0.586,1,1,1
AF073200926,2,7,7,Home Team,0.5519,0.5665,1,1,1
AF073200926,2,7,7,Home Team,0.5832999999999999,0.585,1,1,1
AF073200926,2,13,7,Home Team,0.5832999999999999,0.614,1,1,1
AF073200926,2,14,7,Home Team,0.642,0.6265,1,1,1
AF073200926,2,14,7,Away Team,0.6114,0.599,1,1,1
AF073200926,2,14,7,Away Team,0.629,0.5965,1,1,1
AF073200926,2,14,7,Away Team,0.6015999999999999,0.5875,1,1,1
AF073200926,2,14,7,Away Team,0.6053000000000001,0.616,1,1,1
AF073200926,2,14,7,Away Team,0.6335999999999999,0.645,1,1,1
AF073200926,2,14,7,Away Team,0.6335999999999999,0.7685,1,1,1
AF073200926,2,14,7,Home Team,0.6818000000000001,0.7775,1,1,1
AF073200926,2,14,7,Home Team,0.7766,0.7829999999999999,1,1,1
AF073200926,2,14,7,Home Team,0.7723,0.7795000000000001,1,1,1
AF073200926,2,14,7,Home Team,0.8281999999999999,0.8255,1,1,1
AF073200926,2,17,7,Home Team,0.8281999999999999,0.8584999999999999,1,1,1
AF073200926,2,17,7,Away Team,0.8703,0.853,1,1,1
AF073210926,1,0,0,Home Team,0.5094,0.552,0,1,1
AF073210926,1,0,0,Home Team,0.5256000000000001,0.5515,0,1,1
AF073210926,1,0,0,Home Team,0.5234000000000001,0.563,0,1,1
AF073210926,1,0,0,Home Team,0.5555,0.5895,0,1,1
AF073210926,1,0,0,Home Team,0.5616,0.5715,0,1,1
AF073210926,1,0,0,Home Team,0.531,0.542,0,1,1
AF073210926,1,0,0,Home Team,0.531,0.521,0,1,1
AF073210926,1,0,0,Away Team,0.35950000000000004,0.385,0,1,1
AF073210926,1,0,0,Away Team,0.3815,0.39649999999999996,0,1,1
AF073210926,1,0,0,Away Team,0.3807,0.423,0,1,1
AF073210926,1,0,0,Away Team,0.365,0.34700000000000003,0,1,1
AF073210926,1,0,0,Away Team,0.38409999999999994,0.396,0,1,1
AF073210926,1,0,0,Home Team,0.5042,0.541,0,1,1
AF073210926,1,0,0,Home Team,0.5175,0.5615,0,1,1
AF073210926,2,0,0,Away Team,0.3503,0.363,0,1,1
AF073210926,2,0,6,Away Team,0.3503,0.28800000000000003,0,1,1
AF073210926,2,0,7,Away Team,0.266,0.278,0,1,1
AF073210926,2,0,7,Home Team,0.2589,0.2805,0,1,1
AF073210926,2,0,7,Home Team,0.26539999999999997,0.2925,0,1,1
AF073210926,2,0,7,Home Team,0.265,0.281,0,1,1
AF073210926,2,0,7,Home Team,0.2466,0.262,0,1,1
AF073210926,2,0,7,Home Team,0.2466,0.2335,0,1,1
AF073210926,2,6,7,Home Team,0.21739999999999998,0.344,0,1,1
AF073210926,2,7,7,Home Team,0.21739999999999998,0.353,0,1,1
AF073210926,2,7,7,Away Team,0.3517,0.3715,0,1,1
AF073210926,2,7,7,Away Team,0.33130000000000004,0.32049999999999995,0,1,1
AF073210926,2,7,7,Away Team,0.3554,0.34149999999999997,0,1,1
AF073210926,2,7,13,Away Team,0.3554,0.251,0,1,1
AF073210926,2,7,14,Away Team,0.24559999999999998,0.239,0,1,1
AF073210926,2,7,14,Home Team,0.24710000000000001,0.2505,0,1,1
AF073210926,2,7,14,Home Team,0.2121,0.254,0,1,1
AF073210926,2,7,14,Home Team,0.2747,0.28,0,1,1
AF073210926,2,7,14,Home Team,0.26530000000000004,0.271,0,1,1
AF073210926,2,7,14,Home Team,0.22940000000000002,0.25,0,1,1
AF073210926,2,7,14,Home Team,0.22940000000000002,0.2075,0,1,1
AF073210926,2,13,14,Home Team,0.2138,0.413,0,1,1
AF073210926,2,14,14,Home Team,0.2138,0.415,0,1,1
AF073210926,2,14,14,Away Team,0.40740000000000004,0.4355,0,1,1
AF073220926,1,0,0,Away Team,0.5142,0.5865,1,1,1
AF073220926,1,0,0,Away Team,0.4979,0.5479999999999999,1,1,1
AF073220926,1,0,0,Away Team,0.4987,0.5465,1,1,1
AF073220926,1,0,0,Away Team,0.5002,0.5375,1,1,1
AF073220926,1,0,6,Away Team,0.5002,0.42450000000000004,1,1,1
AF073220926,1,0,7,Away Team,0.3715,0.409,1,1,1
AF073220926,1,0,7,Home Team,0.3937,0.4535,1,1,1
AF073220926,1,0,7,Home Team,0.4017,0.47350000000000003,1,1,1
AF073220926,1,0,7,Home Team,0.43770000000000003,0.47350000000000003,1,1,1
AF073220926,1,0,7,Home Team,0.4522,0.4865,1,1,1
AF073220926,1,0,7,Home Team,0.4138,0.4365,1,1,1
AF073220926,2,6,7,Home Team,0.4138,0.5325,1,1,1
AF073220926,2,7,7,Home Team,0.4961,0.532,1,1,1
AF073220926,2,7,7,Away Team,0.508,0.5375,1,1,1
AF073220926,2,7,7,Away Team,0.5034000000000001,0.5165,1,1,1
AF073220926,2,7,7,Away Team,0.4802,0.485,1,1,1
AF073220926,2,7,13,Away Team,0.4802,0.41950000000000004,1,1,1
AF073220926,2,7,14,Away Team,0.37560000000000004,0.4175,1,1,1
AF073220926,2,7,14,Home Team,0.3809,0.4215,1,1,1
AF073220926,2,7,14,Home Team,0.3443,0.3775,1,1,1
AF073220926,2,7,14,Home Team,0.29600000000000004,0.312,1,1,1
AF073220926,2,7,14,Home Team,0.42340000000000005,0.45649999999999996,1,1,1
AF073220926,2,7,14,Home Team,0.4658,0.49450000000000005,1,1,1
AF073220926,2,7,14,Home Team,0.48310000000000003,0.5235,1,1,1
AF073220926,2,13,14,Home Team,0.48310000000000003,0.5920000000000001,1,1,1
AF073220926,2,14,14,Home Team,0.5896,0.5835,1,1,1
AF073220926,2,14,14,Away Team,0.5822999999999999,0.5975,1,1,1
AF073220926,2,14,14,Away Team,0.5897,0.5985,1,1,1
AF073220926,2,14,14,Away Team,0.46869999999999995,0.6004999999999999,1,1,1
AF074170926,1,0,0,Away Team,0.5876,0.506,1,1,1
AF074170926,1,0,0,Away Team,0.5640999999999999,0.48950000000000005,1,1,1
AF074170926,1,0,0,Away Team,0.5554,0.4855,1,1,1
AF074170926,1,0,0,Away Team,0.57,0.4842,1,1,1
AF074170926,1,0,0,Away Team,0.5199,0.4685,1,1,1
AF074170926,1,0,0,Away Team,0.5169,0.479,1,1,1
AF074170926,1,0,0,Away Team,0.5036,0.451,1,1,1
AF074170926,1,0,0,Away Team,0.49689999999999995,0.43700000000000006,1,1,1
AF074170926,2,0,0,Away Team,0.4991,0.452,1,1,1
AF074170926,2,0,6,Away Team,0.4991,0.395,1,1,1
AF074170926,2,0,7,Away Team,0.4424,0.35850000000000004,1,1,1
AF074170926,2,0,7,Home Team,0.4428,0.3835,1,1,1
AF074170926,2,0,7,Home Team,0.4501,0.4035,1,1,1
AF074170926,2,0,7,Home Team,0.4474,0.39549999999999996,1,1,1
AF074170926,2,0,7,Home Team,0.4458,0.37020000000000003,1,1,1
AF074170926,2,0,7,Home Team,0.49950000000000006,0.4097,1,1,1
AF074170926,2,0,7,Home Team,0.522,0.43799999999999994,1,1,1
AF074170926,2,0,7,Home Team,0.522,0.4205,1,1,1
AF074170926,2,6,7,Home Team,0.5103,0.49,1,1,1
AF074170926,2,7,7,Home Team,0.5518,0.49369999999999997,1,1,1
AF074170926,2,7,7,Away Team,0.5778,0.515,1,1,1
AF074170926,2,7,7,Away Team,0.5544,0.511,1,1,1
AF074170926,2,7,7,Away Team,0.6459999999999999,0.5954999999999999,1,1,1
AF074200926,1,0,0,Away Team,0.41490000000000005,0.396,0,1,1
AF074200926,1,0,0,Away Team,0.3757,0.3907,0,1,1
AF074200926,1,0,0,Away Team,0.37770000000000004,0.381,0,1,1
AF074200926,1,0,0,Away Team,0.35359999999999997,0.33899999999999997,0,1,1
AF074200926,1,0,0,Away Team,0.3446,0.31420000000000003,0,1,1
AF074200926,1,0,0,Away Team,0.3178,0.2985,0,1,1
AF074200926,1,0,6,Away Team,0.3178,0.2425,0,1,1
AF074200926,1,0,7,Away Team,0.3178,0.23600000000000002,0,1,1
AF074200926,1,0,7,Home Team,0.3204,0.2365,0,1,1
AF074200926,1,0,7,Home Team,0.2823,0.22899999999999998,0,1,1
AF074200926,1,0,7,Home Team,0.2699,0.2275,0,1,1
AF074200926,2,0,7,Home Team,0.31420000000000003,0.28,0,1,1
AF074200926,2,0,7,Home Team,0.3124,0.254,0,1,1
AF074200926,2,0,7,Home Team,0.2371,0.19149999999999998,0,1,1
AF074200926,2,0,7,Away Team,0.14150000000000001,0.1175,0,1,1
AF074200926,2,0,7,Away Team,0.13699999999999998,0.1105,0,1,1
AF074200926,2,0,7,Away Team,0.1592,0.1266,0,1,1
AF074200926,2,0,7,Away Team,0.1592,0.19649999999999998,0,1,1
AF074200926,2,0,7,Away Team,0.226,0.1185,0,1,1
AF074200926,2,0,7,Home Team,0.3261,0.14550000000000002,0,1,1
AF074200926,2,0,7,Home Team,0.37689999999999996,0.276,0,1,1
AF074200926,2,0,7,Home Team,0.3796,0.28550000000000003,0,1,1
AF074200926,2,0,7,Home Team,0.3771,0.3055,0,1,1
AF074200926,2,0,7,Home Team,0.39149999999999996,0.313,0,1,1
AF074200926,2,0,7,Home Team,0.3638,0.28300000000000003,0,1,1
AF074200926,2,0,7,Home Team,0.40130000000000005,0.359,0,1,1
AF074200926,2,0,7,Home Team,0.3936,0.341,0,1,1
AF074200926,2,6,7,Home Team,0.3936,0.39549999999999996,0,1,1
AF074200926,2,7,7,Home Team,0.4515,0.4192,0,1,1
AF074200926,2,7,7,Away Team,0.447,0.42619999999999997,0,1,1
AF074200926,2,7,7,Away Team,0.44939999999999997,0.4165,0,1,1
AF074200926,2,7,7,Away Team,0.4371,0.41,0,1,1
AF074200926,2,7,7,Away Team,0.3837,0.3685,0,1,1
AF074200926,2,7,7,Home Team,0.5681,0.485,0,1,1
AF074200926,2,7,7,Home Team,0.5584,0.4825,0,1,1
AF074200926,2,7,7,Home Team,0.63,0.483,0,1,1
AF074210926,1,0,0,Home Team,0.4943,0.5745,1,1,1
AF074210926,1,0,0,Home Team,0.5335,0.605,1,1,1
AF074210926,1,0,0,Home Team,0.542,0.644,1,1,1
AF074210926,1,0,0,Home Team,0.5448,0.629,1,1,1
AF074210926,1,0,0,Home Team,0.5648,0.68,1,1,1
AF074210926,1,6,0,Home Team,0.5648,0.7689,1,1,1
AF074210926,1,7,0,Home Team,0.6113000000000001,0.7615000000000001,1,1,1
AF074210926,1,7,0,Away Team,0.6189,0.7645000000000001,1,1,1
AF074210926,1,7,0,Away Team,0.6033,0.7525,1,1,1
AF074210926,1,7,0,Away Team,0.5958,0.7165,1,1,1
AF074210926,1,7,0,Away Team,0.5695,0.7115,1,1,1
AF074210926,2,7,0,Away Team,0.5788,0.7015,1,1,1
AF074210926,2,7,0,Away Team,0.5590999999999999,0.6425,1,1,1
AF074210926,2,7,0,Away Team,0.5634,0.6555,1,1,1
AF074210926,2,7,0,Away Team,0.5756,0.7025,1,1,1
AF074210926,2,7,0,Away Team,0.5465,0.6509999999999999,1,1,1
AF074210926,2,7,0,Away Team,0.5465,0.636,1,1,1
AF074210926,2,7,6,Away Team,0.5465,0.605,1,1,1
AF074210926,2,7,7,Away Team,0.5276,0.613,1,1,1
AF074210926,2,7,7,Home Team,0.5075999999999999,0.5975,1,1,1
AF074210926,2,7,7,Home Team,0.47700000000000004,0.5965,1,1,1
AF074210926,2,7,7,Home Team,0.5604,0.6829999999999999,1,1,1
AF074210926,2,7,7,Home Team,0.5827,0.687,1,1,1
AF074210926,2,7,7,Home Team,0.6107,0.7134999999999999,1,1,1
AF074210926,2,7,7,Home Team,0.6136,0.725,1,1,1
AF074210926,2,7,7,Home Team,0.6143,0.6970000000000001,1,1,1
AF074210926,2,7,7,Home Team,0.6143,0.747,1,1,1
AF074210926,2,7,7,Home Team,0.6611,0.716,1,1,1
AF074210926,2,13,7,Home Team,0.6611,0.835,1,1,1
AF074210926,2,14,7,Home Team,0.7472,0.83,1,1,1
AF074210926,2,14,7,Away Team,0.7351000000000001,0.823,1,1,1
AF074210926,2,14,7,Away Team,0.7426999999999999,0.8419,1,1,1
AF074220926,1,0,0,Away Team,0.42619999999999997,0.5845,1,1,1
AF074220926,1,0,0,Away Team,0.4274,0.5835,1,1,1
AF074220926,1,0,0,Away Team,0.4426,0.579,1,1,1
AF074220926,1,0,0,Away Team,0.4426,0.6164999999999999,1,1,1
AF074220926,1,0,0,Home Team,0.4324,0.6164999999999999,1,1,1
AF074220926,1,0,0,Home Team,0.5721,0.647,1,1,1
AF074220926,1,0,0,Home Team,0.5545,0.6313,1,1,1
AF074220926,1,0,0,Home Team,0.5545,0.6154999999999999,1,1,1
AF074220926,1,0,0,Home Team,0.552,0.684,1,1,1
AF074220926,1,0,0,Home Team,0.5759000000000001,0.659,1,1,1
AF074220926,1,0,0,Home Team,0.5603,0.6315,1,1,1
AF074220926,2,0,0,Home Team,0.6404000000000001,0.6940000000000001,1,1,1
AF074220926,2,0,0,Home Team,0.6401,0.7025,1,1,1
AF074220926,2,0,0,Home Team,0.6457999999999999,0.6945,1,1,1
AF074220926,2,0,0,Home Team,0.6664,0.7334999999999999,1,1,1
AF074220926,2,0,0,Home Team,0.6798000000000001,0.7390000000000001,1,1,1
AF074220926,2,0,0,Home Team,0.6463,0.6995,1,1,1
AF074220926,2,0,0,Home Team,0.6463,0.6503,1,1,1
AF074220926,2,6,0,Home Team,0.5784,0.835,1,1,1
AF074220926,2,7,0,Home Team,0.5784,0.83,1,1,1
AF074220926,2,7,0,Away Team,0.7506,0.8504999999999999,1,1,1
AF074220926,2,7,0,Away Team,0.7020000000000001,0.8109999999999999,1,1,1
AF074220926,2,7,0,Away Team,0.7062999999999999,0.8173999999999999,1,1,1
AF074220926,2,7,0,Away Team,0.6919,0.7829999999999999,1,1,1
AF074220926,2,7,0,Away Team,0.7293999999999999,0.8425,1,1,1
AF074220926,2,7,3,Away Team,0.7293999999999999,0.8034,1,1,1
AF074220926,2,7,3,Home Team,0.7959999999999999,0.8038,1,1,1
AF075170926,1,0,0,Away Team,0.4569,0.457,1,1,1
AF075170926,1,0,0,Away Team,0.46990000000000004,0.4675,1,1,1
AF075170926,1,0,0,Away Team,0.4439,0.43450000000000005,1,1,1
AF075170926,1,0,0,Away Team,0.445,0.4375,1,1,1
AF075170926,1,0,0,Away Team,0.4594,0.44299999999999995,1,1,1
AF075170926,1,0,0,Away Team,0.4911,0.48100000000000004,1,1,1
AF075170926,1,0,0,Away Team,0.4252,0.3995,1,1,1
AF075170926,1,0,0,Away Team,0.4225,0.409,1,1,1
AF075170926,1,0,0,Away Team,0.47119999999999995,0.4485,1,1,1
AF075170926,1,0,0,Away Team,0.47119999999999995,0.5295000000000001,1,1,1
AF075170926,1,0,3,Away Team,0.5482,0.5355,1,1,1
AF075170926,1,0,3,Home Team,0.5429999999999999,0.54,1,1,1
AF075170926,2,0,3,Home Team,0.5305,0.5185,1,1,1
AF075170926,2,0,3,Home Team,0.5192,0.512,1,1,1
AF075170926,2,0,3,Home Team,0.5611999999999999,0.5695,1,1,1
AF075170926,2,0,3,Home Team,0.5354,0.5425,1,1,1
AF075170926,2,0,3,Home Team,0.5972999999999999,0.591,1,1,1
AF075170926,2,0,3,Home Team,0.5756,0.5385,1,1,1
AF075170926,2,0,3,Home Team,0.6117,0.5710000000000001,1,1,1
AF075170926,2,0,3,Home Team,0.6117,0.498,1,1,1
AF075170926,2,0,3,Home Team,0.5438000000000001,0.583,1,1,1
AF075170926,2,0,3,Home Team,0.6204,0.5670000000000001,1,1,1
AF075170926,2,0,3,Home Team,0.5931000000000001,0.5660000000000001,1,1,1
AF075170926,2,0,3,Away Team,0.4338,0.36719999999999997,1,1,1
AF075170926,2,0,3,Away Team,0.4437,0.353,1,1,1
AF075170926,2,0,3,Away Team,0.43700000000000006,0.41950000000000004,1,1,1
AF075180926,1,0,0,Away Team,0.5289,0.532,1,1,1
AF075180926,1,0,0,Away Team,0.5383,0.5305,1,1,1
AF075180926,1,0,0,Away Team,0.5771999999999999,0.5865,1,1,1
AF075180926,1,0,0,Away Team,0.5771999999999999,0.63,1,1,1
AF075180926,1,0,0,Home Team,0.6057,0.6515000000000001,1,1,1
AF075180926,1,0,0,Home Team,0.6547,0.6625,1,1,1
AF075180926,1,0,0,Home Team,0.6754000000000001,0.669,1,1,1
AF075180926,1,0,0,Home Team,0.6640999999999999,0.654,1,1,1
AF075180926,1,0,0,Home Team,0.6543000000000001,0.643,1,1,1
AF075180926,1,0,0,Home Team,0.6543000000000001,0.628,1,1,1
AF075180926,1,0,0,Home Team,0.6496999999999999,0.674,1,1,1
AF075180926,1,0,0,Home Team,0.7204,0.6995,1,1,1
AF075180926,2,6,0,Home Team,0.7204,0.7695000000000001,1,1,1
AF075180926,2,7,0,Home Team,0.7687,0.7645000000000001,1,1,1
AF075180926,2,7,0,Away Team,0.7826000000000001,0.7565000000000001,1,1,1
AF075180926,2,7,0,Away Team,0.7614,0.7595000000000001,1,1,1
AF075180926,2,7,0,Home Team,0.8781,0.885,1,1,1
AF075180926,2,7,0,Home Team,0.877,0.8865000000000001,1,1,1
AF075180926,2,7,0,Home Team,0.8859,0.8935,1,1,1
AF075180926,2,7,0,Home Team,0.8859,0.8959999999999999,1,1,1
AF075180926,2,7,0,Home Team,0.8769,0.873,1,1,1
AF075180926,2,7,0,Home Team,0.9272,0.9225,1,1,1
AF075180926,2,7,0,Home Team,0.9368000000000001,0.937,1,1,1
AF075180926,2,13,0,Home Team,0.9368000000000001,0.938,1,1,1
AF075180926,2,14,0,Home Team,0.9438,0.9434999999999999,1,1,1
AF075180926,2,14,0,Away Team,0.9438,0.945,1,1,1
AF075180926,2,14,0,Away Team,0.9551999999999999,0.9620000000000001,1,1,1
AF075180926,2,14,0,Away Team,0.932,0.912,1,1,1
AF075180926,2,14,6,Away Team,0.932,0.8725,1,1,1
AF075180926,2,14,7,Away Team,0.897,0.8875,1,1,1
AF075180926,2,14,7,Home Team,0.8956000000000001,0.877,1,1,1
AF075180926,2,14,7,Home Team,0.8885,0.8825,1,1,1
AF075190926,1,0,0,Home Team,0.45409999999999995,0.562,1,1,1
AF075190926,1,0,0,Home Team,0.4668,0.547,1,1,1
AF075190926,1,0,0,Home Team,0.4435,0.5595,1,1,1
AF075190926,1,0,0,Home Team,0.483,0.5954999999999999,1,1,1
AF075190926,1,0,0,Home Team,0.46759999999999996,0.5954999999999999,1,1,1
AF075190926,1,0,0,Home Team,0.48460000000000003,0.6013000000000001,1,1,1
AF075190926,1,0,0,Home Team,0.5163,0.62,1,1,1
AF075190926,1,0,0,Home Team,0.5072,0.6054999999999999,1,1,1
AF075190926,1,0,0,Home Team,0.5488000000000001,0.654,1,1,1
AF075190926,2,0,0,Home Team,0.527,0.613,1,1,1
AF075190926,2,0,0,Home Team,0.4894,0.586,1,1,1
AF075190926,2,6,0,Home Team,0.4894,0.6498,1,1,1
AF075190926,2,7,0,Home Team,0.5969,0.6585,1,1,1
AF075190926,2,7,0,Away Team,0.5902000000000001,0.6628000000000001,1,1,1
AF075190926,2,7,0,Away Team,0.5974,0.682,1,1,1
AF075190926,2,7,0,Away Team,0.7242000000000001,0.7409,1,1,1
AF075190926,2,7,0,Away Team,0.7242000000000001,0.7209,1,1,1
AF075190926,2,7,0,Home Team,0.8366,0.8719,1,1,1
AF075190926,2,7,0,Home Team,0.8076000000000001,0.8554,1,1,1
AF075190926,2,7,0,Home Team,0.8541,0.885,1,1,1
AF075190926,2,13,0,Home Team,0.8541,0.93,1,1,1
AF075190926,2,14,0,Home Team,0.8863,0.93,1,1,1
AF075190926,2,14,0,Away Team,0.8826999999999999,0.9259999999999999,1,1,1
AF075190926,2,14,0,Away Team,0.9003,0.9384999999999999,1,1,1
AF075190926,2,14,0,Away Team,0.8943000000000001,0.9259999999999999,1,1,1
AF075190926,2,14,0,Away Team,0.8931,0.904,1,1,1
AF075190926,2,14,0,Away Team,0.8861,0.9079999999999999,1,1,1
AF075200926,1,0,0,Home Team,0.47,0.4305,1,1,1
AF075200926,1,0,0,Home Team,0.4635,0.4595,1,1,1
AF075200926,1,0,0,Home Team,0.4548,0.4585,1,1,1
AF075200926,1,0,0,Home Team,0.4858,0.485,1,1,1
AF075200926,1,0,0,Home Team,0.4779,0.451,1,1,1
AF075200926,1,0,0,Home Team,0.46880000000000005,0.43799999999999994,1,1,1
AF075200926,1,0,0,Home Team,0.4926,0.493,1,1,1
AF075200926,1,0,0,Home Team,0.4854,0.4585,1,1,1
AF075200926,1,0,0,Home Team,0.4499,0.4255,1,1,1
AF075200926,1,0,0,Home Team,0.5055,0.4875,1,1,1
AF075200926,1,0,0,Home Team,0.5028,0.48719999999999997,1,1,1
AF075200926,2,0,0,Home Team,0.4794,0.46649999999999997,1,1,1
AF075200926,2,0,0,Home Team,0.5327000000000001,0.5,1,1,1
AF075200926,2,6,0,Home Team,0.5327000000000001,0.5725,1,1,1
AF075200926,2,7,0,Home Team,0.5992999999999999,0.5675,1,1,1
AF075200926,2,7,0,Away Team,0.5743,0.5655,1,1,1
AF075200926,2,7,0,Away Team,0.5611,0.562,1,1,1
AF075200926,2,7,0,Away Team,0.5425,0.5485,1,1,1
AF075200926,2,7,0,Away Team,0.5351,0.5275,1,1,1
AF075200926,2,7,0,Away Team,0.5393,0.5275,1,1,1
AF075200926,2,7,6,Away Team,0.5393,0.489,1,1,1
AF075200926,2,7,7,Away Team,0.496,0.47,1,1,1
AF075200926,2,7,7,Home Team,0.5236999999999999,0.5115,1,1,1
AF075200926,2,7,7,Home Team,0.5411,0.526,1,1,1
AF075200926,2,7,7,Home Team,0.5581,0.5660000000000001,1,1,1
AF075200926,2,13,7,Home Team,0.5581,0.615,1,1,1
AF075200926,2,14,7,Home Team,0.6184000000000001,0.621,1,1,1
AF075200926,2,14,7,Away Team,0.5911,0.619,1,1,1
AF075200926,2,14,7,Away Team,0.5411,0.546,1,1,1
AF075200926,2,14,13,Away Team,0.5411,0.43450000000000005,1,1,1
AF075200926,2,14,14,Away Team,0.4179,0.447,1,1,1
AF075200926,2,14,14,Home Team,0.4612,0.4385,1,1,1
AF075200926,2,14,14,Home Team,0.41759999999999997,0.456,1,1,1
AF075200926,2,14,14,Home Team,0.41969999999999996,0.4205,1,1,1
AF075200926,2,14,14,Home Team,0.41969999999999996,0.3675,1,1,1
AF075210926,1,0,0,Away Team,0.41950000000000004,0.3035,0,1,1
AF075210926,1,6,0,Home Team,0.41950000000000004,0.5205,0,1,1
AF075210926,1,7,0,Home Team,0.6744,0.5195000000000001,0,1,1
AF075210926,1,7,0,Away Team,0.6716,0.5265,0,1,1
AF075210926,1,7,0,Away Team,0.6978,0.546,0,1,1
AF075210926,1,7,0,Away Team,0.6739,0.518,0,1,1
AF075210926,1,7,0,Away Team,0.6945,0.5429999999999999,0,1,1
AF075210926,1,7,6,Away Team,0.6945,0.44799999999999995,0,1,1
AF075210926,1,7,7,Away Team,0.6007,0.4475,0,1,1
AF075210926,1,7,7,Home Team,0.5992999999999999,0.4495,0,1,1
AF075210926,1,7,7,Home Team,0.5914,0.431,0,1,1
AF075210926,1,7,7,Home Team,0.5617,0.42450000000000004,0,1,1
AF075210926,1,7,7,Home Team,0.62,0.48,0,1,1
AF075210926,1,7,7,Home Team,0.6321,0.4915,0,1,1
AF075210926,1,7,7,Home Team,0.6104999999999999,0.46950000000000003,0,1,1
AF075210926,1,7,7,Home Team,0.6431999999999999,0.4915,0,1,1
AF075210926,1,13,7,Home Team,0.6431999999999999,0.58,0,1,1
AF075210926,1,14,7,Home Team,0.6960999999999999,0.5770000000000001,0,1,1
AF075210926,1,14,13,Away Team,0.6960999999999999,0.368,0,1,1
AF075210926,1,14,14,Away Team,0.6029,0.485,0,1,1
AF075210926,1,14,14,Home Team,0.6015999999999999,0.47100000000000003,0,1,1
AF075210926,1,14,14,Home Team,0.6557999999999999,0.5175,0,1,1
AF075210926,2,14,14,Home Team,0.6692,0.5275,0,1,1
AF075210926,2,20,14,Home Team,0.6692,0.5765,0,1,1
AF075210926,2,21,14,Home Team,0.7053,0.5895,0,1,1
AF075210926,2,21,14,Away Team,0.7021999999999999,0.565,0,1,1
AF075210926,2,21,14,Away Team,0.7111,0.594,0,1,1
AF075210926,2,21,14,Away Team,0.6909000000000001,0.561,0,1,1
AF075210926,2,21,14,Away Team,0.6881999999999999,0.5845,0,1,1
AF075210926,2,21,14,Away Team,0.6725,0.5720000000000001,0,1,1
AF075210926,2,21,14,Away Team,0.6658,0.588,0,1,1
AF075210926,2,21,14,Away Team,0.6776000000000001,0.5770000000000001,0,1,1
AF075210926,2,21,14,Away Team,0.6661,0.586,0,1,1
AF075210926,2,21,14,Away Team,0.6794,0.6315,0,1,1
AF075210926,2,21,14,Away Team,0.6238,0.5505,0,1,1
AF075210926,2,21,14,Away Team,0.6476999999999999,0.5495,0,1,1
AF075210926,2,21,14,Away Team,0.6753,0.5765,0,1,1
AF075210926,2,21,20,Away Team,0.6753,0.465,0,1,1
AF075210926,2,21,22,Away Team,0.5096,0.41100000000000003,0,1,1
AF075210926,2,21,22,Home Team,0.4911,0.4265,0,1,1
AF075210926,2,21,22,Home Team,0.48560000000000003,0.39649999999999996,0,1,1
AF075220926,1,0,0,Away Team,0.5017,0.6104999999999999,1,1,1
AF075220926,1,0,0,Away Team,0.4916,0.6315,1,1,1
AF075220926,1,0,0,Away Team,0.4877,0.5895,1,1,1
AF075220926,1,0,0,Away Team,0.44549999999999995,0.575,1,1,1
AF075220926,1,0,0,Away Team,0.44179999999999997,0.5495,1,1,1
AF075220926,1,0,0,Away Team,0.45990000000000003,0.5685,1,1,1
AF075220926,1,0,0,Away Team,0.45990000000000003,0.483,1,1,1
AF075220926,1,0,6,Away Team,0.45990000000000003,0.445,1,1,1
AF075220926,1,0,7,Away Team,0.37270000000000003,0.457,1,1,1
AF075220926,1,0,7,Home Team,0.35869999999999996,0.4335,1,1,1
AF075220926,1,0,7,Home Team,0.3728,0.4515,1,1,1
AF075220926,1,0,7,Home Team,0.3628,0.44,1,1,1
AF075220926,2,0,7,Home Team,0.37229999999999996,0.444,1,1,1
AF075220926,2,0,7,Home Team,0.39659999999999995,0.46549999999999997,1,1,1
AF075220926,2,0,7,Home Team,0.392,0.46649999999999997,1,1,1
AF075220926,2,0,7,Home Team,0.4338,0.4932,1,1,1
AF075220926,2,0,7,Home Team,0.42210000000000003,0.465,1,1,1
AF075220926,2,0,7,Home Team,0.4667,0.517,1,1,1
AF075220926,2,6,7,Home Team,0.4667,0.5908,1,1,1
AF075220926,2,7,7,Home Team,0.5177,0.597,1,1,1
AF075220926,2,7,7,Away Team,0.5124,0.605,1,1,1
AF075220926,2,7,7,Away Team,0.49200000000000005,0.594,1,1,1
AF076170926,1,0,0,Home Team,0.5777,0.529,1,1,1
AF076170926,1,0,0,Home Team,0.6171,0.557,1,1,1
AF076170926,1,0,0,Home Team,0.6302,0.58,1,1,1
AF076170926,1,0,0,Home Team,0.6109,0.573,1,1,1
AF076170926,1,0,0,Home Team,0.6401,0.5638000000000001,1,1,1
AF076170926,1,0,0,Home Team,0.6281,0.56,1,1,1
AF076170926,1,0,0,Home Team,0.6379,0.5235,1,1,1
AF076170926,1,0,0,Home Team,0.6638,0.5795,1,1,1
AF076170926,1,0,0,Home Team,0.6483,0.5820000000000001,1,1,1
AF076170926,1,6,0,Home Team,0.6483,0.6425,1,1,1
AF076170926,1,7,0,Home Team,0.669,0.6565000000000001,1,1,1
AF076170926,2,7,0,Away Team,0.6884999999999999,0.647,1,1,1
AF076170926,2,7,0,Away Team,0.7062,0.6629999999999999,1,1,1
AF076170926,2,7,0,Home Team,0.8565,0.8175,1,1,1
AF076170926,2,7,0,Home Team,0.8781,0.8590000000000001,1,1,1
AF076170926,2,7,0,Home Team,0.8791,0.8265,1,1,1
AF076170926,2,13,0,Home Team,0.8791,0.8595,1,1,1
AF076170926,2,14,0,Home Team,0.8881,0.8675,1,1,1
AF076170926,2,14,0,Away Team,0.8881,0.8604999999999999,1,1,1
AF076170926,2,14,0,Away Team,0.8969,0.8595,1,1,1
AF076170926,2,14,0,Away Team,0.8909999999999999,0.856,1,1,1
AF076170926,2,14,0,Away Team,0.8768,0.8554999999999999,1,1,1
AF076170926,2,14,0,Away Team,0.8823000000000001,0.852,1,1,1
AF076170926,2,14,0,Away Team,0.8844,0.858,1,1,1
AF076170926,2,14,0,Away Team,0.8745999999999999,0.8604999999999999,1,1,1
AF076170926,2,14,0,Away Team,0.8698,0.8785,1,1,1
AF076170926,2,14,0,Away Team,0.8538,0.836,1,1,1
AF076170926,2,14,0,Away Team,0.8489,0.8190000000000001,1,1,1
AF076170926,2,14,6,Away Team,0.8489,0.7775,1,1,1
AF076170926,2,14,7,Away Team,0.8079000000000001,0.7745000000000001,1,1,1
AF076170926,2,14,7,Home Team,0.8007,0.777,1,1,1
AF076190926,1,0,0,Home Team,0.5373,0.4775,0,1,1
AF076190926,1,0,0,Home Team,0.5256000000000001,0.47450000000000003,0,1,1
AF076190926,1,0,0,Home Team,0.42710000000000004,0.424,0,1,1
AF076190926,1,0,0,Home Team,0.42710000000000004,0.3765,0,1,1
AF076190926,1,0,0,Away Team,0.48350000000000004,0.3737,0,1,1
AF076190926,1,0,0,Away Team,0.39520000000000005,0.39149999999999996,0,1,1
AF076190926,1,0,0,Away Team,0.3677,0.359,0,1,1
AF076190926,1,0,0,Away Team,0.36590000000000006,0.3515,0,1,1
AF076190926,1,0,0,Away Team,0.33740000000000003,0.326,0,1,1
AF076190926,1,0,0,Away Team,0.3284,0.325,0,1,1
AF076190926,1,0,0,Away Team,0.3272,0.32049999999999995,0,1,1
AF076190926,1,0,6,Away Team,0.3272,0.2245,0,1,1
AF076190926,1,0,6,Away Team,0.2942,0.28,0,1,1
AF076190926,2,0,6,Home Team,0.3289,0.27399999999999997,0,1,1
AF076190926,2,6,6,Home Team,0.3289,0.3832,0,1,1
AF076190926,2,7,6,Home Team,0.4242,0.39049999999999996,0,1,1
AF076190926,2,7,6,Away Team,0.4213,0.3705,0,1,1
AF076190926,2,7,6,Away Team,0.4379,0.37799999999999995,0,1,1
AF076190926,2,7,6,Away Team,0.3821,0.3615,0,1,1
AF076190926,2,7,6,Away Team,0.37439999999999996,0.3525,0,1,1
AF076190926,2,7,6,Away Team,0.4117,0.35100000000000003,0,1,1
AF076190926,2,7,6,Away Team,0.375,0.331,0,1,1
AF076190926,2,7,6,Away Team,0.34909999999999997,0.3185,0,1,1
AF076190926,2,7,6,Away Team,0.3289,0.2955,0,1,1
AF076190926,2,7,6,Away Team,0.3531,0.3195,0,1,1
AF076190926,2,7,6,Away Team,0.37420000000000003,0.35,0,1,1
AF076190926,2,7,12,Away Team,0.37420000000000003,0.22949999999999998,0,1,1
AF076190926,2,7,14,Away Team,0.2349,0.196,0,1,1
AF076190926,2,7,14,Home Team,0.2439,0.203,0,1,1
AF076190926,2,7,14,Home Team,0.23199999999999998,0.1825,0,1,1
AF076190926,2,7,14,Home Team,0.155,0.127,0,1,1
AF076190926,2,7,14,Home Team,0.2735,0.226,0,1,1
AF076190926,2,7,14,Home Team,0.2725,0.239,0,1,1
AF076190926,2,13,14,Home Team,0.2725,0.379,0,1,1
AF076190926,2,14,14,Home Team,0.3607,0.369,0,1,1
AF076190926,2,14,14,Away Team,0.36369999999999997,0.3825,0,1,1
AF076190926,2,14,14,Away Team,0.28600000000000003,0.3017,0,1,1
AF076190926,2,14,14,Away Team,0.30920000000000003,0.3032,0,1,1
AF076190926,2,14,14,Away Team,0.3223,0.319,0,1,1
AF076190926,2,14,14,Away Team,0.3223,0.555,0,1,1
AF076200926,1,0,0,Home Team,0.4105,0.382,0,1,1
AF076200926,1,0,0,Home Team,0.4018,0.4275,0,1,1
AF076200926,1,0,0,Home Team,0.3995,0.4157,0,1,1
AF076200926,1,0,0,Home Team,0.3935,0.425,0,1,1
AF076200926,1,0,0,Home Team,0.3935,0.391,0,1,1
AF076200926,1,0,0,Home Team,0.3492,0.461,0,1,1
AF076200926,1,0,0,Home Team,0.4129,0.4595,0,1,1
AF076200926,1,0,0,Home Team,0.44670000000000004,0.47950000000000004,0,1,1
AF076200926,1,0,0,Home Team,0.45520000000000005,0.48200000000000004,0,1,1
AF076200926,2,0,0,Home Team,0.40740000000000004,0.4775,0,1,1
AF076200926,2,0,0,Home Team,0.451,0.539,0,1,1
AF076200926,2,6,0,Home Team,0.451,0.6,0,1,1
AF076200926,2,7,0,Home Team,0.5125,0.5845,0,1,1
AF076200926,2,7,0,Away Team,0.5212,0.5935,0,1,1
AF076200926,2,7,0,Away Team,0.5192,0.601,0,1,1
AF076200926,2,7,0,Away Team,0.5537,0.6255,0,1,1
AF076200926,2,7,0,Away Team,0.48969999999999997,0.5785,0,1,1
AF076200926,2,7,0,Away Team,0.4985,0.597,0,1,1
AF076200926,2,7,0,Away Team,0.4495,0.5388000000000001,0,1,1
AF076200926,2,7,0,Away Team,0.47490000000000004,0.5583,0,1,1
AF076200926,2,7,0,Away Team,0.47490000000000004,0.585,0,1,1
AF076200926,2,7,0,Away Team,0.4428,0.517,0,1,1
AF076200926,2,7,0,Away Team,0.41259999999999997,0.5,0,1,1
AF076200926,2,7,0,Away Team,0.4291,0.568,0,1,1
AF076200926,2,7,6,Away Team,0.4291,0.401,0,1,1
AF076200926,2,7,7,Away Team,0.3418,0.39270000000000005,0,1,1
AF076200926,2,7,7,Home Team,0.3521,0.38549999999999995,0,1,1
AF076200926,2,7,7,Home Team,0.33630000000000004,0.4165,0,1,1
AF076200926,2,7,7,Away Team,0.19149999999999998,0.3845,0,1,1
AF076210926,1,0,0,Home Team,0.3901,0.4325,1,1,1
AF076210926,1,0,0,Home Team,0.37770000000000004,0.406,1,1,1
AF076210926,1,0,0,Home Team,0.35159999999999997,0.3825,1,1,1
AF076210926,1,0,0,Home Team,0.4255,0.4575,1,1,1
AF076210926,1,0,0,Home Team,0.3922,0.4445,1,1,1
AF076210926,1,0,0,Home Team,0.35159999999999997,0.4035,1,1,1
AF076210926,1,0,0,Home Team,0.35159999999999997,0.368,1,1,1
AF076210926,1,0,0,Away Team,0.3544,0.3502,1,1,1
AF076210926,1,0,0,Away Team,0.2861,0.3185,1,1,1
AF076210926,1,0,0,Away Team,0.2585,0.316,1,1,1
AF076210926,2,0,0,Away Team,0.2426,0.2695,1,1,1
AF076210926,2,0,0,Away Team,0.2464,0.27649999999999997,1,1,1
AF076210926,2,0,0,Away Team,0.2238,0.24850000000000003,1,1,1
AF076210926,2,0,0,Away Team,0.231,0.2515,1,1,1
AF076210926,2,0,0,Away Team,0.2606,0.316,1,1,1
AF076210926,2,0,0,Away Team,0.20440000000000003,0.23260000000000003,1,1,1
AF076210926,2,0,6,Away Team,0.20440000000000003,0.175,1,1,1
AF076210926,2,0,7,Away Team,0.16,0.1815,1,1,1
AF076210926,2,0,7,Home Team,0.16329999999999997,0.16649999999999998,1,1,1
AF076210926,2,0,7,Home Team,0.1761,0.2005,1,1,1
AF076210926,2,0,7,Home Team,0.2159,0.20600000000000002,1,1,1
AF076210926,2,0,7,Home Team,0.2052,0.221,1,1,1
AF076210926,2,0,7,Home Team,0.2369,0.27899999999999997,1,1,1
AF076210926,2,6,7,Home Team,0.2369,0.33399999999999996,1,1,1
AF076210926,2,7,7,Home Team,0.2722,0.3295,1,1,1
AF076210926,2,7,7,Away Team,0.2878,0.327,1,1,1
AF076210926,2,7,7,Away Team,0.23620000000000002,0.3062,1,1,1
AF076210926,2,7,7,Home Team,0.5709000000000001,0.5329999999999999,1,1,1
AF076210926,2,7,7,Home Team,0.5453,0.526,1,1,1
AF076210926,2,7,7,Home Team,0.5113,0.5173,1,1,1
AF076210926,2,10,7,Away Team,0.5233,0.5315,1,1,1
AF076220926,1,0,0,Away Team,0.49060000000000004,0.5065,0,1,1
AF076220926,1,0,0,Away Team,0.4579,0.48700000000000004,0,1,1
AF076220926,1,0,0,Away Team,0.48469999999999996,0.4842,0,1,1
AF076220926,1,0,0,Away Team,0.44659999999999994,0.4825,0,1,1
AF076220926,1,0,0,Away Team,0.4374,0.4395,0,1,1
AF076220926,1,0,0,Away Team,0.4268,0.4235,0,1,1
AF076220926,1,0,0,Away Team,0.4064,0.4,0,1,1
AF076220926,1,0,0,Away Team,0.409,0.4155,0,1,1
AF076220926,1,0,6,Away Team,0.409,0.3275,0,1,1
AF076220926,1,0,7,Away Team,0.3751,0.32299999999999995,0,1,1
AF076220926,1,0,7,Home Team,0.38789999999999997,0.315,0,1,1
AF076220926,1,0,7,Home Team,0.34619999999999995,0.3105,0,1,1
AF076220926,2,0,7,Home Team,0.355,0.315,0,1,1
AF076220926,2,0,7,Home Team,0.3911,0.3025,0,1,1
AF076220926,2,0,7,Home Team,0.37310000000000004,0.3095,0,1,1
AF076220926,2,0,7,Home Team,0.42340000000000005,0.341,0,1,1
AF076220926,2,0,7,Home Team,0.4291,0.3615,0,1,1
AF076220926,2,0,7,Home Team,0.43420000000000003,0.35600000000000004,0,1,1
AF076220926,2,0,7,Home Team,0.4457,0.42700000000000005,0,1,1
AF076220926,2,0,7,Home Team,0.47119999999999995,0.41450000000000004,0,1,1
AF076220926,2,0,7,Home Team,0.45799999999999996,0.4065,0,1,1
AF076220926,2,0,7,Home Team,0.45799999999999996,0.3665,0,1,1
AF076220926,2,6,7,Home Team,0.45799999999999996,0.5475,0,1,1
AF076220926,2,7,7,Home Team,0.45799999999999996,0.578,0,1,1
AF077170926,1,0,0,Home Team,0.5343,0.5395,0,1,1
AF077170926,1,0,0,Home Team,0.5178,0.539,0,1,1
AF077170926,1,0,0,Home Team,0.528,0.565,0,1,1
AF077170926,1,0,0,Home Team,0.5704,0.5925,0,1,1
AF077170926,1,6,0,Home Team,0.5704,0.693,0,1,1
AF077170926,1,7,0,Home Team,0.6484000000000001,0.6965,0,1,1
AF077170926,1,7,0,Away Team,0.6371,0.6884999999999999,0,1,1
AF077170926,1,7,0,Away Team,0.6279,0.679,0,1,1
AF077170926,1,7,0,Away Team,0.5982999999999999,0.639,0,1,1
AF077170926,1,7,0,Away Team,0.5982999999999999,0.5954999999999999,0,1,1
AF077170926,1,7,6,Away Team,0.5982999999999999,0.5635,0,1,1
AF077170926,1,7,7,Away Team,0.523,0.5579999999999999,0,1,1
AF077170926,1,7,7,Home Team,0.5196000000000001,0.5615,0,1,1
AF077170926,1,7,7,Home Team,0.5125,0.536,0,1,1
AF077170926,1,7,7,Home Team,0.5251,0.5905,0,1,1
AF077170926,2,7,7,Home Team,0.5636,0.6104999999999999,0,1,1
AF077170926,2,7,7,Home Team,0.5799,0.612,0,1,1
AF077170926,2,7,7,Home Team,0.5814,0.6285000000000001,0,1,1
AF077170926,2,7,7,Home Team,0.6028,0.625,0,1,1
AF077170926,2,7,7,Home Team,0.5871999999999999,0.6295000000000001,0,1,1
AF077170926,2,14,7,Home Team,0.6528,0.685,0,1,1
AF077170926,2,14,7,Away Team,0.6506000000000001,0.7,0,1,1
AF077170926,2,14,7,Away Team,0.6598,0.705,0,1,1
AF077170926,2,14,7,Away Team,0.5971,0.6525,0,1,1
AF077170926,2,14,7,Away Team,0.5995,0.63,0,1,1
AF077170926,2,14,7,Away Team,0.5929,0.635,0,1,1
AF077170926,2,14,7,Away Team,0.6043,0.6435,0,1,1
AF077170926,2,14,7,Away Team,0.5343,0.5529999999999999,0,1,1
AF077170926,2,14,7,Away Team,0.5343,0.5525,0,1,1
AF077170926,2,14,7,Away Team,0.5359,0.5485,0,1,1
AF077170926,2,14,13,Away Team,0.5359,0.44549999999999995,0,1,1
AF077170926,2,14,14,Away Team,0.44670000000000004,0.4545,0,1,1
AF077170926,2,14,14,Home Team,0.4253,0.475,0,1,1
AF077170926,2,14,14,Home Team,0.45549999999999996,0.44049999999999995,0,1,1
AF077180926,1,0,0,Home Team,0.5371,0.475,1,1,1
AF077180926,1,0,0,Home Team,0.535,0.46399999999999997,1,1,1
AF077180926,1,0,0,Home Team,0.547,0.49450000000000005,1,1,1
AF077180926,1,0,0,Home Team,0.5355,0.486,1,1,1
AF077180926,1,0,0,Home Team,0.5588000000000001,0.521,1,1,1
AF077180926,1,0,0,Home Team,0.5835,0.5245000000000001,1,1,1
AF077180926,1,0,0,Home Team,0.5635,0.503,1,1,1
AF077180926,1,0,0,Home Team,0.5474,0.48100000000000004,1,1,1
AF077180926,1,0,0,Home Team,0.5474,0.4935,1,1,1
AF077180926,1,6,0,Home Team,0.5474,0.5735,1,1,1
AF077180926,1,7,0,Home Team,0.5474,0.5770000000000001,1,1,1
AF077180926,1,7,0,Away Team,0.617,0.5455,1,1,1
AF077180926,1,7,0,Away Team,0.6112,0.5555,1,1,1
AF077180926,2,7,0,Away Team,0.6065999999999999,0.5425,1,1,1
AF077180926,2,7,0,Away Team,0.5715,0.5025,1,1,1
AF077180926,2,7,0,Away Team,0.5708,0.5065,1,1,1
AF077180926,2,7,0,Away Team,0.569,0.5545,1,1,1
AF077180926,2,7,0,Away Team,0.569,0.61,1,1,1
AF077180926,2,7,6,Away Team,0.6223,0.47200000000000003,1,1,1
AF077180926,2,7,7,Away Team,0.6223,0.4725,1,1,1
AF077180926,2,7,7,Home Team,0.498,0.46,1,1,1
AF077180926,2,7,7,Home Team,0.5156000000000001,0.5065,1,1,1
AF077180926,2,13,7,Home Team,0.5156000000000001,0.6175,1,1,1
AF077180926,2,14,7,Home Team,0.6338,0.6345000000000001,1,1,1
AF077180926,2,14,7,Away Team,0.632,0.5895,1,1,1
AF077180926,2,14,7,Away Team,0.6670999999999999,0.631,1,1,1
AF077180926,2,14,7,Away Team,0.6795,0.6759999999999999,1,1,1
AF077180926,2,14,7,Away Team,0.6795,0.727,1,1,1
AF077180926,2,14,7,Home Team,0.7171,0.7575,1,1,1
AF077180926,2,14,7,Home Team,0.7583,0.7265,1,1,1
AF077190926,1,0,0,Away Team,0.5297999999999999,0.46549999999999997,0,1,1
AF077190926,1,0,0,Away Team,0.524,0.4425,0,1,1
AF077190926,1,0,0,Away Team,0.5384,0.452,0,1,1
AF077190926,1,0,0,Away Team,0.4875,0.41350000000000003,0,1,1
AF077190926,1,0,0,Away Team,0.5157,0.461,0,1,1
AF077190926,1,0,0,Away Team,0.5571,0.473,0,1,1
AF077190926,1,0,0,Away Team,0.46509999999999996,0.4165,0,1,1
AF077190926,1,0,0,Away Team,0.4996,0.4372,0,1,1
AF077190926,2,0,6,Away Team,0.4996,0.34049999999999997,0,1,1
AF077190926,2,0,7,Away Team,0.4081,0.336,0,1,1
AF077190926,2,0,7,Home Team,0.4046,0.341,0,1,1
AF077190926,2,6,7,Home Team,0.4046,0.44549999999999995,0,1,1
AF077190926,2,7,7,Home Team,0.5139,0.446,0,1,1
AF077190926,2,7,7,Away Team,0.5108,0.4365,0,1,1
AF077190926,2,7,7,Away Team,0.5142,0.41450000000000004,0,1,1
AF077190926,2,7,7,Away Team,0.5117,0.4035,0,1,1
AF077190926,2,7,7,Away Team,0.5363,0.43700000000000006,0,1,1
AF077190926,2,7,7,Away Team,0.46020000000000005,0.4115,0,1,1
AF077190926,2,7,7,Away Team,0.4722,0.40299999999999997,0,1,1
AF077190926,2,7,7,Away Team,0.4722,0.355,0,1,1
AF077190926,2,7,7,Away Team,0.41969999999999996,0.3865,0,1,1
AF077190926,2,7,13,Away Team,0.41969999999999996,0.305,0,1,1
AF077190926,2,7,14,Away Team,0.3837,0.2945,0,1,1
AF077190926,2,7,14,Home Team,0.3768,0.2905,0,1,1
AF077190926,2,7,14,Home Team,0.49,0.359,0,1,1
AF077190926,2,7,14,Home Team,0.45020000000000004,0.36920000000000003,0,1,1
AF077200926,1,0,0,Home Team,0.46140000000000003,0.44549999999999995,1,1,1
AF077200926,1,0,0,Home Team,0.45280000000000004,0.4475,1,1,1
AF077200926,1,0,0,Home Team,0.48960000000000004,0.462,1,1,1
AF077200926,1,0,0,Home Team,0.5565,0.5145000000000001,1,1,1
AF077200926,1,0,0,Home Team,0.5565,0.5325,1,1,1
AF077200926,1,6,0,Home Team,0.5565,0.5539999999999999,1,1,1
AF077200926,1,7,0,Home Team,0.6051,0.5489999999999999,1,1,1
AF077200926,1,7,0,Away Team,0.6065,0.5443,1,1,1
AF077200926,1,7,0,Away Team,0.6199,0.5498,1,1,1
AF077200926,1,7,0,Away Team,0.5822999999999999,0.5495,1,1,1
AF077200926,1,7,0,Away Team,0.5963,0.54,1,1,1
AF077200926,1,7,0,Away Team,0.5678,0.5329999999999999,1,1,1
AF077200926,2,7,0,Home Team,0.7592,0.7290000000000001,1,1,1
AF077200926,2,7,0,Home Team,0.7297,0.7254999999999999,1,1,1
AF077200926,2,7,0,Home Team,0.6933,0.7115,1,1,1
AF077200926,2,7,0,Home Team,0.6933,0.5895,1,1,1
AF077200926,2,7,0,Away Team,0.6854,0.5685,1,1,1
AF077200926,2,7,6,Away Team,0.6181,0.47700000000000004,1,1,1
AF077200926,2,7,6,Away Team,0.5172,0.534,1,1,1
AF077200926,2,7,7,Away Team,0.4696,0.46950000000000003,1,1,1
AF077200926,2,7,7,Home Team,0.466,0.486,1,1,1
AF077200926,2,7,7,Home Team,0.4664,0.469,1,1,1
AF077200926,2,7,7,Home Team,0.536,0.521,1,1,1
AF077200926,2,7,7,Home Team,0.5428000000000001,0.507,1,1,1
AF077200926,2,13,7,Home Team,0.5428000000000001,0.564,1,1,1
AF077200926,2,14,7,Home Team,0.594,0.5845,1,1,1
AF077200926,2,14,7,Away Team,0.6127,0.565,1,1,1
AF077200926,2,14,7,Away Team,0.6375,0.5965,1,1,1
AF077200926,2,14,7,Away Team,0.6973,0.6465000000000001,1,1,1
AF077200926,2,14,7,Away Team,0.6973,0.7655,1,1,1
AF077200926,2,14,7,Home Team,0.6948000000000001,0.775,1,1,1
AF077200926,2,14,7,Home Team,0.8111,0.8045,1,1,1
AF077200926,2,14,7,Home Team,0.8123,0.8045,1,1,1
AF077200926,2,14,7,Home Team,0.8384,0.8170000000000001,1,1,1
AF077200926,2,14,7,Away Team,0.6255,0.5710000000000001,1,1,1
AF077200926,2,20,7,Home Team,0.6255,0.862,1,1,1
AF077200926,2,21,7,Home Team,0.8858,0.847,1,1,1
AF077200926,2,21,7,Away Team,0.885,0.856,1,1,1
AF077200926,2,21,7,Away Team,0.8563,0.838,1,1,1
AF077200926,2,21,7,Away Team,0.8653,0.8405,1,1,1
AF077200926,2,21,7,Away Team,0.8653,0.8490000000000001,1,1,1
AF077200926,2,21,7,Away Team,0.8795000000000001,0.865,1,1,1
AF077200926,2,21,10,Away Team,0.8795000000000001,0.8375,1,1,1
AF077210926,1,0,0,Away Team,0.5423,0.46950000000000003,1,1,1
AF077210926,1,0,0,Away Team,0.5306000000000001,0.47450000000000003,1,1,1
AF077210926,1,0,0,Away Team,0.5303,0.4575,1,1,1
AF077210926,1,0,0,Away Team,0.5041,0.45,1,1,1
AF077210926,1,0,0,Away Team,0.49920000000000003,0.44,1,1,1
AF077210926,1,0,0,Away Team,0.4782,0.4465,1,1,1
AF077210926,1,0,6,Away Team,0.4782,0.33049999999999996,1,1,1
AF077210926,1,0,7,Away Team,0.3914,0.3345,1,1,1
AF077210926,1,0,7,Home Team,0.41350000000000003,0.321,1,1,1
AF077210926,1,0,7,Home Team,0.3917,0.353,1,1,1
AF077210926,1,0,7,Home Team,0.4035,0.348,1,1,1
AF077210926,2,0,7,Home Team,0.3851,0.355,1,1,1
AF077210926,2,0,7,Home Team,0.4236,0.3785,1,1,1
AF077210926,2,0,7,Home Team,0.3754,0.318,1,1,1
AF077210926,2,0,7,Home Team,0.3345,0.302,1,1,1
AF077210926,2,0,7,Home Team,0.45539999999999997,0.38799999999999996,1,1,1
AF077210926,2,0,7,Home Team,0.4325,0.35600000000000004,1,1,1
AF077210926,2,0,7,Home Team,0.4199,0.3375,1,1,1
AF077210926,2,0,7,Home Team,0.4485,0.381,1,1,1
AF077210926,2,0,7,Home Team,0.4694,0.39399999999999996,1,1,1
AF077210926,2,0,7,Home Team,0.42090000000000005,0.34850000000000003,1,1,1
AF077210926,2,6,7,Home Team,0.42090000000000005,0.5055,1,1,1
AF077210926,2,7,7,Home Team,0.5914,0.5015,1,1,1
AF077210926,2,7,7,Away Team,0.5914,0.5135000000000001,1,1,1
AF077210926,2,7,7,Away Team,0.6011,0.5345,1,1,1
AF077210926,2,7,7,Away Team,0.5611,0.525,1,1,1
AF077220926,1,0,0,Away Team,0.5025999999999999,0.48350000000000004,1,1,1
AF077220926,1,0,0,Away Team,0.5293,0.491,1,1,1
AF077220926,1,0,0,Away Team,0.5314,0.499,1,1,1
AF077220926,1,0,0,Away Team,0.5314,0.5665,1,1,1
AF077220926,1,0,0,Home Team,0.5717,0.6223,1,1,1
AF077220926,1,0,0,Home Team,0.6125,0.5915,1,1,1
AF077220926,1,0,0,Home Team,0.5875,0.5635,1,1,1
AF077220926,1,0,0,Home Team,0.6936,0.64,1,1,1
AF077220926,1,0,0,Home Team,0.6548,0.6395000000000001,1,1,1
AF077220926,1,6,0,Home Team,0.6548,0.752,1,1,1
AF077220926,1,7,0,Home Team,0.7676000000000001,0.7440000000000001,1,1,1
AF077220926,1,7,0,Away Team,0.7673000000000001,0.728,1,1,1
AF077220926,1,7,0,Home Team,0.8805,0.863,1,1,1
AF077220926,1,7,0,Home Team,0.8776,0.858,1,1,1
AF077220926,2,7,0,Home Team,0.8724,0.841,1,1,1
AF077220926,2,7,0,Home Team,0.9077,0.9059999999999999,1,1,1
AF077220926,2,7,0,Home Team,0.9081999999999999,0.8875,1,1,1
AF077220926,2,7,0,Home Team,0.9236,0.9175,1,1,1
AF077220926,2,7,0,Home Team,0.9152,0.9115000000000001,1,1,1
AF077220926,2,7,0,Home Team,0.9111,0.888,1,1,1
AF077220926,2,13,0,Home Team,0.9111,0.9325,1,1,1
AF077220926,2,14,0,Home Team,0.9472,0.9384999999999999,1,1,1
AF077220926,2,14,0,Away Team,0.9501999999999999,0.9329999999999999,1,1,1
AF077220926,2,14,0,Away Team,0.9561,0.929,1,1,1
AF077220926,2,14,0,Away Team,0.9565,0.9570000000000001,1,1,1
AF077220926,2,14,0,Away Team,0.9565,0.9545,1,1,1
AF077220926,2,14,0,Away Team,0.9578,0.943,1,1,1
AF077220926,2,14,0,Away Team,0.9316,0.9115000000000001,1,1,1
AF077220926,2,14,0,Away Team,0.9387000000000001,0.9115000000000001,1,1,1
AF077220926,2,14,0,Away Team,0.9265000000000001,0.9,1,1,1
AF077220926,2,14,6,Away Team,0.9265000000000001,0.8859999999999999,1,1,1
AF077220926,2,14,7,Away Team,0.902,0.8825,1,1,1
AF077220926,2,14,7,Home Team,0.9106000000000001,0.8755,1,1,1
AF077220926,2,14,7,Away Team,0.8593000000000001,0.8715,1,1,1
AF078170926,1,0,0,Away Team,0.4277,0.501,1,1,1
AF078170926,1,0,0,Away Team,0.4191,0.509,1,1,1
AF078170926,1,0,0,Away Team,0.3975,0.4855,1,1,1
AF078170926,1,0,0,Away Team,0.4121,0.5065,1,1,1
AF078170926,1,0,0,Away Team,0.4661,0.53,1,1,1
AF078170926,1,0,0,Away Team,0.4661,0.5558,1,1,1
AF078170926,1,0,3,Away Team,0.4794,0.483,1,1,1
AF078170926,1,0,3,Home Team,0.46590000000000004,0.48100000000000004,1,1,1
AF078170926,1,0,3,Home Team,0.4557,0.48,1,1,1
AF078170926,1,0,3,Home Team,0.5165,0.536,1,1,1
AF078170926,1,0,3,Home Team,0.49979999999999997,0.517,1,1,1
AF078170926,1,0,3,Home Team,0.442,0.4595,1,1,1
AF078170926,2,0,3,Home Team,0.442,0.4585,1,1,1
AF078170926,2,3,3,Home Team,0.44789999999999996,0.49,1,1,1
AF078170926,2,3,3,Away Team,0.3897,0.479,1,1,1
AF078170926,2,3,3,Away Team,0.4128,0.46950000000000003,1,1,1
AF078170926,2,3,3,Away Team,0.4396,0.507,1,1,1
AF078170926,2,3,3,Away Team,0.3858,0.42100000000000004,1,1,1
AF078170926,2,3,9,Away Team,0.3858,0.33399999999999996,1,1,1
AF078170926,2,3,10,Away Team,0.3295,0.3175,1,1,1
AF078170926,2,3,10,Home Team,0.3171,0.315,1,1,1
AF078170926,2,3,10,Home Team,0.3165,0.3135,1,1,1
AF078170926,2,3,10,Away Team,0.1084,0.145,1,1,1
AF078170926,2,3,10,Away Team,0.1159,0.138,1,1,1
AF078170926,2,3,10,Away Team,0.1198,0.145,1,1,1
AF078170926,2,3,10,Away Team,0.1198,0.18109999999999998,1,1,1
AF078170926,2,3,13,Away Team,0.16620000000000001,0.1855,1,1,1
AF078170926,2,9,13,Home Team,0.16620000000000001,0.34369999999999995,1,1,1
AF078170926,2,10,13,Home Team,0.16620000000000001,0.3845,1,1,1
AF078170926,2,10,13,Away Team,0.2858,0.3555,1,1,1
AF078170926,2,10,13,Away Team,0.2792,0.3322,1,1,1
AF078170926,2,10,13,Away Team,0.3235,0.341,1,1,1
AF078170926,2,10,13,Away Team,0.33740000000000003,0.36369999999999997,1,1,1
AF078170926,2,10,13,Away Team,0.2783,0.33899999999999997,1,1,1
AF078170926,2,10,16,Away Team,0.2783,0.3065,1,1,1
AF078200926,1,0,0,Home Team,0.4817,0.467,1,1,1
AF078200926,1,0,0,Home Team,0.4644,0.4595,1,1,1
AF078200926,1,0,0,Home Team,0.4334,0.4382,1,1,1
AF078200926,1,0,0,Home Team,0.4334,0.397,1,1,1
AF078200926,1,0,0,Away Team,0.43770000000000003,0.34700000000000003,1,1,1
AF078200926,1,0,0,Away Team,0.3625,0.38299999999999995,1,1,1
AF078200926,1,0,0,Away Team,0.3456,0.3615,1,1,1
AF078200926,1,6,0,Home Team,0.3456,0.66,1,1,1
AF078200926,1,7,0,Home Team,0.6158,0.6459999999999999,1,1,1
AF078200926,1,7,0,Away Team,0.6231,0.626,1,1,1
AF078200926,1,7,0,Away Team,0.648,0.653,1,1,1
AF078200926,1,7,0,Away Team,0.5705,0.574,1,1,1
AF078200926,2,7,0,Away Team,0.5695,0.5885,1,1,1
AF078200926,2,7,0,Away Team,0.5556,0.562,1,1,1
AF078200926,2,7,0,Away Team,0.5757,0.58,1,1,1
AF078200926,2,7,6,Away Team,0.5757,0.4915,1,1,1
AF078200926,2,7,7,Away Team,0.5166,0.502,1,1,1
AF078200926,2,7,7,Home Team,0.5189,0.4805,1,1,1
AF078200926,2,7,7,Home Team,0.4853,0.4675,1,1,1
AF078200926,2,7,7,Home Team,0.413,0.4285,1,1,1
AF078200926,2,7,7,Home Team,0.413,0.354,1,1,1
AF078200926,2,7,7,Away Team,0.43829999999999997,0.37,1,1,1
AF078200926,2,7,7,Away Team,0.3261,0.3435,1,1,1
AF078200926,2,7,7,Away Team,0.33159999999999995,0.38270000000000004,1,1,1
AF078200926,2,7,7,Away Team,0.2901,0.34700000000000003,1,1,1
AF078200926,2,7,7,Away Team,0.24309999999999998,0.2985,1,1,1
AF078200926,2,7,7,Away Team,0.2267,0.31579999999999997,1,1,1
AF078200926,2,7,10,Away Team,0.2267,0.25,1,1,1
AF079170926,1,0,0,Away Team,0.6217,0.5870000000000001,0,1,1
AF079170926,1,0,0,Away Team,0.6153,0.5675,0,1,1
AF079170926,1,0,0,Away Team,0.618,0.6104999999999999,0,1,1
AF079170926,1,0,0,Away Team,0.6079,0.6054999999999999,0,1,1
AF079170926,1,0,0,Away Team,0.6068,0.556,0,1,1
AF079170926,1,0,0,Away Team,0.6043,0.59,0,1,1
AF079170926,1,0,0,Away Team,0.5783,0.5675,0,1,1
AF079170926,1,0,0,Away Team,0.5606,0.528,0,1,1
AF079170926,1,0,0,Away Team,0.5343,0.5045000000000001,0,1,1
AF079170926,1,0,6,Away Team,0.5343,0.434,0,1,1
AF079170926,1,0,7,Away Team,0.4542,0.449,0,1,1
AF079170926,2,0,7,Home Team,0.4639,0.4535,0,1,1
AF079170926,2,0,7,Home Team,0.45520000000000005,0.4595,0,1,1
AF079170926,2,0,7,Home Team,0.473,0.46950000000000003,0,1,1
AF079170926,2,0,7,Home Team,0.473,0.392,0,1,1
AF079170926,2,0,7,Away Team,0.2989,0.2775,0,1,1
AF079170926,2,0,7,Away Team,0.32159999999999994,0.2675,0,1,1
AF079170926,2,0,7,Away Team,0.26899999999999996,0.228,0,1,1
AF079170926,2,0,7,Away Team,0.2644,0.25,0,1,1
AF079170926,2,0,7,Away Team,0.25780000000000003,0.2785,0,1,1
AF079170926,2,0,7,Away Team,0.2016,0.18,0,1,1
AF079170926,2,0,7,Away Team,0.1974,0.171,0,1,1
AF079170926,2,0,7,Away Team,0.2045,0.192,0,1,1
AF079170926,2,0,7,Away Team,0.2045,0.228,0,1,1
AF079170926,2,0,10,Away Team,0.26,0.252,0,1,1
AF079170926,2,0,10,Home Team,0.23879999999999998,0.21600000000000003,0,1,1
AF079170926,2,0,10,Home Team,0.3031,0.273,0,1,1
AF079170926,2,0,10,Home Team,0.2887,0.258,0,1,1
AF079170926,2,0,10,Home Team,0.3221,0.27699999999999997,0,1,1
AF079170926,2,0,10,Home Team,0.2773,0.2815,0,1,1
AF079170926,2,0,10,Home Team,0.2863,0.28550000000000003,0,1,1
AF079170926,2,0,10,Home Team,0.2863,0.272,0,1,1
AF079170926,2,3,10,Home Team,0.2802,0.3055,0,1,1
AF079170926,2,3,10,Away Team,0.3061,0.28850000000000003,0,1,1
AF079170926,2,3,10,Away Team,0.3061,0.28600000000000003,0,1,1
AF079190926,1,0,0,Home Team,0.5281,0.5065,1,1,1
AF079190926,1,0,0,Home Team,0.5075999999999999,0.5045000000000001,1,1,1
AF079190926,1,0,0,Home Team,0.4561,0.483,1,1,1
AF079190926,1,0,0,Home Team,0.4561,0.4425,1,1,1
AF079190926,1,0,0,Away Team,0.4573,0.4425,1,1,1
AF079190926,1,0,0,Away Team,0.3789,0.43700000000000006,1,1,1
AF079190926,1,0,0,Away Team,0.4413,0.475,1,1,1
AF079190926,1,0,0,Away Team,0.4413,0.504,1,1,1
AF079190926,1,0,0,Home Team,0.40700000000000003,0.519,1,1,1
AF079190926,1,6,0,Home Team,0.5132,0.6729999999999999,1,1,1
AF079190926,1,7,0,Home Team,0.6172,0.6735,1,1,1
AF079190926,1,7,0,Away Team,0.6182,0.6990000000000001,1,1,1
AF079190926,1,7,0,Away Team,0.6564,0.7034999999999999,1,1,1
AF079190926,1,7,0,Away Team,0.628,0.659,1,1,1
AF079190926,1,7,0,Away Team,0.5958,0.6335000000000001,1,1,1
AF079190926,2,7,0,Away Team,0.5942000000000001,0.623,1,1,1
AF079190926,2,7,0,Away Team,0.6215999999999999,0.6509999999999999,1,1,1
AF079190926,2,7,0,Away Team,0.6383,0.6685,1,1,1
AF079190926,2,7,0,Away Team,0.6383,0.723,1,1,1
AF079190926,2,7,3,Away Team,0.6623,0.727,1,1,1
AF079190926,2,7,3,Home Team,0.7073,0.7120000000000001,1,1,1
AF079190926,2,7,3,Home Team,0.6787000000000001,0.7005,1,1,1
AF079190926,2,7,3,Home Team,0.7375,0.7605,1,1,1
AF079190926,2,7,3,Home Team,0.7254999999999999,0.7835,1,1,1
AF079190926,2,7,3,Home Team,0.7232,0.7565000000000001,1,1,1
AF079190926,2,7,3,Home Team,0.7968000000000001,0.8140000000000001,1,1,1
AF079190926,2,7,3,Home Team,0.7781,0.8055,1,1,1
AF079190926,2,13,3,Home Team,0.7781,0.919,1,1,1
AF079190926,2,14,3,Home Team,0.8889,0.909,1,1,1
AF079190926,2,14,3,Away Team,0.8995000000000001,0.9145,1,1,1
AF079200926,1,0,0,Home Team,0.4899,0.5265,0,1,1
AF079200926,1,0,0,Home Team,0.46659999999999996,0.524,0,1,1
AF079200926,1,0,0,Home Team,0.509,0.537,0,1,1
AF079200926,1,0,0,Home Team,0.5414,0.5845,0,1,1
AF079200926,1,0,0,Home Team,0.5574,0.5995,0,1,1
AF079200926,1,0,0,Home Team,0.5917,0.6085,0,1,1
AF079200926,1,0,0,Home Team,0.5917,0.6325,0,1,1
AF079200926,1,0,0,Home Team,0.5078,0.5845,0,1,1
AF079200926,1,0,0,Home Team,0.5078,0.527,0,1,1
AF079200926,1,6,0,Home Team,0.5101,0.6495000000000001,0,1,1
AF079200926,1,7,0,Home Team,0.5101,0.682,0,1,1
AF079200926,1,7,0,Away Team,0.6039,0.644,0,1,1
AF079200926,1,7,0,Away Team,0.6262,0.6565000000000001,0,1,1
AF079200926,1,7,0,Away Team,0.6381,0.6915,0,1,1
AF079200926,1,7,0,Away Team,0.6381,0.757,0,1,1
AF079200926,1,7,0,Away Team,0.6709,0.6054999999999999,0,1,1
AF079200926,2,7,0,Away Team,0.6036,0.65,0,1,1
AF079200926,2,7,0,Away Team,0.5457,0.5795,0,1,1
AF079200926,2,7,0,Away Team,0.5503,0.593,0,1,1
AF079200926,2,7,6,Away Team,0.5503,0.583,0,1,1
AF079200926,2,7,7,Away Team,0.4989,0.562,0,1,1
AF079200926,2,7,7,Home Team,0.5212,0.5705,0,1,1
AF079200926,2,7,7,Home Team,0.4685,0.539,0,1,1
AF079200926,2,7,7,Home Team,0.4181,0.5065,0,1,1
AF079200926,2,7,7,Away Team,0.3034,0.3265,0,1,1
AF079200926,2,7,7,Away Team,0.28,0.3565,0,1,1
AF079200926,2,7,7,Away Team,0.2731,0.3065,0,1,1
AF079200926,2,7,7,Away Team,0.3002,0.364,0,1,1
AF079200926,2,7,7,Away Team,0.32409999999999994,0.41850000000000004,0,1,1
AF079200926,2,7,7,Away Team,0.32409999999999994,0.42200000000000004,0,1,1
AF079200926,2,7,10,Away Team,0.3835,0.429,0,1,1
AF079200926,2,7,10,Home Team,0.37070000000000003,0.405,0,1,1
AF079200926,2,7,10,Home Team,0.41100000000000003,0.44,0,1,1
AF079200926,2,7,10,Home Team,0.41100000000000003,0.4545,0,1,1
AF079200926,2,7,10,Home Team,0.41009999999999996,0.44799999999999995,0,1,1
AF079200926,2,7,10,Home Team,0.467,0.509,0,1,1
AF079200926,2,7,10,Home Team,0.4425,0.47950000000000004,0,1,1
AF079200926,2,7,10,Home Team,0.4006,0.48950000000000005,0,1,1
AF079200926,2,13,10,Home Team,0.4006,0.5735,0,1,1
AF079200926,2,14,10,Home Team,0.5274,0.5615,0,1,1
AF079200926,2,14,10,Away Team,0.5347,0.5605,0,1,1
AF079200926,2,14,10,Away Team,0.5085999999999999,0.5715,0,1,1
AF079200926,2,14,10,Home Team,0.611,0.6735,0,1,1
AF079210926,1,0,0,Away Team,0.4537,0.3045,0,1,1
AF079210926,1,0,0,Away Team,0.423,0.315,0,1,1
AF079210926,1,0,0,Away Team,0.4122,0.308,0,1,1
AF079210926,1,0,0,Away Team,0.4268,0.305,0,1,1
AF079210926,1,0,0,Away Team,0.4487,0.3455,0,1,1
AF079210926,1,0,0,Away Team,0.3826,0.27649999999999997,0,1,1
AF079210926,1,0,0,Away Team,0.36590000000000006,0.281,0,1,1
AF079210926,1,0,6,Away Team,0.36590000000000006,0.2375,0,1,1
AF079210926,1,0,7,Away Team,0.3284,0.233,0,1,1
AF079210926,1,0,7,Home Team,0.32630000000000003,0.2325,0,1,1
AF079210926,1,0,7,Home Team,0.32420000000000004,0.24100000000000002,0,1,1
AF079210926,1,0,7,Home Team,0.3072,0.24,0,1,1
AF079210926,1,0,7,Home Team,0.3009,0.19899999999999998,0,1,1
AF079210926,1,0,7,Home Team,0.3009,0.2045,0,1,1
AF079210926,2,0,7,Home Team,0.294,0.258,0,1,1
AF079210926,2,0,7,Home Team,0.3666,0.284,0,1,1
AF079210926,2,0,7,Home Team,0.3858,0.2785,0,1,1
AF079210926,2,0,7,Home Team,0.35509999999999997,0.2525,0,1,1
AF079210926,2,0,7,Home Team,0.3882,0.284,0,1,1
AF079210926,2,0,7,Home Team,0.37229999999999996,0.27699999999999997,0,1,1
AF079210926,2,0,7,Home Team,0.3444,0.257,0,1,1
AF079210926,2,0,7,Home Team,0.3444,0.24850000000000003,0,1,1
AF079210926,2,6,7,Home Team,0.3323,0.302,0,1,1
AF079210926,2,7,7,Home Team,0.3323,0.3015,0,1,1
AF079210926,2,7,7,Away Team,0.45630000000000004,0.324,0,1,1
AF079210926,2,7,7,Away Team,0.45630000000000004,0.319,0,1,1
AF079210926,2,7,7,Away Team,0.4311,0.33549999999999996,0,1,1
AF079210926,2,7,7,Away Team,0.389,0.306,0,1,1
AF079210926,2,7,7,Away Team,0.414,0.302,0,1,1
AF079210926,2,7,7,Away Team,0.4363,0.309,0,1,1
AF079210926,2,7,7,Away Team,0.4363,0.38549999999999995,0,1,1
AF079210926,2,7,7,Home Team,0.6408,0.5375,0,1,1
AF079210926,2,7,7,Home Team,0.6393,0.5375,0,1,1
AF079210926,2,7,7,Home Team,0.6109,0.5115,0,1,1
AF079210926,2,7,7,Home Team,0.6955,0.6265,0,1,1
AF079210926,2,10,7,Home Team,0.6955,0.657,0,1,1
AF079220926,1,0,0,Home Team,0.5001,0.4515,1,1,1
AF079220926,1,0,0,Home Team,0.5196999999999999,0.48100000000000004,1,1,1
AF079220926,1,0,0,Home Team,0.5702,0.526,1,1,1
AF079220926,1,0,0,Home Team,0.5702,0.5625,1,1,1
AF079220926,1,6,0,Home Team,0.5702,0.6004999999999999,1,1,1
AF079220926,1,7,0,Home Team,0.6247,0.5965,1,1,1
AF079220926,1,7,0,Away Team,0.6325,0.596,1,1,1
AF079220926,1,7,0,Away Team,0.6612,0.617,1,1,1
AF079220926,1,7,0,Away Team,0.6777,0.645,1,1,1
AF079220926,1,7,0,Away Team,0.6777,0.6984999999999999,1,1,1
AF079220926,1,7,0,Home Team,0.6953,0.7045,1,1,1
AF079220926,1,7,0,Home Team,0.7609999999999999,0.696,1,1,1
AF079220926,1,7,0,Home Team,0.7267,0.6815000000000001,1,1,1
AF079220926,1,7,0,Home Team,0.7267,0.618,1,1,1
AF079220926,1,7,0,Away Team,0.7165,0.608,1,1,1
AF079220926,1,7,0,Away Team,0.6636,0.63,1,1,1
AF079220926,2,7,0,Away Team,0.6214999999999999,0.5795,1,1,1
AF079220926,2,7,0,Away Team,0.6278,0.591,1,1,1
AF079220926,2,7,0,Away Team,0.6445000000000001,0.6025,1,1,1
AF079220926,2,7,0,Away Team,0.6004999999999999,0.547,1,1,1
AF079220926,2,7,0,Away Team,0.6579,0.63,1,1,1
AF079220926,2,7,0,Away Team,0.6804000000000001,0.6585,1,1,1
AF079220926,2,7,0,Away Team,0.6804000000000001,0.7505,1,1,1
AF079220926,2,7,0,Home Team,0.7062,0.7775,1,1,1
AF079220926,2,13,0,Home Team,0.7942,0.899,1,1,1
AF079220926,2,14,0,Home Team,0.8974,0.8905,1,1,1
AF079220926,2,14,0,Away Team,0.9005,0.884,1,1,1
AF079220926,2,14,0,Away Team,0.8962,0.8809999999999999,1,1,1
AF079220926,2,14,0,Away Team,0.8985,0.893,1,1,1
AF079220926,2,14,0,Away Team,0.8985,0.8525,1,1,1
AF079220926,2,14,0,Away Team,0.8884000000000001,0.8615,1,1,1
AF079220926,2,14,0,Home Team,0.9488,0.9295,1,1,1
AF079220926,2,14,0,Home Team,0.9793999999999999,0.946,1,1,1
AF080170926,1,0,0,Away Team,0.4706,0.54,1,1,1
AF080170926,1,0,0,Away Team,0.43829999999999997,0.4905,1,1,1
AF080170926,1,0,0,Away Team,0.46130000000000004,0.498,1,1,1
AF080170926,1,0,6,Away Team,0.46130000000000004,0.34299999999999997,1,1,1
AF080170926,1,0,7,Away Team,0.3788,0.34850000000000003,1,1,1
AF080170926,1,0,7,Home Team,0.3809,0.34149999999999997,1,1,1
AF080170926,1,0,7,Home Team,0.4175,0.401,1,1,1
AF080170926,1,0,7,Home Team,0.42969999999999997,0.414,1,1,1
AF080170926,1,0,7,Home Team,0.4357,0.441,1,1,1
AF080170926,1,6,7,Home Team,0.4357,0.5223,1,1,1
AF080170926,1,7,7,Home Team,0.46130000000000004,0.516,1,1,1
AF080170926,1,7,7,Away Team,0.4693,0.49950000000000006,1,1,1
AF080170926,1,7,7,Away Team,0.4623,0.47619999999999996,1,1,1
AF080170926,2,7,7,Away Team,0.46649999999999997,0.48450000000000004,1,1,1
AF080170926,2,7,7,Away Team,0.5296,0.5435,1,1,1
AF080170926,2,7,7,Home Team,0.6940999999999999,0.6559999999999999,1,1,1
AF080170926,2,7,7,Home Team,0.7334,0.6895,1,1,1
AF080170926,2,7,7,Home Team,0.7204,0.6825,1,1,1
AF080170926,2,7,7,Home Team,0.7134999999999999,0.6679999999999999,1,1,1
AF080170926,2,7,7,Home Team,0.7484000000000001,0.71,1,1,1
AF080170926,2,7,7,Home Team,0.7295,0.6805,1,1,1
AF080170926,2,13,7,Home Team,0.7295,0.7825,1,1,1
AF080170926,2,14,7,Home Team,0.7584000000000001,0.7925,1,1,1
AF080170926,2,14,7,Away Team,0.7953,0.809,1,1,1
AF080170926,2,14,7,Away Team,0.7737,0.7965000000000001,1,1,1
AF080170926,2,14,7,Away Team,0.8006,0.8290000000000001,1,1,1
AF080170926,2,14,7,Away Team,0.8006,0.8640000000000001,1,1,1
AF080170926,2,14,7,Home Team,0.8270000000000001,0.8675,1,1,1
AF080170926,2,14,7,Home Team,0.9298000000000001,0.8745,1,1,1
AF080170926,2,14,7,Home Team,0.9113,0.8540000000000001,1,1,1
AF080170926,2,14,7,Home Team,0.9113,0.838,1,1,1
AF080170926,2,14,7,Away Team,0.8909999999999999,0.8245,1,1,1
AF080170926,2,14,7,Away Team,0.8172,0.841,1,1,1
AF080170926,2,14,7,Home Team,0.9314,0.9055,1,1,1
AF080170926,2,14,7,Home Team,0.9384999999999999,0.924,1,1,1
AF080170926,2,14,7,Home Team,0.9359999999999999,0.9159999999999999,1,1,1
AF080200926,1,0,0,Home Team,0.562,0.47450000000000003,0,1,1
AF080200926,1,0,0,Home Team,0.5395,0.47700000000000004,0,1,1
AF080200926,1,0,0,Home Team,0.5444,0.45799999999999996,0,1,1
AF080200926,1,0,0,Home Team,0.5444,0.45,0,1,1
AF080200926,1,0,0,Away Team,0.3566,0.332,0,1,1
AF080200926,1,0,0,Away Team,0.3558,0.32899999999999996,0,1,1
AF080200926,1,0,0,Away Team,0.3196,0.309,0,1,1
AF080200926,1,0,0,Away Team,0.32780000000000004,0.3335,0,1,1
AF080200926,1,0,0,Away Team,0.32420000000000004,0.3185,0,1,1
AF080200926,2,0,0,Away Team,0.32420000000000004,0.2805,0,1,1
AF080200926,2,0,6,Away Team,0.32420000000000004,0.2375,0,1,1
AF080200926,2,0,7,Away Team,0.2736,0.2316,0,1,1
AF080200926,2,0,7,Home Team,0.28859999999999997,0.2655,0,1,1
AF080200926,2,0,7,Home Team,0.2685,0.248,0,1,1
AF080200926,2,0,7,Away Team,0.12380000000000001,0.114,0,1,1
AF080200926,2,0,7,Away Team,0.1448,0.133,0,1,1
AF080200926,2,0,7,Away Team,0.16260000000000002,0.14150000000000001,0,1,1
AF080200926,2,0,7,Away Team,0.10189999999999999,0.0975,0,1,1
AF080200926,2,0,7,Away Team,0.10099999999999999,0.086,0,1,1
AF080200926,2,0,7,Away Team,0.0924,0.087,0,1,1
AF080200926,2,0,7,Away Team,0.0924,0.1015,0,1,1
AF080200926,2,0,7,Home Team,0.2072,0.17800000000000002,0,1,1
AF080200926,2,0,7,Home Team,0.198,0.179,0,1,1
AF080200926,2,0,7,Home Team,0.1815,0.1625,0,1,1
AF080200926,2,0,7,Home Team,0.1815,0.135,0,1,1
AF080200926,2,0,7,Home Team,0.1613,0.14800000000000002,0,1,1
AF080210926,1,0,0,Home Team,0.45990000000000003,0.5205,1,1,1
AF080210926,1,0,0,Home Team,0.43320000000000003,0.47600000000000003,1,1,1
AF080210926,1,0,0,Away Team,0.23550000000000001,0.3145,1,1,1
AF080210926,1,0,0,Away Team,0.2341,0.34850000000000003,1,1,1
AF080210926,1,0,0,Away Team,0.2341,0.3115,1,1,1
AF080210926,1,0,6,Away Team,0.2341,0.28,1,1,1
AF080210926,1,0,7,Away Team,0.20929999999999999,0.28300000000000003,1,1,1
AF080210926,1,0,7,Home Team,0.2086,0.2825,1,1,1
AF080210926,1,0,7,Home Team,0.191,0.2635,1,1,1
AF080210926,1,0,7,Home Team,0.19829999999999998,0.264,1,1,1
AF080210926,1,0,7,Home Team,0.19829999999999998,0.22399999999999998,1,1,1
AF080210926,1,0,7,Away Team,0.19829999999999998,0.192,1,1,1
AF080210926,1,0,7,Away Team,0.12560000000000002,0.1945,1,1,1
AF080210926,1,0,7,Home Team,0.243,0.3175,1,1,1
AF080210926,1,6,7,Home Team,0.243,0.369,1,1,1
AF080210926,1,7,7,Home Team,0.284,0.3725,1,1,1
AF080210926,1,7,7,Away Team,0.2914,0.3865,1,1,1
AF080210926,1,7,7,Away Team,0.2541,0.3515,1,1,1
AF080210926,2,7,7,Away Team,0.3024,0.355,1,1,1
AF080210926,2,7,7,Away Team,0.2339,0.3395,1,1,1
AF080210926,2,7,7,Away Team,0.2484,0.3565,1,1,1
AF080210926,2,7,7,Away Team,0.2484,0.2965,1,1,1
AF080210926,2,7,13,Away Team,0.2484,0.2515,1,1,1
AF080210926,2,7,14,Away Team,0.1963,0.24850000000000003,1,1,1
AF080210926,2,7,14,Home Team,0.2016,0.2465,1,1,1
AF080210926,2,7,14,Home Team,0.1852,0.24350000000000002,1,1,1
AF080210926,2,7,14,Home Team,0.2141,0.263,1,1,1
AF080210926,2,7,14,Home Team,0.19690000000000002,0.251,1,1,1
AF080210926,2,7,14,Home Team,0.2036,0.2575,1,1,1
AF080210926,2,7,14,Home Team,0.19140000000000001,0.244,1,1,1
AF080210926,2,7,14,Home Team,0.20559999999999998,0.254,1,1,1
AF080210926,2,7,14,Home Team,0.2072,0.247,1,1,1
AF080210926,2,7,14,Home Team,0.2495,0.2825,1,1,1
AF080210926,2,7,14,Home Team,0.2559,0.315,1,1,1
AF080210926,2,7,14,Home Team,0.2758,0.327,1,1,1
AF080210926,2,13,14,Home Team,0.2758,0.3917,1,1,1
AF080210926,2,14,14,Home Team,0.3317,0.4125,1,1,1
AF080210926,2,14,14,Away Team,0.3245,0.4072,1,1,1
AF080210926,2,14,14,Away Team,0.3195,0.4202,1,1,1
AF080220926,1,0,0,Away Team,0.4293,0.5725,1,1,1
AF080220926,1,0,0,Away Team,0.44530000000000003,0.591,1,1,1
AF080220926,1,0,0,Away Team,0.45740000000000003,0.5915,1,1,1
AF080220926,1,0,0,Away Team,0.5064,0.585,1,1,1
AF080220926,1,0,0,Away Team,0.4008,0.529,1,1,1
AF080220926,1,0,0,Away Team,0.4089,0.536,1,1,1
AF080220926,1,0,0,Away Team,0.4008,0.5215,1,1,1
AF080220926,1,0,0,Away Team,0.37560000000000004,0.503,1,1,1
AF080220926,1,0,0,Away Team,0.38939999999999997,0.488,1,1,1
AF080220926,1,0,0,Away Team,0.38939999999999997,0.4275,1,1,1
AF080220926,1,0,0,Away Team,0.38939999999999997,0.4205,1,1,1
AF080220926,2,0,0,Home Team,0.5453,0.622,1,1,1
AF080220926,2,0,0,Home Team,0.5977,0.6655,1,1,1
AF080220926,2,0,0,Home Team,0.6184000000000001,0.6698000000000001,1,1,1
AF080220926,2,0,0,Home Team,0.6518999999999999,0.6853,1,1,1
AF080220926,2,0,0,Home Team,0.6404000000000001,0.662,1,1,1
AF080220926,2,0,0,Home Team,0.5828,0.6385000000000001,1,1,1
AF080220926,2,0,0,Home Team,0.7193999999999999,0.7905,1,1,1
AF080220926,2,0,0,Home Team,0.7193999999999999,0.799,1,1,1
AF080220926,2,0,0,Home Team,0.7262000000000001,0.782,1,1,1
AF080220926,2,6,0,Home Team,0.7262000000000001,0.8540000000000001,1,1,1
AF080220926,2,7,0,Home Team,0.8022,0.8593999999999999,1,1,1
AF080220926,2,7,0,Away Team,0.8038,0.8669,1,1,1
AF080220926,2,7,0,Home Team,0.9045000000000001,0.907,1,1,1
AF080220926,2,7,0,Away Team,0.8583,0.878,1,1,1
AF080220926,2,7,0,Away Team,0.7843000000000001,0.8315,1,1,1
AF081180926,1,0,0,Away Team,0.4654,0.457,0,1,1
AF081180926,1,0,0,Away Team,0.4879,0.474,0,1,1
AF081180926,1,0,0,Away Team,0.4642,0.45299999999999996,0,1,1
AF081180926,1,0,0,Away Team,0.44,0.3935,0,1,1
AF081180926,1,0,0,Away Team,0.45289999999999997,0.4375,0,1,1
AF081180926,1,0,0,Away Team,0.42579999999999996,0.38549999999999995,0,1,1
AF081180926,1,0,0,Away Team,0.4122,0.37450000000000006,0,1,1
AF081180926,1,0,0,Away Team,0.4203,0.43450000000000005,0,1,1
AF081180926,1,0,0,Away Team,0.4644,0.4165,0,1,1
AF081180926,2,0,0,Away Team,0.4644,0.486,0,1,1
AF081180926,2,0,3,Away Team,0.5032,0.495,0,1,1
AF081180926,2,0,3,Home Team,0.5401,0.503,0,1,1
AF081180926,2,0,3,Home Team,0.525,0.479,0,1,1
AF081180926,2,0,3,Home Team,0.49450000000000005,0.4485,0,1,1
AF081180926,2,0,3,Home Team,0.5562,0.536,0,1,1
AF081180926,2,0,3,Home Team,0.5550999999999999,0.512,0,1,1
AF081180926,2,0,3,Home Team,0.5821000000000001,0.5395,0,1,1
AF081180926,2,0,3,Home Team,0.5719,0.5185,0,1,1
AF081180926,2,0,3,Home Team,0.6028,0.5455,0,1,1
AF081180926,2,0,3,Home Team,0.6028,0.386,0,1,1
AF081180926,2,3,3,Home Team,0.4888,0.45649999999999996,0,1,1
AF081180926,2,3,3,Away Team,0.4561,0.45299999999999996,0,1,1
AF081180926,2,3,3,Away Team,0.5056,0.45899999999999996,0,1,1
AF081180926,2,3,3,Away Team,0.4578,0.4215,0,1,1
AF081180926,2,3,3,Away Team,0.4686,0.4465,0,1,1
AF081180926,2,3,3,Away Team,0.4445,0.4105,0,1,1
AF081180926,2,3,3,Away Team,0.4445,0.425,0,1,1
AF081180926,2,3,6,Away Team,0.4592,0.4155,0,1,1
AF081180926,2,3,6,Home Team,0.43270000000000003,0.406,0,1,1
AF081180926,2,3,6,Home Team,0.5664,0.3845,0,1,1
AF081210926,1,0,0,Home Team,0.493,0.4155,0,1,1
AF081210926,1,0,0,Home Team,0.496,0.4725,0,1,1
AF081210926,1,0,0,Home Team,0.5095000000000001,0.4765,0,1,1
AF081210926,1,0,0,Home Team,0.5334,0.4775,0,1,1
AF081210926,1,0,0,Home Team,0.5535,0.521,0,1,1
AF081210926,1,0,0,Home Team,0.5558,0.514,0,1,1
AF081210926,1,0,0,Home Team,0.5476,0.4965,0,1,1
AF081210926,1,0,0,Home Team,0.5476,0.4585,0,1,1
AF081210926,1,0,0,Home Team,0.5084000000000001,0.5305,0,1,1
AF081210926,2,6,0,Home Team,0.5811999999999999,0.557,0,1,1
AF081210926,2,7,0,Home Team,0.6343,0.5785,0,1,1
AF081210926,2,7,0,Away Team,0.6325999999999999,0.5525,0,1,1
AF081210926,2,7,0,Away Team,0.5996,0.542,0,1,1
AF081210926,2,7,0,Away Team,0.6114999999999999,0.5635,0,1,1
AF081210926,2,7,0,Away Team,0.6114,0.5565,0,1,1
AF081210926,2,7,0,Away Team,0.5789,0.534,0,1,1
AF081210926,2,7,0,Away Team,0.5728,0.5545,0,1,1
AF081210926,2,7,0,Away Team,0.541,0.499,0,1,1
AF081210926,2,7,0,Away Team,0.5226,0.514,0,1,1
AF081210926,2,7,0,Away Team,0.5438000000000001,0.5315,0,1,1
AF081210926,2,7,0,Away Team,0.59,0.5535,0,1,1
AF081210926,2,7,0,Away Team,0.59,0.649,0,1,1
AF081210926,2,7,3,Away Team,0.6554000000000001,0.6455,0,1,1
AF081210926,2,7,3,Home Team,0.6739,0.655,0,1,1
AF081210926,2,7,3,Home Team,0.6236,0.621,0,1,1
AF081210926,2,7,3,Home Team,0.5901,0.5855,0,1,1
AF081210926,2,7,3,Home Team,0.5901,0.573,0,1,1
AF081210926,2,7,3,Home Team,0.6371,0.6495000000000001,0,1,1
AF081210926,2,7,9,Away Team,0.6775,0.2395,0,1,1
AF081210926,2,7,10,Away Team,0.2672,0.2605,0,1,1
AF081210926,2,7,10,Home Team,0.2584,0.231,0,1,1
AF081210926,2,7,10,Home Team,0.26,0.2445,0,1,1
AF081220926,1,0,0,Away Team,0.5151,0.447,0,1,1
AF081220926,1,0,0,Away Team,0.5284,0.46399999999999997,0,1,1
AF081220926,1,0,0,Away Team,0.5821999999999999,0.5005,0,1,1
AF081220926,1,0,0,Away Team,0.4839,0.43700000000000006,0,1,1
AF081220926,1,0,0,Away Team,0.48960000000000004,0.4235,0,1,1
AF081220926,1,0,0,Away Team,0.5263,0.467,0,1,1
AF081220926,1,0,0,Away Team,0.5086999999999999,0.4275,0,1,1
AF081220926,1,0,0,Away Team,0.4654,0.40950000000000003,0,1,1
AF081220926,1,0,0,Away Team,0.4814,0.4305,0,1,1
AF081220926,1,0,0,Home Team,0.6779000000000001,0.579,0,1,1
AF081220926,1,0,0,Home Team,0.6594,0.5710000000000001,0,1,1
AF081220926,1,0,0,Home Team,0.7249,0.6545000000000001,0,1,1
AF081220926,2,6,0,Home Team,0.7249,0.7120000000000001,0,1,1
AF081220926,2,7,0,Home Team,0.7695000000000001,0.6975,0,1,1
AF081220926,2,7,0,Away Team,0.7890999999999999,0.6965,0,1,1
AF081220926,2,7,0,Away Team,0.7659999999999999,0.7055,0,1,1
AF081220926,2,7,0,Away Team,0.7764,0.7090000000000001,0,1,1
AF081220926,2,7,0,Away Team,0.7754000000000001,0.7134999999999999,0,1,1
AF081220926,2,7,0,Away Team,0.7768,0.7345,0,1,1
AF081220926,2,7,0,Away Team,0.7768,0.8329000000000001,0,1,1
AF081220926,2,7,0,Home Team,0.8386,0.847,0,1,1
AF081220926,2,7,0,Home Team,0.87,0.8205,0,1,1
AF081220926,2,7,0,Away Team,0.7411,0.6659999999999999,0,1,1
AF081220926,2,7,6,Away Team,0.7411,0.63,0,1,1
AF081220926,2,7,7,Away Team,0.7332,0.6335000000000001,0,1,1
AF081220926,2,7,7,Home Team,0.7170000000000001,0.636,0,1,1
AF081220926,2,7,7,Home Team,0.6853,0.6245,0,1,1
AF081220926,2,7,7,Home Team,0.7281,0.664,0,1,1
AF081220926,2,7,7,Home Team,0.7041,0.638,0,1,1
AF081220926,2,7,7,Home Team,0.7041,0.738,0,1,1
AF081220926,2,13,7,Home Team,0.8148000000000001,0.8284999999999999,0,1,1
AF081220926,2,14,7,Home Team,0.8847,0.8284999999999999,0,1,1
AF081220926,2,14,7,Away Team,0.8694,0.825,0,1,1
AF081220926,2,14,7,Away Team,0.8686,0.8175,0,1,1
AF082180926,1,0,0,Away Team,0.5158,0.3935,0,1,1
AF082180926,1,0,0,Away Team,0.506,0.3925,0,1,1
AF082180926,1,0,0,Away Team,0.47450000000000003,0.3735,0,1,1
AF082180926,1,0,0,Away Team,0.5131,0.4105,0,1,1
AF082180926,1,0,0,Away Team,0.5059,0.36950000000000005,0,1,1
AF082180926,1,0,0,Away Team,0.5059,0.4355,0,1,1
AF082180926,1,0,0,Away Team,0.5388000000000001,0.3335,0,1,1
AF082180926,1,0,0,Away Team,0.45020000000000004,0.324,0,1,1
AF082180926,1,0,0,Away Team,0.4607,0.34299999999999997,0,1,1
AF082180926,1,0,0,Away Team,0.46270000000000006,0.34700000000000003,0,1,1
AF082180926,2,0,0,Away Team,0.4804,0.369,0,1,1
AF082180926,2,0,0,Away Team,0.4804,0.4265,0,1,1
AF082180926,2,0,3,Away Team,0.5599000000000001,0.42700000000000005,0,1,1
AF082180926,2,0,3,Home Team,0.5819,0.4315,0,1,1
AF082180926,2,0,3,Home Team,0.5507,0.4,0,1,1
AF082180926,2,0,3,Home Team,0.5128,0.37200000000000005,0,1,1
AF082180926,2,0,3,Home Team,0.6048,0.424,0,1,1
AF082180926,2,0,3,Home Team,0.617,0.45,0,1,1
AF082180926,2,0,3,Home Team,0.6520999999999999,0.46549999999999997,0,1,1
AF082180926,2,0,3,Home Team,0.6355,0.475,0,1,1
AF082180926,2,0,3,Home Team,0.6707,0.5035000000000001,0,1,1
AF082180926,2,0,3,Home Team,0.6707,0.5235,0,1,1
AF082180926,2,6,3,Home Team,0.6783,0.5835,0,1,1
AF082180926,2,7,3,Home Team,0.6937000000000001,0.5855,0,1,1
AF082180926,2,7,3,Away Team,0.6949,0.6054999999999999,0,1,1
AF082180926,2,7,3,Away Team,0.7117,0.6355,0,1,1
AF082180926,2,7,3,Away Team,0.7251000000000001,0.6505,0,1,1
AF082180926,2,7,3,Away Team,0.6896,0.635,0,1,1
AF082180926,2,7,3,Away Team,0.7222,0.6535,0,1,1
AF082180926,2,7,3,Away Team,0.7539,0.6495000000000001,0,1,1
AF082180926,2,7,3,Away Team,0.7848999999999999,0.6855,0,1,1
AF082180926,2,7,9,Away Team,0.7848999999999999,0.3465,0,1,1
AF082180926,2,7,10,Away Team,0.4623,0.3575,0,1,1
AF082190926,1,0,0,Home Team,0.5941,0.593,1,1,1
AF082190926,1,0,0,Home Team,0.611,0.5785,1,1,1
AF082190926,1,0,0,Home Team,0.6551,0.624,1,1,1
AF082190926,1,0,0,Home Team,0.6548999999999999,0.616,1,1,1
AF082190926,1,0,0,Home Team,0.6812,0.65,1,1,1
AF082190926,1,6,0,Home Team,0.6812,0.7375,1,1,1
AF082190926,1,7,0,Home Team,0.7021,0.7295,1,1,1
AF082190926,1,7,0,Away Team,0.6984999999999999,0.7245,1,1,1
AF082190926,1,7,0,Away Team,0.7056999999999999,0.7315,1,1,1
AF082190926,1,7,6,Away Team,0.7056999999999999,0.583,1,1,1
AF082190926,1,7,7,Away Team,0.5737,0.5975,1,1,1
AF082190926,1,7,7,Home Team,0.5851,0.5845,1,1,1
AF082190926,1,7,7,Home Team,0.5579999999999999,0.579,1,1,1
AF082190926,1,7,7,Home Team,0.6167,0.619,1,1,1
AF082190926,2,7,7,Home Team,0.6282,0.628,1,1,1
AF082190926,2,7,7,Home Team,0.6304,0.6525,1,1,1
AF082190926,2,7,7,Home Team,0.6561,0.6605,1,1,1
AF082190926,2,7,7,Home Team,0.633,0.6443000000000001,1,1,1
AF082190926,2,7,7,Home Team,0.6491,0.6818000000000001,1,1,1
AF082190926,2,7,7,Home Team,0.6429,0.6655,1,1,1
AF082190926,2,7,7,Away Team,0.423,0.485,1,1,1
AF082190926,2,7,7,Away Team,0.48229999999999995,0.5125,1,1,1
AF082190926,2,7,7,Away Team,0.5051,0.551,1,1,1
AF082190926,2,7,7,Away Team,0.5051,0.6445000000000001,1,1,1
AF082190926,2,7,7,Home Team,0.4826,0.6303,1,1,1
AF082190926,2,7,7,Home Team,0.7179000000000001,0.6809999999999999,1,1,1
AF082190926,2,13,7,Home Team,0.7179000000000001,0.7865000000000001,1,1,1
AF082190926,2,14,7,Home Team,0.7334999999999999,0.779,1,1,1
AF082190926,2,14,7,Away Team,0.7304,0.8025,1,1,1
AF082190926,2,14,7,Away Team,0.7389,0.8024,1,1,1
AF082190926,2,14,7,Away Team,0.7990999999999999,0.8069,1,1,1
AF082190926,2,14,7,Away Team,0.7990999999999999,0.8304,1,1,1
AF082190926,2,14,7,Home Team,0.7944,0.8294,1,1,1
AF082200926,1,0,0,Away Team,0.5386,0.4935,0,1,1
AF082200926,1,0,0,Away Team,0.5503,0.517,0,1,1
AF082200926,1,0,0,Away Team,0.5146000000000001,0.4905,0,1,1
AF082200926,1,0,0,Away Team,0.4993,0.48,0,1,1
AF082200926,1,0,0,Away Team,0.49770000000000003,0.48,0,1,1
AF082200926,1,0,0,Away Team,0.5064,0.485,0,1,1
AF082200926,1,0,0,Away Team,0.5004,0.4775,0,1,1
AF082200926,1,0,0,Away Team,0.4913,0.4412,0,1,1
AF082200926,2,0,0,Away Team,0.4829,0.42450000000000004,0,1,1
AF082200926,2,0,0,Away Team,0.4593,0.4065,0,1,1
AF082200926,2,0,0,Away Team,0.452,0.42450000000000004,0,1,1
AF082200926,2,0,0,Away Team,0.48119999999999996,0.43700000000000006,0,1,1
AF082200926,2,0,0,Away Team,0.4932,0.44299999999999995,0,1,1
AF082200926,2,0,6,Away Team,0.4932,0.32549999999999996,0,1,1
AF082200926,2,0,7,Away Team,0.4391,0.3385,0,1,1
AF082200926,2,0,7,Home Team,0.4366,0.3435,0,1,1
AF082200926,2,0,7,Home Team,0.4363,0.335,0,1,1
AF082200926,2,0,7,Home Team,0.42479999999999996,0.3685,0,1,1
AF082200926,2,0,7,Home Team,0.47009999999999996,0.39,0,1,1
AF082200926,2,0,7,Home Team,0.4671,0.365,0,1,1
AF082200926,2,0,7,Home Team,0.4213,0.368,0,1,1
AF082200926,2,0,7,Home Team,0.4825,0.46,0,1,1
AF082200926,2,0,7,Home Team,0.4825,0.48200000000000004,0,1,1
AF082200926,2,6,7,Home Team,0.4825,0.5115,0,1,1
AF082200926,2,7,7,Home Team,0.5920000000000001,0.5275,0,1,1
AF082200926,2,7,7,Away Team,0.5920000000000001,0.5125,0,1,1
AF082200926,2,7,7,Away Team,0.5982,0.5475,0,1,1
AF082200926,2,7,7,Home Team,0.7114,0.6025,0,1,1
AF083180926,1,0,0,Away Team,0.4832,0.614,1,1,1
AF083180926,1,0,0,Away Team,0.5163,0.6214999999999999,1,1,1
AF083180926,1,0,0,Away Team,0.47240000000000004,0.59,1,1,1
AF083180926,1,0,0,Away Team,0.4804,0.594,1,1,1
AF083180926,1,0,0,Away Team,0.4722,0.5905,1,1,1
AF083180926,1,0,0,Away Team,0.5053,0.6459999999999999,1,1,1
AF083180926,1,0,0,Away Team,0.4595,0.5805,1,1,1
AF083180926,1,0,0,Away Team,0.4631,0.5715,1,1,1
AF083180926,1,0,0,Away Team,0.4489,0.536,1,1,1
AF083180926,1,0,0,Away Team,0.43170000000000003,0.5225,1,1,1
AF083180926,2,0,0,Away Team,0.4163,0.511,1,1,1
AF083180926,2,0,0,Away Team,0.4314,0.517,1,1,1
AF083180926,2,0,0,Home Team,0.6909000000000001,0.6968000000000001,1,1,1
AF083180926,2,0,0,Home Team,0.6515000000000001,0.711,1,1,1
AF083180926,2,0,0,Home Team,0.6422,0.6875,1,1,1
AF083180926,2,0,0,Home Team,0.7051000000000001,0.746,1,1,1
AF083180926,2,0,0,Home Team,0.7292000000000001,0.7585,1,1,1
AF083180926,2,6,0,Home Team,0.7292000000000001,0.8195,1,1,1
AF083180926,2,7,0,Home Team,0.7459,0.825,1,1,1
AF083180926,2,7,0,Away Team,0.7514,0.825,1,1,1
AF083180926,2,7,0,Away Team,0.7637999999999999,0.8370000000000001,1,1,1
AF083180926,2,7,0,Away Team,0.7304,0.8190000000000001,1,1,1
AF083180926,2,7,0,Away Team,0.7275,0.821,1,1,1
AF083180926,2,7,0,Away Team,0.7611,0.8190000000000001,1,1,1
AF083180926,2,7,0,Away Team,0.7251000000000001,0.8105,1,1,1
AF083180926,2,7,0,Away Team,0.7361,0.8215,1,1,1
AF083180926,2,7,0,Away Team,0.7563,0.8065000000000001,1,1,1
AF083180926,2,7,0,Away Team,0.6949,0.7735,1,1,1
AF083180926,2,7,0,Away Team,0.6949,0.715,1,1,1
AF083180926,2,7,0,Away Team,0.6949,0.73,1,1,1
AF083180926,2,7,0,Away Team,0.6949,0.7490000000000001,1,1,1
AF083180926,2,7,0,Away Team,0.711,0.778,1,1,1
AF083200926,1,0,0,Home Team,0.48969999999999997,0.5535,1,1,1
AF083200926,1,0,0,Home Team,0.4932,0.531,1,1,1
AF083200926,1,0,0,Home Team,0.4235,0.486,1,1,1
AF083200926,1,0,0,Home Team,0.4235,0.39799999999999996,1,1,1
AF083200926,1,0,0,Away Team,0.4235,0.374,1,1,1
AF083200926,1,0,0,Away Team,0.3046,0.349,1,1,1
AF083200926,1,0,0,Away Team,0.2901,0.3275,1,1,1
AF083200926,1,0,6,Away Team,0.2901,0.2625,1,1,1
AF083200926,1,0,7,Away Team,0.2446,0.266,1,1,1
AF083200926,1,0,7,Home Team,0.2339,0.299,1,1,1
AF083200926,1,0,7,Home Team,0.2596,0.3085,1,1,1
AF083200926,1,0,7,Home Team,0.2568,0.3005,1,1,1
AF083200926,1,0,7,Home Team,0.26780000000000004,0.305,1,1,1
AF083200926,2,0,7,Home Team,0.2633,0.324,1,1,1
AF083200926,2,0,7,Home Team,0.2734,0.30670000000000003,1,1,1
AF083200926,2,0,7,Home Team,0.267,0.3145,1,1,1
AF083200926,2,0,7,Home Team,0.2645,0.31,1,1,1
AF083200926,2,0,7,Home Team,0.289,0.306,1,1,1
AF083200926,2,0,7,Home Team,0.2636,0.3035,1,1,1
AF083200926,2,6,7,Home Team,0.2636,0.36,1,1,1
AF083200926,2,7,7,Home Team,0.3236,0.3505,1,1,1
AF083200926,2,7,7,Away Team,0.3221,0.37200000000000005,1,1,1
AF083200926,2,7,7,Away Team,0.3345,0.3935,1,1,1
AF083200926,2,7,7,Away Team,0.2913,0.321,1,1,1
AF083200926,2,7,7,Away Team,0.2882,0.3367,1,1,1
AF083200926,2,7,7,Away Team,0.33899999999999997,0.371,1,1,1
AF083200926,2,7,7,Home Team,0.5105,0.5579999999999999,1,1,1
AF083200926,2,7,7,Home Team,0.5144,0.573,1,1,1
AF083200926,2,7,7,Home Team,0.4988,0.555,1,1,1
AF083200926,2,7,7,Home Team,0.5193,0.5660000000000001,1,1,1
AF083200926,2,7,7,Home Team,0.5855,0.5870000000000001,1,1,1
AF083200926,2,10,7,Home Team,0.5855,0.5539999999999999,1,1,1
AF083210926,1,0,0,Home Team,0.5232,0.594,0,1,1
AF083210926,1,0,0,Home Team,0.5199,0.616,0,1,1
AF083210926,1,0,0,Home Team,0.5179,0.618,0,1,1
AF083210926,1,0,0,Home Team,0.5229,0.6214999999999999,0,1,1
AF083210926,1,0,0,Home Team,0.5184000000000001,0.623,0,1,1
AF083210926,1,0,0,Home Team,0.5178,0.609,0,1,1
AF083210926,1,0,0,Home Team,0.5178,0.589,0,1,1
AF083210926,1,6,0,Home Team,0.484,0.7145,0,1,1
AF083210926,1,7,0,Home Team,0.484,0.7345,0,1,1
AF083210926,1,7,0,Away Team,0.664,0.7474,0,1,1
AF083210926,1,7,0,Away Team,0.6748999999999999,0.7559999999999999,0,1,1
AF083210926,1,7,0,Away Team,0.7421,0.763,0,1,1
AF083210926,1,7,0,Away Team,0.7421,0.8009999999999999,0,1,1
AF083210926,1,7,0,Home Team,0.7082999999999999,0.818,0,1,1
AF083210926,1,7,0,Home Team,0.8317,0.856,0,1,1
AF083210926,1,13,0,Home Team,0.8317,0.897,0,1,1
AF083210926,1,14,0,Home Team,0.8704999999999999,0.9025,0,1,1
AF083210926,1,14,0,Away Team,0.8637,0.892,0,1,1
AF083210926,2,14,0,Away Team,0.8539,0.889,0,1,1
AF083210926,2,14,0,Away Team,0.8515999999999999,0.861,0,1,1
AF083210926,2,14,0,Away Team,0.853,0.8805,0,1,1
AF083210926,2,14,0,Away Team,0.867,0.885,0,1,1
AF083210926,2,14,0,Away Team,0.867,0.9065000000000001,0,1,1
AF083210926,2,14,0,Home Team,0.94,0.95,0,1,1
AF083210926,2,14,0,Home Team,0.9412999999999999,0.95,0,1,1
AF083210926,2,14,0,Home Team,0.9338,0.9555,0,1,1
AF083210926,2,14,0,Home Team,0.9511,0.9695,0,1,1
AF083210926,2,14,0,Home Team,0.9511,0.973,0,1,1
AF083210926,2,14,0,Home Team,0.9578,0.9704999999999999,0,1,1
AF083210926,2,14,0,Home Team,0.9717,0.9775,0,1,1
AF083210926,2,14,0,Home Team,0.9833,0.9865,0,1,1
AF083210926,2,14,0,Home Team,0.9833,0.99,0,1,1
AF083210926,2,14,0,Home Team,0.9769,0.983,0,1,1
AF083210926,2,14,0,Home Team,0.9769,0.9745,0,1,1
AF084160926,2,10,14,Home Team,0.2594,0.2615,0,1,1
AF084160926,2,10,14,Home Team,0.32630000000000003,0.289,0,1,1
AF084180926,1,0,0,Home Team,0.47479999999999994,0.5715,1,1,1
AF084180926,1,0,0,Home Team,0.4917,0.5795,1,1,1
AF084180926,1,0,0,Home Team,0.4698,0.563,1,1,1
AF084180926,1,0,0,Home Team,0.43700000000000006,0.5429999999999999,1,1,1
AF084180926,1,0,0,Home Team,0.507,0.6153,1,1,1
AF084180926,1,0,0,Home Team,0.5267000000000001,0.5985,1,1,1
AF084180926,1,0,0,Home Team,0.5268999999999999,0.6415000000000001,1,1,1
AF084180926,1,0,0,Home Team,0.5414,0.611,1,1,1
AF084180926,1,0,0,Home Team,0.5438000000000001,0.591,1,1,1
AF084180926,1,0,0,Home Team,0.5438000000000001,0.5425,1,1,1
AF084180926,2,3,0,Home Team,0.47700000000000004,0.5329999999999999,1,1,1
AF084180926,2,3,0,Away Team,0.41340000000000005,0.541,1,1,1
AF084180926,2,3,0,Away Team,0.40259999999999996,0.526,1,1,1
AF084180926,2,3,0,Away Team,0.5139,0.586,1,1,1
AF084180926,2,3,0,Away Team,0.3711,0.5228,1,1,1
AF084180926,2,3,0,Away Team,0.36979999999999996,0.529,1,1,1
AF084180926,2,3,0,Away Team,0.396,0.5379999999999999,1,1,1
AF084180926,2,3,0,Home Team,0.6442,0.7254999999999999,1,1,1
AF084180926,2,3,0,Home Team,0.6809999999999999,0.7404999999999999,1,1,1
AF084180926,2,3,0,Home Team,0.6602,0.736,1,1,1
AF084180926,2,3,0,Home Team,0.6602,0.7879999999999999,1,1,1
AF084180926,2,3,0,Home Team,0.7301000000000001,0.775,1,1,1
AF084180926,2,3,0,Home Team,0.7276,0.7929999999999999,1,1,1
AF084180926,2,9,0,Home Team,0.7276,0.8604999999999999,1,1,1
AF084180926,2,10,0,Home Team,0.7909,0.856,1,1,1
AF084180926,2,10,0,Away Team,0.8012999999999999,0.8704999999999999,1,1,1
AF084180926,2,10,0,Away Team,0.8212999999999999,0.87,1,1,1
AF084180926,2,10,0,Home Team,0.8575,0.8959999999999999,1,1,1
AF084200926,1,0,0,Away Team,0.5943,0.6148,1,1,1
AF084200926,1,0,0,Away Team,0.6475,0.6163000000000001,1,1,1
AF084200926,1,0,0,Away Team,0.6575,0.6095,1,1,1
AF084200926,1,0,0,Away Team,0.6575,0.6579999999999999,1,1,1
AF084200926,1,0,0,Home Team,0.6912,0.6779999999999999,1,1,1
AF084200926,1,0,0,Home Team,0.7304999999999999,0.6729999999999999,1,1,1
AF084200926,1,0,0,Home Team,0.7602,0.682,1,1,1
AF084200926,1,0,0,Home Team,0.7434999999999999,0.6918000000000001,1,1,1
AF084200926,1,0,0,Home Team,0.7145,0.6675,1,1,1
AF084200926,1,0,0,Home Team,0.7822,0.716,1,1,1
AF084200926,1,0,0,Home Team,0.7829,0.7334999999999999,1,1,1
AF084200926,2,0,0,Home Team,0.7896,0.7509999999999999,1,1,1
AF084200926,2,0,0,Home Team,0.7896,0.7735,1,1,1
AF084200926,2,0,0,Home Team,0.79,0.7490000000000001,1,1,1
AF084200926,2,0,0,Home Team,0.805,0.7559999999999999,1,1,1
AF084200926,2,6,0,Home Team,0.805,0.8255,1,1,1
AF084200926,2,6,0,Home Team,0.7745000000000001,0.785,1,1,1
AF084200926,2,6,0,Away Team,0.7694,0.7909999999999999,1,1,1
AF084200926,2,6,0,Away Team,0.7959,0.7709,1,1,1
AF084200926,2,6,0,Away Team,0.8067,0.8025,1,1,1
AF084200926,2,6,0,Away Team,0.7674,0.7484999999999999,1,1,1
AF084200926,2,6,0,Away Team,0.7931,0.7490000000000001,1,1,1
AF084200926,2,6,0,Away Team,0.7681,0.7575,1,1,1
AF084200926,2,12,0,Home Team,0.7681,0.963,1,1,1
AF084200926,2,12,0,Away Team,0.9437000000000001,0.9520000000000001,1,1,1
AF084200926,2,12,0,Away Team,0.9573999999999999,0.965,1,1,1
AF084200926,2,12,0,Away Team,0.9698,0.9645,1,1,1
AF084200926,2,12,0,Home Team,0.9873999999999999,0.9775,1,1,1
AF084200926,2,12,0,Home Team,0.9892,0.9725,1,1,1
AF084200926,2,12,0,Home Team,0.9901000000000001,0.9740000000000001,1,1,1
AF084200926,2,12,0,Home Team,0.9887999999999999,0.977,1,1,1
AF084200926,2,12,0,Home Team,0.9921,0.983,1,1,1
AF084200926,2,12,0,Home Team,0.9929000000000001,0.986,1,1,1
AF084220926,1,0,0,Away Team,0.5799,0.4464,0,1,1
AF084220926,1,0,0,Away Team,0.5447,0.41450000000000004,0,1,1
AF084220926,1,0,0,Away Team,0.5427000000000001,0.38799999999999996,0,1,1
AF084220926,1,0,0,Away Team,0.5296,0.38,0,1,1
AF084220926,1,0,0,Away Team,0.5128,0.34450000000000003,0,1,1
AF084220926,1,0,6,Away Team,0.5128,0.257,0,1,1
AF084220926,1,0,7,Away Team,0.46240000000000003,0.2505,0,1,1
AF084220926,1,0,7,Home Team,0.43979999999999997,0.247,0,1,1
AF084220926,1,0,7,Home Team,0.4289,0.2425,0,1,1
AF084220926,1,0,7,Home Team,0.4648,0.253,0,1,1
AF084220926,1,0,7,Home Team,0.4867,0.2815,0,1,1
AF084220926,1,0,7,Home Team,0.45130000000000003,0.2735,0,1,1
AF084220926,1,0,7,Home Team,0.48090000000000005,0.2821,0,1,1
AF084220926,1,0,7,Home Team,0.4671,0.2871,0,1,1
AF084220926,2,0,7,Home Team,0.5075,0.3195,0,1,1
AF084220926,2,0,7,Home Team,0.4804,0.314,0,1,1
AF084220926,2,0,7,Home Team,0.5135000000000001,0.31370000000000003,0,1,1
AF084220926,2,0,7,Home Team,0.5081,0.3335,0,1,1
AF084220926,2,0,7,Home Team,0.5194,0.363,0,1,1
AF084220926,2,0,7,Home Team,0.5329,0.36,0,1,1
AF084220926,2,6,7,Home Team,0.5329,0.4107,0,1,1
AF084220926,2,7,7,Home Team,0.552,0.444,0,1,1
AF084220926,2,7,7,Away Team,0.5464,0.4025,0,1,1
AF084220926,2,7,7,Away Team,0.5645,0.4155,0,1,1
AF084220926,2,7,7,Away Team,0.5697,0.43799999999999994,0,1,1
AF084220926,2,7,7,Away Team,0.5266,0.3975,0,1,1
AF084220926,2,7,7,Away Team,0.5545,0.4175,0,1,1
AF084220926,2,7,7,Away Team,0.4457,0.359,0,1,1
AF084220926,2,7,7,Away Team,0.48100000000000004,0.35950000000000004,0,1,1
AF085160926,1,0,0,Home Team,0.5475,0.5285,1,1,1
AF085160926,1,0,0,Home Team,0.5756,0.54,1,1,1
AF085160926,1,0,0,Home Team,0.5756,0.4915,1,1,1
AF085160926,1,0,0,Home Team,0.5454,0.544,1,1,1
AF085160926,1,0,0,Home Team,0.545,0.5375,1,1,1
AF085160926,1,0,0,Home Team,0.5962,0.5725,1,1,1
AF085160926,1,0,0,Home Team,0.602,0.5865,1,1,1
AF085160926,1,0,0,Home Team,0.5896,0.5855,1,1,1
AF085160926,1,0,0,Home Team,0.6088,0.604,1,1,1
AF085160926,1,0,0,Home Team,0.605,0.6065,1,1,1
AF085160926,2,0,0,Home Team,0.605,0.6225,1,1,1
AF085160926,2,6,0,Home Team,0.605,0.6775,1,1,1
AF085160926,2,7,0,Home Team,0.6496,0.6579999999999999,1,1,1
AF085160926,2,7,0,Away Team,0.6701,0.6609999999999999,1,1,1
AF085160926,2,7,0,Away Team,0.6785,0.6655,1,1,1
AF085160926,2,7,0,Away Team,0.6651,0.669,1,1,1
AF085160926,2,7,0,Away Team,0.6104999999999999,0.6185,1,1,1
AF085160926,2,7,0,Away Team,0.6261,0.655,1,1,1
AF085160926,2,7,6,Away Team,0.6261,0.5545,1,1,1
AF085160926,2,7,7,Away Team,0.5536,0.5660000000000001,1,1,1
AF085160926,2,7,7,Home Team,0.5783,0.6164999999999999,1,1,1
AF085160926,2,7,7,Home Team,0.5658,0.5475,1,1,1
AF085160926,2,7,7,Home Team,0.457,0.455,1,1,1
AF085160926,2,7,7,Home Team,0.5905,0.6258,1,1,1
AF085160926,2,7,7,Home Team,0.6307,0.648,1,1,1
AF085160926,2,7,7,Home Team,0.6628000000000001,0.662,1,1,1
AF085160926,2,7,7,Home Team,0.6628000000000001,0.706,1,1,1
AF085160926,2,13,7,Home Team,0.6628000000000001,0.7909,1,1,1
AF085160926,2,14,7,Home Team,0.7597,0.7765000000000001,1,1,1
AF085160926,2,14,7,Away Team,0.7767000000000001,0.7765000000000001,1,1,1
AF085160926,2,14,7,Away Team,0.7827,0.7915000000000001,1,1,1
AF085180926,1,0,0,Home Team,0.545,0.552,0,1,1
AF085180926,1,0,0,Home Team,0.5464,0.5785,0,1,1
AF085180926,1,0,0,Home Team,0.5356000000000001,0.564,0,1,1
AF085180926,1,0,0,Home Team,0.4366,0.475,0,1,1
AF085180926,1,6,0,Home Team,0.4366,0.6835,0,1,1
AF085180926,1,7,0,Home Team,0.6323,0.6915,0,1,1
AF085180926,1,7,0,Away Team,0.6291,0.6585,0,1,1
AF085180926,1,7,0,Away Team,0.606,0.679,0,1,1
AF085180926,1,7,0,Away Team,0.6004,0.649,0,1,1
AF085180926,1,7,0,Away Team,0.6122,0.6455,0,1,1
AF085180926,1,7,0,Away Team,0.6047,0.642,0,1,1
AF085180926,1,7,0,Away Team,0.6047,0.68,0,1,1
AF085180926,2,7,0,Away Team,0.6136,0.645,0,1,1
AF085180926,2,7,0,Away Team,0.6003000000000001,0.6255,0,1,1
AF085180926,2,7,0,Away Team,0.5756,0.6315,0,1,1
AF085180926,2,7,0,Away Team,0.5702,0.613,0,1,1
AF085180926,2,7,0,Away Team,0.5652,0.624,0,1,1
AF085180926,2,7,6,Away Team,0.5652,0.5435,0,1,1
AF085180926,2,7,7,Away Team,0.5378000000000001,0.55,0,1,1
AF085180926,2,7,7,Home Team,0.5357,0.5515,0,1,1
AF085180926,2,7,7,Home Team,0.5168,0.5515,0,1,1
AF085180926,2,7,7,Home Team,0.5776,0.6015,0,1,1
AF085180926,2,7,7,Home Team,0.5822999999999999,0.5905,0,1,1
AF085180926,2,7,7,Home Team,0.5506,0.5865,0,1,1
AF085180926,2,7,7,Home Team,0.5224,0.595,0,1,1
AF085180926,2,7,7,Home Team,0.5224,0.5625,0,1,1
AF085180926,2,10,7,Home Team,0.5106,0.6125,0,1,1
AF085180926,2,10,7,Away Team,0.5138,0.5615,0,1,1
AF085180926,2,10,7,Away Team,0.4056,0.6235,0,1,1
AF085190926,1,0,0,Home Team,0.5556,0.48719999999999997,1,1,1
AF085190926,1,0,0,Home Team,0.5463,0.4935,1,1,1
AF085190926,1,0,0,Home Team,0.6,0.5255,1,1,1
AF085190926,1,0,0,Home Team,0.6177,0.5475,1,1,1
AF085190926,1,0,0,Home Team,0.6463,0.5785,1,1,1
AF085190926,1,0,0,Home Team,0.6501,0.5745,1,1,1
AF085190926,1,0,0,Home Team,0.6401,0.5445,1,1,1
AF085190926,1,6,0,Home Team,0.6401,0.5954999999999999,1,1,1
AF085190926,1,7,0,Home Team,0.6668000000000001,0.6275,1,1,1
AF085190926,1,7,0,Away Team,0.6485,0.584,1,1,1
AF085190926,2,7,0,Away Team,0.6534,0.5710000000000001,1,1,1
AF085190926,2,7,0,Away Team,0.6139,0.5489999999999999,1,1,1
AF085190926,2,7,0,Away Team,0.625,0.5715,1,1,1
AF085190926,2,7,0,Away Team,0.5770000000000001,0.5495,1,1,1
AF085190926,2,7,6,Away Team,0.5770000000000001,0.491,1,1,1
AF085190926,2,7,7,Away Team,0.5718,0.516,1,1,1
AF085190926,2,7,7,Home Team,0.541,0.5085000000000001,1,1,1
AF085190926,2,13,7,Home Team,0.541,0.589,1,1,1
AF085190926,2,14,7,Home Team,0.6753,0.604,1,1,1
AF085190926,2,14,7,Away Team,0.6808,0.6114999999999999,1,1,1
AF085190926,2,14,7,Away Team,0.6993,0.6345000000000001,1,1,1
AF085190926,2,14,7,Away Team,0.6061,0.555,1,1,1
AF085190926,2,14,7,Away Team,0.601,0.564,1,1,1
AF085190926,2,14,7,Away Team,0.6218,0.5835,1,1,1
AF085190926,2,14,7,Away Team,0.5951,0.547,1,1,1
AF085190926,2,14,13,Away Team,0.5951,0.528,1,1,1
AF085190926,2,14,14,Away Team,0.5834,0.526,1,1,1
AF085190926,2,14,14,Home Team,0.5682,0.515,1,1,1
AF085190926,2,14,14,Home Team,0.5988,0.52,1,1,1
AF085190926,2,14,14,Home Team,0.6768000000000001,0.586,1,1,1
AF085190926,2,14,14,Home Team,0.6505,0.5870000000000001,1,1,1
AF085190926,2,14,14,Home Team,0.6347,0.5765,1,1,1
AF085190926,2,14,14,Home Team,0.6347,0.5435,1,1,1
AF085190926,2,17,14,Home Team,0.5907,0.556,1,1,1
AF085190926,2,17,14,Away Team,0.5915,0.536,1,1,1
AF085190926,2,17,14,Away Team,0.6027,0.5525,1,1,1
AF085190926,2,17,14,Away Team,0.6134000000000001,0.5573,1,1,1
AF085210926,1,0,0,Away Team,0.5542,0.706,1,1,1
AF085210926,1,0,0,Away Team,0.5427000000000001,0.6835,1,1,1
AF085210926,1,0,0,Away Team,0.5581,0.6940000000000001,1,1,1
AF085210926,1,0,0,Away Team,0.5709000000000001,0.6925,1,1,1
AF085210926,1,0,0,Away Team,0.5709000000000001,0.778,1,1,1
AF085210926,1,0,6,Away Team,0.6174000000000001,0.5795,1,1,1
AF085210926,1,0,7,Away Team,0.6174000000000001,0.5765,1,1,1
AF085210926,1,0,7,Home Team,0.4604,0.5855,1,1,1
AF085210926,1,0,7,Home Team,0.4443,0.5720000000000001,1,1,1
AF085210926,1,0,7,Home Team,0.4058,0.5565,1,1,1
AF085210926,1,0,7,Home Team,0.4885,0.6075,1,1,1
AF085210926,1,0,7,Home Team,0.511,0.6125,1,1,1
AF085210926,1,0,7,Home Team,0.5267000000000001,0.6195,1,1,1
AF085210926,1,6,7,Home Team,0.5267000000000001,0.6685,1,1,1
AF085210926,1,7,7,Home Team,0.5465,0.6645,1,1,1
AF085210926,1,7,7,Away Team,0.5259,0.6785,1,1,1
AF085210926,1,7,7,Away Team,0.5427000000000001,0.6775,1,1,1
AF085210926,1,7,7,Away Team,0.5867,0.6984999999999999,1,1,1
AF085210926,1,7,7,Away Team,0.5295000000000001,0.6475,1,1,1
AF085210926,2,7,7,Away Team,0.5225,0.625,1,1,1
AF085210926,2,7,7,Away Team,0.5136,0.626,1,1,1
AF085210926,2,7,7,Away Team,0.4757,0.594,1,1,1
AF085210926,2,7,7,Away Team,0.48729999999999996,0.6054999999999999,1,1,1
AF085210926,2,7,7,Away Team,0.48729999999999996,0.6195,1,1,1
AF085210926,2,7,13,Away Team,0.48729999999999996,0.5365,1,1,1
AF085210926,2,7,14,Away Team,0.42810000000000004,0.539,1,1,1
AF085210926,2,7,14,Home Team,0.45399999999999996,0.5595,1,1,1
AF085210926,2,7,14,Home Team,0.46759999999999996,0.589,1,1,1
AF085210926,2,7,14,Home Team,0.4792,0.585,1,1,1
AF085210926,2,7,14,Home Team,0.4534,0.5715,1,1,1
AF085210926,2,7,14,Home Team,0.4954,0.6114999999999999,1,1,1
AF085210926,2,7,14,Home Team,0.5209,0.621,1,1,1
AF085210926,2,7,14,Home Team,0.5175,0.6325,1,1,1
AF085210926,2,7,14,Home Team,0.5236999999999999,0.632,1,1,1
AF085210926,2,7,14,Home Team,0.5647,0.6615000000000001,1,1,1
AF085210926,2,13,14,Home Team,0.5647,0.695,1,1,1
AF085210926,2,14,14,Home Team,0.6218,0.7064,1,1,1
AF085210926,2,14,14,Away Team,0.6118,0.6993,1,1,1
AF085210926,2,14,14,Away Team,0.6127,0.706,1,1,1
AF085210926,2,14,14,Away Team,0.462,0.6178,1,1,1
AF085220926,1,0,0,Home Team,0.5047999999999999,0.39149999999999996,0,1,1
AF085220926,1,0,0,Home Team,0.4904,0.3795,0,1,1
AF085220926,1,0,0,Home Team,0.45840000000000003,0.35450000000000004,0,1,1
AF085220926,1,0,0,Home Team,0.45840000000000003,0.3015,0,1,1
AF085220926,1,0,0,Away Team,0.4253,0.325,0,1,1
AF085220926,1,0,0,Away Team,0.38439999999999996,0.3195,0,1,1
AF085220926,1,0,0,Away Team,0.37929999999999997,0.311,0,1,1
AF085220926,1,0,0,Away Team,0.33270000000000005,0.2875,0,1,1
AF085220926,1,0,6,Away Team,0.33270000000000005,0.17300000000000001,0,1,1
AF085220926,1,0,7,Away Team,0.247,0.1875,0,1,1
AF085220926,1,0,7,Home Team,0.24789999999999998,0.17350000000000002,0,1,1
AF085220926,1,0,7,Home Team,0.25739999999999996,0.191,0,1,1
AF085220926,1,0,7,Home Team,0.24,0.19,0,1,1
AF085220926,1,0,7,Home Team,0.2187,0.1595,0,1,1
AF085220926,1,0,7,Home Team,0.2187,0.127,0,1,1
AF085220926,1,0,7,Away Team,0.2087,0.10550000000000001,0,1,1
AF085220926,1,0,7,Away Team,0.1539,0.1035,0,1,1
AF085220926,2,0,7,Away Team,0.15869999999999998,0.1275,0,1,1
AF085220926,2,0,7,Away Team,0.1281,0.091,0,1,1
AF085220926,2,0,7,Away Team,0.11599999999999999,0.08199999999999999,0,1,1
AF085220926,2,0,7,Away Team,0.10869999999999999,0.073,0,1,1
AF085220926,2,0,7,Away Team,0.0978,0.07150000000000001,0,1,1
AF085220926,2,0,13,Away Team,0.0978,0.049,0,1,1
AF085220926,2,0,14,Away Team,0.08,0.059000000000000004,0,1,1
AF085220926,2,0,14,Home Team,0.08,0.0495,0,1,1
AF085220926,2,0,14,Away Team,0.08,0.016,0,1,1
AF085220926,2,0,14,Away Team,0.08,0.014499999999999999,0,1,1
AF086180926,1,0,0,Home Team,0.4861,0.5870000000000001,1,1,1
AF086180926,1,0,0,Home Team,0.47159999999999996,0.5905,1,1,1
AF086180926,1,0,0,Home Team,0.5082,0.613,1,1,1
AF086180926,1,0,0,Home Team,0.5119,0.608,1,1,1
AF086180926,1,0,0,Home Team,0.5065999999999999,0.629,1,1,1
AF086180926,1,0,0,Home Team,0.5459,0.6525,1,1,1
AF086180926,1,0,0,Home Team,0.5681,0.6875,1,1,1
AF086180926,1,0,0,Home Team,0.5295000000000001,0.652,1,1,1
AF086180926,2,6,0,Home Team,0.5295000000000001,0.746,1,1,1
AF086180926,2,7,0,Home Team,0.598,0.738,1,1,1
AF086180926,2,7,0,Away Team,0.5857,0.73,1,1,1
AF086180926,2,7,0,Away Team,0.5829,0.7165,1,1,1
AF086180926,2,7,0,Away Team,0.5652,0.6915,1,1,1
AF086180926,2,7,0,Away Team,0.5373,0.6537999999999999,1,1,1
AF086180926,2,7,0,Away Team,0.5374,0.69,1,1,1
AF086180926,2,7,0,Away Team,0.5543,0.669,1,1,1
AF086180926,2,7,6,Away Team,0.5543,0.5953,1,1,1
AF086180926,2,7,7,Away Team,0.5011,0.5965,1,1,1
AF086180926,2,7,7,Home Team,0.5023,0.6025,1,1,1
AF086180926,2,7,7,Home Team,0.4671,0.578,1,1,1
AF086180926,2,7,7,Home Team,0.528,0.6385000000000001,1,1,1
AF086180926,2,7,7,Home Team,0.5876,0.6815000000000001,1,1,1
AF086180926,2,7,7,Home Team,0.6077,0.6775,1,1,1
AF086180926,2,13,7,Home Team,0.6077,0.8134999999999999,1,1,1
AF086180926,2,14,7,Home Team,0.7152,0.8145,1,1,1
AF086180926,2,14,7,Away Team,0.6951,0.8195,1,1,1
AF086180926,2,14,7,Away Team,0.7069,0.8155,1,1,1
AF086180926,2,14,7,Away Team,0.7361,0.847,1,1,1
AF086180926,2,14,7,Away Team,0.7361,0.903,1,1,1
AF086200926,1,0,0,Home Team,0.6052000000000001,0.574,1,1,1
AF086200926,1,0,0,Home Team,0.6311,0.604,1,1,1
AF086200926,1,0,0,Home Team,0.6325999999999999,0.609,1,1,1
AF086200926,1,0,0,Home Team,0.6191,0.5868,1,1,1
AF086200926,1,0,0,Home Team,0.59,0.5608,1,1,1
AF086200926,1,6,0,Home Team,0.59,0.7340000000000001,1,1,1
AF086200926,1,7,0,Home Team,0.7117,0.7315,1,1,1
AF086200926,1,7,0,Away Team,0.6988,0.7265,1,1,1
AF086200926,1,7,0,Away Team,0.7184999999999999,0.7225,1,1,1
AF086200926,1,7,0,Away Team,0.6962999999999999,0.7045,1,1,1
AF086200926,1,7,0,Away Team,0.6968000000000001,0.7120000000000001,1,1,1
AF086200926,1,7,0,Away Team,0.7215,0.73,1,1,1
AF086200926,1,7,0,Away Team,0.7293000000000001,0.7465,1,1,1
AF086200926,1,7,0,Away Team,0.6693000000000001,0.67,1,1,1
AF086200926,1,7,0,Away Team,0.6751,0.693,1,1,1
AF086200926,2,7,6,Away Team,0.6751,0.628,1,1,1
AF086200926,2,7,7,Away Team,0.6103000000000001,0.601,1,1,1
AF086200926,2,7,7,Home Team,0.6466,0.62,1,1,1
AF086200926,2,7,7,Home Team,0.63,0.6305,1,1,1
AF086200926,2,7,7,Home Team,0.6567000000000001,0.657,1,1,1
AF086200926,2,7,7,Home Team,0.6713,0.6955,1,1,1
AF086200926,2,7,7,Home Team,0.6712,0.6865000000000001,1,1,1
AF086200926,2,13,7,Home Team,0.6712,0.7365,1,1,1
AF086200926,2,14,7,Home Team,0.6731999999999999,0.7490000000000001,1,1,1
AF086200926,2,14,7,Away Team,0.6925,0.76,1,1,1
AF086200926,2,14,7,Away Team,0.655,0.7115,1,1,1
AF086200926,2,14,7,Away Team,0.6591,0.7065,1,1,1
AF086200926,2,14,7,Away Team,0.6392,0.6875,1,1,1
AF086200926,2,14,13,Away Team,0.6392,0.594,1,1,1
AF086200926,2,14,14,Away Team,0.5855,0.594,1,1,1
AF086200926,2,14,14,Home Team,0.5855,0.5932999999999999,1,1,1
AF086200926,2,14,14,Away Team,0.3367,0.3722,1,1,1
AF086200926,2,14,14,Home Team,0.5912,0.5603,1,1,1
AF086200926,2,14,14,Home Team,0.5987,0.5922999999999999,1,1,1
AF086200926,2,14,14,Home Team,0.5671,0.5525,1,1,1
AF086200926,2,14,14,Home Team,0.5373,0.5465,1,1,1
AF086200926,2,20,14,Home Team,0.5373,0.8029999999999999,1,1,1
AF086200926,2,21,14,Home Team,0.7966,0.799,1,1,1
AF086200926,2,21,14,Away Team,0.7872,0.8025,1,1,1
AF086200926,2,21,14,Away Team,0.8070999999999999,0.8025,1,1,1
AF086200926,2,21,14,Away Team,0.8243,0.8205,1,1,1
AF086210926,1,0,0,Away Team,0.5854,0.593,1,1,1
AF086210926,1,0,0,Away Team,0.6286999999999999,0.583,1,1,1
AF086210926,1,0,0,Away Team,0.5758,0.5665,1,1,1
AF086210926,1,0,0,Away Team,0.6136,0.5785,1,1,1
AF086210926,1,0,0,Away Team,0.6484000000000001,0.5945,1,1,1
AF086210926,1,0,0,Away Team,0.6484000000000001,0.6809999999999999,1,1,1
AF086210926,1,0,0,Home Team,0.6473,0.6615000000000001,1,1,1
AF086210926,1,0,0,Home Team,0.7363,0.6779999999999999,1,1,1
AF086210926,1,0,0,Home Team,0.7349,0.6975,1,1,1
AF086210926,1,0,0,Home Team,0.7293999999999999,0.6984999999999999,1,1,1
AF086210926,2,0,0,Home Team,0.7053,0.6934999999999999,1,1,1
AF086210926,2,0,0,Home Team,0.7675,0.7315,1,1,1
AF086210926,2,0,0,Home Team,0.7694,0.733,1,1,1
AF086210926,2,0,0,Home Team,0.7408,0.708,1,1,1
AF086210926,2,6,0,Home Team,0.7408,0.8029999999999999,1,1,1
AF086210926,2,7,0,Home Team,0.8170999999999999,0.8105,1,1,1
AF086210926,2,7,0,Away Team,0.821,0.809,1,1,1
AF086210926,2,7,0,Away Team,0.8097,0.8035,1,1,1
AF086210926,2,7,0,Away Team,0.838,0.792,1,1,1
AF086210926,2,7,0,Away Team,0.7809999999999999,0.78,1,1,1
AF086210926,2,7,0,Away Team,0.8117,0.7885,1,1,1
AF086210926,2,7,0,Away Team,0.7641,0.7425,1,1,1
AF086210926,2,7,0,Away Team,0.7709999999999999,0.7535,1,1,1
AF086210926,2,7,0,Away Team,0.8167,0.7759999999999999,1,1,1
AF086210926,2,7,6,Away Team,0.8167,0.6905,1,1,1
AF086210926,2,7,7,Away Team,0.7440000000000001,0.696,1,1,1
AF086210926,2,7,7,Home Team,0.7343999999999999,0.6825,1,1,1
AF086210926,2,7,7,Home Team,0.7392,0.6648000000000001,1,1,1
AF086210926,2,7,7,Home Team,0.7996,0.7249,1,1,1
AF086210926,2,7,7,Home Team,0.7903,0.73,1,1,1
AF086210926,2,7,7,Home Team,0.8245,0.7170000000000001,1,1,1
AF086210926,2,10,7,Home Team,0.8245,0.784,1,1,1
AF087190926,1,0,0,Away Team,0.4052,0.3825,0,1,1
AF087190926,1,0,0,Away Team,0.4081,0.3735,0,1,1
AF087190926,1,0,0,Away Team,0.4035,0.3775,0,1,1
AF087190926,1,0,0,Away Team,0.39390000000000003,0.35600000000000004,0,1,1
AF087190926,1,0,0,Away Team,0.3528,0.3257,0,1,1
AF087190926,1,0,0,Away Team,0.3627,0.319,0,1,1
AF087190926,1,0,0,Away Team,0.35810000000000003,0.3068,0,1,1
AF087190926,1,0,6,Away Team,0.35810000000000003,0.267,0,1,1
AF087190926,1,0,7,Away Team,0.3014,0.24,0,1,1
AF087190926,1,0,7,Home Team,0.30870000000000003,0.2395,0,1,1
AF087190926,1,0,7,Home Team,0.2964,0.262,0,1,1
AF087190926,1,0,7,Home Team,0.32130000000000003,0.262,0,1,1
AF087190926,1,0,7,Away Team,0.182,0.165,0,1,1
AF087190926,1,0,7,Away Team,0.16760000000000003,0.14400000000000002,0,1,1
AF087190926,1,0,7,Away Team,0.1625,0.127,0,1,1
AF087190926,1,0,7,Away Team,0.1551,0.1305,0,1,1
AF087190926,1,0,7,Away Team,0.1572,0.1445,0,1,1
AF087190926,1,0,7,Away Team,0.15990000000000001,0.124,0,1,1
AF087190926,1,0,7,Away Team,0.1474,0.125,0,1,1
AF087190926,2,0,7,Away Team,0.13449999999999998,0.1175,0,1,1
AF087190926,2,0,7,Away Team,0.13449999999999998,0.127,0,1,1
AF087190926,2,0,7,Away Team,0.13449999999999998,0.126,0,1,1
AF087190926,2,0,13,Away Team,0.13449999999999998,0.09849999999999999,0,1,1
AF087190926,2,0,14,Away Team,0.1105,0.0975,0,1,1
AF087190926,2,0,14,Home Team,0.1057,0.092,0,1,1
AF087190926,2,0,14,Home Team,0.1041,0.0875,0,1,1
AF087190926,2,0,14,Home Team,0.09369999999999999,0.08,0,1,1
AF087190926,2,0,14,Away Team,0.08,0.026000000000000002,0,1,1
AF087190926,2,0,14,Away Team,0.08,0.026000000000000002,0,1,1
AF087190926,2,0,14,Away Team,0.08,0.0305,0,1,1
AF087190926,2,0,14,Away Team,0.08,0.0355,0,1,1
AF087190926,2,0,17,Away Team,0.08,0.042,0,1,1
AF087190926,2,0,17,Home Team,0.08,0.036000000000000004,0,1,1
AF087190926,2,0,17,Home Team,0.08,0.0215,0,1,1
AF087190926,2,0,17,Home Team,0.08,0.023,0,1,1
AF087190926,2,0,17,Home Team,0.08,0.011000000000000001,0,1,1
AF087190926,2,0,17,Away Team,0.08,0.014499999999999999,0,1,1
AF087190926,2,0,17,Away Team,0.08,0.009000000000000001,0,1,1
AF087190926,2,0,17,Away Team,0.08,0.0085,0,1,1
AF087190926,2,0,17,Away Team,0.08,0.005,0,1,1
AF087190926,2,0,17,Away Team,0.08,0.008,0,1,1
AF087190926,2,0,17,Away Team,0.08,0.005,0,1,1
AF087210926,1,0,0,Away Team,0.4829,0.5265,0,1,1
AF087210926,1,0,0,Away Team,0.466,0.5105,0,1,1
AF087210926,1,0,0,Away Team,0.47659999999999997,0.528,0,1,1
AF087210926,1,0,0,Away Team,0.5151,0.575,0,1,1
AF087210926,1,0,0,Away Team,0.46340000000000003,0.5105,0,1,1
AF087210926,1,0,0,Away Team,0.4692,0.5325,0,1,1
AF087210926,1,0,0,Away Team,0.4177,0.521,0,1,1
AF087210926,1,0,0,Away Team,0.43689999999999996,0.5045000000000001,0,1,1
AF087210926,1,0,0,Away Team,0.4686,0.5175,0,1,1
AF087210926,2,0,0,Away Team,0.4686,0.5885,0,1,1
AF087210926,2,0,6,Away Team,0.5083,0.4305,0,1,1
AF087210926,2,0,7,Away Team,0.5083,0.431,0,1,1
AF087210926,2,0,7,Home Team,0.3663,0.41200000000000003,0,1,1
AF087210926,2,0,7,Home Team,0.38780000000000003,0.4215,0,1,1
AF087210926,2,0,7,Home Team,0.3864,0.40149999999999997,0,1,1
AF087210926,2,0,7,Home Team,0.35969999999999996,0.3605,0,1,1
AF087210926,2,0,7,Away Team,0.1777,0.22,0,1,1
AF087210926,2,0,7,Away Team,0.179,0.20199999999999999,0,1,1
AF087210926,2,0,7,Away Team,0.1916,0.2235,0,1,1
AF087210926,2,0,7,Away Team,0.2138,0.252,0,1,1
AF087210926,2,0,7,Away Team,0.2138,0.1815,0,1,1
AF087210926,2,0,7,Away Team,0.16469999999999999,0.201,0,1,1
AF087210926,2,0,7,Away Team,0.1693,0.20350000000000001,0,1,1
AF087210926,2,0,7,Away Team,0.1693,0.2205,0,1,1
AF087210926,2,0,13,Away Team,0.1693,0.1155,0,1,1
AF087210926,2,0,14,Away Team,0.1693,0.124,0,1,1
AF087210926,2,0,14,Home Team,0.0832,0.105,0,1,1
AF087210926,2,0,14,Home Team,0.08460000000000001,0.1035,0,1,1
AF087210926,2,0,14,Home Team,0.08,0.0965,0,1,1
AF087210926,2,0,14,Home Team,0.08,0.0855,0,1,1
AF087220926,1,0,0,Away Team,0.46140000000000003,0.508,0,1,1
AF087220926,1,0,0,Away Team,0.4543,0.5075,0,1,1
AF087220926,1,0,0,Away Team,0.5149,0.5379999999999999,0,1,1
AF087220926,1,0,0,Away Team,0.5149,0.5820000000000001,0,1,1
AF087220926,1,0,0,Home Team,0.5338,0.5870000000000001,0,1,1
AF087220926,1,0,0,Home Team,0.6179,0.5825,0,1,1
AF087220926,1,0,0,Home Team,0.6135,0.578,0,1,1
AF087220926,1,0,0,Home Team,0.6575,0.612,0,1,1
AF087220926,1,0,0,Home Team,0.6539,0.625,0,1,1
AF087220926,1,0,0,Home Team,0.6890999999999999,0.6509999999999999,0,1,1
AF087220926,1,6,0,Home Team,0.6890999999999999,0.731,0,1,1
AF087220926,1,7,0,Home Team,0.7373999999999999,0.7284999999999999,0,1,1
AF087220926,1,7,0,Away Team,0.7389,0.736,0,1,1
AF087220926,2,7,0,Away Team,0.7481,0.7295,0,1,1
AF087220926,2,7,0,Away Team,0.7184,0.7145,0,1,1
AF087220926,2,7,0,Away Team,0.7373999999999999,0.7340000000000001,0,1,1
AF087220926,2,7,0,Away Team,0.708,0.6984999999999999,0,1,1
AF087220926,2,7,0,Away Team,0.7127,0.71,0,1,1
AF087220926,2,7,0,Away Team,0.7429000000000001,0.73,0,1,1
AF087220926,2,7,0,Away Team,0.6897,0.701,0,1,1
AF087220926,2,7,0,Away Team,0.7062999999999999,0.721,0,1,1
AF087220926,2,7,0,Away Team,0.7226,0.7155,0,1,1
AF087220926,2,7,0,Away Team,0.6703,0.652,0,1,1
AF087220926,2,7,6,Away Team,0.6703,0.6125,0,1,1
AF087220926,2,7,7,Away Team,0.6623,0.589,0,1,1
AF087220926,2,7,7,Home Team,0.6604000000000001,0.602,0,1,1
AF087220926,2,7,7,Home Team,0.6981999999999999,0.6409999999999999,0,1,1
AF087220926,2,7,7,Home Team,0.7015,0.684,0,1,1
AF087220926,2,7,7,Home Team,0.7015,0.6970000000000001,0,1,1
AF087220926,2,7,7,Home Team,0.7539,0.7015,0,1,1
AF087220926,2,7,7,Home Team,0.7859,0.738,0,1,1
AF087220926,2,7,7,Home Team,0.7863,0.747,0,1,1
AF087220926,2,7,7,Away Team,0.5186,0.5297999999999999,0,1,1
AF087220926,2,7,7,Away Team,0.44939999999999997,0.45649999999999996,0,1,1
AF087220926,2,7,7,Away Team,0.3312,0.3655,0,1,1
AF087220926,2,7,7,Away Team,0.3985,0.43,0,1,1
AF088190926,1,0,0,Away Team,0.6026,0.607,1,1,1
AF088190926,1,0,0,Away Team,0.6,0.586,1,1,1
AF088190926,1,0,0,Away Team,0.5784,0.5720000000000001,1,1,1
AF088190926,1,0,0,Away Team,0.5922999999999999,0.5985,1,1,1
AF088190926,1,0,0,Away Team,0.5527000000000001,0.555,1,1,1
AF088190926,1,0,0,Away Team,0.5527000000000001,0.5695,1,1,1
AF088190926,1,0,0,Away Team,0.5679,0.5985,1,1,1
AF088190926,1,0,0,Away Team,0.5679,0.596,1,1,1
AF088190926,1,0,0,Home Team,0.7156999999999999,0.726,1,1,1
AF088190926,1,0,0,Home Team,0.6972,0.7070000000000001,1,1,1
AF088190926,1,0,0,Home Team,0.7001000000000001,0.7055,1,1,1
AF088190926,2,0,0,Home Team,0.7253000000000001,0.738,1,1,1
AF088190926,2,0,0,Home Team,0.7263,0.722,1,1,1
AF088190926,2,0,0,Home Team,0.7441,0.7565000000000001,1,1,1
AF088190926,2,0,0,Home Team,0.7398,0.754,1,1,1
AF088190926,2,0,0,Home Team,0.7531,0.7515000000000001,1,1,1
AF088190926,2,0,0,Home Team,0.7529,0.7645000000000001,1,1,1
AF088190926,2,0,0,Home Team,0.7818999999999999,0.8065000000000001,1,1,1
AF088190926,2,0,0,Home Team,0.765,0.7875,1,1,1
AF088190926,2,6,0,Home Team,0.765,0.8265,1,1,1
AF088190926,2,7,0,Home Team,0.8267,0.8290000000000001,1,1,1
AF088190926,2,7,0,Away Team,0.8133,0.804,1,1,1
AF088190926,2,7,0,Away Team,0.807,0.8184999999999999,1,1,1
AF088190926,2,7,0,Away Team,0.8201,0.8215,1,1,1
AF088190926,2,7,0,Away Team,0.8201,0.8495,1,1,1
AF088190926,2,7,0,Away Team,0.8440000000000001,0.8065000000000001,1,1,1
AF088190926,2,7,0,Away Team,0.7868999999999999,0.7995,1,1,1
AF088190926,2,7,0,Away Team,0.8012,0.7909999999999999,1,1,1
AF088190926,2,7,0,Away Team,0.8012,0.84,1,1,1
AF088190926,2,7,0,Home Team,0.9237000000000001,0.9225,1,1,1
AF088190926,2,7,0,Home Team,0.9195,0.9095,1,1,1
AF088190926,2,7,0,Home Team,0.9098,0.9009999999999999,1,1,1
AF088190926,2,7,0,Home Team,0.9098,0.8554999999999999,1,1,1
AF088190926,2,7,0,Away Team,0.7975,0.8055,1,1,1
AF088190926,2,7,0,Away Team,0.8181,0.8145,1,1,1
AF088190926,2,7,6,Away Team,0.8181,0.7284999999999999,1,1,1
AF088190926,2,7,7,Away Team,0.72,0.728,1,1,1
AF088190926,2,7,7,Home Team,0.7061,0.7015,1,1,1
AF088190926,2,7,7,Home Team,0.6954,0.7015,1,1,1
AF088190926,2,7,7,Home Team,0.7451000000000001,0.7155,1,1,1
AF088190926,2,7,7,Home Team,0.7619,0.7709999999999999,1,1,1
AF088190926,2,10,7,Home Team,0.7619,0.821,1,1,1
AF088220926,1,0,0,Home Team,0.5768,0.429,1,1,1
AF088220926,1,0,0,Home Team,0.5718,0.4125,1,1,1
AF088220926,1,0,0,Home Team,0.5927,0.457,1,1,1
AF088220926,1,0,0,Home Team,0.5778,0.46950000000000003,1,1,1
AF088220926,1,0,0,Home Team,0.6245,0.508,1,1,1
AF088220926,1,0,0,Home Team,0.6167,0.4925,1,1,1
AF088220926,1,0,0,Home Team,0.5795,0.48450000000000004,1,1,1
AF088220926,1,0,0,Home Team,0.6507,0.5545,1,1,1
AF088220926,1,6,0,Home Team,0.6507,0.6425,1,1,1
AF088220926,1,7,0,Home Team,0.6809000000000001,0.6145,1,1,1
AF088220926,1,7,0,Away Team,0.6845,0.6245,1,1,1
AF088220926,1,7,0,Home Team,0.8379000000000001,0.765,1,1,1
AF088220926,1,7,0,Home Team,0.8404,0.799,1,1,1
AF088220926,2,7,0,Home Team,0.8382999999999999,0.7655,1,1,1
AF088220926,2,7,0,Home Team,0.8692,0.8175,1,1,1
AF088220926,2,7,0,Home Team,0.8453,0.782,1,1,1
AF088220926,2,7,0,Home Team,0.8293,0.778,1,1,1
AF088220926,2,7,0,Home Team,0.8293,0.723,1,1,1
AF088220926,2,7,0,Home Team,0.8168000000000001,0.7535,1,1,1
AF088220926,2,10,0,Home Team,0.8168000000000001,0.769,1,1,1
AF088220926,2,10,0,Away Team,0.7765000000000001,0.758,1,1,1
AF088220926,2,10,0,Away Team,0.7713,0.764,1,1,1
AF088220926,2,10,0,Away Team,0.8247,0.8044,1,1,1
AF088220926,2,10,0,Away Team,0.757,0.7275,1,1,1
AF088220926,2,10,0,Away Team,0.7683,0.7440000000000001,1,1,1
AF088220926,2,10,0,Home Team,0.9401999999999999,0.8965000000000001,1,1,1
AF088220926,2,10,0,Home Team,0.934,0.8965000000000001,1,1,1
AF088220926,2,10,0,Home Team,0.9407,0.9015000000000001,1,1,1
AF088220926,2,10,0,Home Team,0.9460999999999999,0.912,1,1,1
AF088220926,2,10,0,Home Team,0.9460999999999999,0.85,1,1,1
AF089190926,1,0,0,Home Team,0.44789999999999996,0.3835,1,1,1
AF089190926,1,0,0,Home Team,0.44520000000000004,0.3635,1,1,1
AF089190926,1,0,0,Home Team,0.4288,0.3615,1,1,1
AF089190926,1,0,0,Home Team,0.4531,0.3515,1,1,1
AF089190926,1,0,0,Home Team,0.46340000000000003,0.387,1,1,1
AF089190926,1,0,0,Home Team,0.46509999999999996,0.37549999999999994,1,1,1
AF089190926,1,0,0,Home Team,0.45289999999999997,0.381,1,1,1
AF089190926,1,6,0,Home Team,0.45289999999999997,0.4385,1,1,1
AF089190926,1,7,0,Home Team,0.5733,0.43700000000000006,1,1,1
AF089190926,1,7,0,Away Team,0.5583,0.428,1,1,1
AF089190926,1,7,0,Away Team,0.5264,0.424,1,1,1
AF089190926,1,7,0,Away Team,0.531,0.4305,1,1,1
AF089190926,1,7,0,Away Team,0.5118,0.42100000000000004,1,1,1
AF089190926,1,7,0,Away Team,0.48710000000000003,0.389,1,1,1
AF089190926,1,7,6,Away Team,0.48710000000000003,0.37549999999999994,1,1,1
AF089190926,1,7,7,Away Team,0.45549999999999996,0.36450000000000005,1,1,1
AF089190926,1,7,7,Home Team,0.4496,0.36200000000000004,1,1,1
AF089190926,1,7,7,Home Team,0.3922,0.336,1,1,1
AF089190926,1,7,7,Home Team,0.37670000000000003,0.3335,1,1,1
AF089190926,1,7,7,Home Team,0.37670000000000003,0.28850000000000003,1,1,1
AF089190926,1,7,7,Home Team,0.3529,0.40299999999999997,1,1,1
AF089190926,2,7,7,Home Team,0.4758,0.389,1,1,1
AF089190926,2,7,7,Home Team,0.509,0.408,1,1,1
AF089190926,2,7,7,Home Team,0.5007,0.4105,1,1,1
AF089190926,2,7,7,Home Team,0.4476,0.344,1,1,1
AF089190926,2,7,7,Home Team,0.4476,0.39549999999999996,1,1,1
AF089190926,2,7,7,Home Team,0.4657,0.4585,1,1,1
AF089190926,2,7,7,Home Team,0.4657,0.415,1,1,1
AF089190926,2,13,7,Home Team,0.4657,0.488,1,1,1
AF089190926,2,14,7,Home Team,0.581,0.475,1,1,1
AF089190926,2,14,7,Away Team,0.5765,0.46549999999999997,1,1,1
AF089190926,2,14,7,Away Team,0.5486,0.44549999999999995,1,1,1
AF089190926,2,14,7,Away Team,0.5058,0.4255,1,1,1
AF089190926,2,14,7,Away Team,0.4917,0.40549999999999997,1,1,1
AF089190926,2,14,13,Away Team,0.4917,0.42700000000000005,1,1,1
AF089190926,2,14,14,Away Team,0.451,0.4075,1,1,1
AF089190926,2,14,14,Home Team,0.4596,0.4105,1,1,1
AF089190926,2,14,14,Home Team,0.48340000000000005,0.4255,1,1,1
AF089190926,2,14,14,Home Team,0.39590000000000003,0.382,1,1,1
AF089190926,2,14,14,Home Team,0.4561,0.39049999999999996,1,1,1
AF089190926,2,14,14,Home Team,0.5954,0.4815,1,1,1
AF089190926,2,14,14,Home Team,0.5902000000000001,0.4435,1,1,1
AF089190926,2,17,14,Home Team,0.5902000000000001,0.4175,1,1,1
AF089220926,1,0,0,Away Team,0.4127,0.5805,0,1,1
AF089220926,1,0,0,Away Team,0.38799999999999996,0.569,0,1,1
AF089220926,1,0,0,Away Team,0.3788,0.561,0,1,1
AF089220926,1,0,0,Away Team,0.3468,0.4865,0,1,1
AF089220926,1,0,0,Away Team,0.3239,0.465,0,1,1
AF089220926,1,0,0,Away Team,0.3261,0.46270000000000006,0,1,1
AF089220926,1,0,0,Away Team,0.3261,0.44420000000000004,0,1,1
AF089220926,1,0,6,Away Team,0.3261,0.3785,0,1,1
AF089220926,1,0,7,Away Team,0.3111,0.36369999999999997,0,1,1
AF089220926,1,0,7,Home Team,0.3146,0.368,0,1,1
AF089220926,1,0,7,Home Team,0.32189999999999996,0.392,0,1,1
AF089220926,1,0,7,Home Team,0.2566,0.36200000000000004,0,1,1
AF089220926,1,0,7,Home Team,0.21850000000000003,0.3375,0,1,1
AF089220926,2,0,7,Away Team,0.1384,0.22,0,1,1
AF089220926,2,0,7,Away Team,0.1543,0.2576,0,1,1
AF089220926,2,0,7,Away Team,0.1613,0.2335,0,1,1
AF089220926,2,0,7,Away Team,0.1343,0.18600000000000003,0,1,1
AF089220926,2,0,7,Away Team,0.1168,0.1535,0,1,1
AF089220926,2,0,7,Away Team,0.1058,0.17010000000000003,0,1,1
AF089220926,2,0,13,Away Team,0.1058,0.1335,0,1,1
AF089220926,2,0,14,Away Team,0.09380000000000001,0.1305,0,1,1
AF089220926,2,0,14,Home Team,0.0974,0.11259999999999999,0,1,1
AF089220926,2,0,14,Home Team,0.0935,0.1216,0,1,1
AF089220926,2,0,14,Home Team,0.0967,0.10550000000000001,0,1,1
AF089220926,2,0,14,Home Team,0.0967,0.1255,0,1,1
AF089220926,2,0,14,Home Team,0.1198,0.1475,0,1,1
AF089220926,2,0,14,Home Team,0.1307,0.17010000000000003,0,1,1
AF089220926,2,0,14,Home Team,0.124,0.16469999999999999,0,1,1
AF089220926,2,0,14,Home Team,0.1039,0.1361,0,1,1
AF089220926,2,0,14,Home Team,0.1039,0.09849999999999999,0,1,1
AF089220926,2,0,14,Home Team,0.08,0.0885,0,1,1
AF089220926,2,0,14,Away Team,0.08,0.0655,0,1,1
AF090190926,1,0,0,Home Team,0.5314,0.521,1,1,1
AF090190926,1,0,0,Home Team,0.4818,0.47350000000000003,1,1,1
AF090190926,1,0,0,Home Team,0.4593,0.47350000000000003,1,1,1
AF090190926,1,0,0,Home Team,0.5489999999999999,0.526,1,1,1
AF090190926,1,6,0,Home Team,0.5489999999999999,0.6335000000000001,1,1,1
AF090190926,1,7,0,Home Team,0.6531999999999999,0.6235,1,1,1
AF090190926,1,7,0,Away Team,0.6561,0.6204999999999999,1,1,1
AF090190926,1,7,0,Away Team,0.6673,0.6559999999999999,1,1,1
AF090190926,1,7,0,Away Team,0.621,0.618,1,1,1
AF090190926,1,7,0,Away Team,0.5964,0.5905,1,1,1
AF090190926,1,7,0,Away Team,0.5795,0.584,1,1,1
AF090190926,1,7,0,Away Team,0.5972999999999999,0.6095,1,1,1
AF090190926,1,7,0,Away Team,0.5545,0.5425,1,1,1
AF090190926,2,7,6,Away Team,0.5545,0.53,1,1,1
AF090190926,2,7,7,Away Team,0.5146999999999999,0.535,1,1,1
AF090190926,2,7,7,Home Team,0.5113,0.5265,1,1,1
AF090190926,2,7,7,Home Team,0.5138,0.536,1,1,1
AF090190926,2,7,7,Home Team,0.5372,0.557,1,1,1
AF090190926,2,7,7,Home Team,0.5104,0.539,1,1,1
AF090190926,2,7,7,Home Team,0.4804,0.5,1,1,1
AF090190926,2,7,7,Home Team,0.4804,0.39899999999999997,1,1,1
AF090190926,2,7,7,Away Team,0.3159,0.313,1,1,1
AF090190926,2,7,7,Away Team,0.34979999999999994,0.326,1,1,1
AF090190926,2,7,7,Away Team,0.2837,0.28850000000000003,1,1,1
AF090190926,2,7,7,Away Team,0.28,0.28300000000000003,1,1,1
AF090190926,2,7,7,Away Team,0.23829999999999998,0.2445,1,1,1
AF090190926,2,7,7,Away Team,0.2761,0.2525,1,1,1
AF090190926,2,7,7,Home Team,0.4587,0.46,1,1,1
AF090190926,2,7,7,Home Team,0.4501,0.467,1,1,1
AF090190926,2,7,7,Home Team,0.4459,0.4725,1,1,1
AF090190926,2,7,7,Home Team,0.42460000000000003,0.41200000000000003,1,1,1
AF090220926,1,0,0,Away Team,0.5288,0.5135000000000001,0,1,1
AF090220926,1,0,0,Away Team,0.5649000000000001,0.5379999999999999,0,1,1
AF090220926,1,0,0,Away Team,0.5892000000000001,0.5225,0,1,1
AF090220926,1,0,0,Away Team,0.5201,0.4925,0,1,1
AF090220926,1,0,0,Away Team,0.5073,0.475,0,1,1
AF090220926,1,0,0,Away Team,0.5015,0.4865,0,1,1
AF090220926,1,0,0,Away Team,0.45630000000000004,0.4215,0,1,1
AF090220926,1,0,0,Away Team,0.4629,0.4372,0,1,1
AF090220926,1,0,0,Away Team,0.4975,0.4635,0,1,1
AF090220926,1,0,0,Away Team,0.4975,0.5255,0,1,1
AF090220926,1,0,3,Away Team,0.4975,0.519,0,1,1
AF090220926,1,0,3,Home Team,0.5928,0.509,0,1,1
AF090220926,2,0,3,Home Team,0.5939,0.544,0,1,1
AF090220926,2,0,3,Home Team,0.6113000000000001,0.5145000000000001,0,1,1
AF090220926,2,0,3,Home Team,0.6017,0.561,0,1,1
AF090220926,2,0,3,Home Team,0.6415000000000001,0.5815,0,1,1
AF090220926,2,0,3,Home Team,0.6372,0.5715,0,1,1
AF090220926,2,0,3,Home Team,0.6513,0.5685,0,1,1
AF090220926,2,0,3,Home Team,0.7005,0.6004999999999999,0,1,1
AF090220926,2,0,3,Home Team,0.6843,0.5635,0,1,1
AF090220926,2,0,3,Home Team,0.6843,0.66,0,1,1
AF090220926,2,0,3,Away Team,0.4632,0.40950000000000003,0,1,1
AF090220926,2,0,9,Away Team,0.4632,0.1335,0,1,1
AF090220926,2,0,10,Away Team,0.15560000000000002,0.134,0,1,1
AF091190926,1,0,0,Away Team,0.43090000000000006,0.3705,0,1,1
AF091190926,1,0,0,Away Team,0.4039,0.341,0,1,1
AF091190926,1,0,0,Away Team,0.3934,0.3475,0,1,1
AF091190926,1,0,0,Away Team,0.3864,0.324,0,1,1
AF091190926,1,0,0,Away Team,0.387,0.322,0,1,1
AF091190926,1,0,0,Away Team,0.4043,0.33,0,1,1
AF091190926,1,0,0,Away Team,0.4113,0.33399999999999996,0,1,1
AF091190926,1,0,0,Away Team,0.3657,0.32049999999999995,0,1,1
AF091190926,1,0,6,Away Team,0.3657,0.2565,0,1,1
AF091190926,1,0,7,Away Team,0.3018,0.2565,0,1,1
AF091190926,1,0,7,Home Team,0.3015,0.256,0,1,1
AF091190926,1,0,7,Home Team,0.29,0.276,0,1,1
AF091190926,1,0,7,Home Team,0.32899999999999996,0.281,0,1,1
AF091190926,1,0,7,Home Team,0.3336,0.2785,0,1,1
AF091190926,1,0,7,Home Team,0.3804,0.3215,0,1,1
AF091190926,1,0,7,Home Team,0.3864,0.32,0,1,1
AF091190926,1,6,7,Home Team,0.3864,0.3555,0,1,1
AF091190926,1,7,7,Home Team,0.441,0.38,0,1,1
AF091190926,1,7,7,Away Team,0.44909999999999994,0.36,0,1,1
AF091190926,1,7,7,Away Team,0.44689999999999996,0.37200000000000005,0,1,1
AF091190926,2,7,7,Away Team,0.4203,0.354,0,1,1
AF091190926,2,7,7,Away Team,0.4446,0.3815,0,1,1
AF091190926,2,7,7,Away Team,0.4208,0.3387,0,1,1
AF091190926,2,7,7,Away Team,0.4033,0.332,0,1,1
AF091190926,2,7,7,Away Team,0.3831,0.33299999999999996,0,1,1
AF091190926,2,7,13,Away Team,0.3831,0.28550000000000003,0,1,1
AF091190926,2,7,14,Away Team,0.2993,0.2666,0,1,1
AF091190926,2,7,14,Home Team,0.30469999999999997,0.2746,0,1,1
AF091190926,2,7,14,Home Team,0.2754,0.2245,0,1,1
AF091190926,2,7,14,Home Team,0.2078,0.2095,0,1,1
AF091190926,2,7,14,Home Team,0.2078,0.132,0,1,1
AF091190926,2,7,14,Away Team,0.2455,0.14300000000000002,0,1,1
AF091190926,2,7,14,Away Team,0.1603,0.131,0,1,1
AF091190926,2,7,14,Away Team,0.1968,0.13949999999999999,0,1,1
AF091190926,2,7,14,Away Team,0.1355,0.099,0,1,1
AF091190926,2,7,14,Away Team,0.1438,0.1065,0,1,1
AF091190926,2,7,14,Away Team,0.1588,0.11199999999999999,0,1,1
AF091190926,2,7,14,Away Team,0.1094,0.08,0,1,1
AF091210926,1,0,0,Away Team,0.47590000000000005,0.5755,0,1,1
AF091210926,1,0,0,Away Team,0.47859999999999997,0.5775,0,1,1
AF091210926,1,0,0,Away Team,0.5107,0.6164999999999999,0,1,1
AF091210926,1,0,0,Away Team,0.5107,0.628,0,1,1
AF091210926,1,0,0,Away Team,0.503,0.5445,0,1,1
AF091210926,1,0,0,Away Team,0.4535,0.5765,0,1,1
AF091210926,1,0,0,Away Team,0.3971,0.514,0,1,1
AF091210926,1,0,0,Away Team,0.3926,0.5065,0,1,1
AF091210926,1,0,6,Away Team,0.3926,0.42950000000000005,0,1,1
AF091210926,1,0,7,Away Team,0.3791,0.3995,0,1,1
AF091210926,1,0,7,Home Team,0.40490000000000004,0.4625,0,1,1
AF091210926,1,0,7,Home Team,0.42560000000000003,0.47850000000000004,0,1,1
AF091210926,2,0,7,Home Team,0.41950000000000004,0.49450000000000005,0,1,1
AF091210926,2,0,7,Home Team,0.43939999999999996,0.508,0,1,1
AF091210926,2,0,7,Home Team,0.4338,0.5095000000000001,0,1,1
AF091210926,2,6,7,Home Team,0.4338,0.5655,0,1,1
AF091210926,2,7,7,Home Team,0.5052,0.565,0,1,1
AF091210926,2,7,7,Away Team,0.4142,0.47850000000000004,0,1,1
AF091210926,2,7,7,Away Team,0.4082,0.5,0,1,1
AF091210926,2,7,7,Away Team,0.4253,0.5455,0,1,1
AF091210926,2,7,7,Away Team,0.381,0.449,0,1,1
AF091210926,2,7,7,Away Team,0.3821,0.4105,0,1,1
AF091210926,2,7,13,Away Team,0.3821,0.3917,0,1,1
AF091210926,2,7,14,Away Team,0.37729999999999997,0.3712,0,1,1
AF091210926,2,7,14,Home Team,0.3746,0.3665,0,1,1
AF091210926,2,7,14,Home Team,0.30760000000000004,0.30870000000000003,0,1,1
AF091210926,2,7,14,Away Team,0.17370000000000002,0.20800000000000002,0,1,1
AF091210926,2,7,14,Away Team,0.1408,0.18600000000000003,0,1,1
AF091210926,2,7,14,Away Team,0.1408,0.1555,0,1,1
AF091210926,2,7,14,Away Team,0.13,0.16649999999999998,0,1,1
AF091210926,2,7,17,Away Team,0.13,0.16699999999999998,0,1,1
AF092190926,1,0,0,Away Team,0.5558,0.6609999999999999,1,1,1
AF092190926,1,0,0,Away Team,0.5638000000000001,0.6455,1,1,1
AF092190926,1,0,0,Away Team,0.5577000000000001,0.6375,1,1,1
AF092190926,1,0,0,Away Team,0.5196999999999999,0.648,1,1,1
AF092190926,1,0,0,Away Team,0.5235,0.6545000000000001,1,1,1
AF092190926,1,0,0,Away Team,0.493,0.591,1,1,1
AF092190926,1,0,0,Away Team,0.4968,0.628,1,1,1
AF092190926,1,0,0,Away Team,0.526,0.643,1,1,1
AF092190926,1,0,0,Home Team,0.7006,0.7815000000000001,1,1,1
AF092190926,1,0,0,Home Team,0.6756,0.7625,1,1,1
AF092190926,1,0,0,Home Team,0.6823,0.7765000000000001,1,1,1
AF092190926,1,0,0,Home Team,0.6988,0.7759999999999999,1,1,1
AF092190926,1,0,0,Home Team,0.6942,0.7929999999999999,1,1,1
AF092190926,2,0,0,Home Team,0.6912999999999999,0.775,1,1,1
AF092190926,2,0,0,Home Team,0.7376,0.8009999999999999,1,1,1
AF092190926,2,0,0,Home Team,0.7373999999999999,0.809,1,1,1
AF092190926,2,6,0,Home Team,0.7373999999999999,0.8495,1,1,1
AF092190926,2,7,0,Home Team,0.7905,0.8554999999999999,1,1,1
AF092190926,2,7,0,Away Team,0.8012999999999999,0.857,1,1,1
AF092190926,2,7,0,Away Team,0.8076000000000001,0.8340000000000001,1,1,1
AF092190926,2,7,0,Away Team,0.8405,0.846,1,1,1
AF092190926,2,7,6,Away Team,0.8405,0.8045,1,1,1
AF092190926,2,7,7,Away Team,0.7181000000000001,0.8085,1,1,1
AF092190926,2,7,7,Home Team,0.7098,0.807,1,1,1
AF092190926,2,7,7,Home Team,0.7234999999999999,0.7885,1,1,1
AF092190926,2,7,7,Home Team,0.7369,0.8115000000000001,1,1,1
AF092190926,2,7,7,Home Team,0.7641,0.8375,1,1,1
AF092190926,2,7,7,Home Team,0.7514,0.8265,1,1,1
AF092190926,2,7,7,Home Team,0.7423000000000001,0.8365,1,1,1
AF092190926,2,7,7,Away Team,0.561,0.6235,1,1,1
AF092190926,2,7,7,Away Team,0.39630000000000004,0.524,1,1,1
AF092190926,2,7,7,Away Team,0.48719999999999997,0.5479999999999999,1,1,1
AF092190926,2,7,7,Away Team,0.4171,0.51,1,1,1
AF092210926,1,0,0,Away Team,0.4926,0.4175,0,1,1
AF092210926,1,0,0,Away Team,0.5393,0.457,0,1,1
AF092210926,1,0,0,Away Team,0.6008,0.508,0,1,1
AF092210926,1,0,0,Away Team,0.6008,0.5485,0,1,1
AF092210926,1,0,0,Home Team,0.5811999999999999,0.5385,0,1,1
AF092210926,1,0,0,Home Team,0.7138,0.58,0,1,1
AF092210926,1,0,0,Home Team,0.6992,0.563,0,1,1
AF092210926,1,0,0,Home Team,0.7343999999999999,0.6028,0,1,1
AF092210926,1,0,0,Home Team,0.7406999999999999,0.6145,0,1,1
AF092210926,2,6,0,Home Team,0.7406999999999999,0.6735,0,1,1
AF092210926,2,7,0,Home Team,0.7733,0.6809999999999999,0,1,1
AF092210926,2,7,0,Away Team,0.7724,0.6845,0,1,1
AF092210926,2,7,0,Away Team,0.7897,0.6965,0,1,1
AF092210926,2,7,0,Away Team,0.8159000000000001,0.7240000000000001,0,1,1
AF092210926,2,7,0,Away Team,0.7659,0.6655,0,1,1
AF092210926,2,7,0,Away Team,0.7676999999999999,0.6473,0,1,1
AF092210926,2,7,0,Away Team,0.7890999999999999,0.6659999999999999,0,1,1
AF092210926,2,7,0,Away Team,0.7890999999999999,0.7275,0,1,1
AF092210926,2,7,0,Away Team,0.7844,0.6578,0,1,1
AF092210926,2,7,0,Away Team,0.7575,0.6235,0,1,1
AF092210926,2,7,0,Away Team,0.7412000000000001,0.635,0,1,1
AF092210926,2,7,0,Away Team,0.7412000000000001,0.599,0,1,1
AF092210926,2,7,0,Away Team,0.7412000000000001,0.609,0,1,1
AF092210926,2,7,0,Away Team,0.7412000000000001,0.617,0,1,1
AF092210926,2,7,6,Away Team,0.7412000000000001,0.5395,0,1,1
AF092210926,2,7,7,Away Team,0.669,0.535,0,1,1
AF092210926,2,7,7,Home Team,0.6314,0.525,0,1,1
AF092210926,2,7,7,Home Team,0.6468,0.523,0,1,1
AF092210926,2,7,7,Home Team,0.6594,0.515,0,1,1
AF093190926,1,0,0,Home Team,0.4682,0.4815,1,1,1
AF093190926,1,0,0,Home Team,0.4878,0.4855,1,1,1
AF093190926,1,0,0,Home Team,0.5508,0.5385,1,1,1
AF093190926,1,0,0,Home Team,0.5307,0.53,1,1,1
AF093190926,1,0,0,Home Team,0.5053,0.5135000000000001,1,1,1
AF093190926,1,0,0,Home Team,0.5053,0.4985,1,1,1
AF093190926,1,0,0,Away Team,0.3427,0.389,1,1,1
AF093190926,1,0,0,Away Team,0.3883,0.3995,1,1,1
AF093190926,1,0,0,Away Team,0.34979999999999994,0.35950000000000004,1,1,1
AF093190926,1,0,0,Away Team,0.3251,0.3655,1,1,1
AF093190926,1,0,0,Away Team,0.3164,0.3245,1,1,1
AF093190926,2,0,0,Away Team,0.3111,0.326,1,1,1
AF093190926,2,0,0,Away Team,0.3072,0.3045,1,1,1
AF093190926,2,0,6,Away Team,0.3072,0.2625,1,1,1
AF093190926,2,0,7,Away Team,0.2235,0.2675,1,1,1
AF093190926,2,0,7,Home Team,0.207,0.2325,1,1,1
AF093190926,2,0,7,Home Team,0.2184,0.23850000000000002,1,1,1
AF093190926,2,0,7,Home Team,0.23559999999999998,0.247,1,1,1
AF093190926,2,0,7,Home Team,0.261,0.2945,1,1,1
AF093190926,2,0,7,Home Team,0.2639,0.298,1,1,1
AF093190926,2,0,7,Home Team,0.2561,0.27149999999999996,1,1,1
AF093190926,2,0,7,Home Team,0.2455,0.252,1,1,1
AF093190926,2,0,7,Home Team,0.2455,0.22399999999999998,1,1,1
AF093190926,2,0,7,Away Team,0.1301,0.13,1,1,1
AF093190926,2,0,7,Away Team,0.1207,0.11199999999999999,1,1,1
AF093190926,2,0,7,Away Team,0.1213,0.11699999999999999,1,1,1
AF093190926,2,0,7,Away Team,0.10890000000000001,0.115,1,1,1
AF093190926,2,0,7,Away Team,0.09849999999999999,0.109,1,1,1
AF093190926,2,0,7,Away Team,0.1114,0.128,1,1,1
AF093190926,2,0,7,Away Team,0.1168,0.133,1,1,1
AF093190926,2,0,7,Away Team,0.0969,0.1435,1,1,1
AF093210926,1,0,0,Home Team,0.41229999999999994,0.435,0,1,1
AF093210926,1,0,0,Home Team,0.4117,0.444,0,1,1
AF093210926,1,0,0,Home Team,0.4071,0.4465,0,1,1
AF093210926,1,0,0,Home Team,0.4522,0.48200000000000004,0,1,1
AF093210926,1,0,0,Home Team,0.4366,0.4625,0,1,1
AF093210926,1,0,0,Home Team,0.5047999999999999,0.5125,0,1,1
AF093210926,1,0,0,Home Team,0.48460000000000003,0.5015,0,1,1
AF093210926,1,0,0,Home Team,0.45770000000000005,0.47600000000000003,0,1,1
AF093210926,1,6,0,Home Team,0.45770000000000005,0.5885,0,1,1
AF093210926,1,7,0,Home Team,0.5774,0.5920000000000001,0,1,1
AF093210926,1,7,0,Away Team,0.5922,0.606,0,1,1
AF093210926,1,7,0,Away Team,0.6163000000000001,0.5915,0,1,1
AF093210926,1,7,0,Away Team,0.57,0.5855,0,1,1
AF093210926,1,7,0,Away Team,0.5564,0.5379999999999999,0,1,1
AF093210926,2,7,0,Away Team,0.5546,0.5593,0,1,1
AF093210926,2,7,0,Away Team,0.5607,0.5495,0,1,1
AF093210926,2,7,0,Home Team,0.7964,0.7959999999999999,0,1,1
AF093210926,2,7,0,Home Team,0.7795000000000001,0.7685,0,1,1
AF093210926,2,7,0,Home Team,0.8139,0.799,0,1,1
AF093210926,2,7,0,Home Team,0.8219,0.809,0,1,1
AF093210926,2,13,0,Home Team,0.8219,0.8590000000000001,0,1,1
AF093210926,2,14,0,Home Team,0.8706999999999999,0.8545,0,1,1
AF093210926,2,14,0,Away Team,0.8694,0.8525,0,1,1
AF093210926,2,14,0,Away Team,0.8553000000000001,0.833,0,1,1
AF093210926,2,14,0,Away Team,0.847,0.83,0,1,1
AF093210926,2,14,6,Away Team,0.847,0.7859999999999999,0,1,1
AF093210926,2,14,7,Away Team,0.7696999999999999,0.782,0,1,1
AF093210926,2,14,7,Home Team,0.7623000000000001,0.778,0,1,1
AF093210926,2,14,7,Home Team,0.8012999999999999,0.805,0,1,1
AF093210926,2,14,7,Home Team,0.795,0.8065000000000001,0,1,1
AF093210926,2,14,7,Home Team,0.8319,0.8175,0,1,1
AF093210926,2,14,7,Home Team,0.836,0.8325,0,1,1
AF093210926,2,14,7,Home Team,0.8533,0.8415,0,1,1
AF093210926,2,14,7,Home Team,0.8533,0.725,0,1,1
AF094190926,1,0,0,Home Team,0.4711,0.424,1,1,1
AF094190926,1,0,0,Home Team,0.5053,0.426,1,1,1
AF094190926,1,0,0,Home Team,0.4836,0.441,1,1,1
AF094190926,1,0,0,Home Team,0.5039,0.4575,1,1,1
AF094190926,1,0,6,Away Team,0.5039,0.217,1,1,1
AF094190926,1,0,7,Away Team,0.24420000000000003,0.2195,1,1,1
AF094190926,1,0,7,Home Team,0.22399999999999998,0.217,1,1,1
AF094190926,1,0,7,Home Team,0.2339,0.2365,1,1,1
AF094190926,1,0,7,Home Team,0.1941,0.205,1,1,1
AF094190926,1,0,7,Home Team,0.1565,0.14400000000000002,1,1,1
AF094190926,2,0,7,Home Team,0.1565,0.121,1,1,1
AF094190926,2,0,7,Away Team,0.1617,0.1175,1,1,1
AF094190926,2,0,7,Away Team,0.1266,0.124,1,1,1
AF094190926,2,0,7,Away Team,0.1325,0.1245,1,1,1
AF094190926,2,0,7,Away Team,0.096,0.0965,1,1,1
AF094190926,2,0,7,Away Team,0.1011,0.102,1,1,1
AF094190926,2,0,7,Away Team,0.11349999999999999,0.127,1,1,1
AF094190926,2,0,7,Away Team,0.11349999999999999,0.1505,1,1,1
AF094190926,2,0,10,Home Team,0.1404,0.08,1,1,1
AF094190926,2,0,10,Home Team,0.13949999999999999,0.1425,1,1,1
AF094190926,2,0,10,Home Team,0.13849999999999998,0.1465,1,1,1
AF094190926,2,0,10,Home Team,0.1341,0.131,1,1,1
AF094190926,2,0,10,Home Team,0.1491,0.1505,1,1,1
AF094190926,2,0,10,Home Team,0.152,0.14300000000000002,1,1,1
AF094190926,2,0,10,Home Team,0.147,0.154,1,1,1
AF094190926,2,0,10,Home Team,0.1605,0.16,1,1,1
AF094190926,2,0,10,Home Team,0.1623,0.1485,1,1,1
AF094190926,2,0,10,Home Team,0.1144,0.1155,1,1,1
AF094190926,2,0,10,Home Team,0.1144,0.13949999999999999,1,1,1
AF094190926,2,0,10,Home Team,0.1259,0.1535,1,1,1
AF094190926,2,0,10,Home Team,0.16190000000000002,0.163,1,1,1
AF094190926,2,0,10,Home Team,0.14859999999999998,0.1565,1,1,1
AF094190926,2,0,10,Home Team,0.134,0.149,1,1,1
AF094190926,2,0,10,Away Team,0.08,0.054000000000000006,1,1,1
AF094210926,1,0,0,Away Team,0.5307,0.488,0,1,1
AF094210926,1,0,0,Away Team,0.47479999999999994,0.42100000000000004,0,1,1
AF094210926,1,0,0,Away Team,0.47479999999999994,0.39299999999999996,0,1,1
AF094210926,1,0,0,Away Team,0.47479999999999994,0.414,0,1,1
AF094210926,1,0,6,Away Team,0.47479999999999994,0.36,0,1,1
AF094210926,1,0,7,Away Team,0.4202,0.35200000000000004,0,1,1
AF094210926,1,0,7,Home Team,0.4017,0.34450000000000003,0,1,1
AF094210926,1,0,7,Home Team,0.4138,0.34600000000000003,0,1,1
AF094210926,1,0,7,Home Team,0.4378,0.3615,0,1,1
AF094210926,1,0,7,Home Team,0.4664,0.37549999999999994,0,1,1
AF094210926,1,0,7,Home Team,0.4518,0.358,0,1,1
AF094210926,1,0,7,Home Team,0.4468,0.366,0,1,1
AF094210926,1,0,7,Home Team,0.4468,0.3085,0,1,1
AF094210926,1,3,7,Home Team,0.3835,0.314,0,1,1
AF094210926,1,3,7,Away Team,0.35259999999999997,0.299,0,1,1
AF094210926,2,3,7,Away Team,0.3323,0.292,0,1,1
AF094210926,2,3,13,Away Team,0.3323,0.23399999999999999,0,1,1
AF094210926,2,3,14,Away Team,0.2418,0.24,0,1,1
AF094210926,2,3,14,Home Team,0.2466,0.22899999999999998,0,1,1
AF094210926,2,3,14,Home Team,0.2451,0.2165,0,1,1
AF094210926,2,3,14,Home Team,0.28350000000000003,0.255,0,1,1
AF094210926,2,3,14,Home Team,0.2803,0.2415,0,1,1
AF094210926,2,3,14,Home Team,0.26890000000000003,0.2445,0,1,1
AF094210926,2,3,14,Home Team,0.30670000000000003,0.2515,0,1,1
AF094210926,2,3,14,Home Team,0.2985,0.24,0,1,1
AF094210926,2,3,14,Home Team,0.33409999999999995,0.2505,0,1,1
AF094210926,2,3,14,Home Team,0.32549999999999996,0.23800000000000002,0,1,1
AF094210926,2,3,14,Home Team,0.2868,0.2095,0,1,1
AF094210926,2,3,14,Home Team,0.2868,0.18,0,1,1
AF094210926,2,6,14,Home Team,0.24780000000000002,0.141,0,1,1
AF094210926,2,6,14,Away Team,0.24780000000000002,0.1475,0,1,1
AF094210926,2,6,14,Away Team,0.1606,0.114,0,1,1
AF094210926,2,6,14,Away Team,0.14800000000000002,0.1285,0,1,1
AF094210926,2,6,14,Away Team,0.174,0.133,0,1,1
AF094210926,2,6,20,Away Team,0.174,0.0425,0,1,1
AF094210926,2,6,21,Away Team,0.08,0.04650000000000001,0,1,1
AF094210926,2,6,21,Home Team,0.08,0.044500000000000005,0,1,1
AF094210926,2,6,21,Home Team,0.08,0.04650000000000001,0,1,1
AF094210926,2,6,21,Home Team,0.08,0.038,0,1,1
AF095190926,1,0,0,Home Team,0.5924,0.5995,1,1,1
AF095190926,1,0,0,Home Team,0.5863,0.614,1,1,1
AF095190926,1,0,0,Home Team,0.6257,0.638,1,1,1
AF095190926,1,0,0,Home Team,0.5928,0.6385000000000001,1,1,1
AF095190926,1,0,0,Home Team,0.5928,0.6812999999999999,1,1,1
AF095190926,1,0,0,Home Team,0.644,0.66,1,1,1
AF095190926,1,0,0,Home Team,0.6405,0.644,1,1,1
AF095190926,1,6,0,Home Team,0.6405,0.7240000000000001,1,1,1
AF095190926,1,7,0,Home Team,0.6405,0.73,1,1,1
AF095190926,1,7,0,Away Team,0.698,0.722,1,1,1
AF095190926,1,7,0,Away Team,0.6938,0.7140000000000001,1,1,1
AF095190926,1,7,0,Away Team,0.6751,0.7,1,1,1
AF095190926,1,7,0,Away Team,0.7175,0.71,1,1,1
AF095190926,1,7,0,Away Team,0.7033,0.7155,1,1,1
AF095190926,1,7,0,Away Team,0.654,0.687,1,1,1
AF095190926,1,7,0,Away Team,0.6579,0.705,1,1,1
AF095190926,1,7,0,Away Team,0.7054,0.738,1,1,1
AF095190926,2,7,0,Away Team,0.7054,0.7755,1,1,1
AF095190926,2,7,0,Home Team,0.8331999999999999,0.8490000000000001,1,1,1
AF095190926,2,7,0,Home Team,0.8348,0.856,1,1,1
AF095190926,2,7,0,Home Team,0.8336,0.835,1,1,1
AF095190926,2,7,0,Home Team,0.8317,0.8504999999999999,1,1,1
AF095190926,2,7,0,Home Team,0.8317,0.7805,1,1,1
AF095190926,2,7,0,Home Team,0.7912,0.8795000000000001,1,1,1
AF095190926,2,13,0,Home Team,0.8572,0.9045000000000001,1,1,1
AF095190926,2,14,0,Home Team,0.8951,0.912,1,1,1
AF095190926,2,14,0,Away Team,0.8965000000000001,0.9035,1,1,1
AF095190926,2,14,0,Away Team,0.9097,0.9259999999999999,1,1,1
AF095190926,2,14,0,Away Team,0.9201999999999999,0.9225,1,1,1
AF095190926,2,14,0,Away Team,0.9201999999999999,0.9625,1,1,1
AF095190926,2,14,0,Home Team,0.9312,0.978,1,1,1
AF095190926,2,14,0,Home Team,0.9628,0.9734999999999999,1,1,1
AF095190926,2,14,0,Home Team,0.9834,0.98,1,1,1
AF095190926,2,14,0,Home Team,0.9777,0.982,1,1,1
AF095190926,2,14,0,Home Team,0.9882,0.986,1,1,1
AF095190926,2,20,0,Home Team,0.9882,0.991,1,1,1
AF095190926,2,21,0,Home Team,0.9903,0.991,1,1,1
AF095190926,2,21,0,Away Team,0.9904999999999999,0.9915,1,1,1
AF095190926,2,21,0,Away Team,0.9904999999999999,0.992,1,1,1
AF095190926,2,21,0,Away Team,0.9924,0.996,1,1,1
AF095210926,1,0,0,Away Team,0.4943,0.391,1,1,1
AF095210926,1,0,0,Away Team,0.5079,0.41200000000000003,1,1,1
AF095210926,1,0,0,Away Team,0.5443,0.44799999999999995,1,1,1
AF095210926,1,0,0,Away Team,0.5443,0.5085000000000001,1,1,1
AF095210926,1,0,0,Home Team,0.5757,0.4915,1,1,1
AF095210926,1,0,0,Home Team,0.6635,0.5085000000000001,1,1,1
AF095210926,1,0,0,Home Team,0.6463,0.501,1,1,1
AF095210926,1,0,0,Home Team,0.6634,0.5108,1,1,1
AF095210926,1,0,0,Home Team,0.6634,0.4632,1,1,1
AF095210926,1,0,0,Home Team,0.6058,0.5479999999999999,1,1,1
AF095210926,1,0,0,Home Team,0.6988,0.5835,1,1,1
AF095210926,1,0,0,Home Team,0.7248,0.5745,1,1,1
AF095210926,2,0,0,Home Team,0.6893,0.5685,1,1,1
AF095210926,2,0,0,Home Team,0.6893,0.508,1,1,1
AF095210926,2,3,0,Home Team,0.6639,0.501,1,1,1
AF095210926,2,3,0,Away Team,0.6015,0.5075,1,1,1
AF095210926,2,3,0,Away Team,0.5746,0.4925,1,1,1
AF095210926,2,3,0,Away Team,0.5752,0.479,1,1,1
AF095210926,2,3,0,Away Team,0.6162,0.517,1,1,1
AF095210926,2,3,0,Away Team,0.6727,0.57,1,1,1
AF095210926,2,3,0,Home Team,0.8299,0.727,1,1,1
AF095210926,2,3,0,Home Team,0.852,0.7354999999999999,1,1,1
AF095210926,2,3,0,Home Team,0.8518000000000001,0.763,1,1,1
AF095210926,2,3,0,Home Team,0.8612000000000001,0.8065000000000001,1,1,1
AF095210926,2,3,0,Home Team,0.9020999999999999,0.815,1,1,1
AF095210926,2,3,0,Home Team,0.9281999999999999,0.828,1,1,1
AF095210926,2,6,0,Home Team,0.9281999999999999,0.826,1,1,1
AF096190926,1,0,0,Home Team,0.4113,0.42700000000000005,1,1,1
AF096190926,1,0,0,Home Team,0.3934,0.41700000000000004,1,1,1
AF096190926,1,0,0,Home Team,0.40740000000000004,0.4445,1,1,1
AF096190926,1,0,0,Home Team,0.4461,0.434,1,1,1
AF096190926,1,0,0,Home Team,0.4445,0.45399999999999996,1,1,1
AF096190926,1,0,0,Home Team,0.4719,0.4875,1,1,1
AF096190926,1,0,0,Home Team,0.46799999999999997,0.47100000000000003,1,1,1
AF096190926,1,0,0,Home Team,0.47130000000000005,0.47200000000000003,1,1,1
AF096190926,1,6,0,Home Team,0.47130000000000005,0.5425,1,1,1
AF096190926,1,7,0,Home Team,0.54,0.5175,1,1,1
AF096190926,1,7,0,Away Team,0.5447,0.529,1,1,1
AF096190926,1,7,0,Away Team,0.5175,0.519,1,1,1
AF096190926,1,7,0,Away Team,0.526,0.507,1,1,1
AF096190926,2,7,0,Away Team,0.5366,0.508,1,1,1
AF096190926,2,7,0,Home Team,0.6931,0.7315,1,1,1
AF096190926,2,7,0,Home Team,0.7339,0.746,1,1,1
AF096190926,2,7,0,Home Team,0.7472,0.762,1,1,1
AF096190926,2,7,0,Home Team,0.7181000000000001,0.726,1,1,1
AF096190926,2,7,0,Home Team,0.7948000000000001,0.7725,1,1,1
AF096190926,2,7,0,Home Team,0.7678,0.7615000000000001,1,1,1
AF096190926,2,7,0,Home Team,0.7284,0.695,1,1,1
AF096190926,2,13,0,Home Team,0.7284,0.809,1,1,1
AF096190926,2,14,0,Home Team,0.8384999999999999,0.789,1,1,1
AF096190926,2,14,0,Away Team,0.8336,0.8015000000000001,1,1,1
AF096190926,2,14,6,Away Team,0.8336,0.7609999999999999,1,1,1
AF096190926,2,14,7,Away Team,0.7337,0.7665000000000001,1,1,1
AF096190926,2,14,7,Home Team,0.7077,0.76,1,1,1
AF096190926,2,14,7,Home Team,0.7543000000000001,0.7959999999999999,1,1,1
AF096190926,2,14,7,Home Team,0.7863,0.7935,1,1,1
AF096190926,2,14,7,Home Team,0.7458,0.7709999999999999,1,1,1
AF096190926,2,14,7,Home Team,0.7476999999999999,0.7709,1,1,1
AF096190926,2,14,7,Home Team,0.8023,0.8029999999999999,1,1,1
AF096190926,2,14,7,Home Team,0.8146,0.7965000000000001,1,1,1
AF096190926,2,17,7,Home Team,0.8146,0.8170000000000001,1,1,1
AF096190926,2,17,7,Away Team,0.7735,0.815,1,1,1
AF097190926,1,0,0,Home Team,0.5445,0.594,1,1,1
AF097190926,1,0,0,Home Team,0.527,0.5710000000000001,1,1,1
AF097190926,1,0,0,Home Team,0.5304,0.5505,1,1,1
AF097190926,1,0,0,Home Team,0.5562,0.5788,1,1,1
AF097190926,1,0,0,Home Team,0.5624,0.586,1,1,1
AF097190926,1,0,0,Home Team,0.5729,0.5875,1,1,1
AF097190926,1,0,0,Home Team,0.5698,0.5820000000000001,1,1,1
AF097190926,1,0,0,Away Team,0.38380000000000003,0.41600000000000004,1,1,1
AF097190926,1,0,0,Away Team,0.4004,0.44299999999999995,1,1,1
AF097190926,1,0,0,Away Team,0.42810000000000004,0.478,1,1,1
AF097190926,1,0,0,Home Team,0.6061,0.6415000000000001,1,1,1
AF097190926,1,0,0,Home Team,0.6006,0.609,1,1,1
AF097190926,1,0,0,Home Team,0.6006,0.6365,1,1,1
AF097190926,1,0,0,Home Team,0.6006,0.57,1,1,1
AF097190926,1,7,0,Home Team,0.6006,0.6765000000000001,1,1,1
AF097190926,2,7,0,Away Team,0.6428,0.6745,1,1,1
AF097190926,2,7,0,Away Team,0.6492,0.6729999999999999,1,1,1
AF097190926,2,7,0,Away Team,0.6291,0.6809999999999999,1,1,1
AF097190926,2,7,0,Away Team,0.6291,0.7170000000000001,1,1,1
AF097190926,2,7,0,Home Team,0.8025,0.828,1,1,1
AF097190926,2,7,0,Home Team,0.8117,0.8415,1,1,1
AF097190926,2,7,0,Home Team,0.8281999999999999,0.8384999999999999,1,1,1
AF097190926,2,7,0,Home Team,0.8218000000000001,0.8445,1,1,1
AF097190926,2,7,0,Home Team,0.8012999999999999,0.8225,1,1,1
AF097190926,2,7,0,Home Team,0.8012999999999999,0.7609999999999999,1,1,1
AF097190926,2,10,0,Home Team,0.7395,0.767,1,1,1
AF097190926,2,10,0,Away Team,0.7654000000000001,0.7735,1,1,1
AF097190926,2,10,0,Away Team,0.7865000000000001,0.7895,1,1,1
AF097190926,2,10,0,Away Team,0.7526999999999999,0.779,1,1,1
AF097190926,2,10,0,Away Team,0.7526999999999999,0.8085,1,1,1
AF097190926,2,10,0,Home Team,0.9187000000000001,0.9125,1,1,1
AF097190926,2,10,0,Home Team,0.9048999999999999,0.9055,1,1,1
AF097190926,2,10,0,Home Team,0.9105,0.9179999999999999,1,1,1
AF097190926,2,16,0,Home Team,0.9105,0.9425,1,1,1
AF097190926,2,17,0,Home Team,0.9381,0.9525,1,1,1
AF097190926,2,17,0,Away Team,0.9392,0.9520000000000001,1,1,1
AF097190926,2,17,0,Away Team,0.9436,0.958,1,1,1
AF097190926,2,17,0,Away Team,0.9612999999999999,0.9670000000000001,1,1,1
AF097190926,2,17,0,Away Team,0.9612999999999999,0.9784999999999999,1,1,1
AF097190926,2,17,0,Home Team,0.9894,0.981,1,1,1
AF098190926,1,0,0,Home Team,0.5318999999999999,0.4775,1,1,1
AF098190926,1,0,0,Home Team,0.509,0.46950000000000003,1,1,1
AF098190926,1,0,0,Home Team,0.5557,0.502,1,1,1
AF098190926,1,0,0,Home Team,0.5478000000000001,0.46649999999999997,1,1,1
AF098190926,1,0,0,Home Team,0.5670000000000001,0.518,1,1,1
AF098190926,1,0,0,Home Team,0.5661999999999999,0.5185,1,1,1
AF098190926,1,0,0,Home Team,0.5992000000000001,0.5355,1,1,1
AF098190926,1,0,0,Home Team,0.5717,0.5145000000000001,1,1,1
AF098190926,1,0,0,Home Team,0.6185,0.56,1,1,1
AF098190926,1,0,0,Home Team,0.5925,0.54,1,1,1
AF098190926,2,0,0,Home Team,0.5925,0.5585,1,1,1
AF098190926,2,6,0,Home Team,0.5925,0.6123,1,1,1
AF098190926,2,6,0,Home Team,0.6181,0.586,1,1,1
AF098190926,2,7,0,Home Team,0.6481999999999999,0.6145,1,1,1
AF098190926,2,7,0,Away Team,0.6637000000000001,0.6185,1,1,1
AF098190926,2,7,0,Away Team,0.6253,0.5845,1,1,1
AF098190926,2,7,0,Away Team,0.6065,0.5925,1,1,1
AF098190926,2,7,0,Away Team,0.5979,0.569,1,1,1
AF098190926,2,7,0,Away Team,0.6124,0.622,1,1,1
AF098190926,2,7,0,Away Team,0.6124,0.596,1,1,1
AF098190926,2,7,6,Away Team,0.6124,0.522,1,1,1
AF098190926,2,7,7,Away Team,0.5253,0.494,1,1,1
AF098190926,2,7,7,Home Team,0.5252,0.5105,1,1,1
AF098190926,2,7,7,Home Team,0.4901,0.4855,1,1,1
AF098190926,2,7,7,Home Team,0.4039,0.366,1,1,1
AF098190926,2,7,7,Home Team,0.4039,0.39149999999999996,1,1,1
AF098190926,2,7,7,Away Team,0.4561,0.42200000000000004,1,1,1
AF098190926,2,7,7,Away Team,0.4044,0.40299999999999997,1,1,1
AF099190926,1,0,0,Home Team,0.6085,0.575,0,1,1
AF099190926,1,0,0,Home Team,0.6086,0.574,0,1,1
AF099190926,1,0,0,Home Team,0.6394,0.613,0,1,1
AF099190926,1,0,0,Home Team,0.6033,0.546,0,1,1
AF099190926,1,0,0,Home Team,0.6926000000000001,0.667,0,1,1
AF099190926,1,0,0,Home Team,0.6624,0.643,0,1,1
AF099190926,1,0,0,Away Team,0.45740000000000003,0.45649999999999996,0,1,1
AF099190926,1,0,0,Away Team,0.4648,0.4935,0,1,1
AF099190926,1,0,0,Away Team,0.5211,0.509,0,1,1
AF099190926,1,0,0,Away Team,0.3771,0.364,0,1,1
AF099190926,1,0,0,Away Team,0.38170000000000004,0.3815,0,1,1
AF099190926,2,0,0,Away Team,0.42100000000000004,0.41,0,1,1
AF099190926,2,0,6,Away Team,0.42100000000000004,0.312,0,1,1
AF099190926,2,0,7,Away Team,0.30760000000000004,0.314,0,1,1
AF099190926,2,0,7,Home Team,0.313,0.324,0,1,1
AF099190926,2,0,7,Home Team,0.3204,0.309,0,1,1
AF099190926,2,0,7,Home Team,0.33899999999999997,0.3515,0,1,1
AF099190926,2,6,7,Home Team,0.33899999999999997,0.43799999999999994,0,1,1
AF099190926,2,7,7,Home Team,0.41850000000000004,0.441,0,1,1
AF099190926,2,7,7,Away Team,0.4556,0.4475,0,1,1
AF099190926,2,7,7,Away Team,0.4756,0.462,0,1,1
AF099190926,2,7,7,Away Team,0.4011,0.42450000000000004,0,1,1
AF099190926,2,7,7,Away Team,0.3652,0.40149999999999997,0,1,1
AF099190926,2,7,7,Away Team,0.40590000000000004,0.40619999999999995,0,1,1
AF099190926,2,7,7,Away Team,0.39020000000000005,0.35850000000000004,0,1,1
AF099190926,2,7,7,Away Team,0.289,0.313,0,1,1
AF099190926,2,7,7,Away Team,0.3392,0.34869999999999995,0,1,1
AF099190926,2,7,7,Away Team,0.3396,0.3282,0,1,1
AF099190926,2,7,7,Away Team,0.289,0.295,0,1,1
AF099190926,2,7,7,Away Team,0.289,0.24850000000000003,0,1,1
AF099190926,2,7,13,Away Team,0.289,0.17550000000000002,0,1,1
AF099190926,2,7,14,Away Team,0.15869999999999998,0.1795,0,1,1
AF099190926,2,7,14,Home Team,0.1704,0.17350000000000002,0,1,1
AF099190926,2,7,14,Home Team,0.1711,0.156,0,1,1
AF100190926,1,0,0,Home Team,0.3799,0.42950000000000005,1,1,1
AF100190926,1,0,0,Home Team,0.3392,0.4175,1,1,1
AF100190926,1,0,0,Home Team,0.3739,0.46149999999999997,1,1,1
AF100190926,1,0,0,Home Team,0.38770000000000004,0.439,1,1,1
AF100190926,1,0,0,Home Team,0.3519,0.42200000000000004,1,1,1
AF100190926,1,0,0,Home Team,0.4086,0.4802,1,1,1
AF100190926,1,0,0,Home Team,0.4133,0.484,1,1,1
AF100190926,1,0,0,Home Team,0.4146,0.49420000000000003,1,1,1
AF100190926,2,0,0,Home Team,0.43479999999999996,0.521,1,1,1
AF100190926,2,0,0,Home Team,0.4251,0.5045000000000001,1,1,1
AF100190926,2,0,0,Home Team,0.41350000000000003,0.5063,1,1,1
AF100190926,2,0,0,Home Team,0.45630000000000004,0.5589999999999999,1,1,1
AF100190926,2,0,0,Home Team,0.4575,0.5155,1,1,1
AF100190926,2,0,0,Home Team,0.4575,0.5085000000000001,1,1,1
AF100190926,2,6,0,Home Team,0.4575,0.6275,1,1,1
AF100190926,2,7,0,Home Team,0.5305,0.6395000000000001,1,1,1
AF100190926,2,7,0,Away Team,0.5364,0.6435,1,1,1
AF100190926,2,7,0,Away Team,0.5124,0.6505,1,1,1
AF100190926,2,7,0,Away Team,0.5202,0.6278,1,1,1
AF100190926,2,7,0,Away Team,0.5136,0.6555,1,1,1
AF100190926,2,7,0,Home Team,0.7447,0.7785,1,1,1
AF100190926,2,7,0,Home Team,0.7254999999999999,0.784,1,1,1
AF100190926,2,7,0,Home Team,0.7409,0.802,1,1,1
AF100190926,2,7,0,Home Team,0.7409,0.8084,1,1,1
AF100190926,2,7,0,Home Team,0.8093,0.825,1,1,1
AF100190926,2,10,0,Home Team,0.8093,0.8365,1,1,1
AF101190926,1,0,0,Home Team,0.40759999999999996,0.401,0,1,1
AF101190926,1,0,0,Home Team,0.424,0.4875,0,1,1
AF101190926,1,6,0,Home Team,0.424,0.594,0,1,1
AF101190926,1,7,0,Home Team,0.5192,0.5925,0,1,1
AF101190926,1,7,0,Away Team,0.5293,0.588,0,1,1
AF101190926,1,7,0,Away Team,0.4861,0.5675,0,1,1
AF101190926,1,7,0,Away Team,0.4656,0.5505,0,1,1
AF101190926,1,7,0,Away Team,0.4595,0.551,0,1,1
AF101190926,1,7,6,Away Team,0.4595,0.43,0,1,1
AF101190926,1,7,7,Away Team,0.4174,0.4182,0,1,1
AF101190926,1,7,7,Home Team,0.4276,0.428,0,1,1
AF101190926,1,7,7,Home Team,0.3831,0.441,0,1,1
AF101190926,1,7,7,Home Team,0.40850000000000003,0.4675,0,1,1
AF101190926,1,7,7,Home Team,0.40020000000000006,0.4525,0,1,1
AF101190926,1,7,7,Home Team,0.449,0.5005,0,1,1
AF101190926,2,7,7,Home Team,0.436,0.513,0,1,1
AF101190926,2,7,7,Home Team,0.4105,0.499,0,1,1
AF101190926,2,13,7,Home Team,0.4105,0.6025,0,1,1
AF101190926,2,14,7,Home Team,0.5332,0.6038,0,1,1
AF101190926,2,14,7,Away Team,0.5266,0.6065,0,1,1
AF101190926,2,14,7,Away Team,0.5201,0.5805,0,1,1
AF101190926,2,14,7,Away Team,0.5285,0.6275,0,1,1
AF101190926,2,14,7,Away Team,0.48719999999999997,0.5760000000000001,0,1,1
AF101190926,2,14,13,Away Team,0.48719999999999997,0.47850000000000004,0,1,1
AF101190926,2,14,14,Away Team,0.4458,0.46799999999999997,0,1,1
AF101190926,2,14,14,Home Team,0.44179999999999997,0.449,0,1,1
AF101190926,2,14,14,Home Team,0.4154,0.4385,0,1,1
AF101190926,2,14,14,Home Team,0.3936,0.44,0,1,1
AF101190926,2,14,14,Home Team,0.4696,0.4965,0,1,1
AF101190926,2,14,14,Home Team,0.4962,0.5815,0,1,1
AF101190926,2,14,14,Home Team,0.4962,0.57,0,1,1
AF101190926,2,20,14,Home Team,0.4863,0.6459999999999999,0,1,1
AF101190926,2,21,14,Home Team,0.5401,0.6415000000000001,0,1,1
AF101190926,2,21,14,Away Team,0.5172,0.635,0,1,1
AF101190926,2,21,14,Away Team,0.4815,0.6365,0,1,1
AF101190926,2,21,14,Away Team,0.521,0.6455,0,1,1
AF101190926,2,21,14,Away Team,0.3735,0.546,0,1,1
AF101190926,2,21,14,Away Team,0.3735,0.551,0,1,1
AF101190926,2,21,14,Away Team,0.43979999999999997,0.568,0,1,1
AF101190926,2,21,14,Away Team,0.43979999999999997,0.6145,0,1,1
AF101190926,2,21,17,Away Team,0.5194,0.6018,0,1,1
AF101190926,2,21,17,Home Team,0.5503,0.6075,0,1,1
AF101190926,2,21,17,Home Team,0.5006,0.5920000000000001,0,1,1
AF102190926,1,0,0,Home Team,0.45520000000000005,0.502,1,1,1
AF102190926,1,0,0,Home Team,0.45649999999999996,0.531,1,1,1
AF102190926,1,0,0,Home Team,0.4447,0.501,1,1,1
AF102190926,1,0,0,Home Team,0.48619999999999997,0.5770000000000001,1,1,1
AF102190926,1,0,0,Home Team,0.51,0.6035,1,1,1
AF102190926,1,6,0,Home Team,0.51,0.6678000000000001,1,1,1
AF102190926,1,7,0,Home Team,0.5795,0.6695,1,1,1
AF102190926,1,7,0,Away Team,0.5606,0.6735,1,1,1
AF102190926,1,7,0,Away Team,0.5411,0.6428,1,1,1
AF102190926,1,7,0,Away Team,0.5379999999999999,0.6436,1,1,1
AF102190926,1,7,0,Away Team,0.536,0.645,1,1,1
AF102190926,2,7,0,Away Team,0.5217,0.62,1,1,1
AF102190926,2,7,0,Away Team,0.5324,0.6525,1,1,1
AF102190926,2,7,0,Away Team,0.5065999999999999,0.5985,1,1,1
AF102190926,2,7,0,Away Team,0.5193,0.6285000000000001,1,1,1
AF102190926,2,7,0,Away Team,0.5390999999999999,0.6465000000000001,1,1,1
AF102190926,2,7,0,Away Team,0.5390999999999999,0.7040000000000001,1,1,1
AF102190926,2,7,3,Away Team,0.6204,0.6970000000000001,1,1,1
AF102190926,2,7,3,Home Team,0.6481,0.7090000000000001,1,1,1
AF102190926,2,7,3,Home Team,0.6035,0.6835,1,1,1
AF102190926,2,7,3,Home Team,0.5675,0.6675,1,1,1
AF102190926,2,7,3,Home Team,0.5675,0.5635,1,1,1
AF102190926,2,7,3,Away Team,0.5468999999999999,0.57,1,1,1
AF102190926,2,7,3,Away Team,0.4689,0.583,1,1,1
AF102190926,2,7,3,Home Team,0.7195999999999999,0.785,1,1,1
AF102190926,2,7,3,Home Team,0.7132,0.758,1,1,1
AF102190926,2,7,3,Home Team,0.7179000000000001,0.7525,1,1,1
AF102190926,2,7,3,Home Team,0.7179000000000001,0.738,1,1,1
AF102190926,2,10,3,Home Team,0.6233,0.7265,1,1,1
AF102190926,2,10,3,Away Team,0.6169,0.7365,1,1,1
AF102190926,2,10,3,Away Team,0.5932999999999999,0.721,1,1,1
AF102190926,2,10,3,Away Team,0.5676,0.6655,1,1,1
AF102190926,2,10,3,Away Team,0.5797,0.6665000000000001,1,1,1
AF102190926,2,10,3,Away Team,0.5937,0.6745,1,1,1
AF102190926,2,10,3,Away Team,0.5937,0.6934999999999999,1,1,1
AF102190926,2,10,6,Away Team,0.603,0.649,1,1,1
