match_code,stream,market_id,market,selection,publish_time,probability,line,outcome,error,brier,live,n_quotes
AF001170926,prod,50,moneyline,Home,2026-09-17 00:25:23.803000,0.4322,,0,0.4322,0.186797,1,1
AF001170926,prod,51,moneyline,Away,2026-09-17 00:25:23.803000,0.5679,,1,0.4321,0.18671,1,1
AF001170926,prod,52,spread,Home,2026-09-17 00:25:23.803000,0.482,-2.5,0,0.482,0.232324,1,1
AF001170926,prod,53,spread,Away,2026-09-17 00:25:23.803000,0.518,2.5,1,0.482,0.232324,1,1
AF001170926,prod,54,total,Over,2026-09-17 00:25:23.803000,0.5048,33.5,0,0.5048,0.254823,1,1
AF001170926,prod,55,total,Under,2026-09-17 00:25:23.803000,0.4952,33.5,1,0.5048,0.254823,1,1
AF001170926,candidate,50,moneyline,Home,2026-09-17 00:25:23.803000,0.568,,0,0.568,0.322624,1,1
AF001170926,candidate,51,moneyline,Away,2026-09-17 00:25:23.803000,0.432,,1,0.568,0.322624,1,1
AF001170926,candidate,52,spread,Home,2026-09-17 00:25:23.803000,0.5065,2.5,0,0.5065,0.256542,1,1
AF001170926,candidate,53,spread,Away,2026-09-17 00:25:23.803000,0.4935,-2.5,1,0.5065,0.256542,1,1
AF001170926,candidate,54,total,Over,2026-09-17 00:25:23.803000,0.5035,32.5,0,0.5035,0.253512,1,1
AF001170926,candidate,55,total,Under,2026-09-17 00:25:23.803000,0.4965,32.5,1,0.5035,0.253512,1,1
AF001180926,prod,50,moneyline,Home,2026-09-18 00:25:24.069000,0.4203,,1,0.5797,0.336052,1,3
AF001180926,prod,51,moneyline,Away,2026-09-18 00:25:24.069000,0.5797,,0,0.5797,0.336052,1,3
AF001180926,prod,52,spread,Home,2026-09-18 00:25:24.069000,0.4651,-2.5,1,0.5349,0.286118,1,3
AF001180926,prod,53,spread,Away,2026-09-18 00:25:24.069000,0.5349,2.5,0,0.5349,0.286118,1,3
AF001180926,prod,54,total,Over,2026-09-18 00:25:24.069000,0.4875,38.5,0,0.4875,0.237656,1,3
AF001180926,prod,55,total,Under,2026-09-18 00:25:24.069000,0.5126,38.5,1,0.4874,0.237559,1,3
AF001180926,candidate,50,moneyline,Home,2026-09-18 00:25:24.069000,0.4705,,1,0.5295,0.28037,1,2
AF001180926,candidate,51,moneyline,Away,2026-09-18 00:25:24.069000,0.5295,,0,0.5295,0.28037,1,2
AF001180926,candidate,52,spread,Home,2026-09-18 00:25:24.069000,0.5195,-1.5,1,0.4805,0.23088,1,2
AF001180926,candidate,53,spread,Away,2026-09-18 00:25:24.069000,0.4805,1.5,0,0.4805,0.23088,1,2
AF001180926,candidate,54,total,Over,2026-09-18 00:25:24.069000,0.5005,44.5,0,0.5005,0.2505,1,2
AF001180926,candidate,55,total,Under,2026-09-18 00:25:24.069000,0.4995,44.5,1,0.5005,0.2505,1,2
AF001190926,prod,50,moneyline,Home,2026-09-19 00:25:22.881000,0.6007,,1,0.3993,0.15944,1,3
AF001190926,prod,51,moneyline,Away,2026-09-19 00:25:22.881000,0.3994,,0,0.3994,0.15952,1,3
AF001190926,prod,52,spread,Home,2026-09-19 00:25:22.881000,0.4605,3.5,0,0.4605,0.21206,1,3
AF001190926,prod,53,spread,Away,2026-09-19 00:25:22.881000,0.5395,-3.5,1,0.4605,0.21206,1,3
AF001190926,prod,54,total,Over,2026-09-19 00:25:22.881000,0.5028,38.5,1,0.4972,0.247208,1,3
AF001190926,prod,55,total,Under,2026-09-19 00:25:22.881000,0.4972,38.5,0,0.4972,0.247208,1,3
AF001190926,candidate,50,moneyline,Home,2026-09-19 00:25:22.881000,0.4745,,1,0.5255,0.27615,1,2
AF001190926,candidate,51,moneyline,Away,2026-09-19 00:25:22.881000,0.5255,,0,0.5255,0.27615,1,2
AF001190926,candidate,52,spread,Home,2026-09-19 00:25:22.881000,0.512,-1.5,1,0.488,0.238144,1,2
AF001190926,candidate,53,spread,Away,2026-09-19 00:25:22.881000,0.488,1.5,0,0.488,0.238144,1,2
AF001190926,candidate,54,total,Over,2026-09-19 00:25:22.881000,0.496,37.5,1,0.504,0.254016,1,2
AF001190926,candidate,55,total,Under,2026-09-19 00:25:22.881000,0.504,37.5,0,0.504,0.254016,1,2
AF001200926,prod,50,moneyline,Home,2026-09-20 00:25:31.388000,0.5269,,0,0.5269,0.277624,1,3
AF001200926,prod,51,moneyline,Away,2026-09-20 00:25:31.388000,0.4732,,1,0.5268,0.277518,1,3
AF001200926,prod,54,total,Over,2026-09-20 00:25:31.388000,0.5076,36.5,1,0.4924,0.242458,1,3
AF001200926,prod,55,total,Under,2026-09-20 00:25:31.388000,0.4924,36.5,0,0.4924,0.242458,1,3
AF001200926,candidate,50,moneyline,Home,2026-09-20 00:25:31.388000,0.5345,,0,0.5345,0.28569,1,2
AF001200926,candidate,51,moneyline,Away,2026-09-20 00:25:31.388000,0.4655,,1,0.5345,0.28569,1,2
AF001200926,candidate,52,spread,Home,2026-09-20 00:25:31.388000,0.5025,1.5,0,0.5025,0.252506,1,2
AF001200926,candidate,53,spread,Away,2026-09-20 00:25:31.388000,0.4975,-1.5,1,0.5025,0.252506,1,2
AF001200926,candidate,54,total,Over,2026-09-20 00:25:31.388000,0.521,30.5,1,0.479,0.229441,1,2
AF001200926,candidate,55,total,Under,2026-09-20 00:25:31.388000,0.479,30.5,0,0.479,0.229441,1,2
AF001210926,prod,50,moneyline,Home,2026-09-21 00:25:13.977000,0.5656,,0,0.5656,0.319903,1,3
AF001210926,prod,51,moneyline,Away,2026-09-21 00:25:13.977000,0.4344,,1,0.5656,0.319903,1,3
AF001210926,prod,52,spread,Home,2026-09-21 00:25:13.977000,0.5166,2.5,0,0.5166,0.266876,1,3
AF001210926,prod,53,spread,Away,2026-09-21 00:25:13.977000,0.4834,-2.5,1,0.5166,0.266876,1,3
AF001210926,prod,54,total,Over,2026-09-21 00:25:13.977000,0.4849,38.5,0,0.4849,0.235128,1,3
AF001210926,prod,55,total,Under,2026-09-21 00:25:13.977000,0.5151,38.5,1,0.4849,0.235128,1,3
AF001210926,candidate,50,moneyline,Home,2026-09-21 00:25:13.977000,0.5405,,0,0.5405,0.29214,1,2
AF001210926,candidate,51,moneyline,Away,2026-09-21 00:25:13.977000,0.4595,,1,0.5405,0.29214,1,2
AF001210926,candidate,52,spread,Home,2026-09-21 00:25:13.977000,0.4915,1.5,0,0.4915,0.241572,1,2
AF001210926,candidate,53,spread,Away,2026-09-21 00:25:13.977000,0.5085,-1.5,1,0.4915,0.241572,1,2
AF001210926,candidate,54,total,Over,2026-09-21 00:25:13.977000,0.517,44.5,0,0.517,0.267289,1,2
AF001210926,candidate,55,total,Under,2026-09-21 00:25:13.977000,0.483,44.5,1,0.517,0.267289,1,2
AF001220926,prod,50,moneyline,Home,2026-09-22 00:25:54.439000,0.494,,0,0.494,0.244036,1,3
AF001220926,prod,51,moneyline,Away,2026-09-22 00:25:54.439000,0.506,,1,0.494,0.244036,1,3
AF001220926,prod,52,spread,Home,2026-09-22 00:25:54.439000,0.5146,-1.5,0,0.5146,0.264813,1,3
AF001220926,prod,53,spread,Away,2026-09-22 00:25:54.439000,0.4854,1.5,1,0.5146,0.264813,1,3
AF001220926,prod,54,total,Over,2026-09-22 00:25:54.439000,0.5117,36.5,0,0.5117,0.261837,1,3
AF001220926,prod,55,total,Under,2026-09-22 00:25:54.439000,0.4884,36.5,1,0.5116,0.261735,1,3
AF001220926,candidate,50,moneyline,Home,2026-09-22 00:25:54.439000,0.6495,,0,0.6495,0.42185,1,2
AF001220926,candidate,51,moneyline,Away,2026-09-22 00:25:54.439000,0.3505,,1,0.6495,0.42185,1,2
AF001220926,candidate,52,spread,Home,2026-09-22 00:25:54.439000,0.45,3.5,0,0.45,0.2025,1,2
AF001220926,candidate,53,spread,Away,2026-09-22 00:25:54.439000,0.55,-3.5,1,0.45,0.2025,1,2
AF001220926,candidate,54,total,Over,2026-09-22 00:25:54.439000,0.4945,38.5,0,0.4945,0.24453,1,2
AF001220926,candidate,55,total,Under,2026-09-22 00:25:54.439000,0.5055,38.5,1,0.4945,0.24453,1,2
AF002170926,prod,50,moneyline,Home,2026-09-17 00:37:15.704000,0.3735,,1,0.6265,0.392502,1,3
AF002170926,prod,51,moneyline,Away,2026-09-17 00:37:15.704000,0.6266,,0,0.6266,0.392628,1,3
AF002170926,prod,52,spread,Home,2026-09-17 00:37:15.704000,0.5056,-3.5,1,0.4944,0.244431,1,3
AF002170926,prod,53,spread,Away,2026-09-17 00:37:15.704000,0.4944,3.5,0,0.4944,0.244431,1,3
AF002170926,prod,54,total,Over,2026-09-17 00:37:15.704000,0.498,36.5,1,0.502,0.252004,1,5
AF002170926,prod,55,total,Under,2026-09-17 00:37:15.704000,0.502,36.5,0,0.502,0.252004,1,5
AF002170926,candidate,50,moneyline,Home,2026-09-17 00:37:15.704000,0.6335,,1,0.3665,0.134322,1,2
AF002170926,candidate,51,moneyline,Away,2026-09-17 00:37:15.704000,0.3665,,0,0.3665,0.134322,1,2
AF002170926,candidate,52,spread,Home,2026-09-17 00:37:15.704000,0.4475,3.5,0,0.4475,0.200256,1,2
AF002170926,candidate,53,spread,Away,2026-09-17 00:37:15.704000,0.5525,-3.5,1,0.4475,0.200256,1,2
AF002170926,candidate,54,total,Over,2026-09-17 00:37:15.704000,0.522,30.5,1,0.478,0.228484,1,2
AF002170926,candidate,55,total,Under,2026-09-17 00:37:15.704000,0.478,30.5,0,0.478,0.228484,1,2
AF002180926,prod,50,moneyline,Home,2026-09-18 00:35:29.148000,0.5196,,0,0.5196,0.269984,1,3
AF002180926,prod,51,moneyline,Away,2026-09-18 00:35:29.148000,0.4804,,1,0.5196,0.269984,1,3
AF002180926,prod,52,spread,Home,2026-09-18 00:35:29.148000,0.4985,1.5,0,0.4985,0.248502,1,3
AF002180926,prod,53,spread,Away,2026-09-18 00:35:29.148000,0.5016,-1.5,1,0.4984,0.248403,1,3
AF002180926,prod,54,total,Over,2026-09-18 00:35:29.148000,0.4976,31.5,1,0.5024,0.252406,1,5
AF002180926,prod,55,total,Under,2026-09-18 00:35:29.148000,0.5024,31.5,0,0.5024,0.252406,1,5
AF002180926,candidate,50,moneyline,Home,2026-09-18 00:35:29.148000,0.5245,,0,0.5245,0.2751,1,2
AF002180926,candidate,51,moneyline,Away,2026-09-18 00:35:29.148000,0.4755,,1,0.5245,0.2751,1,2
AF002180926,candidate,52,spread,Home,2026-09-18 00:35:29.148000,0.488,1.5,0,0.488,0.238144,1,2
AF002180926,candidate,53,spread,Away,2026-09-18 00:35:29.148000,0.512,-1.5,1,0.488,0.238144,1,2
AF002180926,candidate,54,total,Over,2026-09-18 00:35:29.148000,0.49,31.5,1,0.51,0.2601,1,2
AF002180926,candidate,55,total,Under,2026-09-18 00:35:29.148000,0.51,31.5,0,0.51,0.2601,1,2
AF002210926,prod,50,moneyline,Home,2026-09-21 00:36:08.825000,0.4846,,1,0.5154,0.265637,1,3
AF002210926,prod,51,moneyline,Away,2026-09-21 00:36:08.825000,0.5154,,0,0.5154,0.265637,1,3
AF002210926,prod,52,spread,Home,2026-09-21 00:36:08.825000,0.505,-1.5,1,0.495,0.245025,1,3
AF002210926,prod,53,spread,Away,2026-09-21 00:36:08.825000,0.495,1.5,0,0.495,0.245025,1,3
AF002210926,prod,54,total,Over,2026-09-21 00:36:08.825000,0.5162,34.5,0,0.5162,0.266462,1,3
AF002210926,prod,55,total,Under,2026-09-21 00:36:08.825000,0.4838,34.5,1,0.5162,0.266462,1,3
AF002210926,candidate,50,moneyline,Home,2026-09-21 00:36:08.825000,0.5505,,1,0.4495,0.20205,1,2
AF002210926,candidate,51,moneyline,Away,2026-09-21 00:36:08.825000,0.4495,,0,0.4495,0.20205,1,2
AF002210926,candidate,52,spread,Home,2026-09-21 00:36:08.825000,0.4965,2.5,1,0.5035,0.253512,1,2
AF002210926,candidate,53,spread,Away,2026-09-21 00:36:08.825000,0.5035,-2.5,0,0.5035,0.253512,1,2
AF002210926,candidate,54,total,Over,2026-09-21 00:36:08.825000,0.5005,30.5,0,0.5005,0.2505,1,2
AF002210926,candidate,55,total,Under,2026-09-21 00:36:08.825000,0.4995,30.5,1,0.5005,0.2505,1,2
AF003170926,prod,50,moneyline,Home,2026-09-17 01:01:40.179000,0.5192,,1,0.4808,0.231169,1,3
AF003170926,prod,51,moneyline,Away,2026-09-17 01:01:40.179000,0.4808,,0,0.4808,0.231169,1,3
AF003170926,prod,52,spread,Home,2026-09-17 01:01:40.179000,0.4986,1.5,1,0.5014,0.251402,1,3
AF003170926,prod,53,spread,Away,2026-09-17 01:01:40.179000,0.5014,-1.5,0,0.5014,0.251402,1,3
AF003170926,prod,54,total,Over,2026-09-17 01:01:40.179000,0.4981,33.5,0,0.4981,0.248104,1,3
AF003170926,prod,55,total,Under,2026-09-17 01:01:40.179000,0.5019,33.5,1,0.4981,0.248104,1,3
AF003170926,candidate,50,moneyline,Home,2026-09-17 01:01:40.179000,0.4085,,1,0.5915,0.349872,1,2
AF003170926,candidate,51,moneyline,Away,2026-09-17 01:01:40.179000,0.5915,,0,0.5915,0.349872,1,2
AF003170926,candidate,52,spread,Home,2026-09-17 01:01:40.179000,0.4725,-2.5,1,0.5275,0.278256,1,2
AF003170926,candidate,53,spread,Away,2026-09-17 01:01:40.179000,0.5275,2.5,0,0.5275,0.278256,1,2
AF003170926,candidate,54,total,Over,2026-09-17 01:01:40.179000,0.5045,29.5,0,0.5045,0.25452,1,2
AF003170926,candidate,55,total,Under,2026-09-17 01:01:40.179000,0.4955,29.5,1,0.5045,0.25452,1,2
AF003180926,prod,50,moneyline,Home,2026-09-18 01:01:30.723000,0.564,,0,0.564,0.318096,1,3
AF003180926,prod,51,moneyline,Away,2026-09-18 01:01:30.723000,0.4361,,1,0.5639,0.317983,1,3
AF003180926,prod,52,spread,Home,2026-09-18 01:01:30.723000,0.52,2.5,0,0.52,0.2704,1,3
AF003180926,prod,53,spread,Away,2026-09-18 01:01:30.723000,0.48,-2.5,1,0.52,0.2704,1,3
AF003180926,prod,54,total,Over,2026-09-18 01:01:30.723000,0.4678,38.5,0,0.4678,0.218837,1,3
AF003180926,prod,55,total,Under,2026-09-18 01:01:30.723000,0.5322,38.5,1,0.4678,0.218837,1,3
AF003180926,candidate,50,moneyline,Home,2026-09-18 01:01:30.723000,0.528,,0,0.528,0.278784,1,2
AF003180926,candidate,51,moneyline,Away,2026-09-18 01:01:30.723000,0.472,,1,0.528,0.278784,1,2
AF003180926,candidate,52,spread,Home,2026-09-18 01:01:30.723000,0.476,1.5,0,0.476,0.226576,1,2
AF003180926,candidate,53,spread,Away,2026-09-18 01:01:30.723000,0.524,-1.5,1,0.476,0.226576,1,2
AF003180926,candidate,54,total,Over,2026-09-18 01:01:30.723000,0.505,41.5,0,0.505,0.255025,1,2
AF003180926,candidate,55,total,Under,2026-09-18 01:01:30.723000,0.495,41.5,1,0.505,0.255025,1,2
AF003190926,prod,50,moneyline,Home,2026-09-19 01:01:25.901000,0.4563,,0,0.4563,0.20821,1,3
AF003190926,prod,51,moneyline,Away,2026-09-19 01:01:25.901000,0.5437,,1,0.4563,0.20821,1,3
AF003190926,prod,52,spread,Home,2026-09-19 01:01:25.901000,0.5028,-2.5,0,0.5028,0.252808,1,3
AF003190926,prod,53,spread,Away,2026-09-19 01:01:25.901000,0.4972,2.5,1,0.5028,0.252808,1,3
AF003190926,prod,54,total,Over,2026-09-19 01:01:25.901000,0.5091,37.5,0,0.5091,0.259183,1,3
AF003190926,prod,55,total,Under,2026-09-19 01:01:25.901000,0.4909,37.5,1,0.5091,0.259183,1,3
AF003190926,candidate,50,moneyline,Home,2026-09-19 01:01:25.901000,0.504,,0,0.504,0.254016,1,2
AF003190926,candidate,51,moneyline,Away,2026-09-19 01:01:25.901000,0.496,,1,0.504,0.254016,1,2
AF003190926,candidate,52,spread,Home,2026-09-19 01:01:25.901000,0.504,0.5,0,0.504,0.254016,1,2
AF003190926,candidate,53,spread,Away,2026-09-19 01:01:25.901000,0.496,-0.5,1,0.504,0.254016,1,2
AF003190926,candidate,54,total,Over,2026-09-19 01:01:25.901000,0.506,33.5,1,0.494,0.244036,1,2
AF003190926,candidate,55,total,Under,2026-09-19 01:01:25.901000,0.494,33.5,0,0.494,0.244036,1,2
AF003200926,prod,50,moneyline,Home,2026-09-20 01:01:16.519000,0.5462,,1,0.4538,0.205934,1,3
AF003200926,prod,51,moneyline,Away,2026-09-20 01:01:16.519000,0.4539,,0,0.4539,0.206025,1,3
AF003200926,prod,52,spread,Home,2026-09-20 01:01:16.519000,0.5028,2.5,1,0.4972,0.247208,1,3
AF003200926,prod,53,spread,Away,2026-09-20 01:01:16.519000,0.4972,-2.5,0,0.4972,0.247208,1,3
AF003200926,prod,54,total,Over,2026-09-20 01:01:16.519000,0.5035,32.5,1,0.4965,0.246512,1,3
AF003200926,prod,55,total,Under,2026-09-20 01:01:16.519000,0.4965,32.5,0,0.4965,0.246512,1,3
AF003200926,candidate,50,moneyline,Home,2026-09-20 01:01:16.519000,0.5895,,1,0.4105,0.16851,1,2
AF003200926,candidate,51,moneyline,Away,2026-09-20 01:01:16.519000,0.4105,,0,0.4105,0.16851,1,2
AF003200926,candidate,52,spread,Home,2026-09-20 01:01:16.519000,0.5255,2.5,1,0.4745,0.22515,1,2
AF003200926,candidate,53,spread,Away,2026-09-20 01:01:16.519000,0.4745,-2.5,0,0.4745,0.22515,1,2
AF003200926,candidate,54,total,Over,2026-09-20 01:01:16.519000,0.4745,31.5,1,0.5255,0.27615,1,2
AF003200926,candidate,55,total,Under,2026-09-20 01:01:16.519000,0.5255,31.5,0,0.5255,0.27615,1,2
AF003210926,prod,50,moneyline,Home,2026-09-21 01:01:21.858000,0.4933,,1,0.5067,0.256745,1,3
AF003210926,prod,51,moneyline,Away,2026-09-21 01:01:21.858000,0.5068,,0,0.5068,0.256846,1,3
AF003210926,prod,52,spread,Home,2026-09-21 01:01:21.858000,0.5142,-1.5,1,0.4858,0.236002,1,3
AF003210926,prod,53,spread,Away,2026-09-21 01:01:21.858000,0.4858,1.5,0,0.4858,0.236002,1,3
AF003210926,prod,54,total,Over,2026-09-21 01:01:21.858000,0.5147,37.5,1,0.4853,0.235516,1,3
AF003210926,prod,55,total,Under,2026-09-21 01:01:21.858000,0.4853,37.5,0,0.4853,0.235516,1,3
AF003210926,candidate,50,moneyline,Home,2026-09-21 01:01:21.858000,0.4385,,1,0.5615,0.315282,1,2
AF003210926,candidate,51,moneyline,Away,2026-09-21 01:01:21.858000,0.5615,,0,0.5615,0.315282,1,2
AF003210926,candidate,52,spread,Home,2026-09-21 01:01:21.858000,0.4875,-1.5,1,0.5125,0.262656,1,2
AF003210926,candidate,53,spread,Away,2026-09-21 01:01:21.858000,0.5125,1.5,0,0.5125,0.262656,1,2
AF003210926,candidate,54,total,Over,2026-09-21 01:01:21.858000,0.503,43.5,1,0.497,0.247009,1,2
AF003210926,candidate,55,total,Under,2026-09-21 01:01:21.858000,0.497,43.5,0,0.497,0.247009,1,2
AF003220926,prod,50,moneyline,Home,2026-09-22 01:01:18.803000,0.4679,,1,0.5321,0.28313,1,3
AF003220926,prod,51,moneyline,Away,2026-09-22 01:01:18.803000,0.5321,,0,0.5321,0.28313,1,3
AF003220926,candidate,50,moneyline,Home,2026-09-22 01:01:18.803000,0.457,,1,0.543,0.294849,1,2
AF003220926,candidate,51,moneyline,Away,2026-09-22 01:01:18.803000,0.543,,0,0.543,0.294849,1,2
AF003220926,candidate,52,spread,Home,2026-09-22 01:01:18.803000,0.5055,-1.5,1,0.4945,0.24453,1,2
AF003220926,candidate,53,spread,Away,2026-09-22 01:01:18.803000,0.4945,1.5,0,0.4945,0.24453,1,2
AF003220926,candidate,54,total,Over,2026-09-22 01:01:18.803000,0.4935,43.5,1,0.5065,0.256542,1,2
AF003220926,candidate,55,total,Under,2026-09-22 01:01:18.803000,0.5065,43.5,0,0.5065,0.256542,1,2
AF004170926,prod,50,moneyline,Home,2026-09-17 01:11:39.161000,0.5085,,1,0.4915,0.241572,1,3
AF004170926,prod,51,moneyline,Away,2026-09-17 01:11:39.161000,0.4916,,0,0.4916,0.241671,1,3
AF004170926,prod,52,spread,Home,2026-09-17 01:11:39.161000,0.4882,1.5,1,0.5118,0.261939,1,3
AF004170926,prod,53,spread,Away,2026-09-17 01:11:39.161000,0.5118,-1.5,0,0.5118,0.261939,1,3
AF004170926,prod,54,total,Over,2026-09-17 01:11:39.161000,0.4986,34.5,0,0.4986,0.248602,1,5
AF004170926,prod,55,total,Under,2026-09-17 01:11:39.161000,0.5014,34.5,1,0.4986,0.248602,1,5
AF004170926,candidate,50,moneyline,Home,2026-09-17 01:11:39.161000,0.543,,1,0.457,0.208849,1,2
AF004170926,candidate,51,moneyline,Away,2026-09-17 01:11:39.161000,0.457,,0,0.457,0.208849,1,2
AF004170926,candidate,52,spread,Home,2026-09-17 01:11:39.161000,0.505,1.5,1,0.495,0.245025,1,2
AF004170926,candidate,53,spread,Away,2026-09-17 01:11:39.161000,0.495,-1.5,0,0.495,0.245025,1,2
AF004170926,candidate,54,total,Over,2026-09-17 01:11:39.161000,0.4935,27.5,0,0.4935,0.243542,1,2
AF004170926,candidate,55,total,Under,2026-09-17 01:11:39.161000,0.5065,27.5,1,0.4935,0.243542,1,2
AF004180926,prod,50,moneyline,Home,2026-09-18 01:11:32.128000,0.3923,,0,0.3923,0.153899,1,3
AF004180926,prod,51,moneyline,Away,2026-09-18 01:11:32.128000,0.6078,,1,0.3922,0.153821,1,3
AF004180926,prod,52,spread,Home,2026-09-18 01:11:32.128000,0.4403,-2.5,0,0.4403,0.193864,1,5
AF004180926,prod,53,spread,Away,2026-09-18 01:11:32.128000,0.5597,2.5,1,0.4403,0.193864,1,5
AF004180926,candidate,50,moneyline,Home,2026-09-18 01:11:32.128000,0.5075,,0,0.5075,0.257556,1,2
AF004180926,candidate,51,moneyline,Away,2026-09-18 01:11:32.128000,0.4925,,1,0.5075,0.257556,1,2
AF004180926,candidate,52,spread,Home,2026-09-18 01:11:32.128000,0.5075,0.5,0,0.5075,0.257556,1,2
AF004180926,candidate,53,spread,Away,2026-09-18 01:11:32.128000,0.4925,-0.5,1,0.5075,0.257556,1,2
AF004180926,candidate,54,total,Over,2026-09-18 01:11:32.128000,0.4925,29.5,1,0.5075,0.257556,1,2
AF004180926,candidate,55,total,Under,2026-09-18 01:11:32.128000,0.5075,29.5,0,0.5075,0.257556,1,2
AF004190926,prod,50,moneyline,Home,2026-09-19 01:11:45.495000,0.484,,0,0.484,0.234256,1,3
AF004190926,prod,51,moneyline,Away,2026-09-19 01:11:45.495000,0.516,,1,0.484,0.234256,1,3
AF004190926,prod,52,spread,Home,2026-09-19 01:11:45.495000,0.5064,-1.5,0,0.5064,0.256441,1,3
AF004190926,prod,53,spread,Away,2026-09-19 01:11:45.495000,0.4936,1.5,1,0.5064,0.256441,1,3
AF004190926,prod,54,total,Over,2026-09-19 01:11:45.495000,0.5039,34.5,0,0.5039,0.253915,1,3
AF004190926,prod,55,total,Under,2026-09-19 01:11:45.495000,0.4961,34.5,1,0.5039,0.253915,1,3
AF004190926,candidate,50,moneyline,Home,2026-09-19 01:11:45.495000,0.4995,,0,0.4995,0.2495,1,2
AF004190926,candidate,51,moneyline,Away,2026-09-19 01:11:45.495000,0.5005,,1,0.4995,0.2495,1,2
AF004190926,candidate,52,spread,Home,2026-09-19 01:11:45.495000,0.4995,0.5,0,0.4995,0.2495,1,2
AF004190926,candidate,53,spread,Away,2026-09-19 01:11:45.495000,0.5005,-0.5,1,0.4995,0.2495,1,2
AF004190926,candidate,54,total,Over,2026-09-19 01:11:45.495000,0.503,32.5,0,0.503,0.253009,1,2
AF004190926,candidate,55,total,Under,2026-09-19 01:11:45.495000,0.497,32.5,1,0.503,0.253009,1,2
AF004220926,prod,50,moneyline,Home,2026-09-22 01:11:08.186000,0.5081,,0,0.5081,0.258166,1,3
AF004220926,prod,51,moneyline,Away,2026-09-22 01:11:08.186000,0.4919,,1,0.5081,0.258166,1,3
AF004220926,prod,52,spread,Home,2026-09-22 01:11:08.186000,0.4867,1.5,0,0.4867,0.236877,1,3
AF004220926,prod,53,spread,Away,2026-09-22 01:11:08.186000,0.5133,-1.5,1,0.4867,0.236877,1,3
AF004220926,prod,54,total,Over,2026-09-22 01:11:08.186000,0.4784,31.5,1,0.5216,0.272067,1,3
AF004220926,prod,55,total,Under,2026-09-22 01:11:08.186000,0.5216,31.5,0,0.5216,0.272067,1,3
AF004220926,candidate,50,moneyline,Home,2026-09-22 01:11:08.186000,0.422,,0,0.422,0.178084,1,2
AF004220926,candidate,51,moneyline,Away,2026-09-22 01:11:08.186000,0.578,,1,0.422,0.178084,1,2
AF004220926,candidate,52,spread,Home,2026-09-22 01:11:08.186000,0.469,-2.5,1,0.531,0.281961,1,2
AF004220926,candidate,53,spread,Away,2026-09-22 01:11:08.186000,0.531,2.5,0,0.531,0.281961,1,2
AF004220926,candidate,54,total,Over,2026-09-22 01:11:08.186000,0.4895,28.5,1,0.5105,0.26061,1,2
AF004220926,candidate,55,total,Under,2026-09-22 01:11:08.186000,0.5105,28.5,0,0.5105,0.26061,1,2
AF005170926,prod,50,moneyline,Home,2026-09-17 01:37:43.505000,0.4302,,0,0.4302,0.185072,1,3
AF005170926,prod,51,moneyline,Away,2026-09-17 01:37:43.505000,0.5699,,1,0.4301,0.184986,1,3
AF005170926,prod,52,spread,Home,2026-09-17 01:37:43.505000,0.4798,-2.5,0,0.4798,0.230208,1,3
AF005170926,prod,53,spread,Away,2026-09-17 01:37:43.505000,0.5202,2.5,1,0.4798,0.230208,1,3
AF005170926,prod,54,total,Over,2026-09-17 01:37:43.505000,0.5246,34.5,0,0.5246,0.275205,1,3
AF005170926,prod,55,total,Under,2026-09-17 01:37:43.505000,0.4754,34.5,1,0.5246,0.275205,1,3
AF005170926,candidate,50,moneyline,Home,2026-09-17 01:37:43.505000,0.553,,0,0.553,0.305809,1,2
AF005170926,candidate,51,moneyline,Away,2026-09-17 01:37:43.505000,0.447,,1,0.553,0.305809,1,2
AF005170926,candidate,52,spread,Home,2026-09-17 01:37:43.505000,0.493,2.5,0,0.493,0.243049,1,2
AF005170926,candidate,53,spread,Away,2026-09-17 01:37:43.505000,0.507,-2.5,1,0.493,0.243049,1,2
AF005170926,candidate,54,total,Over,2026-09-17 01:37:43.505000,0.505,33.5,0,0.505,0.255025,1,2
AF005170926,candidate,55,total,Under,2026-09-17 01:37:43.505000,0.495,33.5,1,0.505,0.255025,1,2
AF005180926,prod,50,moneyline,Home,2026-09-18 01:37:35.291000,0.4413,,0,0.4413,0.194746,1,3
AF005180926,prod,51,moneyline,Away,2026-09-18 01:37:35.291000,0.5587,,1,0.4413,0.194746,1,3
AF005180926,prod,52,spread,Home,2026-09-18 01:37:35.291000,0.4839,-2.5,0,0.4839,0.234159,1,3
AF005180926,prod,53,spread,Away,2026-09-18 01:37:35.291000,0.5161,2.5,1,0.4839,0.234159,1,3
AF005180926,prod,54,total,Over,2026-09-18 01:37:35.291000,0.4959,35.5,1,0.5041,0.254117,1,3
AF005180926,prod,55,total,Under,2026-09-18 01:37:35.291000,0.5041,35.5,0,0.5041,0.254117,1,3
AF005180926,candidate,50,moneyline,Home,2026-09-18 01:37:35.291000,0.504,,0,0.504,0.254016,1,2
AF005180926,candidate,51,moneyline,Away,2026-09-18 01:37:35.291000,0.496,,1,0.504,0.254016,1,2
AF005180926,candidate,52,spread,Home,2026-09-18 01:37:35.291000,0.504,0.5,0,0.504,0.254016,1,2
AF005180926,candidate,53,spread,Away,2026-09-18 01:37:35.291000,0.496,-0.5,1,0.504,0.254016,1,2
AF005180926,candidate,54,total,Over,2026-09-18 01:37:35.291000,0.5165,37.5,1,0.4835,0.233772,1,2
AF005180926,candidate,55,total,Under,2026-09-18 01:37:35.291000,0.4835,37.5,0,0.4835,0.233772,1,2
AF005190926,prod,50,moneyline,Home,2026-09-19 01:37:22.847000,0.5177,,0,0.5177,0.268013,1,3
AF005190926,prod,51,moneyline,Away,2026-09-19 01:37:22.847000,0.4824,,1,0.5176,0.26791,1,3
AF005190926,prod,52,spread,Home,2026-09-19 01:37:22.847000,0.4957,1.5,0,0.4957,0.245718,1,3
AF005190926,prod,53,spread,Away,2026-09-19 01:37:22.847000,0.5043,-1.5,1,0.4957,0.245718,1,3
AF005190926,prod,54,total,Over,2026-09-19 01:37:22.847000,0.4807,38.5,1,0.5193,0.269672,1,3
AF005190926,prod,55,total,Under,2026-09-19 01:37:22.847000,0.5193,38.5,0,0.5193,0.269672,1,3
AF005190926,candidate,50,moneyline,Home,2026-09-19 01:37:22.847000,0.537,,0,0.537,0.288369,1,2
AF005190926,candidate,51,moneyline,Away,2026-09-19 01:37:22.847000,0.463,,1,0.537,0.288369,1,2
AF005190926,candidate,52,spread,Home,2026-09-19 01:37:22.847000,0.4915,1.5,0,0.4915,0.241572,1,2
AF005190926,candidate,53,spread,Away,2026-09-19 01:37:22.847000,0.5085,-1.5,1,0.4915,0.241572,1,2
AF005190926,candidate,54,total,Over,2026-09-19 01:37:22.847000,0.515,40.5,1,0.485,0.235225,1,2
AF005190926,candidate,55,total,Under,2026-09-19 01:37:22.847000,0.485,40.5,0,0.485,0.235225,1,2
AF005200926,prod,50,moneyline,Home,2026-09-20 01:37:13.604000,0.448,,1,0.552,0.304704,1,3
AF005200926,prod,51,moneyline,Away,2026-09-20 01:37:13.604000,0.5521,,0,0.5521,0.304814,1,3
AF005200926,prod,52,spread,Home,2026-09-20 01:37:13.604000,0.4908,-2.5,1,0.5092,0.259285,1,3
AF005200926,prod,53,spread,Away,2026-09-20 01:37:13.604000,0.5092,2.5,0,0.5092,0.259285,1,3
AF005200926,candidate,50,moneyline,Home,2026-09-20 01:37:13.604000,0.4342,,1,0.5658,0.32013,1,2
AF005200926,candidate,51,moneyline,Away,2026-09-20 01:37:13.604000,0.5658,,0,0.5658,0.32013,1,2
AF005200926,candidate,52,spread,Home,2026-09-20 01:37:13.604000,0.501,-2.5,1,0.499,0.249001,1,2
AF005200926,candidate,53,spread,Away,2026-09-20 01:37:13.604000,0.499,2.5,0,0.499,0.249001,1,2
AF005200926,candidate,54,total,Over,2026-09-20 01:37:13.604000,0.533,30.5,1,0.467,0.218089,1,2
AF005200926,candidate,55,total,Under,2026-09-20 01:37:13.604000,0.467,30.5,0,0.467,0.218089,1,2
AF005210926,prod,50,moneyline,Home,2026-09-21 01:37:20.729000,0.4749,,0,0.4749,0.22553,1,3
AF005210926,prod,51,moneyline,Away,2026-09-21 01:37:20.729000,0.5251,,1,0.4749,0.22553,1,3
AF005210926,prod,52,spread,Home,2026-09-21 01:37:20.729000,0.4956,-1.5,0,0.4956,0.245619,1,3
AF005210926,prod,53,spread,Away,2026-09-21 01:37:20.729000,0.5044,1.5,1,0.4956,0.245619,1,3
AF005210926,candidate,50,moneyline,Home,2026-09-21 01:37:20.729000,0.5065,,0,0.5065,0.256542,1,2
AF005210926,candidate,51,moneyline,Away,2026-09-21 01:37:20.729000,0.4935,,1,0.5065,0.256542,1,2
AF005210926,candidate,52,spread,Home,2026-09-21 01:37:20.729000,0.5065,0.5,0,0.5065,0.256542,1,2
AF005210926,candidate,53,spread,Away,2026-09-21 01:37:20.729000,0.4935,-0.5,1,0.5065,0.256542,1,2
AF005210926,candidate,54,total,Over,2026-09-21 01:37:20.729000,0.495,39.5,1,0.505,0.255025,1,2
AF005210926,candidate,55,total,Under,2026-09-21 01:37:20.729000,0.505,39.5,0,0.505,0.255025,1,2
AF005220926,prod,50,moneyline,Home,2026-09-22 01:37:16.345000,0.405,,1,0.595,0.354025,1,3
AF005220926,prod,51,moneyline,Away,2026-09-22 01:37:16.345000,0.5951,,0,0.5951,0.354144,1,3
AF005220926,prod,52,spread,Home,2026-09-22 01:37:16.345000,0.5375,-3.5,1,0.4625,0.213906,1,3
AF005220926,prod,53,spread,Away,2026-09-22 01:37:16.345000,0.4626,3.5,0,0.4626,0.213999,1,3
AF005220926,prod,54,total,Over,2026-09-22 01:37:16.345000,0.4975,37.5,0,0.4975,0.247506,1,3
AF005220926,prod,55,total,Under,2026-09-22 01:37:16.345000,0.5025,37.5,1,0.4975,0.247506,1,3
AF005220926,candidate,50,moneyline,Home,2026-09-22 01:37:16.345000,0.4635,,1,0.5365,0.287832,1,2
AF005220926,candidate,51,moneyline,Away,2026-09-22 01:37:16.345000,0.5365,,0,0.5365,0.287832,1,2
AF005220926,candidate,52,spread,Home,2026-09-22 01:37:16.345000,0.5045,-1.5,1,0.4955,0.24552,1,2
AF005220926,candidate,53,spread,Away,2026-09-22 01:37:16.345000,0.4955,1.5,0,0.4955,0.24552,1,2
AF005220926,candidate,54,total,Over,2026-09-22 01:37:16.345000,0.5,42.5,0,0.5,0.25,1,2
AF005220926,candidate,55,total,Under,2026-09-22 01:37:16.345000,0.5,42.5,1,0.5,0.25,1,2
AF006170926,prod,50,moneyline,Home,2026-09-17 01:47:56.393000,0.3556,,0,0.3556,0.126451,1,3
AF006170926,prod,51,moneyline,Away,2026-09-17 01:47:56.393000,0.6446,,1,0.3554,0.126309,1,3
AF006170926,prod,52,spread,Home,2026-09-17 01:47:56.393000,0.4865,-3.5,1,0.5135,0.263682,1,3
AF006170926,prod,53,spread,Away,2026-09-17 01:47:56.393000,0.5135,3.5,0,0.5135,0.263682,1,3
AF006170926,prod,54,total,Over,2026-09-17 01:47:56.393000,0.5038,37.5,0,0.5038,0.253814,1,3
AF006170926,prod,55,total,Under,2026-09-17 01:47:56.393000,0.4962,37.5,1,0.5038,0.253814,1,3
AF006170926,candidate,50,moneyline,Home,2026-09-17 01:47:56.393000,0.581,,0,0.581,0.337561,1,2
AF006170926,candidate,51,moneyline,Away,2026-09-17 01:47:56.393000,0.419,,1,0.581,0.337561,1,2
AF006170926,candidate,52,spread,Home,2026-09-17 01:47:56.393000,0.5135,2.5,0,0.5135,0.263682,1,2
AF006170926,candidate,53,spread,Away,2026-09-17 01:47:56.393000,0.4865,-2.5,1,0.5135,0.263682,1,2
AF006170926,candidate,54,total,Over,2026-09-17 01:47:56.393000,0.486,35.5,0,0.486,0.236196,1,2
AF006170926,candidate,55,total,Under,2026-09-17 01:47:56.393000,0.514,35.5,1,0.486,0.236196,1,2
AF006180926,prod,50,moneyline,Home,2026-09-18 01:47:31.246000,0.4428,,1,0.5572,0.310472,1,3
AF006180926,prod,51,moneyline,Away,2026-09-18 01:47:31.246000,0.5572,,0,0.5572,0.310472,1,3
AF006180926,prod,52,spread,Home,2026-09-18 01:47:31.246000,0.4872,-2.5,1,0.5128,0.262964,1,3
AF006180926,prod,53,spread,Away,2026-09-18 01:47:31.246000,0.5128,2.5,0,0.5128,0.262964,1,3
AF006180926,candidate,50,moneyline,Home,2026-09-18 01:47:31.246000,0.4585,,1,0.5415,0.293222,1,2
AF006180926,candidate,51,moneyline,Away,2026-09-18 01:47:31.246000,0.5415,,0,0.5415,0.293222,1,2
AF006180926,candidate,52,spread,Home,2026-09-18 01:47:31.246000,0.498,-1.5,1,0.502,0.252004,1,2
AF006180926,candidate,53,spread,Away,2026-09-18 01:47:31.246000,0.502,1.5,0,0.502,0.252004,1,2
AF006180926,candidate,54,total,Over,2026-09-18 01:47:31.246000,0.528,30.5,1,0.472,0.222784,1,2
AF006180926,candidate,55,total,Under,2026-09-18 01:47:31.246000,0.472,30.5,0,0.472,0.222784,1,2
AF006210926,prod,50,moneyline,Home,2026-09-21 01:48:38.928000,0.4722,,0,0.4722,0.222973,1,3
AF006210926,prod,51,moneyline,Away,2026-09-21 01:48:38.928000,0.5278,,1,0.4722,0.222973,1,3
AF006210926,prod,52,spread,Home,2026-09-21 01:48:38.928000,0.492,-1.5,0,0.492,0.242064,1,3
AF006210926,prod,53,spread,Away,2026-09-21 01:48:38.928000,0.508,1.5,1,0.492,0.242064,1,3
AF006210926,prod,54,total,Over,2026-09-21 01:48:38.928000,0.5011,32.5,1,0.4989,0.248901,1,3
AF006210926,prod,55,total,Under,2026-09-21 01:48:38.928000,0.4989,32.5,0,0.4989,0.248901,1,3
AF006210926,candidate,50,moneyline,Home,2026-09-21 01:48:38.928000,0.478,,0,0.478,0.228484,1,2
AF006210926,candidate,51,moneyline,Away,2026-09-21 01:48:38.928000,0.522,,1,0.478,0.228484,1,2
AF006210926,candidate,52,spread,Home,2026-09-21 01:48:38.928000,0.519,-1.5,0,0.519,0.269361,1,2
AF006210926,candidate,53,spread,Away,2026-09-21 01:48:38.928000,0.481,1.5,1,0.519,0.269361,1,2
AF006210926,candidate,54,total,Over,2026-09-21 01:48:38.928000,0.5305,30.5,1,0.4695,0.22043,1,2
AF006210926,candidate,55,total,Under,2026-09-21 01:48:38.928000,0.4695,30.5,0,0.4695,0.22043,1,2
AF007170926,prod,50,moneyline,Home,2026-09-17 02:13:40.977000,0.4805,,0,0.4805,0.23088,1,3
AF007170926,prod,51,moneyline,Away,2026-09-17 02:13:40.977000,0.5195,,1,0.4805,0.23088,1,3
AF007170926,prod,52,spread,Home,2026-09-17 02:13:40.977000,0.5021,-1.5,0,0.5021,0.252104,1,3
AF007170926,prod,53,spread,Away,2026-09-17 02:13:40.977000,0.4979,1.5,1,0.5021,0.252104,1,3
AF007170926,prod,54,total,Over,2026-09-17 02:13:40.977000,0.506,32.5,1,0.494,0.244036,1,5
AF007170926,prod,55,total,Under,2026-09-17 02:13:40.977000,0.494,32.5,0,0.494,0.244036,1,5
AF007170926,candidate,50,moneyline,Home,2026-09-17 02:13:40.977000,0.601,,0,0.601,0.361201,1,2
AF007170926,candidate,51,moneyline,Away,2026-09-17 02:13:40.977000,0.399,,1,0.601,0.361201,1,2
AF007170926,candidate,52,spread,Home,2026-09-17 02:13:40.977000,0.458,3.5,0,0.458,0.209764,1,2
AF007170926,candidate,53,spread,Away,2026-09-17 02:13:40.977000,0.542,-3.5,1,0.458,0.209764,1,2
AF007170926,candidate,54,total,Over,2026-09-17 02:13:40.977000,0.502,28.5,1,0.498,0.248004,1,2
AF007170926,candidate,55,total,Under,2026-09-17 02:13:40.977000,0.498,28.5,0,0.498,0.248004,1,2
AF007180926,prod,50,moneyline,Home,2026-09-18 02:13:27.889000,0.4372,,0,0.4372,0.191144,1,3
AF007180926,prod,51,moneyline,Away,2026-09-18 02:13:27.889000,0.5628,,1,0.4372,0.191144,1,3
AF007180926,prod,52,spread,Home,2026-09-18 02:13:27.889000,0.4824,-2.5,0,0.4824,0.23271,1,3
AF007180926,prod,53,spread,Away,2026-09-18 02:13:27.889000,0.5176,2.5,1,0.4824,0.23271,1,3
AF007180926,prod,54,total,Over,2026-09-18 02:13:27.889000,0.533,37.5,0,0.533,0.284089,1,5
AF007180926,prod,55,total,Under,2026-09-18 02:13:27.889000,0.467,37.5,1,0.533,0.284089,1,5
AF007180926,candidate,50,moneyline,Home,2026-09-18 02:13:27.889000,0.508,,0,0.508,0.258064,1,2
AF007180926,candidate,51,moneyline,Away,2026-09-18 02:13:27.889000,0.492,,1,0.508,0.258064,1,2
AF007180926,candidate,52,spread,Home,2026-09-18 02:13:27.889000,0.508,0.5,0,0.508,0.258064,1,2
AF007180926,candidate,53,spread,Away,2026-09-18 02:13:27.889000,0.492,-0.5,1,0.508,0.258064,1,2
AF007180926,candidate,54,total,Over,2026-09-18 02:13:27.889000,0.4945,42.5,0,0.4945,0.24453,1,2
AF007180926,candidate,55,total,Under,2026-09-18 02:13:27.889000,0.5055,42.5,1,0.4945,0.24453,1,2
AF007190926,prod,50,moneyline,Home,2026-09-19 02:13:12.490000,0.5352,,1,0.4648,0.216039,1,3
AF007190926,prod,51,moneyline,Away,2026-09-19 02:13:12.490000,0.4648,,0,0.4648,0.216039,1,3
AF007190926,prod,52,spread,Home,2026-09-19 02:13:12.490000,0.4872,2.5,1,0.5128,0.262964,1,3
AF007190926,prod,53,spread,Away,2026-09-19 02:13:12.490000,0.5128,-2.5,0,0.5128,0.262964,1,3
AF007190926,prod,54,total,Over,2026-09-19 02:13:12.490000,0.5135,37.5,1,0.4865,0.236682,1,3
AF007190926,prod,55,total,Under,2026-09-19 02:13:12.490000,0.4865,37.5,0,0.4865,0.236682,1,3
AF007190926,candidate,50,moneyline,Home,2026-09-19 02:13:12.490000,0.502,,1,0.498,0.248004,1,2
AF007190926,candidate,51,moneyline,Away,2026-09-19 02:13:12.490000,0.498,,0,0.498,0.248004,1,2
AF007190926,candidate,52,spread,Home,2026-09-19 02:13:12.490000,0.502,0.5,1,0.498,0.248004,1,2
AF007190926,candidate,53,spread,Away,2026-09-19 02:13:12.490000,0.498,-0.5,0,0.498,0.248004,1,2
AF007190926,candidate,54,total,Over,2026-09-19 02:13:12.490000,0.516,34.5,1,0.484,0.234256,1,2
AF007190926,candidate,55,total,Under,2026-09-19 02:13:12.490000,0.484,34.5,0,0.484,0.234256,1,2
AF007200926,prod,50,moneyline,Home,2026-09-20 02:13:22.903000,0.4485,,0,0.4485,0.201152,1,3
AF007200926,prod,51,moneyline,Away,2026-09-20 02:13:22.903000,0.5515,,1,0.4485,0.201152,1,3
AF007200926,prod,52,spread,Home,2026-09-20 02:13:22.903000,0.4927,-2.5,0,0.4927,0.242753,1,3
AF007200926,prod,53,spread,Away,2026-09-20 02:13:22.903000,0.5074,2.5,1,0.4926,0.242655,1,3
AF007200926,prod,54,total,Over,2026-09-20 02:13:22.903000,0.493,33.5,1,0.507,0.257049,1,5
AF007200926,prod,55,total,Under,2026-09-20 02:13:22.903000,0.507,33.5,0,0.507,0.257049,1,5
AF007200926,candidate,50,moneyline,Home,2026-09-20 02:13:22.903000,0.431,,0,0.431,0.185761,1,2
AF007200926,candidate,51,moneyline,Away,2026-09-20 02:13:22.903000,0.569,,1,0.431,0.185761,1,2
AF007200926,candidate,52,spread,Home,2026-09-20 02:13:22.903000,0.491,-2.5,0,0.491,0.241081,1,2
AF007200926,candidate,53,spread,Away,2026-09-20 02:13:22.903000,0.509,2.5,1,0.491,0.241081,1,2
AF007200926,candidate,54,total,Over,2026-09-20 02:13:22.903000,0.4595,31.5,1,0.5405,0.29214,1,2
AF007200926,candidate,55,total,Under,2026-09-20 02:13:22.903000,0.5405,31.5,0,0.5405,0.29214,1,2
AF007210926,prod,50,moneyline,Home,2026-09-21 02:13:28.164000,0.5132,,0,0.5132,0.263374,1,3
AF007210926,prod,51,moneyline,Away,2026-09-21 02:13:28.164000,0.4868,,1,0.5132,0.263374,1,3
AF007210926,prod,52,spread,Home,2026-09-21 02:13:28.164000,0.4942,1.5,0,0.4942,0.244234,1,3
AF007210926,prod,53,spread,Away,2026-09-21 02:13:28.164000,0.5058,-1.5,1,0.4942,0.244234,1,3
AF007210926,prod,54,total,Over,2026-09-21 02:13:28.164000,0.5134,37.5,1,0.4866,0.23678,1,3
AF007210926,prod,55,total,Under,2026-09-21 02:13:28.164000,0.4866,37.5,0,0.4866,0.23678,1,3
AF007210926,candidate,50,moneyline,Home,2026-09-21 02:13:28.164000,0.5765,,0,0.5765,0.332352,1,2
AF007210926,candidate,51,moneyline,Away,2026-09-21 02:13:28.164000,0.4235,,1,0.5765,0.332352,1,2
AF007210926,candidate,52,spread,Home,2026-09-21 02:13:28.164000,0.493,2.5,0,0.493,0.243049,1,2
AF007210926,candidate,53,spread,Away,2026-09-21 02:13:28.164000,0.507,-2.5,1,0.493,0.243049,1,2
AF007210926,candidate,54,total,Over,2026-09-21 02:13:28.164000,0.4955,44.5,1,0.5045,0.25452,1,2
AF007210926,candidate,55,total,Under,2026-09-21 02:13:28.164000,0.5045,44.5,0,0.5045,0.25452,1,2
AF007220926,prod,50,moneyline,Home,2026-09-22 02:13:19.350000,0.5426,,0,0.5426,0.294415,1,3
AF007220926,prod,51,moneyline,Away,2026-09-22 02:13:19.350000,0.4575,,1,0.5425,0.294306,1,3
AF007220926,prod,52,spread,Home,2026-09-22 02:13:19.350000,0.4945,2.5,0,0.4945,0.24453,1,3
AF007220926,prod,53,spread,Away,2026-09-22 02:13:19.350000,0.5055,-2.5,1,0.4945,0.24453,1,3
AF007220926,prod,54,total,Over,2026-09-22 02:13:19.350000,0.4932,39.5,0,0.4932,0.243246,1,5
AF007220926,prod,55,total,Under,2026-09-22 02:13:19.350000,0.5068,39.5,1,0.4932,0.243246,1,5
AF007220926,candidate,50,moneyline,Home,2026-09-22 02:13:19.350000,0.5405,,0,0.5405,0.29214,1,2
AF007220926,candidate,51,moneyline,Away,2026-09-22 02:13:19.350000,0.4595,,1,0.5405,0.29214,1,2
AF007220926,candidate,52,spread,Home,2026-09-22 02:13:19.350000,0.502,1.5,0,0.502,0.252004,1,2
AF007220926,candidate,53,spread,Away,2026-09-22 02:13:19.350000,0.498,-1.5,1,0.502,0.252004,1,2
AF007220926,candidate,54,total,Over,2026-09-22 02:13:19.350000,0.5095,42.5,0,0.5095,0.25959,1,2
AF007220926,candidate,55,total,Under,2026-09-22 02:13:19.350000,0.4905,42.5,1,0.5095,0.25959,1,2
AF008170926,prod,50,moneyline,Home,2026-09-17 02:23:21.837000,0.5062,,1,0.4938,0.243838,1,3
AF008170926,prod,51,moneyline,Away,2026-09-17 02:23:21.837000,0.4938,,0,0.4938,0.243838,1,3
AF008170926,prod,52,spread,Home,2026-09-17 02:23:21.837000,0.486,1.5,1,0.514,0.264196,1,5
AF008170926,prod,53,spread,Away,2026-09-17 02:23:21.837000,0.514,-1.5,0,0.514,0.264196,1,5
AF008170926,prod,54,total,Over,2026-09-17 02:23:21.837000,0.5116,33.5,0,0.5116,0.261735,1,3
AF008170926,prod,55,total,Under,2026-09-17 02:23:21.837000,0.4884,33.5,1,0.5116,0.261735,1,3
AF008170926,candidate,50,moneyline,Home,2026-09-17 02:23:21.837000,0.479,,1,0.521,0.271441,1,2
AF008170926,candidate,51,moneyline,Away,2026-09-17 02:23:21.837000,0.521,,0,0.521,0.271441,1,2
AF008170926,candidate,52,spread,Home,2026-09-17 02:23:21.837000,0.5115,-1.5,1,0.4885,0.238632,1,2
AF008170926,candidate,53,spread,Away,2026-09-17 02:23:21.837000,0.4885,1.5,0,0.4885,0.238632,1,2
AF008170926,candidate,54,total,Over,2026-09-17 02:23:21.837000,0.5105,27.5,0,0.5105,0.26061,1,2
AF008170926,candidate,55,total,Under,2026-09-17 02:23:21.837000,0.4895,27.5,1,0.5105,0.26061,1,2
AF008180926,prod,50,moneyline,Home,2026-09-18 02:23:14.691000,0.615,,1,0.385,0.148225,1,3
AF008180926,prod,51,moneyline,Away,2026-09-18 02:23:14.691000,0.3851,,0,0.3851,0.148302,1,3
AF008180926,prod,52,spread,Home,2026-09-18 02:23:14.691000,0.4372,3.5,1,0.5628,0.316744,1,3
AF008180926,prod,53,spread,Away,2026-09-18 02:23:14.691000,0.5628,-3.5,0,0.5628,0.316744,1,3
AF008180926,prod,54,total,Over,2026-09-18 02:23:14.691000,0.5084,31.5,0,0.5084,0.258471,1,3
AF008180926,prod,55,total,Under,2026-09-18 02:23:14.691000,0.4916,31.5,1,0.5084,0.258471,1,3
AF008180926,candidate,50,moneyline,Home,2026-09-18 02:23:14.691000,0.511,,1,0.489,0.239121,1,2
AF008180926,candidate,51,moneyline,Away,2026-09-18 02:23:14.691000,0.489,,0,0.489,0.239121,1,2
AF008180926,candidate,52,spread,Home,2026-09-18 02:23:14.691000,0.511,0.5,1,0.489,0.239121,1,2
AF008180926,candidate,53,spread,Away,2026-09-18 02:23:14.691000,0.489,-0.5,0,0.489,0.239121,1,2
AF008180926,candidate,54,total,Over,2026-09-18 02:23:14.691000,0.4945,29.5,0,0.4945,0.24453,1,2
AF008180926,candidate,55,total,Under,2026-09-18 02:23:14.691000,0.5055,29.5,1,0.4945,0.24453,1,2
AF008190926,prod,50,moneyline,Home,2026-09-19 02:24:12.879000,0.507,,0,0.507,0.257049,1,3
AF008190926,prod,51,moneyline,Away,2026-09-19 02:24:12.879000,0.493,,1,0.507,0.257049,1,3
AF008190926,prod,52,spread,Home,2026-09-19 02:24:12.879000,0.4864,1.5,0,0.4864,0.236585,1,3
AF008190926,prod,53,spread,Away,2026-09-19 02:24:12.879000,0.5136,-1.5,1,0.4864,0.236585,1,3
AF008190926,prod,54,total,Over,2026-09-19 02:24:12.879000,0.5019,34.5,1,0.4981,0.248104,1,3
AF008190926,prod,55,total,Under,2026-09-19 02:24:12.879000,0.4981,34.5,0,0.4981,0.248104,1,3
AF008190926,candidate,50,moneyline,Home,2026-09-19 02:24:12.879000,0.5345,,0,0.5345,0.28569,1,2
AF008190926,candidate,51,moneyline,Away,2026-09-19 02:24:12.879000,0.4655,,1,0.5345,0.28569,1,2
AF008190926,candidate,52,spread,Home,2026-09-19 02:24:12.879000,0.486,1.5,0,0.486,0.236196,1,2
AF008190926,candidate,53,spread,Away,2026-09-19 02:24:12.879000,0.514,-1.5,1,0.486,0.236196,1,2
AF008190926,candidate,54,total,Over,2026-09-19 02:24:12.879000,0.5035,32.5,1,0.4965,0.246512,1,2
AF008190926,candidate,55,total,Under,2026-09-19 02:24:12.879000,0.4965,32.5,0,0.4965,0.246512,1,2
AF008200926,prod,50,moneyline,Home,2026-09-20 02:23:15.902000,0.6866,,1,0.3134,0.09822,1,3
AF008200926,prod,51,moneyline,Away,2026-09-20 02:23:15.902000,0.3139,,0,0.3139,0.098533,1,3
AF008200926,prod,52,spread,Home,2026-09-20 02:23:15.902000,0.5205,3.5,1,0.4795,0.22992,1,3
AF008200926,prod,53,spread,Away,2026-09-20 02:23:15.902000,0.4795,-3.5,0,0.4795,0.22992,1,3
AF008200926,prod,54,total,Over,2026-09-20 02:23:15.902000,0.4532,31.5,0,0.4532,0.20539,1,3
AF008200926,prod,55,total,Under,2026-09-20 02:23:15.902000,0.5468,31.5,1,0.4532,0.20539,1,3
AF008200926,candidate,50,moneyline,Home,2026-09-20 02:23:15.902000,0.632,,1,0.368,0.135424,1,2
AF008200926,candidate,51,moneyline,Away,2026-09-20 02:23:15.902000,0.368,,0,0.368,0.135424,1,2
AF008200926,candidate,52,spread,Home,2026-09-20 02:23:15.902000,0.449,3.5,1,0.551,0.303601,1,2
AF008200926,candidate,53,spread,Away,2026-09-20 02:23:15.902000,0.551,-3.5,0,0.551,0.303601,1,2
AF008200926,candidate,54,total,Over,2026-09-20 02:23:15.902000,0.5,28.5,0,0.5,0.25,1,2
AF008200926,candidate,55,total,Under,2026-09-20 02:23:15.902000,0.5,28.5,1,0.5,0.25,1,2
AF008220926,prod,50,moneyline,Home,2026-09-22 02:23:20.692000,0.5068,,1,0.4932,0.243246,1,3
AF008220926,prod,51,moneyline,Away,2026-09-22 02:23:20.692000,0.4933,,0,0.4933,0.243345,1,3
AF008220926,prod,52,spread,Home,2026-09-22 02:23:20.692000,0.4882,1.5,1,0.5118,0.261939,1,3
AF008220926,prod,53,spread,Away,2026-09-22 02:23:20.692000,0.5118,-1.5,0,0.5118,0.261939,1,3
AF008220926,prod,54,total,Over,2026-09-22 02:23:20.692000,0.4726,31.5,0,0.4726,0.223351,1,3
AF008220926,prod,55,total,Under,2026-09-22 02:23:20.692000,0.5274,31.5,1,0.4726,0.223351,1,3
AF008220926,candidate,50,moneyline,Home,2026-09-22 02:23:20.692000,0.61,,1,0.39,0.1521,1,2
AF008220926,candidate,51,moneyline,Away,2026-09-22 02:23:20.692000,0.39,,0,0.39,0.1521,1,2
AF008220926,candidate,52,spread,Home,2026-09-22 02:23:20.692000,0.5445,2.5,1,0.4555,0.20748,1,2
AF008220926,candidate,53,spread,Away,2026-09-22 02:23:20.692000,0.4555,-2.5,0,0.4555,0.20748,1,2
AF008220926,candidate,54,total,Over,2026-09-22 02:23:20.692000,0.4855,28.5,0,0.4855,0.23571,1,2
AF008220926,candidate,55,total,Under,2026-09-22 02:23:20.692000,0.5145,28.5,1,0.4855,0.23571,1,2
AF009170926,prod,50,moneyline,Home,2026-09-17 02:50:32.816000,0.5014,,0,0.5014,0.251402,1,3
AF009170926,prod,51,moneyline,Away,2026-09-17 02:50:32.816000,0.4986,,1,0.5014,0.251402,1,3
AF009170926,candidate,50,moneyline,Home,2026-09-17 02:50:32.816000,0.5178,,0,0.5178,0.268117,1,2
AF009170926,candidate,51,moneyline,Away,2026-09-17 02:50:32.816000,0.4822,,1,0.5178,0.268117,1,2
AF009170926,candidate,52,spread,Home,2026-09-17 02:50:32.816000,0.5175,0.5,0,0.5175,0.267806,1,2
AF009170926,candidate,53,spread,Away,2026-09-17 02:50:32.816000,0.4825,-0.5,1,0.5175,0.267806,1,2
AF009170926,candidate,54,total,Over,2026-09-17 02:50:32.816000,0.5275,30.5,1,0.4725,0.223256,1,2
AF009170926,candidate,55,total,Under,2026-09-17 02:50:32.816000,0.4725,30.5,0,0.4725,0.223256,1,2
AF009180926,prod,50,moneyline,Home,2026-09-18 02:49:27.650000,0.4683,,0,0.4683,0.219305,1,3
AF009180926,prod,51,moneyline,Away,2026-09-18 02:49:27.650000,0.5317,,1,0.4683,0.219305,1,3
AF009180926,prod,54,total,Over,2026-09-18 02:49:27.650000,0.5026,37.5,0,0.5026,0.252607,1,3
AF009180926,prod,55,total,Under,2026-09-18 02:49:27.650000,0.4974,37.5,1,0.5026,0.252607,1,3
AF009180926,candidate,50,moneyline,Home,2026-09-18 02:49:27.650000,0.554,,0,0.554,0.306916,1,2
AF009180926,candidate,51,moneyline,Away,2026-09-18 02:49:27.650000,0.446,,1,0.554,0.306916,1,2
AF009180926,candidate,52,spread,Home,2026-09-18 02:49:27.650000,0.5075,1.5,0,0.5075,0.257556,1,2
AF009180926,candidate,53,spread,Away,2026-09-18 02:49:27.650000,0.4925,-1.5,1,0.5075,0.257556,1,2
AF009180926,candidate,54,total,Over,2026-09-18 02:49:27.650000,0.511,40.5,0,0.511,0.261121,1,2
AF009180926,candidate,55,total,Under,2026-09-18 02:49:27.650000,0.489,40.5,1,0.511,0.261121,1,2
AF009200926,prod,50,moneyline,Home,2026-09-20 02:49:16.870000,0.5282,,0,0.5282,0.278995,1,3
AF009200926,prod,51,moneyline,Away,2026-09-20 02:49:16.870000,0.4718,,1,0.5282,0.278995,1,3
AF009200926,prod,52,spread,Home,2026-09-20 02:49:16.870000,0.5053,1.5,0,0.5053,0.255328,1,3
AF009200926,prod,53,spread,Away,2026-09-20 02:49:16.870000,0.4947,-1.5,1,0.5053,0.255328,1,3
AF009200926,candidate,50,moneyline,Home,2026-09-20 02:49:16.870000,0.534,,0,0.534,0.285156,1,2
AF009200926,candidate,51,moneyline,Away,2026-09-20 02:49:16.870000,0.466,,1,0.534,0.285156,1,2
AF009200926,candidate,52,spread,Home,2026-09-20 02:49:16.870000,0.493,1.5,0,0.493,0.243049,1,2
AF009200926,candidate,53,spread,Away,2026-09-20 02:49:16.870000,0.507,-1.5,1,0.493,0.243049,1,2
AF009200926,candidate,54,total,Over,2026-09-20 02:49:16.870000,0.4955,30.5,0,0.4955,0.24552,1,2
AF009200926,candidate,55,total,Under,2026-09-20 02:49:16.870000,0.5045,30.5,1,0.4955,0.24552,1,2
AF009210926,prod,50,moneyline,Home,2026-09-21 02:49:39.053000,0.4316,,1,0.5684,0.323079,1,3
AF009210926,prod,51,moneyline,Away,2026-09-21 02:49:39.053000,0.5684,,0,0.5684,0.323079,1,3
AF009210926,prod,52,spread,Home,2026-09-21 02:49:39.053000,0.4794,-2.5,1,0.5206,0.271024,1,3
AF009210926,prod,53,spread,Away,2026-09-21 02:49:39.053000,0.5206,2.5,0,0.5206,0.271024,1,3
AF009210926,prod,54,total,Over,2026-09-21 02:49:39.053000,0.4954,37.5,0,0.4954,0.245421,1,3
AF009210926,prod,55,total,Under,2026-09-21 02:49:39.053000,0.5046,37.5,1,0.4954,0.245421,1,3
AF009210926,candidate,50,moneyline,Home,2026-09-21 02:49:39.053000,0.4607,,1,0.5393,0.290844,1,2
AF009210926,candidate,51,moneyline,Away,2026-09-21 02:49:39.053000,0.5393,,0,0.5393,0.290844,1,2
AF009210926,candidate,52,spread,Home,2026-09-21 02:49:39.053000,0.5015,-1.5,1,0.4985,0.248502,1,2
AF009210926,candidate,53,spread,Away,2026-09-21 02:49:39.053000,0.4985,1.5,0,0.4985,0.248502,1,2
AF009210926,candidate,54,total,Over,2026-09-21 02:49:39.053000,0.5245,37.5,0,0.5245,0.2751,1,2
AF009210926,candidate,55,total,Under,2026-09-21 02:49:39.053000,0.4755,37.5,1,0.5245,0.2751,1,2
AF009220926,prod,50,moneyline,Home,2026-09-22 02:49:19.418000,0.3816,,0,0.3816,0.145619,1,3
AF009220926,prod,51,moneyline,Away,2026-09-22 02:49:19.418000,0.6185,,1,0.3815,0.145542,1,3
AF009220926,prod,52,spread,Home,2026-09-22 02:49:19.418000,0.5227,-3.5,1,0.4773,0.227815,1,3
AF009220926,prod,53,spread,Away,2026-09-22 02:49:19.418000,0.4773,3.5,0,0.4773,0.227815,1,3
AF009220926,prod,54,total,Over,2026-09-22 02:49:19.418000,0.4927,39.5,1,0.5073,0.257353,1,5
AF009220926,prod,55,total,Under,2026-09-22 02:49:19.418000,0.5073,39.5,0,0.5073,0.257353,1,5
AF009220926,candidate,50,moneyline,Home,2026-09-22 02:49:19.418000,0.3145,,0,0.3145,0.09891,1,2
AF009220926,candidate,51,moneyline,Away,2026-09-22 02:49:19.418000,0.6855,,1,0.3145,0.09891,1,2
AF009220926,candidate,52,spread,Home,2026-09-22 02:49:19.418000,0.511,-3.5,1,0.489,0.239121,1,2
AF009220926,candidate,53,spread,Away,2026-09-22 02:49:19.418000,0.489,3.5,0,0.489,0.239121,1,2
AF009220926,candidate,54,total,Over,2026-09-22 02:49:19.418000,0.497,46.5,1,0.503,0.253009,1,2
AF009220926,candidate,55,total,Under,2026-09-22 02:49:19.418000,0.503,46.5,0,0.503,0.253009,1,2
AF010170926,prod,50,moneyline,Home,2026-09-17 02:59:36.813000,0.4973,,0,0.4973,0.247307,1,3
AF010170926,prod,51,moneyline,Away,2026-09-17 02:59:36.813000,0.5027,,1,0.4973,0.247307,1,3
AF010170926,prod,52,spread,Home,2026-09-17 02:59:36.813000,0.5165,-1.5,0,0.5165,0.266772,1,3
AF010170926,prod,53,spread,Away,2026-09-17 02:59:36.813000,0.4835,1.5,1,0.5165,0.266772,1,3
AF010170926,prod,54,total,Over,2026-09-17 02:59:36.813000,0.5042,35.5,0,0.5042,0.254218,1,3
AF010170926,prod,55,total,Under,2026-09-17 02:59:36.813000,0.4958,35.5,1,0.5042,0.254218,1,3
AF010170926,candidate,50,moneyline,Home,2026-09-17 02:59:36.813000,0.4735,,0,0.4735,0.224202,1,2
AF010170926,candidate,51,moneyline,Away,2026-09-17 02:59:36.813000,0.5265,,1,0.4735,0.224202,1,2
AF010170926,candidate,52,spread,Home,2026-09-17 02:59:36.813000,0.5065,-1.5,0,0.5065,0.256542,1,2
AF010170926,candidate,53,spread,Away,2026-09-17 02:59:36.813000,0.4935,1.5,1,0.5065,0.256542,1,2
AF010170926,candidate,54,total,Over,2026-09-17 02:59:36.813000,0.5055,30.5,1,0.4945,0.24453,1,2
AF010170926,candidate,55,total,Under,2026-09-17 02:59:36.813000,0.4945,30.5,0,0.4945,0.24453,1,2
AF010180926,prod,50,moneyline,Home,2026-09-18 02:59:30.613000,0.4132,,1,0.5868,0.344334,1,3
AF010180926,prod,51,moneyline,Away,2026-09-18 02:59:30.613000,0.5869,,0,0.5869,0.344452,1,3
AF010180926,prod,52,spread,Home,2026-09-18 02:59:30.613000,0.4588,-2.5,1,0.5412,0.292897,1,3
AF010180926,prod,53,spread,Away,2026-09-18 02:59:30.613000,0.5412,2.5,0,0.5412,0.292897,1,3
AF010180926,prod,54,total,Over,2026-09-18 02:59:30.613000,0.5067,37.5,1,0.4933,0.243345,1,3
AF010180926,prod,55,total,Under,2026-09-18 02:59:30.613000,0.4933,37.5,0,0.4933,0.243345,1,3
AF010180926,candidate,50,moneyline,Home,2026-09-18 02:59:30.613000,0.426,,1,0.574,0.329476,1,2
AF010180926,candidate,51,moneyline,Away,2026-09-18 02:59:30.613000,0.574,,0,0.574,0.329476,1,2
AF010180926,candidate,52,spread,Home,2026-09-18 02:59:30.613000,0.486,-2.5,1,0.514,0.264196,1,2
AF010180926,candidate,53,spread,Away,2026-09-18 02:59:30.613000,0.514,2.5,0,0.514,0.264196,1,2
AF010180926,candidate,54,total,Over,2026-09-18 02:59:30.613000,0.5375,30.5,1,0.4625,0.213906,1,2
AF010180926,candidate,55,total,Under,2026-09-18 02:59:30.613000,0.4625,30.5,0,0.4625,0.213906,1,2
AF010190926,prod,50,moneyline,Home,2026-09-19 02:59:32.167000,0.4763,,1,0.5237,0.274262,1,3
AF010190926,prod,51,moneyline,Away,2026-09-19 02:59:32.167000,0.5237,,0,0.5237,0.274262,1,3
AF010190926,prod,52,spread,Home,2026-09-19 02:59:32.167000,0.4997,-1.5,1,0.5003,0.2503,1,3
AF010190926,prod,53,spread,Away,2026-09-19 02:59:32.167000,0.5003,1.5,0,0.5003,0.2503,1,3
AF010190926,prod,54,total,Over,2026-09-19 02:59:32.167000,0.5207,34.5,1,0.4793,0.229728,1,3
AF010190926,prod,55,total,Under,2026-09-19 02:59:32.167000,0.4793,34.5,0,0.4793,0.229728,1,3
AF010190926,candidate,50,moneyline,Home,2026-09-19 02:59:32.167000,0.57,,1,0.43,0.1849,1,2
AF010190926,candidate,51,moneyline,Away,2026-09-19 02:59:32.167000,0.43,,0,0.43,0.1849,1,2
AF010190926,candidate,52,spread,Home,2026-09-19 02:59:32.167000,0.502,2.5,1,0.498,0.248004,1,2
AF010190926,candidate,53,spread,Away,2026-09-19 02:59:32.167000,0.498,-2.5,0,0.498,0.248004,1,2
AF010190926,candidate,54,total,Over,2026-09-19 02:59:32.167000,0.537,30.5,1,0.463,0.214369,1,2
AF010190926,candidate,55,total,Under,2026-09-19 02:59:32.167000,0.463,30.5,0,0.463,0.214369,1,2
AF010200926,prod,50,moneyline,Home,2026-09-20 02:59:22.745000,0.375,,0,0.375,0.140625,1,3
AF010200926,prod,51,moneyline,Away,2026-09-20 02:59:22.745000,0.6252,,1,0.3748,0.140475,1,3
AF010200926,prod,52,spread,Home,2026-09-20 02:59:22.745000,0.509,-3.5,1,0.491,0.241081,1,3
AF010200926,prod,53,spread,Away,2026-09-20 02:59:22.745000,0.491,3.5,0,0.491,0.241081,1,3
AF010200926,candidate,50,moneyline,Home,2026-09-20 02:59:22.745000,0.346,,0,0.346,0.119716,1,2
AF010200926,candidate,51,moneyline,Away,2026-09-20 02:59:22.745000,0.654,,1,0.346,0.119716,1,2
AF010200926,candidate,52,spread,Home,2026-09-20 02:59:22.745000,0.514,-3.5,1,0.486,0.236196,1,2
AF010200926,candidate,53,spread,Away,2026-09-20 02:59:22.745000,0.486,3.5,0,0.486,0.236196,1,2
AF010200926,candidate,54,total,Over,2026-09-20 02:59:22.745000,0.507,28.5,0,0.507,0.257049,1,2
AF010200926,candidate,55,total,Under,2026-09-20 02:59:22.745000,0.493,28.5,1,0.507,0.257049,1,2
AF010210926,prod,50,moneyline,Home,2026-09-21 02:59:52.517000,0.4966,,0,0.4966,0.246612,1,3
AF010210926,prod,51,moneyline,Away,2026-09-21 02:59:52.517000,0.5034,,1,0.4966,0.246612,1,3
AF010210926,prod,54,total,Over,2026-09-21 02:59:52.517000,0.5518,30.5,1,0.4482,0.200883,1,3
AF010210926,prod,55,total,Under,2026-09-21 02:59:52.517000,0.4482,30.5,0,0.4482,0.200883,1,3
AF010210926,candidate,50,moneyline,Home,2026-09-21 02:59:52.517000,0.421,,0,0.421,0.177241,1,2
AF010210926,candidate,51,moneyline,Away,2026-09-21 02:59:52.517000,0.579,,1,0.421,0.177241,1,2
AF010210926,candidate,52,spread,Home,2026-09-21 02:59:52.517000,0.4915,-2.5,0,0.4915,0.241572,1,2
AF010210926,candidate,53,spread,Away,2026-09-21 02:59:52.517000,0.5085,2.5,1,0.4915,0.241572,1,2
AF010210926,candidate,54,total,Over,2026-09-21 02:59:52.517000,0.4775,31.5,1,0.5225,0.273006,1,2
AF010210926,candidate,55,total,Under,2026-09-21 02:59:52.517000,0.5225,31.5,0,0.5225,0.273006,1,2
AF010220926,prod,50,moneyline,Home,2026-09-22 02:59:09.327000,0.4399,,0,0.4399,0.193512,1,3
AF010220926,prod,51,moneyline,Away,2026-09-22 02:59:09.327000,0.5602,,1,0.4398,0.193424,1,3
AF010220926,prod,52,spread,Home,2026-09-22 02:59:09.327000,0.483,-2.5,0,0.483,0.233289,1,3
AF010220926,prod,53,spread,Away,2026-09-22 02:59:09.327000,0.517,2.5,1,0.483,0.233289,1,3
AF010220926,prod,54,total,Over,2026-09-22 02:59:09.327000,0.5186,30.5,1,0.4814,0.231746,1,3
AF010220926,prod,55,total,Under,2026-09-22 02:59:09.327000,0.4814,30.5,0,0.4814,0.231746,1,3
AF010220926,candidate,50,moneyline,Home,2026-09-22 02:59:09.327000,0.5035,,0,0.5035,0.253512,1,2
AF010220926,candidate,51,moneyline,Away,2026-09-22 02:59:09.327000,0.4965,,1,0.5035,0.253512,1,2
AF010220926,candidate,52,spread,Home,2026-09-22 02:59:09.327000,0.5035,0.5,0,0.5035,0.253512,1,2
AF010220926,candidate,53,spread,Away,2026-09-22 02:59:09.327000,0.4965,-0.5,1,0.5035,0.253512,1,2
AF010220926,candidate,54,total,Over,2026-09-22 02:59:09.327000,0.499,30.5,1,0.501,0.251001,1,2
AF010220926,candidate,55,total,Under,2026-09-22 02:59:09.327000,0.501,30.5,0,0.501,0.251001,1,2
AF011170926,prod,50,moneyline,Home,2026-09-17 03:25:14.424000,0.5713,,0,0.5713,0.326384,1,3
AF011170926,prod,51,moneyline,Away,2026-09-17 03:25:14.424000,0.4287,,1,0.5713,0.326384,1,3
AF011170926,prod,52,spread,Home,2026-09-17 03:25:14.424000,0.5256,2.5,0,0.5256,0.276255,1,3
AF011170926,prod,53,spread,Away,2026-09-17 03:25:14.424000,0.4744,-2.5,1,0.5256,0.276255,1,3
AF011170926,candidate,50,moneyline,Home,2026-09-17 03:25:14.424000,0.563,,0,0.563,0.316969,1,2
AF011170926,candidate,51,moneyline,Away,2026-09-17 03:25:14.424000,0.437,,1,0.563,0.316969,1,2
AF011170926,candidate,52,spread,Home,2026-09-17 03:25:14.424000,0.4965,2.5,0,0.4965,0.246512,1,2
AF011170926,candidate,53,spread,Away,2026-09-17 03:25:14.424000,0.5035,-2.5,1,0.4965,0.246512,1,2
AF011170926,candidate,54,total,Over,2026-09-17 03:25:14.424000,0.5095,31.5,1,0.4905,0.24059,1,2
AF011170926,candidate,55,total,Under,2026-09-17 03:25:14.424000,0.4905,31.5,0,0.4905,0.24059,1,2
AF011180926,prod,50,moneyline,Home,2026-09-18 03:25:05.411000,0.4744,,1,0.5256,0.276255,1,3
AF011180926,prod,51,moneyline,Away,2026-09-18 03:25:05.411000,0.5257,,0,0.5257,0.27636,1,3
AF011180926,prod,52,spread,Home,2026-09-18 03:25:05.411000,0.4965,-1.5,1,0.5035,0.253512,1,3
AF011180926,prod,53,spread,Away,2026-09-18 03:25:05.411000,0.5036,1.5,0,0.5036,0.253613,1,3
AF011180926,prod,54,total,Over,2026-09-18 03:25:05.411000,0.488,37.5,1,0.512,0.262144,1,3
AF011180926,prod,55,total,Under,2026-09-18 03:25:05.411000,0.512,37.5,0,0.512,0.262144,1,3
AF011180926,candidate,50,moneyline,Home,2026-09-18 03:25:05.411000,0.543,,1,0.457,0.208849,1,2
AF011180926,candidate,51,moneyline,Away,2026-09-18 03:25:05.411000,0.457,,0,0.457,0.208849,1,2
AF011180926,candidate,52,spread,Home,2026-09-18 03:25:05.411000,0.497,1.5,1,0.503,0.253009,1,2
AF011180926,candidate,53,spread,Away,2026-09-18 03:25:05.411000,0.503,-1.5,0,0.503,0.253009,1,2
AF011180926,candidate,54,total,Over,2026-09-18 03:25:05.411000,0.481,38.5,1,0.519,0.269361,1,2
AF011180926,candidate,55,total,Under,2026-09-18 03:25:05.411000,0.519,38.5,0,0.519,0.269361,1,2
AF011190926,prod,50,moneyline,Home,2026-09-19 03:27:29.172000,0.4755,,1,0.5245,0.2751,1,3
AF011190926,prod,51,moneyline,Away,2026-09-19 03:27:29.172000,0.5245,,0,0.5245,0.2751,1,3
AF011190926,prod,52,spread,Home,2026-09-19 03:27:29.172000,0.4986,-1.5,1,0.5014,0.251402,1,3
AF011190926,prod,53,spread,Away,2026-09-19 03:27:29.172000,0.5015,1.5,0,0.5015,0.251502,1,3
AF011190926,prod,54,total,Over,2026-09-19 03:27:29.172000,0.5011,37.5,1,0.4989,0.248901,1,3
AF011190926,prod,55,total,Under,2026-09-19 03:27:29.172000,0.4989,37.5,0,0.4989,0.248901,1,3
AF011190926,candidate,50,moneyline,Home,2026-09-19 03:27:29.172000,0.5525,,1,0.4475,0.200256,1,2
AF011190926,candidate,51,moneyline,Away,2026-09-19 03:27:29.172000,0.4475,,0,0.4475,0.200256,1,2
AF011190926,candidate,52,spread,Home,2026-09-19 03:27:29.172000,0.4945,2.5,1,0.5055,0.25553,1,2
AF011190926,candidate,53,spread,Away,2026-09-19 03:27:29.172000,0.5055,-2.5,0,0.5055,0.25553,1,2
AF011190926,candidate,54,total,Over,2026-09-19 03:27:29.172000,0.486,35.5,1,0.514,0.264196,1,2
AF011190926,candidate,55,total,Under,2026-09-19 03:27:29.172000,0.514,35.5,0,0.514,0.264196,1,2
AF011200926,prod,50,moneyline,Home,2026-09-20 03:25:21.763000,0.5563,,1,0.4437,0.19687,1,3
AF011200926,prod,51,moneyline,Away,2026-09-20 03:25:21.763000,0.4437,,0,0.4437,0.19687,1,3
AF011200926,prod,52,spread,Home,2026-09-20 03:25:21.763000,0.514,2.5,1,0.486,0.236196,1,3
AF011200926,prod,53,spread,Away,2026-09-20 03:25:21.763000,0.486,-2.5,0,0.486,0.236196,1,3
AF011200926,prod,54,total,Over,2026-09-20 03:25:21.763000,0.4947,33.5,1,0.5053,0.255328,1,3
AF011200926,prod,55,total,Under,2026-09-20 03:25:21.763000,0.5053,33.5,0,0.5053,0.255328,1,3
AF011200926,candidate,50,moneyline,Home,2026-09-20 03:25:21.763000,0.6015,,1,0.3985,0.158802,1,2
AF011200926,candidate,51,moneyline,Away,2026-09-20 03:25:21.763000,0.3985,,0,0.3985,0.158802,1,2
AF011200926,candidate,52,spread,Home,2026-09-20 03:25:21.763000,0.5375,2.5,1,0.4625,0.213906,1,2
AF011200926,candidate,53,spread,Away,2026-09-20 03:25:21.763000,0.4625,-2.5,0,0.4625,0.213906,1,2
AF011200926,candidate,54,total,Over,2026-09-20 03:25:21.763000,0.536,30.5,1,0.464,0.215296,1,2
AF011200926,candidate,55,total,Under,2026-09-20 03:25:21.763000,0.464,30.5,0,0.464,0.215296,1,2
AF011210926,prod,50,moneyline,Home,2026-09-21 03:25:30.952000,0.4646,,0,0.4646,0.215853,1,3
AF011210926,prod,51,moneyline,Away,2026-09-21 03:25:30.952000,0.5354,,1,0.4646,0.215853,1,3
AF011210926,prod,52,spread,Home,2026-09-21 03:25:30.952000,0.5107,-2.5,0,0.5107,0.260814,1,3
AF011210926,prod,53,spread,Away,2026-09-21 03:25:30.952000,0.4893,2.5,1,0.5107,0.260814,1,3
AF011210926,prod,54,total,Over,2026-09-21 03:25:30.952000,0.5309,37.5,1,0.4691,0.220055,1,5
AF011210926,prod,55,total,Under,2026-09-21 03:25:30.952000,0.4691,37.5,0,0.4691,0.220055,1,5
AF011210926,candidate,50,moneyline,Home,2026-09-21 03:25:30.952000,0.53,,0,0.53,0.2809,1,2
AF011210926,candidate,51,moneyline,Away,2026-09-21 03:25:30.952000,0.47,,1,0.53,0.2809,1,2
AF011210926,candidate,52,spread,Home,2026-09-21 03:25:30.952000,0.471,1.5,0,0.471,0.221841,1,2
AF011210926,candidate,53,spread,Away,2026-09-21 03:25:30.952000,0.529,-1.5,1,0.471,0.221841,1,2
AF011210926,candidate,54,total,Over,2026-09-21 03:25:30.952000,0.4865,45.5,0,0.4865,0.236682,1,2
AF011210926,candidate,55,total,Under,2026-09-21 03:25:30.952000,0.5135,45.5,1,0.4865,0.236682,1,2
AF011220926,prod,50,moneyline,Home,2026-09-22 03:25:17.377000,0.565,,0,0.565,0.319225,1,3
AF011220926,prod,51,moneyline,Away,2026-09-22 03:25:17.377000,0.4351,,1,0.5649,0.319112,1,3
AF011220926,prod,52,spread,Home,2026-09-22 03:25:17.377000,0.5192,2.5,0,0.5192,0.269569,1,3
AF011220926,prod,53,spread,Away,2026-09-22 03:25:17.377000,0.4808,-2.5,1,0.5192,0.269569,1,3
AF011220926,prod,54,total,Over,2026-09-22 03:25:17.377000,0.505,36.5,0,0.505,0.255025,1,3
AF011220926,prod,55,total,Under,2026-09-22 03:25:17.377000,0.495,36.5,1,0.505,0.255025,1,3
AF011220926,candidate,50,moneyline,Home,2026-09-22 03:25:17.377000,0.466,,0,0.466,0.217156,1,2
AF011220926,candidate,51,moneyline,Away,2026-09-22 03:25:17.377000,0.534,,1,0.466,0.217156,1,2
AF011220926,candidate,52,spread,Home,2026-09-22 03:25:17.377000,0.5015,-1.5,1,0.4985,0.248502,1,2
AF011220926,candidate,53,spread,Away,2026-09-22 03:25:17.377000,0.4985,1.5,0,0.4985,0.248502,1,2
AF011220926,candidate,54,total,Over,2026-09-22 03:25:17.377000,0.511,37.5,0,0.511,0.261121,1,2
AF011220926,candidate,55,total,Under,2026-09-22 03:25:17.377000,0.489,37.5,1,0.511,0.261121,1,2
AF012170926,prod,50,moneyline,Home,2026-09-17 03:34:59.027000,0.5635,,0,0.5635,0.317532,1,3
AF012170926,prod,51,moneyline,Away,2026-09-17 03:34:59.027000,0.4365,,1,0.5635,0.317532,1,3
AF012170926,prod,52,spread,Home,2026-09-17 03:34:59.027000,0.5182,2.5,0,0.5182,0.268531,1,3
AF012170926,prod,53,spread,Away,2026-09-17 03:34:59.027000,0.4818,-2.5,1,0.5182,0.268531,1,3
AF012170926,prod,54,total,Over,2026-09-17 03:34:59.027000,0.4878,34.5,1,0.5122,0.262349,1,3
AF012170926,prod,55,total,Under,2026-09-17 03:34:59.027000,0.5123,34.5,0,0.5123,0.262451,1,3
AF012170926,candidate,50,moneyline,Home,2026-09-17 03:34:59.027000,0.353,,0,0.353,0.124609,1,2
AF012170926,candidate,51,moneyline,Away,2026-09-17 03:34:59.027000,0.647,,1,0.353,0.124609,1,2
AF012170926,candidate,52,spread,Home,2026-09-17 03:34:59.027000,0.5385,-3.5,0,0.5385,0.289982,1,2
AF012170926,candidate,53,spread,Away,2026-09-17 03:34:59.027000,0.4615,3.5,1,0.5385,0.289982,1,2
AF012170926,candidate,54,total,Over,2026-09-17 03:34:59.027000,0.5015,32.5,1,0.4985,0.248502,1,2
AF012170926,candidate,55,total,Under,2026-09-17 03:34:59.027000,0.4985,32.5,0,0.4985,0.248502,1,2
AF012180926,prod,50,moneyline,Home,2026-09-18 03:35:29.238000,0.5784,,1,0.4216,0.177747,1,3
AF012180926,prod,51,moneyline,Away,2026-09-18 03:35:29.238000,0.4216,,0,0.4216,0.177747,1,3
AF012180926,prod,52,spread,Home,2026-09-18 03:35:29.238000,0.5315,2.5,0,0.5315,0.282492,1,3
AF012180926,prod,53,spread,Away,2026-09-18 03:35:29.238000,0.4685,-2.5,1,0.5315,0.282492,1,3
AF012180926,prod,54,total,Over,2026-09-18 03:35:29.238000,0.5021,28.5,1,0.4979,0.247904,1,3
AF012180926,prod,55,total,Under,2026-09-18 03:35:29.238000,0.4979,28.5,0,0.4979,0.247904,1,3
AF012180926,candidate,50,moneyline,Home,2026-09-18 03:35:29.238000,0.4805,,1,0.5195,0.26988,1,2
AF012180926,candidate,51,moneyline,Away,2026-09-18 03:35:29.238000,0.5195,,0,0.5195,0.26988,1,2
AF012180926,candidate,52,spread,Home,2026-09-18 03:35:29.238000,0.517,-1.5,1,0.483,0.233289,1,2
AF012180926,candidate,53,spread,Away,2026-09-18 03:35:29.238000,0.483,1.5,0,0.483,0.233289,1,2
AF012180926,candidate,54,total,Over,2026-09-18 03:35:29.238000,0.4925,27.5,1,0.5075,0.257556,1,2
AF012180926,candidate,55,total,Under,2026-09-18 03:35:29.238000,0.5075,27.5,0,0.5075,0.257556,1,2
AF012210926,prod,50,moneyline,Home,2026-09-21 03:36:28.291000,0.4401,,0,0.4401,0.193688,1,3
AF012210926,prod,51,moneyline,Away,2026-09-21 03:36:28.291000,0.56,,1,0.44,0.1936,1,3
AF012210926,prod,52,spread,Home,2026-09-21 03:36:28.291000,0.4807,-2.5,1,0.5193,0.269672,1,3
AF012210926,prod,53,spread,Away,2026-09-21 03:36:28.291000,0.5193,2.5,0,0.5193,0.269672,1,3
AF012210926,prod,54,total,Over,2026-09-21 03:36:28.291000,0.4769,31.5,1,0.5231,0.273634,1,3
AF012210926,prod,55,total,Under,2026-09-21 03:36:28.291000,0.5232,31.5,0,0.5232,0.273738,1,3
AF012210926,candidate,50,moneyline,Home,2026-09-21 03:36:28.291000,0.388,,0,0.388,0.150544,1,2
AF012210926,candidate,51,moneyline,Away,2026-09-21 03:36:28.291000,0.612,,1,0.388,0.150544,1,2
AF012210926,candidate,52,spread,Home,2026-09-21 03:36:28.291000,0.4495,-2.5,1,0.5505,0.30305,1,2
AF012210926,candidate,53,spread,Away,2026-09-21 03:36:28.291000,0.5505,2.5,0,0.5505,0.30305,1,2
AF012210926,candidate,54,total,Over,2026-09-21 03:36:28.291000,0.4975,28.5,1,0.5025,0.252506,1,2
AF012210926,candidate,55,total,Under,2026-09-21 03:36:28.291000,0.5025,28.5,0,0.5025,0.252506,1,2
AF013170926,prod,50,moneyline,Home,2026-09-17 04:02:33.214000,0.482,,1,0.518,0.268324,1,3
AF013170926,prod,51,moneyline,Away,2026-09-17 04:02:33.214000,0.518,,0,0.518,0.268324,1,3
AF013170926,prod,52,spread,Home,2026-09-17 04:02:33.214000,0.5029,-1.5,1,0.4971,0.247108,1,3
AF013170926,prod,53,spread,Away,2026-09-17 04:02:33.214000,0.4971,1.5,0,0.4971,0.247108,1,3
AF013170926,prod,54,total,Over,2026-09-17 04:02:33.214000,0.4764,35.5,1,0.5236,0.274157,1,3
AF013170926,prod,55,total,Under,2026-09-17 04:02:33.214000,0.5236,35.5,0,0.5236,0.274157,1,3
AF013170926,candidate,50,moneyline,Home,2026-09-17 04:02:33.214000,0.575,,1,0.425,0.180625,1,2
AF013170926,candidate,51,moneyline,Away,2026-09-17 04:02:33.214000,0.425,,0,0.425,0.180625,1,2
AF013170926,candidate,52,spread,Home,2026-09-17 04:02:33.214000,0.519,2.5,1,0.481,0.231361,1,2
AF013170926,candidate,53,spread,Away,2026-09-17 04:02:33.214000,0.481,-2.5,0,0.481,0.231361,1,2
AF013170926,candidate,54,total,Over,2026-09-17 04:02:33.214000,0.51,30.5,1,0.49,0.2401,1,2
AF013170926,candidate,55,total,Under,2026-09-17 04:02:33.214000,0.49,30.5,0,0.49,0.2401,1,2
AF013180926,prod,50,moneyline,Home,2026-09-18 04:01:28.314000,0.3778,,1,0.6222,0.387133,1,3
AF013180926,prod,51,moneyline,Away,2026-09-18 04:01:28.314000,0.6223,,0,0.6223,0.387257,1,3
AF013180926,prod,52,spread,Home,2026-09-18 04:01:28.314000,0.5269,-3.5,1,0.4731,0.223824,1,3
AF013180926,prod,53,spread,Away,2026-09-18 04:01:28.314000,0.4732,3.5,0,0.4732,0.223918,1,3
AF013180926,prod,54,total,Over,2026-09-18 04:01:28.314000,0.4858,35.5,0,0.4858,0.236002,1,3
AF013180926,prod,55,total,Under,2026-09-18 04:01:28.314000,0.5142,35.5,1,0.4858,0.236002,1,3
AF013180926,candidate,50,moneyline,Home,2026-09-18 04:01:28.314000,0.541,,1,0.459,0.210681,1,2
AF013180926,candidate,51,moneyline,Away,2026-09-18 04:01:28.314000,0.459,,0,0.459,0.210681,1,2
AF013180926,candidate,52,spread,Home,2026-09-18 04:01:28.314000,0.499,1.5,1,0.501,0.251001,1,2
AF013180926,candidate,53,spread,Away,2026-09-18 04:01:28.314000,0.501,-1.5,0,0.501,0.251001,1,2
AF013180926,candidate,54,total,Over,2026-09-18 04:01:28.314000,0.4795,37.5,0,0.4795,0.22992,1,2
AF013180926,candidate,55,total,Under,2026-09-18 04:01:28.314000,0.5205,37.5,1,0.4795,0.22992,1,2
AF013190926,prod,50,moneyline,Home,2026-09-19 04:01:23.974000,0.4959,,0,0.4959,0.245917,1,3
AF013190926,prod,51,moneyline,Away,2026-09-19 04:01:23.974000,0.5041,,1,0.4959,0.245917,1,3
AF013190926,prod,52,spread,Home,2026-09-19 04:01:23.974000,0.5167,-1.5,0,0.5167,0.266979,1,3
AF013190926,prod,53,spread,Away,2026-09-19 04:01:23.974000,0.4833,1.5,1,0.5167,0.266979,1,3
AF013190926,prod,54,total,Over,2026-09-19 04:01:23.974000,0.49,37.5,0,0.49,0.2401,1,3
AF013190926,prod,55,total,Under,2026-09-19 04:01:23.974000,0.51,37.5,1,0.49,0.2401,1,3
AF013190926,candidate,50,moneyline,Home,2026-09-19 04:01:23.974000,0.569,,0,0.569,0.323761,1,2
AF013190926,candidate,51,moneyline,Away,2026-09-19 04:01:23.974000,0.431,,1,0.569,0.323761,1,2
AF013190926,candidate,52,spread,Home,2026-09-19 04:01:23.974000,0.492,2.5,0,0.492,0.242064,1,2
AF013190926,candidate,53,spread,Away,2026-09-19 04:01:23.974000,0.508,-2.5,1,0.492,0.242064,1,2
AF013190926,candidate,54,total,Over,2026-09-19 04:01:23.974000,0.4755,38.5,0,0.4755,0.2261,1,2
AF013190926,candidate,55,total,Under,2026-09-19 04:01:23.974000,0.5245,38.5,1,0.4755,0.2261,1,2
AF013200926,prod,50,moneyline,Home,2026-09-20 04:01:21.854000,0.4383,,0,0.4383,0.192107,1,3
AF013200926,prod,51,moneyline,Away,2026-09-20 04:01:21.854000,0.5617,,1,0.4383,0.192107,1,3
AF013200926,prod,52,spread,Home,2026-09-20 04:01:21.854000,0.4828,-2.5,0,0.4828,0.233096,1,3
AF013200926,prod,53,spread,Away,2026-09-20 04:01:21.854000,0.5172,2.5,1,0.4828,0.233096,1,3
AF013200926,prod,54,total,Over,2026-09-20 04:01:21.854000,0.5048,33.5,0,0.5048,0.254823,1,3
AF013200926,prod,55,total,Under,2026-09-20 04:01:21.854000,0.4952,33.5,1,0.5048,0.254823,1,3
AF013200926,candidate,50,moneyline,Home,2026-09-20 04:01:21.854000,0.44,,0,0.44,0.1936,1,2
AF013200926,candidate,51,moneyline,Away,2026-09-20 04:01:21.854000,0.56,,1,0.44,0.1936,1,2
AF013200926,candidate,52,spread,Home,2026-09-20 04:01:21.854000,0.5035,-2.5,0,0.5035,0.253512,1,2
AF013200926,candidate,53,spread,Away,2026-09-20 04:01:21.854000,0.4965,2.5,1,0.5035,0.253512,1,2
AF013200926,candidate,54,total,Over,2026-09-20 04:01:21.854000,0.546,30.5,0,0.546,0.298116,1,2
AF013200926,candidate,55,total,Under,2026-09-20 04:01:21.854000,0.454,30.5,1,0.546,0.298116,1,2
AF013220926,prod,50,moneyline,Home,2026-09-22 04:01:20.706000,0.3964,,0,0.3964,0.157133,1,3
AF013220926,prod,51,moneyline,Away,2026-09-22 04:01:20.706000,0.6037,,1,0.3963,0.157054,1,3
AF013220926,prod,52,spread,Home,2026-09-22 04:01:20.706000,0.5348,-3.5,0,0.5348,0.286011,1,3
AF013220926,prod,53,spread,Away,2026-09-22 04:01:20.706000,0.4652,3.5,1,0.5348,0.286011,1,3
AF013220926,prod,54,total,Over,2026-09-22 04:01:20.706000,0.53,37.5,0,0.53,0.2809,1,3
AF013220926,prod,55,total,Under,2026-09-22 04:01:20.706000,0.47,37.5,1,0.53,0.2809,1,3
AF013220926,candidate,50,moneyline,Home,2026-09-22 04:01:20.706000,0.364,,0,0.364,0.132496,1,2
AF013220926,candidate,51,moneyline,Away,2026-09-22 04:01:20.706000,0.636,,1,0.364,0.132496,1,2
AF013220926,candidate,52,spread,Home,2026-09-22 04:01:20.706000,0.5535,-3.5,0,0.5535,0.306362,1,2
AF013220926,candidate,53,spread,Away,2026-09-22 04:01:20.706000,0.4465,3.5,1,0.5535,0.306362,1,2
AF013220926,candidate,54,total,Over,2026-09-22 04:01:20.706000,0.469,45.5,0,0.469,0.219961,1,2
AF013220926,candidate,55,total,Under,2026-09-22 04:01:20.706000,0.531,45.5,1,0.469,0.219961,1,2
AF014170926,prod,50,moneyline,Home,2026-09-17 04:11:11.466000,0.4623,,1,0.5377,0.289121,1,3
AF014170926,prod,51,moneyline,Away,2026-09-17 04:11:11.466000,0.5378,,0,0.5378,0.289229,1,3
AF014170926,prod,52,spread,Home,2026-09-17 04:11:11.466000,0.5083,-2.5,1,0.4917,0.241769,1,3
AF014170926,prod,53,spread,Away,2026-09-17 04:11:11.466000,0.4917,2.5,0,0.4917,0.241769,1,3
AF014170926,prod,54,total,Over,2026-09-17 04:11:11.466000,0.4938,34.5,0,0.4938,0.243838,1,3
AF014170926,prod,55,total,Under,2026-09-17 04:11:11.466000,0.5062,34.5,1,0.4938,0.243838,1,3
AF014170926,candidate,50,moneyline,Home,2026-09-17 04:11:11.466000,0.416,,1,0.584,0.341056,1,2
AF014170926,candidate,51,moneyline,Away,2026-09-17 04:11:11.466000,0.584,,0,0.584,0.341056,1,2
AF014170926,candidate,52,spread,Home,2026-09-17 04:11:11.466000,0.4735,-2.5,1,0.5265,0.277202,1,2
AF014170926,candidate,53,spread,Away,2026-09-17 04:11:11.466000,0.5265,2.5,0,0.5265,0.277202,1,2
AF014170926,candidate,54,total,Over,2026-09-17 04:11:11.466000,0.5055,31.5,0,0.5055,0.25553,1,2
AF014170926,candidate,55,total,Under,2026-09-17 04:11:11.466000,0.4945,31.5,1,0.5055,0.25553,1,2
AF014180926,prod,50,moneyline,Home,2026-09-18 04:11:07.497000,0.5348,,0,0.5348,0.286011,1,3
AF014180926,prod,51,moneyline,Away,2026-09-18 04:11:07.497000,0.4652,,1,0.5348,0.286011,1,3
AF014180926,prod,52,spread,Home,2026-09-18 04:11:07.497000,0.4861,2.5,0,0.4861,0.236293,1,3
AF014180926,prod,53,spread,Away,2026-09-18 04:11:07.497000,0.5139,-2.5,1,0.4861,0.236293,1,3
AF014180926,prod,54,total,Over,2026-09-18 04:11:07.497000,0.4912,32.5,1,0.5088,0.258877,1,5
AF014180926,prod,55,total,Under,2026-09-18 04:11:07.497000,0.5088,32.5,0,0.5088,0.258877,1,5
AF014180926,candidate,50,moneyline,Home,2026-09-18 04:11:07.497000,0.425,,0,0.425,0.180625,1,2
AF014180926,candidate,51,moneyline,Away,2026-09-18 04:11:07.497000,0.575,,1,0.425,0.180625,1,2
AF014180926,candidate,52,spread,Home,2026-09-18 04:11:07.497000,0.473,-2.5,0,0.473,0.223729,1,2
AF014180926,candidate,53,spread,Away,2026-09-18 04:11:07.497000,0.527,2.5,1,0.473,0.223729,1,2
AF014180926,candidate,54,total,Over,2026-09-18 04:11:07.497000,0.4805,27.5,1,0.5195,0.26988,1,2
AF014180926,candidate,55,total,Under,2026-09-18 04:11:07.497000,0.5195,27.5,0,0.5195,0.26988,1,2
AF014190926,prod,50,moneyline,Home,2026-09-19 04:11:06.913000,0.4761,,1,0.5239,0.274471,1,3
AF014190926,prod,51,moneyline,Away,2026-09-19 04:11:06.913000,0.5239,,0,0.5239,0.274471,1,3
AF014190926,prod,52,spread,Home,2026-09-19 04:11:06.913000,0.4963,-1.5,1,0.5037,0.253714,1,3
AF014190926,prod,53,spread,Away,2026-09-19 04:11:06.913000,0.5038,1.5,0,0.5038,0.253814,1,3
AF014190926,prod,54,total,Over,2026-09-19 04:11:06.913000,0.4909,35.5,0,0.4909,0.240983,1,3
AF014190926,prod,55,total,Under,2026-09-19 04:11:06.913000,0.5091,35.5,1,0.4909,0.240983,1,3
AF014190926,candidate,50,moneyline,Home,2026-09-19 04:11:06.913000,0.5725,,1,0.4275,0.182756,1,2
AF014190926,candidate,51,moneyline,Away,2026-09-19 04:11:06.913000,0.4275,,0,0.4275,0.182756,1,2
AF014190926,candidate,52,spread,Home,2026-09-19 04:11:06.913000,0.5015,2.5,1,0.4985,0.248502,1,2
AF014190926,candidate,53,spread,Away,2026-09-19 04:11:06.913000,0.4985,-2.5,0,0.4985,0.248502,1,2
AF014190926,candidate,54,total,Over,2026-09-19 04:11:06.913000,0.507,34.5,0,0.507,0.257049,1,2
AF014190926,candidate,55,total,Under,2026-09-19 04:11:06.913000,0.493,34.5,1,0.507,0.257049,1,2
AF014200926,prod,50,moneyline,Home,2026-09-20 04:11:27.125000,0.5479,,0,0.5479,0.300194,1,3
AF014200926,prod,51,moneyline,Away,2026-09-20 04:11:27.125000,0.4522,,1,0.5478,0.300085,1,3
AF014200926,prod,52,spread,Home,2026-09-20 04:11:27.125000,0.4969,2.5,0,0.4969,0.24691,1,3
AF014200926,prod,53,spread,Away,2026-09-20 04:11:27.125000,0.5032,-2.5,1,0.4968,0.24681,1,3
AF014200926,prod,54,total,Over,2026-09-20 04:11:27.125000,0.511,34.5,1,0.489,0.239121,1,3
AF014200926,prod,55,total,Under,2026-09-20 04:11:27.125000,0.489,34.5,0,0.489,0.239121,1,3
AF014200926,candidate,50,moneyline,Home,2026-09-20 04:11:27.125000,0.43,,0,0.43,0.1849,1,2
AF014200926,candidate,51,moneyline,Away,2026-09-20 04:11:27.125000,0.57,,1,0.43,0.1849,1,2
AF014200926,candidate,52,spread,Home,2026-09-20 04:11:27.125000,0.502,-2.5,0,0.502,0.252004,1,2
AF014200926,candidate,53,spread,Away,2026-09-20 04:11:27.125000,0.498,2.5,1,0.502,0.252004,1,2
AF014200926,candidate,54,total,Over,2026-09-20 04:11:27.125000,0.502,32.5,1,0.498,0.248004,1,2
AF014200926,candidate,55,total,Under,2026-09-20 04:11:27.125000,0.498,32.5,0,0.498,0.248004,1,2
AF014220926,prod,50,moneyline,Home,2026-09-22 04:11:51.736000,0.4884,,1,0.5116,0.261735,1,3
AF014220926,prod,51,moneyline,Away,2026-09-22 04:11:51.736000,0.5116,,0,0.5116,0.261735,1,3
AF014220926,prod,52,spread,Home,2026-09-22 04:11:51.736000,0.5094,-1.5,1,0.4906,0.240688,1,3
AF014220926,prod,53,spread,Away,2026-09-22 04:11:51.736000,0.4906,1.5,0,0.4906,0.240688,1,3
AF014220926,prod,54,total,Over,2026-09-22 04:11:51.736000,0.5119,34.5,1,0.4881,0.238242,1,3
AF014220926,prod,55,total,Under,2026-09-22 04:11:51.736000,0.4881,34.5,0,0.4881,0.238242,1,3
AF014220926,candidate,50,moneyline,Home,2026-09-22 04:11:51.736000,0.588,,1,0.412,0.169744,1,2
AF014220926,candidate,51,moneyline,Away,2026-09-22 04:11:51.736000,0.412,,0,0.412,0.169744,1,2
AF014220926,candidate,52,spread,Home,2026-09-22 04:11:51.736000,0.5315,2.5,1,0.4685,0.219492,1,2
AF014220926,candidate,53,spread,Away,2026-09-22 04:11:51.736000,0.4685,-2.5,0,0.4685,0.219492,1,2
AF014220926,candidate,54,total,Over,2026-09-22 04:11:51.736000,0.4915,31.5,1,0.5085,0.258572,1,2
AF014220926,candidate,55,total,Under,2026-09-22 04:11:51.736000,0.5085,31.5,0,0.5085,0.258572,1,2
AF015170926,prod,50,moneyline,Home,2026-09-17 04:37:22.324000,0.5604,,0,0.5604,0.314048,1,3
AF015170926,prod,51,moneyline,Away,2026-09-17 04:37:22.324000,0.4396,,1,0.5604,0.314048,1,3
AF015170926,prod,52,spread,Home,2026-09-17 04:37:22.324000,0.5138,2.5,0,0.5138,0.26399,1,3
AF015170926,prod,53,spread,Away,2026-09-17 04:37:22.324000,0.4862,-2.5,1,0.5138,0.26399,1,3
AF015170926,prod,54,total,Over,2026-09-17 04:37:22.324000,0.512,33.5,0,0.512,0.262144,1,3
AF015170926,prod,55,total,Under,2026-09-17 04:37:22.324000,0.488,33.5,1,0.512,0.262144,1,3
AF015170926,candidate,50,moneyline,Home,2026-09-17 04:37:22.324000,0.4572,,0,0.4572,0.209032,1,2
AF015170926,candidate,51,moneyline,Away,2026-09-17 04:37:22.324000,0.5428,,1,0.4572,0.209032,1,2
AF015170926,candidate,52,spread,Home,2026-09-17 04:37:22.324000,0.5025,-1.5,0,0.5025,0.252506,1,2
AF015170926,candidate,53,spread,Away,2026-09-17 04:37:22.324000,0.4975,1.5,1,0.5025,0.252506,1,2
AF015170926,candidate,54,total,Over,2026-09-17 04:37:22.324000,0.4925,33.5,0,0.4925,0.242556,1,2
AF015170926,candidate,55,total,Under,2026-09-17 04:37:22.324000,0.5075,33.5,1,0.4925,0.242556,1,2
AF015180926,prod,50,moneyline,Home,2026-09-18 04:37:44.861000,0.5834,,1,0.4166,0.173556,1,3
AF015180926,prod,51,moneyline,Away,2026-09-18 04:37:44.861000,0.4166,,0,0.4166,0.173556,1,3
AF015180926,prod,52,spread,Home,2026-09-18 04:37:44.861000,0.5387,2.5,1,0.4613,0.212798,1,3
AF015180926,prod,53,spread,Away,2026-09-18 04:37:44.861000,0.4613,-2.5,0,0.4613,0.212798,1,3
AF015180926,prod,54,total,Over,2026-09-18 04:37:44.861000,0.4912,38.5,0,0.4912,0.241277,1,3
AF015180926,prod,55,total,Under,2026-09-18 04:37:44.861000,0.5088,38.5,1,0.4912,0.241277,1,3
AF015180926,candidate,50,moneyline,Home,2026-09-18 04:37:44.861000,0.559,,1,0.441,0.194481,1,2
AF015180926,candidate,51,moneyline,Away,2026-09-18 04:37:44.861000,0.441,,0,0.441,0.194481,1,2
AF015180926,candidate,52,spread,Home,2026-09-18 04:37:44.861000,0.514,1.5,1,0.486,0.236196,1,2
AF015180926,candidate,53,spread,Away,2026-09-18 04:37:44.861000,0.486,-1.5,0,0.486,0.236196,1,2
AF015180926,candidate,54,total,Over,2026-09-18 04:37:44.861000,0.514,44.5,0,0.514,0.264196,1,2
AF015180926,candidate,55,total,Under,2026-09-18 04:37:44.861000,0.486,44.5,1,0.514,0.264196,1,2
AF015200926,prod,50,moneyline,Home,2026-09-20 04:37:18.071000,0.4494,,1,0.5506,0.30316,1,3
AF015200926,prod,51,moneyline,Away,2026-09-20 04:37:18.071000,0.5507,,0,0.5507,0.30327,1,3
AF015200926,prod,52,spread,Home,2026-09-20 04:37:18.071000,0.4943,-2.5,1,0.5057,0.255732,1,3
AF015200926,prod,53,spread,Away,2026-09-20 04:37:18.071000,0.5057,2.5,0,0.5057,0.255732,1,3
AF015200926,prod,54,total,Over,2026-09-20 04:37:18.071000,0.4993,32.5,1,0.5007,0.2507,1,3
AF015200926,prod,55,total,Under,2026-09-20 04:37:18.071000,0.5007,32.5,0,0.5007,0.2507,1,3
AF015200926,candidate,50,moneyline,Home,2026-09-20 04:37:18.071000,0.415,,1,0.585,0.342225,1,2
AF015200926,candidate,51,moneyline,Away,2026-09-20 04:37:18.071000,0.585,,0,0.585,0.342225,1,2
AF015200926,candidate,52,spread,Home,2026-09-20 04:37:18.071000,0.473,-2.5,1,0.527,0.277729,1,2
AF015200926,candidate,53,spread,Away,2026-09-20 04:37:18.071000,0.527,2.5,0,0.527,0.277729,1,2
AF015200926,candidate,54,total,Over,2026-09-20 04:37:18.071000,0.4815,31.5,1,0.5185,0.268842,1,2
AF015200926,candidate,55,total,Under,2026-09-20 04:37:18.071000,0.5185,31.5,0,0.5185,0.268842,1,2
AF015220926,prod,50,moneyline,Home,2026-09-22 04:37:58.024000,0.5071,,0,0.5071,0.25715,1,3
AF015220926,prod,51,moneyline,Away,2026-09-22 04:37:58.024000,0.4929,,1,0.5071,0.25715,1,3
AF015220926,prod,52,spread,Home,2026-09-22 04:37:58.024000,0.4857,1.5,0,0.4857,0.235904,1,3
AF015220926,prod,53,spread,Away,2026-09-22 04:37:58.024000,0.5143,-1.5,1,0.4857,0.235904,1,3
AF015220926,prod,54,total,Over,2026-09-22 04:37:58.024000,0.5108,36.5,0,0.5108,0.260917,1,3
AF015220926,prod,55,total,Under,2026-09-22 04:37:58.024000,0.4892,36.5,1,0.5108,0.260917,1,3
AF015220926,candidate,50,moneyline,Home,2026-09-22 04:37:58.024000,0.4135,,0,0.4135,0.170982,1,2
AF015220926,candidate,51,moneyline,Away,2026-09-22 04:37:58.024000,0.5865,,1,0.4135,0.170982,1,2
AF015220926,candidate,52,spread,Home,2026-09-22 04:37:58.024000,0.486,-2.5,0,0.486,0.236196,1,2
AF015220926,candidate,53,spread,Away,2026-09-22 04:37:58.024000,0.514,2.5,1,0.486,0.236196,1,2
AF015220926,candidate,54,total,Over,2026-09-22 04:37:58.024000,0.5045,38.5,0,0.5045,0.25452,1,2
AF015220926,candidate,55,total,Under,2026-09-22 04:37:58.024000,0.4955,38.5,1,0.5045,0.25452,1,2
AF016170926,prod,50,moneyline,Home,2026-09-17 04:47:27.582000,0.605,,0,0.605,0.366025,1,3
AF016170926,prod,51,moneyline,Away,2026-09-17 04:47:27.582000,0.3951,,1,0.6049,0.365904,1,3
AF016170926,prod,52,spread,Home,2026-09-17 04:47:27.582000,0.4681,3.5,0,0.4681,0.219118,1,3
AF016170926,prod,53,spread,Away,2026-09-17 04:47:27.582000,0.5319,-3.5,1,0.4681,0.219118,1,3
AF016170926,prod,54,total,Over,2026-09-17 04:47:27.582000,0.4916,35.5,1,0.5084,0.258471,1,3
AF016170926,prod,55,total,Under,2026-09-17 04:47:27.582000,0.5084,35.5,0,0.5084,0.258471,1,3
AF016170926,candidate,50,moneyline,Home,2026-09-17 04:47:27.582000,0.3795,,0,0.3795,0.14402,1,2
AF016170926,candidate,51,moneyline,Away,2026-09-17 04:47:27.582000,0.6205,,1,0.3795,0.14402,1,2
AF016170926,candidate,52,spread,Home,2026-09-17 04:47:27.582000,0.448,-2.5,0,0.448,0.200704,1,2
AF016170926,candidate,53,spread,Away,2026-09-17 04:47:27.582000,0.552,2.5,1,0.448,0.200704,1,2
AF016170926,candidate,54,total,Over,2026-09-17 04:47:27.582000,0.499,30.5,1,0.501,0.251001,1,2
AF016170926,candidate,55,total,Under,2026-09-17 04:47:27.582000,0.501,30.5,0,0.501,0.251001,1,2
AF016180926,prod,50,moneyline,Home,2026-09-18 04:47:31.441000,0.4714,,0,0.4714,0.222218,1,3
AF016180926,prod,51,moneyline,Away,2026-09-18 04:47:31.441000,0.5287,,1,0.4713,0.222124,1,3
AF016180926,prod,52,spread,Home,2026-09-18 04:47:31.441000,0.4918,-1.5,0,0.4918,0.241867,1,3
AF016180926,prod,53,spread,Away,2026-09-18 04:47:31.441000,0.5082,1.5,1,0.4918,0.241867,1,3
AF016180926,prod,54,total,Over,2026-09-18 04:47:31.441000,0.5013,31.5,1,0.4987,0.248702,1,3
AF016180926,prod,55,total,Under,2026-09-18 04:47:31.441000,0.4988,31.5,0,0.4988,0.248801,1,3
AF016180926,candidate,50,moneyline,Home,2026-09-18 04:47:31.441000,0.4995,,0,0.4995,0.2495,1,2
AF016180926,candidate,51,moneyline,Away,2026-09-18 04:47:31.441000,0.5005,,1,0.4995,0.2495,1,2
AF016180926,candidate,52,spread,Home,2026-09-18 04:47:31.441000,0.4995,0.5,0,0.4995,0.2495,1,2
AF016180926,candidate,53,spread,Away,2026-09-18 04:47:31.441000,0.5005,-0.5,1,0.4995,0.2495,1,2
AF016180926,candidate,54,total,Over,2026-09-18 04:47:31.441000,0.4875,31.5,1,0.5125,0.262656,1,2
AF016180926,candidate,55,total,Under,2026-09-18 04:47:31.441000,0.5125,31.5,0,0.5125,0.262656,1,2
AF016210926,prod,50,moneyline,Home,2026-09-21 04:48:10.638000,0.5104,,1,0.4896,0.239708,1,3
AF016210926,prod,51,moneyline,Away,2026-09-21 04:48:10.638000,0.4896,,0,0.4896,0.239708,1,3
AF016210926,prod,52,spread,Home,2026-09-21 04:48:10.638000,0.4911,1.5,1,0.5089,0.258979,1,3
AF016210926,prod,53,spread,Away,2026-09-21 04:48:10.638000,0.5089,-1.5,0,0.5089,0.258979,1,3
AF016210926,prod,54,total,Over,2026-09-21 04:48:10.638000,0.5278,34.5,0,0.5278,0.278573,1,3
AF016210926,prod,55,total,Under,2026-09-21 04:48:10.638000,0.4722,34.5,1,0.5278,0.278573,1,3
AF016210926,candidate,50,moneyline,Home,2026-09-21 04:48:10.638000,0.4995,,1,0.5005,0.2505,1,2
AF016210926,candidate,51,moneyline,Away,2026-09-21 04:48:10.638000,0.5005,,0,0.5005,0.2505,1,2
AF016210926,candidate,52,spread,Home,2026-09-21 04:48:10.638000,0.4995,-0.5,1,0.5005,0.2505,1,2
AF016210926,candidate,53,spread,Away,2026-09-21 04:48:10.638000,0.5005,0.5,0,0.5005,0.2505,1,2
AF016210926,candidate,54,total,Over,2026-09-21 04:48:10.638000,0.5235,30.5,0,0.5235,0.274052,1,2
AF016210926,candidate,55,total,Under,2026-09-21 04:48:10.638000,0.4765,30.5,1,0.5235,0.274052,1,2
AF017170926,prod,50,moneyline,Home,2026-09-17 05:15:41.164000,0.5719,,1,0.4281,0.18327,1,3
AF017170926,prod,51,moneyline,Away,2026-09-17 05:15:41.164000,0.4281,,0,0.4281,0.18327,1,3
AF017170926,prod,52,spread,Home,2026-09-17 05:15:41.164000,0.5219,2.5,1,0.4781,0.22858,1,3
AF017170926,prod,53,spread,Away,2026-09-17 05:15:41.164000,0.4781,-2.5,0,0.4781,0.22858,1,3
AF017170926,prod,54,total,Over,2026-09-17 05:15:41.164000,0.5272,34.5,0,0.5272,0.27794,1,5
AF017170926,prod,55,total,Under,2026-09-17 05:15:41.164000,0.4728,34.5,1,0.5272,0.27794,1,5
AF017170926,candidate,50,moneyline,Home,2026-09-17 05:15:41.164000,0.491,,1,0.509,0.259081,1,2
AF017170926,candidate,51,moneyline,Away,2026-09-17 05:15:41.164000,0.509,,0,0.509,0.259081,1,2
AF017170926,candidate,52,spread,Home,2026-09-17 05:15:41.164000,0.491,-0.5,1,0.509,0.259081,1,2
AF017170926,candidate,53,spread,Away,2026-09-17 05:15:41.164000,0.509,0.5,0,0.509,0.259081,1,2
AF017170926,candidate,54,total,Over,2026-09-17 05:15:41.164000,0.4885,34.5,0,0.4885,0.238632,1,2
AF017170926,candidate,55,total,Under,2026-09-17 05:15:41.164000,0.5115,34.5,1,0.4885,0.238632,1,2
AF017180926,prod,50,moneyline,Home,2026-09-18 05:13:31.163000,0.5591,,1,0.4409,0.194393,1,3
AF017180926,prod,51,moneyline,Away,2026-09-18 05:13:31.163000,0.4409,,0,0.4409,0.194393,1,3
AF017180926,prod,52,spread,Home,2026-09-18 05:13:31.163000,0.5152,2.5,1,0.4848,0.235031,1,3
AF017180926,prod,53,spread,Away,2026-09-18 05:13:31.163000,0.4848,-2.5,0,0.4848,0.235031,1,3
AF017180926,prod,54,total,Over,2026-09-18 05:13:31.163000,0.499,35.5,0,0.499,0.249001,1,3
AF017180926,prod,55,total,Under,2026-09-18 05:13:31.163000,0.501,35.5,1,0.499,0.249001,1,3
AF017180926,candidate,50,moneyline,Home,2026-09-18 05:13:31.163000,0.547,,1,0.453,0.205209,1,2
AF017180926,candidate,51,moneyline,Away,2026-09-18 05:13:31.163000,0.453,,0,0.453,0.205209,1,2
AF017180926,candidate,52,spread,Home,2026-09-18 05:13:31.163000,0.4975,1.5,1,0.5025,0.252506,1,2
AF017180926,candidate,53,spread,Away,2026-09-18 05:13:31.163000,0.5025,-1.5,0,0.5025,0.252506,1,2
AF017180926,candidate,54,total,Over,2026-09-18 05:13:31.163000,0.528,37.5,0,0.528,0.278784,1,2
AF017180926,candidate,55,total,Under,2026-09-18 05:13:31.163000,0.472,37.5,1,0.528,0.278784,1,2
AF017190926,prod,50,moneyline,Home,2026-09-19 05:13:20.717000,0.4771,,1,0.5229,0.273424,1,3
AF017190926,prod,51,moneyline,Away,2026-09-19 05:13:20.717000,0.5229,,0,0.5229,0.273424,1,3
AF017190926,prod,52,spread,Home,2026-09-19 05:13:20.717000,0.4992,-1.5,1,0.5008,0.250801,1,3
AF017190926,prod,53,spread,Away,2026-09-19 05:13:20.717000,0.5008,1.5,0,0.5008,0.250801,1,3
AF017190926,prod,54,total,Over,2026-09-19 05:13:20.717000,0.4813,38.5,0,0.4813,0.23165,1,3
AF017190926,prod,55,total,Under,2026-09-19 05:13:20.717000,0.5187,38.5,1,0.4813,0.23165,1,3
AF017190926,candidate,50,moneyline,Home,2026-09-19 05:13:20.717000,0.5105,,1,0.4895,0.23961,1,2
AF017190926,candidate,51,moneyline,Away,2026-09-19 05:13:20.717000,0.4895,,0,0.4895,0.23961,1,2
AF017190926,candidate,52,spread,Home,2026-09-19 05:13:20.717000,0.5105,0.5,1,0.4895,0.23961,1,2
AF017190926,candidate,53,spread,Away,2026-09-19 05:13:20.717000,0.4895,-0.5,0,0.4895,0.23961,1,2
AF017190926,candidate,54,total,Over,2026-09-19 05:13:20.717000,0.518,40.5,0,0.518,0.268324,1,2
AF017190926,candidate,55,total,Under,2026-09-19 05:13:20.717000,0.482,40.5,1,0.518,0.268324,1,2
AF017200926,prod,50,moneyline,Home,2026-09-20 05:13:15.401000,0.5268,,1,0.4732,0.223918,1,3
AF017200926,prod,51,moneyline,Away,2026-09-20 05:13:15.401000,0.4732,,0,0.4732,0.223918,1,3
AF017200926,prod,52,spread,Home,2026-09-20 05:13:15.401000,0.5038,1.5,1,0.4962,0.246214,1,3
AF017200926,prod,53,spread,Away,2026-09-20 05:13:15.401000,0.4962,-1.5,0,0.4962,0.246214,1,3
AF017200926,prod,54,total,Over,2026-09-20 05:13:15.401000,0.5128,36.5,0,0.5128,0.262964,1,3
AF017200926,prod,55,total,Under,2026-09-20 05:13:15.401000,0.4873,36.5,1,0.5127,0.262861,1,3
AF017200926,candidate,50,moneyline,Home,2026-09-20 05:13:15.401000,0.505,,1,0.495,0.245025,1,2
AF017200926,candidate,51,moneyline,Away,2026-09-20 05:13:15.401000,0.495,,0,0.495,0.245025,1,2
AF017200926,candidate,52,spread,Home,2026-09-20 05:13:15.401000,0.505,0.5,1,0.495,0.245025,1,2
AF017200926,candidate,53,spread,Away,2026-09-20 05:13:15.401000,0.495,-0.5,0,0.495,0.245025,1,2
AF017200926,candidate,54,total,Over,2026-09-20 05:13:15.401000,0.5355,30.5,0,0.5355,0.28676,1,2
AF017200926,candidate,55,total,Under,2026-09-20 05:13:15.401000,0.4645,30.5,1,0.5355,0.28676,1,2
AF017210926,prod,50,moneyline,Home,2026-09-21 05:13:16.261000,0.525,,1,0.475,0.225625,1,3
AF017210926,prod,51,moneyline,Away,2026-09-21 05:13:16.261000,0.475,,0,0.475,0.225625,1,3
AF017210926,prod,52,spread,Home,2026-09-21 05:13:16.261000,0.505,1.5,1,0.495,0.245025,1,3
AF017210926,prod,53,spread,Away,2026-09-21 05:13:16.261000,0.495,-1.5,0,0.495,0.245025,1,3
AF017210926,prod,54,total,Over,2026-09-21 05:13:16.261000,0.4846,37.5,0,0.4846,0.234837,1,5
AF017210926,prod,55,total,Under,2026-09-21 05:13:16.261000,0.5154,37.5,1,0.4846,0.234837,1,5
AF017210926,candidate,50,moneyline,Home,2026-09-21 05:13:16.261000,0.515,,1,0.485,0.235225,1,2
AF017210926,candidate,51,moneyline,Away,2026-09-21 05:13:16.261000,0.485,,0,0.485,0.235225,1,2
AF017210926,candidate,52,spread,Home,2026-09-21 05:13:16.261000,0.515,0.5,1,0.485,0.235225,1,2
AF017210926,candidate,53,spread,Away,2026-09-21 05:13:16.261000,0.485,-0.5,0,0.485,0.235225,1,2
AF017210926,candidate,54,total,Over,2026-09-21 05:13:16.261000,0.5045,39.5,0,0.5045,0.25452,1,2
AF017210926,candidate,55,total,Under,2026-09-21 05:13:16.261000,0.4955,39.5,1,0.5045,0.25452,1,2
AF017220926,prod,50,moneyline,Home,2026-09-22 05:13:44.147000,0.5971,,0,0.5971,0.356528,1,3
AF017220926,prod,51,moneyline,Away,2026-09-22 05:13:44.147000,0.4029,,1,0.5971,0.356528,1,3
AF017220926,prod,52,spread,Home,2026-09-22 05:13:44.147000,0.4648,3.5,0,0.4648,0.216039,1,3
AF017220926,prod,53,spread,Away,2026-09-22 05:13:44.147000,0.5353,-3.5,1,0.4647,0.215946,1,3
AF017220926,prod,54,total,Over,2026-09-22 05:13:44.147000,0.5028,37.5,0,0.5028,0.252808,1,3
AF017220926,prod,55,total,Under,2026-09-22 05:13:44.147000,0.4972,37.5,1,0.5028,0.252808,1,3
AF017220926,candidate,50,moneyline,Home,2026-09-22 05:13:44.147000,0.6055,,0,0.6055,0.36663,1,2
AF017220926,candidate,51,moneyline,Away,2026-09-22 05:13:44.147000,0.3945,,1,0.6055,0.36663,1,2
AF017220926,candidate,52,spread,Home,2026-09-22 05:13:44.147000,0.5255,2.5,0,0.5255,0.27615,1,2
AF017220926,candidate,53,spread,Away,2026-09-22 05:13:44.147000,0.4745,-2.5,1,0.5255,0.27615,1,2
AF017220926,candidate,54,total,Over,2026-09-22 05:13:44.147000,0.497,42.5,0,0.497,0.247009,1,2
AF017220926,candidate,55,total,Under,2026-09-22 05:13:44.147000,0.503,42.5,1,0.497,0.247009,1,2
AF018170926,prod,50,moneyline,Home,2026-09-17 05:23:10.899000,0.6458,,0,0.6458,0.417058,1,3
AF018170926,prod,51,moneyline,Away,2026-09-17 05:23:10.899000,0.3544,,1,0.6456,0.416799,1,3
AF018170926,prod,52,spread,Home,2026-09-17 05:23:10.899000,0.5142,3.5,0,0.5142,0.264402,1,3
AF018170926,prod,53,spread,Away,2026-09-17 05:23:10.899000,0.4858,-3.5,1,0.5142,0.264402,1,3
AF018170926,prod,54,total,Over,2026-09-17 05:23:10.899000,0.5091,37.5,0,0.5091,0.259183,1,3
AF018170926,prod,55,total,Under,2026-09-17 05:23:10.899000,0.4909,37.5,1,0.5091,0.259183,1,3
AF018170926,candidate,50,moneyline,Home,2026-09-17 05:23:10.899000,0.472,,0,0.472,0.222784,1,2
AF018170926,candidate,51,moneyline,Away,2026-09-17 05:23:10.899000,0.528,,1,0.472,0.222784,1,2
AF018170926,candidate,52,spread,Home,2026-09-17 05:23:10.899000,0.513,-1.5,0,0.513,0.263169,1,2
AF018170926,candidate,53,spread,Away,2026-09-17 05:23:10.899000,0.487,1.5,1,0.513,0.263169,1,2
AF018170926,candidate,54,total,Over,2026-09-17 05:23:10.899000,0.487,35.5,0,0.487,0.237169,1,2
AF018170926,candidate,55,total,Under,2026-09-17 05:23:10.899000,0.513,35.5,1,0.487,0.237169,1,2
AF018180926,prod,50,moneyline,Home,2026-09-18 05:23:23.006000,0.5766,,1,0.4234,0.179268,1,3
AF018180926,prod,51,moneyline,Away,2026-09-18 05:23:23.006000,0.4234,,0,0.4234,0.179268,1,3
AF018180926,prod,52,spread,Home,2026-09-18 05:23:23.006000,0.5277,2.5,1,0.4723,0.223067,1,3
AF018180926,prod,53,spread,Away,2026-09-18 05:23:23.006000,0.4723,-2.5,0,0.4723,0.223067,1,3
AF018180926,prod,54,total,Over,2026-09-18 05:23:23.006000,0.4935,33.5,1,0.5065,0.256542,1,5
AF018180926,prod,55,total,Under,2026-09-18 05:23:23.006000,0.5065,33.5,0,0.5065,0.256542,1,5
AF018180926,candidate,50,moneyline,Home,2026-09-18 05:23:23.006000,0.555,,1,0.445,0.198025,1,2
AF018180926,candidate,51,moneyline,Away,2026-09-18 05:23:23.006000,0.445,,0,0.445,0.198025,1,2
AF018180926,candidate,52,spread,Home,2026-09-18 05:23:23.006000,0.4955,2.5,1,0.5045,0.25452,1,2
AF018180926,candidate,53,spread,Away,2026-09-18 05:23:23.006000,0.5045,-2.5,0,0.5045,0.25452,1,2
AF018180926,candidate,54,total,Over,2026-09-18 05:23:23.006000,0.54,30.5,1,0.46,0.2116,1,2
AF018180926,candidate,55,total,Under,2026-09-18 05:23:23.006000,0.46,30.5,0,0.46,0.2116,1,2
AF018210926,prod,50,moneyline,Home,2026-09-21 05:23:26.236000,0.5214,,0,0.5214,0.271858,1,3
AF018210926,prod,51,moneyline,Away,2026-09-21 05:23:26.236000,0.4787,,1,0.5213,0.271754,1,3
AF018210926,prod,52,spread,Home,2026-09-21 05:23:26.236000,0.5018,1.5,0,0.5018,0.251803,1,3
AF018210926,prod,53,spread,Away,2026-09-21 05:23:26.236000,0.4982,-1.5,1,0.5018,0.251803,1,3
AF018210926,prod,54,total,Over,2026-09-21 05:23:26.236000,0.5001,32.5,0,0.5001,0.2501,1,3
AF018210926,prod,55,total,Under,2026-09-21 05:23:26.236000,0.4999,32.5,1,0.5001,0.2501,1,3
AF018210926,candidate,50,moneyline,Home,2026-09-21 05:23:26.236000,0.5405,,0,0.5405,0.29214,1,2
AF018210926,candidate,51,moneyline,Away,2026-09-21 05:23:26.236000,0.4595,,1,0.5405,0.29214,1,2
AF018210926,candidate,52,spread,Home,2026-09-21 05:23:26.236000,0.5,1.5,0,0.5,0.25,1,2
AF018210926,candidate,53,spread,Away,2026-09-21 05:23:26.236000,0.5,-1.5,1,0.5,0.25,1,2
AF018210926,candidate,54,total,Over,2026-09-21 05:23:26.236000,0.459,31.5,0,0.459,0.210681,1,2
AF018210926,candidate,55,total,Under,2026-09-21 05:23:26.236000,0.541,31.5,1,0.459,0.210681,1,2
AF019170926,prod,50,moneyline,Home,2026-09-17 05:49:22.929000,0.4844,,1,0.5156,0.265843,1,3
AF019170926,prod,51,moneyline,Away,2026-09-17 05:49:22.929000,0.5156,,0,0.5156,0.265843,1,3
AF019170926,prod,52,spread,Home,2026-09-17 05:49:22.929000,0.5048,-1.5,1,0.4952,0.245223,1,3
AF019170926,prod,53,spread,Away,2026-09-17 05:49:22.929000,0.4952,1.5,0,0.4952,0.245223,1,3
AF019170926,prod,54,total,Over,2026-09-17 05:49:22.929000,0.4966,33.5,1,0.5034,0.253412,1,3
AF019170926,prod,55,total,Under,2026-09-17 05:49:22.929000,0.5034,33.5,0,0.5034,0.253412,1,3
AF019170926,candidate,50,moneyline,Home,2026-09-17 05:49:22.929000,0.596,,1,0.404,0.163216,1,2
AF019170926,candidate,51,moneyline,Away,2026-09-17 05:49:22.929000,0.404,,0,0.404,0.163216,1,2
AF019170926,candidate,52,spread,Home,2026-09-17 05:49:22.929000,0.5355,2.5,1,0.4645,0.21576,1,2
AF019170926,candidate,53,spread,Away,2026-09-17 05:49:22.929000,0.4645,-2.5,0,0.4645,0.21576,1,2
AF019170926,candidate,54,total,Over,2026-09-17 05:49:22.929000,0.4925,30.5,1,0.5075,0.257556,1,2
AF019170926,candidate,55,total,Under,2026-09-17 05:49:22.929000,0.5075,30.5,0,0.5075,0.257556,1,2
AF019180926,prod,50,moneyline,Home,2026-09-18 05:49:19.842000,0.4266,,1,0.5734,0.328788,1,3
AF019180926,prod,51,moneyline,Away,2026-09-18 05:49:19.842000,0.5735,,0,0.5735,0.328902,1,3
AF019180926,prod,52,spread,Home,2026-09-18 05:49:19.842000,0.4727,-2.5,1,0.5273,0.278045,1,3
AF019180926,prod,53,spread,Away,2026-09-18 05:49:19.842000,0.5273,2.5,0,0.5273,0.278045,1,3
AF019180926,prod,54,total,Over,2026-09-18 05:49:19.842000,0.4743,38.5,1,0.5257,0.27636,1,3
AF019180926,prod,55,total,Under,2026-09-18 05:49:19.842000,0.5257,38.5,0,0.5257,0.27636,1,3
AF019180926,candidate,50,moneyline,Home,2026-09-18 05:49:19.842000,0.504,,1,0.496,0.246016,1,2
AF019180926,candidate,51,moneyline,Away,2026-09-18 05:49:19.842000,0.496,,0,0.496,0.246016,1,2
AF019180926,candidate,52,spread,Home,2026-09-18 05:49:19.842000,0.504,0.5,1,0.496,0.246016,1,2
AF019180926,candidate,53,spread,Away,2026-09-18 05:49:19.842000,0.496,-0.5,0,0.496,0.246016,1,2
AF019180926,candidate,54,total,Over,2026-09-18 05:49:19.842000,0.4965,42.5,1,0.5035,0.253512,1,2
AF019180926,candidate,55,total,Under,2026-09-18 05:49:19.842000,0.5035,42.5,0,0.5035,0.253512,1,2
AF019190926,prod,50,moneyline,Home,2026-09-19 05:49:37.326000,0.5441,,1,0.4559,0.207845,1,3
AF019190926,prod,51,moneyline,Away,2026-09-19 05:49:37.326000,0.4559,,0,0.4559,0.207845,1,3
AF019190926,prod,52,spread,Home,2026-09-19 05:49:37.326000,0.4976,2.5,1,0.5024,0.252406,1,3
AF019190926,prod,53,spread,Away,2026-09-19 05:49:37.326000,0.5024,-2.5,0,0.5024,0.252406,1,3
AF019190926,prod,54,total,Over,2026-09-19 05:49:37.326000,0.5069,37.5,1,0.4931,0.243148,1,3
AF019190926,prod,55,total,Under,2026-09-19 05:49:37.326000,0.4931,37.5,0,0.4931,0.243148,1,3
AF019190926,candidate,50,moneyline,Home,2026-09-19 05:49:37.326000,0.516,,1,0.484,0.234256,1,2
AF019190926,candidate,51,moneyline,Away,2026-09-19 05:49:37.326000,0.484,,0,0.484,0.234256,1,2
AF019190926,candidate,52,spread,Home,2026-09-19 05:49:37.326000,0.516,0.5,1,0.484,0.234256,1,2
AF019190926,candidate,53,spread,Away,2026-09-19 05:49:37.326000,0.484,-0.5,0,0.484,0.234256,1,2
AF019190926,candidate,54,total,Over,2026-09-19 05:49:37.326000,0.486,35.5,1,0.514,0.264196,1,2
AF019190926,candidate,55,total,Under,2026-09-19 05:49:37.326000,0.514,35.5,0,0.514,0.264196,1,2
AF019200926,prod,50,moneyline,Home,2026-09-20 05:49:18.602000,0.4693,,0,0.4693,0.220242,1,3
AF019200926,prod,51,moneyline,Away,2026-09-20 05:49:18.602000,0.5307,,1,0.4693,0.220242,1,3
AF019200926,prod,52,spread,Home,2026-09-20 05:49:18.602000,0.4929,-1.5,0,0.4929,0.24295,1,3
AF019200926,prod,53,spread,Away,2026-09-20 05:49:18.602000,0.5071,1.5,1,0.4929,0.24295,1,3
AF019200926,prod,54,total,Over,2026-09-20 05:49:18.602000,0.5089,36.5,0,0.5089,0.258979,1,3
AF019200926,prod,55,total,Under,2026-09-20 05:49:18.602000,0.4911,36.5,1,0.5089,0.258979,1,3
AF019200926,candidate,50,moneyline,Home,2026-09-20 05:49:18.602000,0.485,,0,0.485,0.235225,1,2
AF019200926,candidate,51,moneyline,Away,2026-09-20 05:49:18.602000,0.515,,1,0.485,0.235225,1,2
AF019200926,candidate,52,spread,Home,2026-09-20 05:49:18.602000,0.485,-0.5,0,0.485,0.235225,1,2
AF019200926,candidate,53,spread,Away,2026-09-20 05:49:18.602000,0.515,0.5,1,0.485,0.235225,1,2
AF019200926,candidate,54,total,Over,2026-09-20 05:49:18.602000,0.523,30.5,0,0.523,0.273529,1,2
AF019200926,candidate,55,total,Under,2026-09-20 05:49:18.602000,0.477,30.5,1,0.523,0.273529,1,2
AF019220926,prod,50,moneyline,Home,2026-09-22 05:51:49.046000,0.5355,,1,0.4645,0.21576,1,3
AF019220926,prod,51,moneyline,Away,2026-09-22 05:51:49.046000,0.4645,,0,0.4645,0.21576,1,3
AF019220926,prod,54,total,Over,2026-09-22 05:51:49.046000,0.4945,39.5,0,0.4945,0.24453,1,5
AF019220926,prod,55,total,Under,2026-09-22 05:51:49.046000,0.5055,39.5,1,0.4945,0.24453,1,5
AF019220926,candidate,50,moneyline,Home,2026-09-22 05:51:49.046000,0.562,,1,0.438,0.191844,1,2
AF019220926,candidate,51,moneyline,Away,2026-09-22 05:51:49.046000,0.438,,0,0.438,0.191844,1,2
AF019220926,candidate,52,spread,Home,2026-09-22 05:51:49.046000,0.4905,2.5,1,0.5095,0.25959,1,2
AF019220926,candidate,53,spread,Away,2026-09-22 05:51:49.046000,0.5095,-2.5,0,0.5095,0.25959,1,2
AF019220926,candidate,54,total,Over,2026-09-22 05:51:49.046000,0.507,42.5,0,0.507,0.257049,1,2
AF019220926,candidate,55,total,Under,2026-09-22 05:51:49.046000,0.493,42.5,1,0.507,0.257049,1,2
AF020170926,prod,50,moneyline,Home,2026-09-17 05:58:47.319000,0.5016,,1,0.4984,0.248403,1,3
AF020170926,prod,51,moneyline,Away,2026-09-17 05:58:47.319000,0.4984,,0,0.4984,0.248403,1,3
AF020170926,prod,52,spread,Home,2026-09-17 05:58:47.319000,0.4812,1.5,1,0.5188,0.269153,1,3
AF020170926,prod,53,spread,Away,2026-09-17 05:58:47.319000,0.5189,-1.5,0,0.5189,0.269257,1,3
AF020170926,prod,54,total,Over,2026-09-17 05:58:47.319000,0.5081,33.5,0,0.5081,0.258166,1,3
AF020170926,prod,55,total,Under,2026-09-17 05:58:47.319000,0.4919,33.5,1,0.5081,0.258166,1,3
AF020170926,candidate,50,moneyline,Home,2026-09-17 05:58:47.319000,0.4785,,1,0.5215,0.271962,1,2
AF020170926,candidate,51,moneyline,Away,2026-09-17 05:58:47.319000,0.5215,,0,0.5215,0.271962,1,2
AF020170926,candidate,52,spread,Home,2026-09-17 05:58:47.319000,0.513,-1.5,1,0.487,0.237169,1,2
AF020170926,candidate,53,spread,Away,2026-09-17 05:58:47.319000,0.487,1.5,0,0.487,0.237169,1,2
AF020170926,candidate,54,total,Over,2026-09-17 05:58:47.319000,0.4875,27.5,0,0.4875,0.237656,1,2
AF020170926,candidate,55,total,Under,2026-09-17 05:58:47.319000,0.5125,27.5,1,0.4875,0.237656,1,2
AF020180926,prod,50,moneyline,Home,2026-09-18 05:59:30.141000,0.617,,0,0.617,0.380689,1,3
AF020180926,prod,51,moneyline,Away,2026-09-18 05:59:30.141000,0.3831,,1,0.6169,0.380566,1,3
AF020180926,prod,52,spread,Home,2026-09-18 05:59:30.141000,0.4367,3.5,0,0.4367,0.190707,1,5
AF020180926,prod,53,spread,Away,2026-09-18 05:59:30.141000,0.5633,-3.5,1,0.4367,0.190707,1,5
AF020180926,prod,54,total,Over,2026-09-18 05:59:30.141000,0.5068,31.5,0,0.5068,0.256846,1,3
AF020180926,prod,55,total,Under,2026-09-18 05:59:30.141000,0.4933,31.5,1,0.5067,0.256745,1,3
AF020180926,candidate,50,moneyline,Home,2026-09-18 05:59:30.141000,0.4915,,0,0.4915,0.241572,1,2
AF020180926,candidate,51,moneyline,Away,2026-09-18 05:59:30.141000,0.5085,,1,0.4915,0.241572,1,2
AF020180926,candidate,52,spread,Home,2026-09-18 05:59:30.141000,0.4915,-0.5,0,0.4915,0.241572,1,2
AF020180926,candidate,53,spread,Away,2026-09-18 05:59:30.141000,0.5085,0.5,1,0.4915,0.241572,1,2
AF020180926,candidate,54,total,Over,2026-09-18 05:59:30.141000,0.4955,28.5,1,0.5045,0.25452,1,2
AF020180926,candidate,55,total,Under,2026-09-18 05:59:30.141000,0.5045,28.5,0,0.5045,0.25452,1,2
AF021170926,prod,50,moneyline,Home,2026-09-17 06:26:03.481000,0.5946,,1,0.4054,0.164349,1,3
AF021170926,prod,51,moneyline,Away,2026-09-17 06:26:03.481000,0.4055,,0,0.4055,0.16443,1,3
AF021170926,prod,52,spread,Home,2026-09-17 06:26:03.481000,0.5429,2.5,1,0.4571,0.20894,1,3
AF021170926,prod,53,spread,Away,2026-09-17 06:26:03.481000,0.4571,-2.5,0,0.4571,0.20894,1,3
AF021170926,prod,54,total,Over,2026-09-17 06:26:03.481000,0.5113,33.5,1,0.4887,0.238828,1,5
AF021170926,prod,55,total,Under,2026-09-17 06:26:03.481000,0.4887,33.5,0,0.4887,0.238828,1,5
AF021170926,candidate,50,moneyline,Home,2026-09-17 06:26:03.481000,0.6495,,1,0.3505,0.12285,1,2
AF021170926,candidate,51,moneyline,Away,2026-09-17 06:26:03.481000,0.3505,,0,0.3505,0.12285,1,2
AF021170926,candidate,52,spread,Home,2026-09-17 06:26:03.481000,0.465,3.5,1,0.535,0.286225,1,2
AF021170926,candidate,53,spread,Away,2026-09-17 06:26:03.481000,0.535,-3.5,0,0.535,0.286225,1,2
AF021170926,candidate,54,total,Over,2026-09-17 06:26:03.481000,0.5195,37.5,0,0.5195,0.26988,1,2
AF021170926,candidate,55,total,Under,2026-09-17 06:26:03.481000,0.4805,37.5,1,0.5195,0.26988,1,2
AF021180926,prod,50,moneyline,Home,2026-09-18 06:25:19.999000,0.469,,1,0.531,0.281961,1,3
AF021180926,prod,51,moneyline,Away,2026-09-18 06:25:19.999000,0.5311,,0,0.5311,0.282067,1,3
AF021180926,prod,52,spread,Home,2026-09-18 06:25:19.999000,0.4876,-1.5,1,0.5124,0.262554,1,3
AF021180926,prod,53,spread,Away,2026-09-18 06:25:19.999000,0.5124,1.5,0,0.5124,0.262554,1,3
AF021180926,prod,55,total,Under,2026-09-18 06:25:19.999000,0.5268,38.5,1,0.4732,0.223918,1,5
AF021180926,candidate,50,moneyline,Home,2026-09-18 06:25:19.999000,0.49,,1,0.51,0.2601,1,2
AF021180926,candidate,51,moneyline,Away,2026-09-18 06:25:19.999000,0.51,,0,0.51,0.2601,1,2
AF021180926,candidate,52,spread,Home,2026-09-18 06:25:19.999000,0.49,-0.5,1,0.51,0.2601,1,2
AF021180926,candidate,53,spread,Away,2026-09-18 06:25:19.999000,0.51,0.5,0,0.51,0.2601,1,2
AF021180926,candidate,54,total,Over,2026-09-18 06:25:19.999000,0.4965,40.5,0,0.4965,0.246512,1,2
AF021180926,candidate,55,total,Under,2026-09-18 06:25:19.999000,0.5035,40.5,1,0.4965,0.246512,1,2
AF021200926,prod,50,moneyline,Home,2026-09-20 00:35:22.316000,0.3728,,1,0.6272,0.39338,1,3
AF021200926,prod,51,moneyline,Away,2026-09-20 00:35:22.316000,0.6274,,0,0.6274,0.393631,1,3
AF021200926,prod,52,spread,Home,2026-09-20 00:35:22.316000,0.5073,-3.5,1,0.4927,0.242753,1,3
AF021200926,prod,53,spread,Away,2026-09-20 00:35:22.316000,0.4927,3.5,0,0.4927,0.242753,1,3
AF021200926,prod,54,total,Over,2026-09-20 00:35:22.316000,0.4965,32.5,1,0.5035,0.253512,1,5
AF021200926,prod,55,total,Under,2026-09-20 00:35:22.316000,0.5035,32.5,0,0.5035,0.253512,1,5
AF021200926,candidate,50,moneyline,Home,2026-09-20 00:35:22.316000,0.3545,,1,0.6455,0.41667,1,2
AF021200926,candidate,51,moneyline,Away,2026-09-20 00:35:22.316000,0.6455,,0,0.6455,0.41667,1,2
AF021200926,candidate,52,spread,Home,2026-09-20 00:35:22.316000,0.5255,-3.5,1,0.4745,0.22515,1,2
AF021200926,candidate,53,spread,Away,2026-09-20 00:35:22.316000,0.4745,3.5,0,0.4745,0.22515,1,2
AF021200926,candidate,54,total,Over,2026-09-20 00:35:22.316000,0.5095,27.5,1,0.4905,0.24059,1,2
AF021200926,candidate,55,total,Under,2026-09-20 00:35:22.316000,0.4905,27.5,0,0.4905,0.24059,1,2
AF021210926,prod,50,moneyline,Home,2026-09-21 06:25:18.141000,0.5597,,1,0.4403,0.193864,1,3
AF021210926,prod,51,moneyline,Away,2026-09-21 06:25:18.141000,0.4403,,0,0.4403,0.193864,1,3
AF021210926,prod,52,spread,Home,2026-09-21 06:25:18.141000,0.5083,2.5,1,0.4917,0.241769,1,3
AF021210926,prod,53,spread,Away,2026-09-21 06:25:18.141000,0.4917,-2.5,0,0.4917,0.241769,1,3
AF021210926,prod,54,total,Over,2026-09-21 06:25:18.141000,0.4938,37.5,0,0.4938,0.243838,1,3
AF021210926,prod,55,total,Under,2026-09-21 06:25:18.141000,0.5062,37.5,1,0.4938,0.243838,1,3
AF021210926,candidate,50,moneyline,Home,2026-09-21 06:25:18.141000,0.6685,,1,0.3315,0.109892,1,2
AF021210926,candidate,51,moneyline,Away,2026-09-21 06:25:18.141000,0.3315,,0,0.3315,0.109892,1,2
AF021210926,candidate,52,spread,Home,2026-09-21 06:25:18.141000,0.508,3.5,1,0.492,0.242064,1,2
AF021210926,candidate,53,spread,Away,2026-09-21 06:25:18.141000,0.492,-3.5,0,0.492,0.242064,1,2
AF021210926,candidate,54,total,Over,2026-09-21 06:25:18.141000,0.504,36.5,0,0.504,0.254016,1,2
AF021210926,candidate,55,total,Under,2026-09-21 06:25:18.141000,0.496,36.5,1,0.504,0.254016,1,2
AF021220926,prod,50,moneyline,Home,2026-09-22 06:25:33.783000,0.4356,,0,0.4356,0.189747,1,3
AF021220926,prod,51,moneyline,Away,2026-09-22 06:25:33.783000,0.5644,,1,0.4356,0.189747,1,3
AF021220926,prod,52,spread,Home,2026-09-22 06:25:33.783000,0.4857,-2.5,0,0.4857,0.235904,1,3
AF021220926,prod,53,spread,Away,2026-09-22 06:25:33.783000,0.5143,2.5,1,0.4857,0.235904,1,3
AF021220926,prod,54,total,Over,2026-09-22 06:25:33.783000,0.483,37.5,0,0.483,0.233289,1,3
AF021220926,prod,55,total,Under,2026-09-22 06:25:33.783000,0.517,37.5,1,0.483,0.233289,1,3
AF021220926,candidate,50,moneyline,Home,2026-09-22 06:25:33.783000,0.5295,,0,0.5295,0.28037,1,2
AF021220926,candidate,51,moneyline,Away,2026-09-22 06:25:33.783000,0.4705,,1,0.5295,0.28037,1,2
AF021220926,candidate,52,spread,Home,2026-09-22 06:25:33.783000,0.485,1.5,0,0.485,0.235225,1,2
AF021220926,candidate,53,spread,Away,2026-09-22 06:25:33.783000,0.515,-1.5,1,0.485,0.235225,1,2
AF021220926,candidate,54,total,Over,2026-09-22 06:25:33.783000,0.5025,38.5,0,0.5025,0.252506,1,2
AF021220926,candidate,55,total,Under,2026-09-22 06:25:33.783000,0.4975,38.5,1,0.5025,0.252506,1,2
AF022170926,prod,50,moneyline,Home,2026-09-17 06:35:44.696000,0.4586,,1,0.5414,0.293114,1,3
AF022170926,prod,51,moneyline,Away,2026-09-17 06:35:44.696000,0.5415,,0,0.5415,0.293222,1,3
AF022170926,prod,52,spread,Home,2026-09-17 06:35:44.696000,0.5012,-2.5,1,0.4988,0.248801,1,3
AF022170926,prod,53,spread,Away,2026-09-17 06:35:44.696000,0.4988,2.5,0,0.4988,0.248801,1,3
AF022170926,prod,54,total,Over,2026-09-17 06:35:44.696000,0.5517,30.5,1,0.4483,0.200973,1,3
AF022170926,prod,55,total,Under,2026-09-17 06:35:44.696000,0.4483,30.5,0,0.4483,0.200973,1,3
AF022170926,candidate,50,moneyline,Home,2026-09-17 06:35:44.696000,0.549,,1,0.451,0.203401,1,2
AF022170926,candidate,51,moneyline,Away,2026-09-17 06:35:44.696000,0.451,,0,0.451,0.203401,1,2
AF022170926,candidate,52,spread,Home,2026-09-17 06:35:44.696000,0.4955,2.5,1,0.5045,0.25452,1,2
AF022170926,candidate,53,spread,Away,2026-09-17 06:35:44.696000,0.5045,-2.5,0,0.5045,0.25452,1,2
AF022170926,candidate,54,total,Over,2026-09-17 06:35:44.696000,0.495,30.5,1,0.505,0.255025,1,2
AF022170926,candidate,55,total,Under,2026-09-17 06:35:44.696000,0.505,30.5,0,0.505,0.255025,1,2
AF022180926,prod,50,moneyline,Home,2026-09-18 06:35:17.867000,0.4526,,1,0.5474,0.299647,1,3
AF022180926,prod,51,moneyline,Away,2026-09-18 06:35:17.867000,0.5474,,0,0.5474,0.299647,1,3
AF022180926,prod,52,spread,Home,2026-09-18 06:35:17.867000,0.493,-2.5,1,0.507,0.257049,1,3
AF022180926,prod,53,spread,Away,2026-09-18 06:35:17.867000,0.507,2.5,0,0.507,0.257049,1,3
AF022180926,prod,54,total,Over,2026-09-18 06:35:17.867000,0.5108,34.5,1,0.4892,0.239317,1,3
AF022180926,prod,55,total,Under,2026-09-18 06:35:17.867000,0.4892,34.5,0,0.4892,0.239317,1,3
AF022180926,candidate,50,moneyline,Home,2026-09-18 06:35:17.867000,0.435,,1,0.565,0.319225,1,2
AF022180926,candidate,51,moneyline,Away,2026-09-18 06:35:17.867000,0.565,,0,0.565,0.319225,1,2
AF022180926,candidate,52,spread,Home,2026-09-18 06:35:17.867000,0.5015,-2.5,1,0.4985,0.248502,1,2
AF022180926,candidate,53,spread,Away,2026-09-18 06:35:17.867000,0.4985,2.5,0,0.4985,0.248502,1,2
AF022180926,candidate,54,total,Over,2026-09-18 06:35:17.867000,0.505,33.5,1,0.495,0.245025,1,2
AF022180926,candidate,55,total,Under,2026-09-18 06:35:17.867000,0.495,33.5,0,0.495,0.245025,1,2
AF022200926,prod,50,moneyline,Home,2026-09-20 01:47:21.564000,0.5525,,0,0.5525,0.305256,1,3
AF022200926,prod,51,moneyline,Away,2026-09-20 01:47:21.564000,0.4476,,1,0.5524,0.305146,1,3
AF022200926,prod,52,spread,Home,2026-09-20 01:47:21.564000,0.5024,2.5,0,0.5024,0.252406,1,3
AF022200926,prod,53,spread,Away,2026-09-20 01:47:21.564000,0.4976,-2.5,1,0.5024,0.252406,1,3
AF022200926,prod,54,total,Over,2026-09-20 01:47:21.564000,0.5192,34.5,1,0.4808,0.231169,1,3
AF022200926,prod,55,total,Under,2026-09-20 01:47:21.564000,0.4808,34.5,0,0.4808,0.231169,1,3
AF022200926,candidate,50,moneyline,Home,2026-09-20 01:47:21.564000,0.449,,0,0.449,0.201601,1,2
AF022200926,candidate,51,moneyline,Away,2026-09-20 01:47:21.564000,0.551,,1,0.449,0.201601,1,2
AF022200926,candidate,52,spread,Home,2026-09-20 01:47:21.564000,0.4925,-1.5,1,0.5075,0.257556,1,2
AF022200926,candidate,53,spread,Away,2026-09-20 01:47:21.564000,0.5075,1.5,0,0.5075,0.257556,1,2
AF022200926,candidate,54,total,Over,2026-09-20 01:47:21.564000,0.5055,32.5,1,0.4945,0.24453,1,2
AF022200926,candidate,55,total,Under,2026-09-20 01:47:21.564000,0.4945,32.5,0,0.4945,0.24453,1,2
AF022210926,prod,50,moneyline,Home,2026-09-21 06:35:25.261000,0.4687,,1,0.5313,0.28228,1,3
AF022210926,prod,51,moneyline,Away,2026-09-21 06:35:25.261000,0.5313,,0,0.5313,0.28228,1,3
AF022210926,prod,52,spread,Home,2026-09-21 06:35:25.261000,0.5099,-2.5,1,0.4901,0.240198,1,5
AF022210926,prod,53,spread,Away,2026-09-21 06:35:25.261000,0.4902,2.5,0,0.4902,0.240296,1,5
AF022210926,prod,54,total,Over,2026-09-21 06:35:25.261000,0.4928,32.5,0,0.4928,0.242852,1,3
AF022210926,prod,55,total,Under,2026-09-21 06:35:25.261000,0.5072,32.5,1,0.4928,0.242852,1,3
AF022210926,candidate,50,moneyline,Home,2026-09-21 06:35:25.261000,0.495,,1,0.505,0.255025,1,2
AF022210926,candidate,51,moneyline,Away,2026-09-21 06:35:25.261000,0.505,,0,0.505,0.255025,1,2
AF022210926,candidate,52,spread,Home,2026-09-21 06:35:25.261000,0.495,-0.5,1,0.505,0.255025,1,2
AF022210926,candidate,53,spread,Away,2026-09-21 06:35:25.261000,0.505,0.5,0,0.505,0.255025,1,2
AF022210926,candidate,54,total,Over,2026-09-21 06:35:25.261000,0.519,26.5,0,0.519,0.269361,1,2
AF022210926,candidate,55,total,Under,2026-09-21 06:35:25.261000,0.481,26.5,1,0.519,0.269361,1,2
AF022220926,prod,50,moneyline,Home,2026-09-22 06:35:42.873000,0.4676,,0,0.4676,0.21865,1,3
AF022220926,prod,51,moneyline,Away,2026-09-22 06:35:42.873000,0.5324,,1,0.4676,0.21865,1,3
AF022220926,prod,52,spread,Home,2026-09-22 06:35:42.873000,0.51,-2.5,0,0.51,0.2601,1,3
AF022220926,prod,53,spread,Away,2026-09-22 06:35:42.873000,0.49,2.5,1,0.51,0.2601,1,3
AF022220926,prod,54,total,Over,2026-09-22 06:35:42.873000,0.4471,31.5,0,0.4471,0.199898,1,5
AF022220926,prod,55,total,Under,2026-09-22 06:35:42.873000,0.5529,31.5,1,0.4471,0.199898,1,5
AF022220926,candidate,50,moneyline,Home,2026-09-22 06:35:42.873000,0.4175,,0,0.4175,0.174306,1,2
AF022220926,candidate,51,moneyline,Away,2026-09-22 06:35:42.873000,0.5825,,1,0.4175,0.174306,1,2
AF022220926,candidate,52,spread,Home,2026-09-22 06:35:42.873000,0.4825,-2.5,0,0.4825,0.232806,1,2
AF022220926,candidate,53,spread,Away,2026-09-22 06:35:42.873000,0.5175,2.5,1,0.4825,0.232806,1,2
AF022220926,candidate,54,total,Over,2026-09-22 06:35:42.873000,0.537,30.5,0,0.537,0.288369,1,2
AF022220926,candidate,55,total,Under,2026-09-22 06:35:42.873000,0.463,30.5,1,0.537,0.288369,1,2
AF023170926,prod,50,moneyline,Home,2026-09-17 07:01:05.461000,0.5111,,0,0.5111,0.261223,1,3
AF023170926,prod,51,moneyline,Away,2026-09-17 07:01:05.461000,0.489,,1,0.511,0.261121,1,3
AF023170926,prod,52,spread,Home,2026-09-17 07:01:05.461000,0.4904,1.5,0,0.4904,0.240492,1,3
AF023170926,prod,53,spread,Away,2026-09-17 07:01:05.461000,0.5096,-1.5,1,0.4904,0.240492,1,3
AF023170926,prod,54,total,Over,2026-09-17 07:01:05.461000,0.5117,37.5,0,0.5117,0.261837,1,3
AF023170926,prod,55,total,Under,2026-09-17 07:01:05.461000,0.4884,37.5,1,0.5116,0.261735,1,3
AF023170926,candidate,50,moneyline,Home,2026-09-17 07:01:05.461000,0.6495,,0,0.6495,0.42185,1,2
AF023170926,candidate,51,moneyline,Away,2026-09-17 07:01:05.461000,0.3505,,1,0.6495,0.42185,1,2
AF023170926,candidate,52,spread,Home,2026-09-17 07:01:05.461000,0.4715,3.5,0,0.4715,0.222312,1,2
AF023170926,candidate,53,spread,Away,2026-09-17 07:01:05.461000,0.5285,-3.5,1,0.4715,0.222312,1,2
AF023170926,candidate,54,total,Over,2026-09-17 07:01:05.461000,0.515,36.5,0,0.515,0.265225,1,2
AF023170926,candidate,55,total,Under,2026-09-17 07:01:05.461000,0.485,36.5,1,0.515,0.265225,1,2
AF023180926,prod,50,moneyline,Home,2026-09-18 07:01:12.167000,0.5488,,0,0.5488,0.301181,1,3
AF023180926,prod,51,moneyline,Away,2026-09-18 07:01:12.167000,0.4512,,1,0.5488,0.301181,1,3
AF023180926,prod,52,spread,Home,2026-09-18 07:01:12.167000,0.4992,2.5,0,0.4992,0.249201,1,3
AF023180926,prod,53,spread,Away,2026-09-18 07:01:12.167000,0.5008,-2.5,1,0.4992,0.249201,1,3
AF023180926,prod,54,total,Over,2026-09-18 07:01:12.167000,0.4962,35.5,0,0.4962,0.246214,1,3
AF023180926,prod,55,total,Under,2026-09-18 07:01:12.167000,0.5038,35.5,1,0.4962,0.246214,1,3
AF023180926,candidate,50,moneyline,Home,2026-09-18 07:01:12.167000,0.564,,0,0.564,0.318096,1,2
AF023180926,candidate,51,moneyline,Away,2026-09-18 07:01:12.167000,0.436,,1,0.564,0.318096,1,2
AF023180926,candidate,52,spread,Home,2026-09-18 07:01:12.167000,0.507,2.5,0,0.507,0.257049,1,2
AF023180926,candidate,53,spread,Away,2026-09-18 07:01:12.167000,0.493,-2.5,1,0.507,0.257049,1,2
AF023180926,candidate,54,total,Over,2026-09-18 07:01:12.167000,0.491,31.5,0,0.491,0.241081,1,2
AF023180926,candidate,55,total,Under,2026-09-18 07:01:12.167000,0.509,31.5,1,0.491,0.241081,1,2
AF023190926,prod,50,moneyline,Home,2026-09-19 03:35:18.276000,0.5245,,1,0.4755,0.2261,1,3
AF023190926,prod,51,moneyline,Away,2026-09-19 03:35:18.276000,0.4755,,0,0.4755,0.2261,1,3
AF023190926,prod,52,spread,Home,2026-09-19 03:35:18.276000,0.504,1.5,1,0.496,0.246016,1,3
AF023190926,prod,53,spread,Away,2026-09-19 03:35:18.276000,0.496,-1.5,0,0.496,0.246016,1,3
AF023190926,prod,54,total,Over,2026-09-19 03:35:18.276000,0.4933,35.5,0,0.4933,0.243345,1,3
AF023190926,prod,55,total,Under,2026-09-19 03:35:18.276000,0.5068,35.5,1,0.4932,0.243246,1,3
AF023190926,candidate,50,moneyline,Home,2026-09-19 03:35:18.276000,0.475,,1,0.525,0.275625,1,2
AF023190926,candidate,51,moneyline,Away,2026-09-19 03:35:18.276000,0.525,,0,0.525,0.275625,1,2
AF023190926,candidate,52,spread,Home,2026-09-19 03:35:18.276000,0.522,-1.5,1,0.478,0.228484,1,2
AF023190926,candidate,53,spread,Away,2026-09-19 03:35:18.276000,0.478,1.5,0,0.478,0.228484,1,2
AF023190926,candidate,54,total,Over,2026-09-19 03:35:18.276000,0.5145,33.5,0,0.5145,0.26471,1,2
AF023190926,candidate,55,total,Under,2026-09-19 03:35:18.276000,0.4855,33.5,1,0.5145,0.26471,1,2
AF023200926,prod,50,moneyline,Home,2026-09-20 03:35:18.055000,0.4564,,0,0.4564,0.208301,1,3
AF023200926,prod,51,moneyline,Away,2026-09-20 03:35:18.055000,0.5436,,1,0.4564,0.208301,1,3
AF023200926,prod,52,spread,Home,2026-09-20 03:35:18.055000,0.5049,-2.5,0,0.5049,0.254924,1,3
AF023200926,prod,53,spread,Away,2026-09-20 03:35:18.055000,0.4951,2.5,1,0.5049,0.254924,1,3
AF023200926,prod,54,total,Over,2026-09-20 03:35:18.055000,0.5187,34.5,1,0.4813,0.23165,1,3
AF023200926,prod,55,total,Under,2026-09-20 03:35:18.055000,0.4813,34.5,0,0.4813,0.23165,1,3
AF023200926,candidate,50,moneyline,Home,2026-09-20 03:35:18.055000,0.5715,,0,0.5715,0.326612,1,2
AF023200926,candidate,51,moneyline,Away,2026-09-20 03:35:18.055000,0.4285,,1,0.5715,0.326612,1,2
AF023200926,candidate,52,spread,Home,2026-09-20 03:35:18.055000,0.511,2.5,0,0.511,0.261121,1,2
AF023200926,candidate,53,spread,Away,2026-09-20 03:35:18.055000,0.489,-2.5,1,0.511,0.261121,1,2
AF023200926,candidate,54,total,Over,2026-09-20 03:35:18.055000,0.5085,33.5,1,0.4915,0.241572,1,2
AF023200926,candidate,55,total,Under,2026-09-20 03:35:18.055000,0.4915,33.5,0,0.4915,0.241572,1,2
AF023210926,prod,50,moneyline,Home,2026-09-21 07:01:47.671000,0.5132,,0,0.5132,0.263374,1,3
AF023210926,prod,51,moneyline,Away,2026-09-21 07:01:47.671000,0.4868,,1,0.5132,0.263374,1,3
AF023210926,prod,52,spread,Home,2026-09-21 07:01:47.671000,0.49,1.5,0,0.49,0.2401,1,3
AF023210926,prod,53,spread,Away,2026-09-21 07:01:47.671000,0.5101,-1.5,1,0.4899,0.240002,1,3
AF023210926,prod,54,total,Over,2026-09-21 07:01:47.671000,0.5012,36.5,0,0.5012,0.251201,1,3
AF023210926,prod,55,total,Under,2026-09-21 07:01:47.671000,0.4988,36.5,1,0.5012,0.251201,1,3
AF023210926,candidate,50,moneyline,Home,2026-09-21 07:01:47.671000,0.52,,0,0.52,0.2704,1,2
AF023210926,candidate,51,moneyline,Away,2026-09-21 07:01:47.671000,0.48,,1,0.52,0.2704,1,2
AF023210926,candidate,52,spread,Home,2026-09-21 07:01:47.671000,0.52,0.5,0,0.52,0.2704,1,2
AF023210926,candidate,53,spread,Away,2026-09-21 07:01:47.671000,0.48,-0.5,1,0.52,0.2704,1,2
AF023210926,candidate,54,total,Over,2026-09-21 07:01:47.671000,0.4855,35.5,0,0.4855,0.23571,1,2
AF023210926,candidate,55,total,Under,2026-09-21 07:01:47.671000,0.5145,35.5,1,0.4855,0.23571,1,2
AF023220926,prod,50,moneyline,Home,2026-09-22 07:01:17.584000,0.5727,,0,0.5727,0.327985,1,3
AF023220926,prod,51,moneyline,Away,2026-09-22 07:01:17.584000,0.4273,,1,0.5727,0.327985,1,3
AF023220926,prod,52,spread,Home,2026-09-22 07:01:17.584000,0.5258,2.5,0,0.5258,0.276466,1,3
AF023220926,prod,53,spread,Away,2026-09-22 07:01:17.584000,0.4742,-2.5,1,0.5258,0.276466,1,3
AF023220926,candidate,50,moneyline,Home,2026-09-22 07:01:17.584000,0.5155,,0,0.5155,0.26574,1,2
AF023220926,candidate,51,moneyline,Away,2026-09-22 07:01:17.584000,0.4845,,1,0.5155,0.26574,1,2
AF023220926,candidate,52,spread,Home,2026-09-22 07:01:17.584000,0.5155,0.5,0,0.5155,0.26574,1,2
AF023220926,candidate,53,spread,Away,2026-09-22 07:01:17.584000,0.4845,-0.5,1,0.5155,0.26574,1,2
AF023220926,candidate,54,total,Over,2026-09-22 07:01:17.584000,0.4915,34.5,0,0.4915,0.241572,1,2
AF023220926,candidate,55,total,Under,2026-09-22 07:01:17.584000,0.5085,34.5,1,0.4915,0.241572,1,2
AF024170926,prod,50,moneyline,Home,2026-09-17 07:14:56.883000,0.4831,,0,0.4831,0.233386,1,3
AF024170926,prod,51,moneyline,Away,2026-09-17 07:14:56.883000,0.5169,,1,0.4831,0.233386,1,3
AF024170926,prod,52,spread,Home,2026-09-17 07:14:56.883000,0.5029,-1.5,0,0.5029,0.252908,1,3
AF024170926,prod,53,spread,Away,2026-09-17 07:14:56.883000,0.4971,1.5,1,0.5029,0.252908,1,3
AF024170926,prod,54,total,Over,2026-09-17 07:14:56.883000,0.5155,33.5,0,0.5155,0.26574,1,5
AF024170926,prod,55,total,Under,2026-09-17 07:14:56.883000,0.4845,33.5,1,0.5155,0.26574,1,5
AF024170926,candidate,50,moneyline,Home,2026-09-17 07:14:56.883000,0.462,,0,0.462,0.213444,1,2
AF024170926,candidate,51,moneyline,Away,2026-09-17 07:14:56.883000,0.538,,1,0.462,0.213444,1,2
AF024170926,candidate,52,spread,Home,2026-09-17 07:14:56.883000,0.5,-1.5,0,0.5,0.25,1,2
AF024170926,candidate,53,spread,Away,2026-09-17 07:14:56.883000,0.5,1.5,1,0.5,0.25,1,2
AF024170926,candidate,54,total,Over,2026-09-17 07:14:56.883000,0.449,31.5,0,0.449,0.201601,1,2
AF024170926,candidate,55,total,Under,2026-09-17 07:14:56.883000,0.551,31.5,1,0.449,0.201601,1,2
AF024180926,prod,50,moneyline,Home,2026-09-18 07:11:10.921000,0.5299,,1,0.4701,0.220994,1,3
AF024180926,prod,51,moneyline,Away,2026-09-18 07:11:10.921000,0.4702,,0,0.4702,0.221088,1,3
AF024180926,prod,52,spread,Home,2026-09-18 07:11:10.921000,0.4917,2.5,1,0.5083,0.258369,1,3
AF024180926,prod,53,spread,Away,2026-09-18 07:11:10.921000,0.5083,-2.5,0,0.5083,0.258369,1,3
AF024180926,prod,54,total,Over,2026-09-18 07:11:10.921000,0.4808,31.5,1,0.5192,0.269569,1,3
AF024180926,prod,55,total,Under,2026-09-18 07:11:10.921000,0.5192,31.5,0,0.5192,0.269569,1,3
AF024180926,candidate,50,moneyline,Home,2026-09-18 07:11:10.921000,0.601,,1,0.399,0.159201,1,2
AF024180926,candidate,51,moneyline,Away,2026-09-18 07:11:10.921000,0.399,,0,0.399,0.159201,1,2
AF024180926,candidate,52,spread,Home,2026-09-18 07:11:10.921000,0.5435,2.5,1,0.4565,0.208392,1,2
AF024180926,candidate,53,spread,Away,2026-09-18 07:11:10.921000,0.4565,-2.5,0,0.4565,0.208392,1,2
AF024180926,candidate,54,total,Over,2026-09-18 07:11:10.921000,0.512,30.5,1,0.488,0.238144,1,2
AF024180926,candidate,55,total,Under,2026-09-18 07:11:10.921000,0.488,30.5,0,0.488,0.238144,1,2
AF024190926,prod,50,moneyline,Home,2026-09-19 04:47:37.022000,0.5042,,0,0.5042,0.254218,1,3
AF024190926,prod,51,moneyline,Away,2026-09-19 04:47:37.022000,0.4958,,1,0.5042,0.254218,1,3
AF024190926,prod,52,spread,Home,2026-09-19 04:47:37.022000,0.4839,1.5,0,0.4839,0.234159,1,3
AF024190926,prod,53,spread,Away,2026-09-19 04:47:37.022000,0.5161,-1.5,1,0.4839,0.234159,1,3
AF024190926,prod,54,total,Over,2026-09-19 04:47:37.022000,0.4988,34.5,1,0.5012,0.251201,1,3
AF024190926,prod,55,total,Under,2026-09-19 04:47:37.022000,0.5013,34.5,0,0.5013,0.251302,1,3
AF024190926,candidate,50,moneyline,Home,2026-09-19 04:47:37.022000,0.522,,0,0.522,0.272484,1,2
AF024190926,candidate,51,moneyline,Away,2026-09-19 04:47:37.022000,0.478,,1,0.522,0.272484,1,2
AF024190926,candidate,52,spread,Home,2026-09-19 04:47:37.022000,0.481,1.5,0,0.481,0.231361,1,2
AF024190926,candidate,53,spread,Away,2026-09-19 04:47:37.022000,0.519,-1.5,1,0.481,0.231361,1,2
AF024190926,candidate,54,total,Over,2026-09-19 04:47:37.022000,0.4985,32.5,1,0.5015,0.251502,1,2
AF024190926,candidate,55,total,Under,2026-09-19 04:47:37.022000,0.5015,32.5,0,0.5015,0.251502,1,2
AF024200926,prod,50,moneyline,Home,2026-09-20 04:47:24.733000,0.685,,1,0.315,0.099225,1,3
AF024200926,prod,51,moneyline,Away,2026-09-20 04:47:24.733000,0.3155,,0,0.3155,0.09954,1,3
AF024200926,prod,52,spread,Home,2026-09-20 04:47:24.733000,0.5194,3.5,1,0.4806,0.230976,1,3
AF024200926,prod,53,spread,Away,2026-09-20 04:47:24.733000,0.4806,-3.5,0,0.4806,0.230976,1,3
AF024200926,candidate,50,moneyline,Home,2026-09-20 04:47:24.733000,0.6245,,1,0.3755,0.141,1,2
AF024200926,candidate,51,moneyline,Away,2026-09-20 04:47:24.733000,0.3755,,0,0.3755,0.141,1,2
AF024200926,candidate,52,spread,Home,2026-09-20 04:47:24.733000,0.449,3.5,1,0.551,0.303601,1,2
AF024200926,candidate,53,spread,Away,2026-09-20 04:47:24.733000,0.551,-3.5,0,0.551,0.303601,1,2
AF024200926,candidate,54,total,Over,2026-09-20 04:47:24.733000,0.494,28.5,0,0.494,0.244036,1,2
AF024200926,candidate,55,total,Under,2026-09-20 04:47:24.733000,0.506,28.5,1,0.494,0.244036,1,2
AF024220926,prod,50,moneyline,Home,2026-09-22 07:11:21.719000,0.4553,,0,0.4553,0.207298,1,3
AF024220926,prod,51,moneyline,Away,2026-09-22 07:11:21.719000,0.5447,,1,0.4553,0.207298,1,3
AF024220926,prod,52,spread,Home,2026-09-22 07:11:21.719000,0.4981,-2.5,0,0.4981,0.248104,1,3
AF024220926,prod,53,spread,Away,2026-09-22 07:11:21.719000,0.5019,2.5,1,0.4981,0.248104,1,3
AF024220926,prod,54,total,Over,2026-09-22 07:11:21.719000,0.5025,32.5,0,0.5025,0.252506,1,3
AF024220926,prod,55,total,Under,2026-09-22 07:11:21.719000,0.4975,32.5,1,0.5025,0.252506,1,3
AF024220926,candidate,50,moneyline,Home,2026-09-22 07:11:21.719000,0.536,,0,0.536,0.287296,1,2
AF024220926,candidate,51,moneyline,Away,2026-09-22 07:11:21.719000,0.464,,1,0.536,0.287296,1,2
AF024220926,candidate,52,spread,Home,2026-09-22 07:11:21.719000,0.4995,1.5,0,0.4995,0.2495,1,2
AF024220926,candidate,53,spread,Away,2026-09-22 07:11:21.719000,0.5005,-1.5,1,0.4995,0.2495,1,2
AF024220926,candidate,54,total,Over,2026-09-22 07:11:21.719000,0.504,29.5,0,0.504,0.254016,1,2
AF024220926,candidate,55,total,Under,2026-09-22 07:11:21.719000,0.496,29.5,1,0.504,0.254016,1,2
AF025170926,prod,50,moneyline,Home,2026-09-17 07:37:20.399000,0.4951,,0,0.4951,0.245124,1,3
AF025170926,prod,51,moneyline,Away,2026-09-17 07:37:20.399000,0.505,,1,0.495,0.245025,1,3
AF025170926,prod,52,spread,Home,2026-09-17 07:37:20.399000,0.5179,-1.5,0,0.5179,0.26822,1,3
AF025170926,prod,53,spread,Away,2026-09-17 07:37:20.399000,0.4821,1.5,1,0.5179,0.26822,1,3
AF025170926,prod,54,total,Over,2026-09-17 07:37:20.399000,0.4899,35.5,1,0.5101,0.260202,1,3
AF025170926,prod,55,total,Under,2026-09-17 07:37:20.399000,0.5101,35.5,0,0.5101,0.260202,1,3
AF025170926,candidate,50,moneyline,Home,2026-09-17 07:37:20.399000,0.4505,,0,0.4505,0.20295,1,2
AF025170926,candidate,51,moneyline,Away,2026-09-17 07:37:20.399000,0.5495,,1,0.4505,0.20295,1,2
AF025170926,candidate,52,spread,Home,2026-09-17 07:37:20.399000,0.4845,-1.5,0,0.4845,0.23474,1,2
AF025170926,candidate,53,spread,Away,2026-09-17 07:37:20.399000,0.5155,1.5,1,0.4845,0.23474,1,2
AF025170926,candidate,54,total,Over,2026-09-17 07:37:20.399000,0.51,37.5,1,0.49,0.2401,1,2
AF025170926,candidate,55,total,Under,2026-09-17 07:37:20.399000,0.49,37.5,0,0.49,0.2401,1,2
AF025180926,prod,50,moneyline,Home,2026-09-18 07:37:24.159000,0.5357,,0,0.5357,0.286974,1,3
AF025180926,prod,51,moneyline,Away,2026-09-18 07:37:24.159000,0.4643,,1,0.5357,0.286974,1,3
AF025180926,prod,52,spread,Home,2026-09-18 07:37:24.159000,0.4882,2.5,0,0.4882,0.238339,1,3
AF025180926,prod,53,spread,Away,2026-09-18 07:37:24.159000,0.5118,-2.5,1,0.4882,0.238339,1,3
AF025180926,prod,54,total,Over,2026-09-18 07:37:24.159000,0.5008,37.5,1,0.4992,0.249201,1,3
AF025180926,prod,55,total,Under,2026-09-18 07:37:24.159000,0.4992,37.5,0,0.4992,0.249201,1,3
AF025180926,candidate,50,moneyline,Home,2026-09-18 07:37:24.159000,0.471,,0,0.471,0.221841,1,2
AF025180926,candidate,51,moneyline,Away,2026-09-18 07:37:24.159000,0.529,,1,0.471,0.221841,1,2
AF025180926,candidate,52,spread,Home,2026-09-18 07:37:24.159000,0.5055,-1.5,0,0.5055,0.25553,1,2
AF025180926,candidate,53,spread,Away,2026-09-18 07:37:24.159000,0.4945,1.5,1,0.5055,0.25553,1,2
AF025180926,candidate,54,total,Over,2026-09-18 07:37:24.159000,0.5235,37.5,1,0.4765,0.227052,1,2
AF025180926,candidate,55,total,Under,2026-09-18 07:37:24.159000,0.4765,37.5,0,0.4765,0.227052,1,2
AF025190926,prod,50,moneyline,Home,2026-09-19 05:23:41.189000,0.4824,,0,0.4824,0.23271,1,3
AF025190926,prod,51,moneyline,Away,2026-09-19 05:23:41.189000,0.5176,,1,0.4824,0.23271,1,3
AF025190926,prod,52,spread,Home,2026-09-19 05:23:41.189000,0.5038,-1.5,0,0.5038,0.253814,1,3
AF025190926,prod,53,spread,Away,2026-09-19 05:23:41.189000,0.4962,1.5,1,0.5038,0.253814,1,3
AF025190926,prod,54,total,Over,2026-09-19 05:23:41.189000,0.5167,34.5,1,0.4833,0.233579,1,3
AF025190926,prod,55,total,Under,2026-09-19 05:23:41.189000,0.4833,34.5,0,0.4833,0.233579,1,3
AF025190926,candidate,50,moneyline,Home,2026-09-19 05:23:41.189000,0.5568,,0,0.5568,0.310026,1,2
AF025190926,candidate,51,moneyline,Away,2026-09-19 05:23:41.189000,0.4432,,1,0.5568,0.310026,1,2
AF025190926,candidate,52,spread,Home,2026-09-19 05:23:41.189000,0.4935,2.5,0,0.4935,0.243542,1,2
AF025190926,candidate,53,spread,Away,2026-09-19 05:23:41.189000,0.5065,-2.5,1,0.4935,0.243542,1,2
AF025190926,candidate,54,total,Over,2026-09-19 05:23:41.189000,0.5415,30.5,1,0.4585,0.210222,1,2
AF025190926,candidate,55,total,Under,2026-09-19 05:23:41.189000,0.4585,30.5,0,0.4585,0.210222,1,2
AF025200926,prod,50,moneyline,Home,2026-09-20 05:23:27.920000,0.3775,,0,0.3775,0.142506,1,3
AF025200926,prod,51,moneyline,Away,2026-09-20 05:23:27.920000,0.6226,,1,0.3774,0.142431,1,3
AF025200926,prod,52,spread,Home,2026-09-20 05:23:27.920000,0.5083,-3.5,0,0.5083,0.258369,1,3
AF025200926,prod,53,spread,Away,2026-09-20 05:23:27.920000,0.4917,3.5,1,0.5083,0.258369,1,3
AF025200926,candidate,50,moneyline,Home,2026-09-20 05:23:27.920000,0.3625,,0,0.3625,0.131406,1,2
AF025200926,candidate,51,moneyline,Away,2026-09-20 05:23:27.920000,0.6375,,1,0.3625,0.131406,1,2
AF025200926,candidate,52,spread,Home,2026-09-20 05:23:27.920000,0.5195,-3.5,0,0.5195,0.26988,1,2
AF025200926,candidate,53,spread,Away,2026-09-20 05:23:27.920000,0.4805,3.5,1,0.5195,0.26988,1,2
AF025200926,candidate,54,total,Over,2026-09-20 05:23:27.920000,0.5,27.5,1,0.5,0.25,1,2
AF025200926,candidate,55,total,Under,2026-09-20 05:23:27.920000,0.5,27.5,0,0.5,0.25,1,2
AF025210926,prod,50,moneyline,Home,2026-09-21 07:37:29.766000,0.4722,,0,0.4722,0.222973,1,3
AF025210926,prod,51,moneyline,Away,2026-09-21 07:37:29.766000,0.5278,,1,0.4722,0.222973,1,3
AF025210926,prod,52,spread,Home,2026-09-21 07:37:29.766000,0.496,-1.5,1,0.504,0.254016,1,3
AF025210926,prod,53,spread,Away,2026-09-21 07:37:29.766000,0.504,1.5,0,0.504,0.254016,1,3
AF025210926,prod,54,total,Over,2026-09-21 07:37:29.766000,0.4854,37.5,1,0.5146,0.264813,1,3
AF025210926,prod,55,total,Under,2026-09-21 07:37:29.766000,0.5147,37.5,0,0.5147,0.264916,1,3
AF025210926,candidate,50,moneyline,Home,2026-09-21 07:37:29.766000,0.4115,,0,0.4115,0.169332,1,2
AF025210926,candidate,51,moneyline,Away,2026-09-21 07:37:29.766000,0.5885,,1,0.4115,0.169332,1,2
AF025210926,candidate,52,spread,Home,2026-09-21 07:37:29.766000,0.472,-2.5,1,0.528,0.278784,1,2
AF025210926,candidate,53,spread,Away,2026-09-21 07:37:29.766000,0.528,2.5,0,0.528,0.278784,1,2
AF025210926,candidate,54,total,Over,2026-09-21 07:37:29.766000,0.48,35.5,1,0.52,0.2704,1,2
AF025210926,candidate,55,total,Under,2026-09-21 07:37:29.766000,0.52,35.5,0,0.52,0.2704,1,2
AF025220926,prod,50,moneyline,Home,2026-09-22 07:37:14.486000,0.4882,,1,0.5118,0.261939,1,3
AF025220926,prod,51,moneyline,Away,2026-09-22 07:37:14.486000,0.5118,,0,0.5118,0.261939,1,3
AF025220926,prod,52,spread,Home,2026-09-22 07:37:14.486000,0.5101,-1.5,1,0.4899,0.240002,1,3
AF025220926,prod,53,spread,Away,2026-09-22 07:37:14.486000,0.4899,1.5,0,0.4899,0.240002,1,3
AF025220926,prod,54,total,Over,2026-09-22 07:37:14.486000,0.5047,36.5,1,0.4953,0.245322,1,3
AF025220926,prod,55,total,Under,2026-09-22 07:37:14.486000,0.4953,36.5,0,0.4953,0.245322,1,3
AF025220926,candidate,50,moneyline,Home,2026-09-22 07:37:14.486000,0.534,,1,0.466,0.217156,1,2
AF025220926,candidate,51,moneyline,Away,2026-09-22 07:37:14.486000,0.466,,0,0.466,0.217156,1,2
AF025220926,candidate,52,spread,Home,2026-09-22 07:37:14.486000,0.485,1.5,1,0.515,0.265225,1,2
AF025220926,candidate,53,spread,Away,2026-09-22 07:37:14.486000,0.515,-1.5,0,0.515,0.265225,1,2
AF025220926,candidate,54,total,Over,2026-09-22 07:37:14.486000,0.5055,37.5,1,0.4945,0.24453,1,2
AF025220926,candidate,55,total,Under,2026-09-22 07:37:14.486000,0.4945,37.5,0,0.4945,0.24453,1,2
AF026170926,prod,50,moneyline,Home,2026-09-17 07:47:40.995000,0.4223,,1,0.5777,0.333737,1,3
AF026170926,prod,51,moneyline,Away,2026-09-17 07:47:40.995000,0.5777,,0,0.5777,0.333737,1,3
AF026170926,prod,52,spread,Home,2026-09-17 07:47:40.995000,0.4648,-2.5,1,0.5352,0.286439,1,3
AF026170926,prod,53,spread,Away,2026-09-17 07:47:40.995000,0.5352,2.5,0,0.5352,0.286439,1,3
AF026170926,prod,54,total,Over,2026-09-17 07:47:40.995000,0.506,30.5,1,0.494,0.244036,1,3
AF026170926,prod,55,total,Under,2026-09-17 07:47:40.995000,0.494,30.5,0,0.494,0.244036,1,3
AF026170926,candidate,50,moneyline,Home,2026-09-17 07:47:40.995000,0.492,,1,0.508,0.258064,1,2
AF026170926,candidate,51,moneyline,Away,2026-09-17 07:47:40.995000,0.508,,0,0.508,0.258064,1,2
AF026170926,candidate,52,spread,Home,2026-09-17 07:47:40.995000,0.492,-0.5,1,0.508,0.258064,1,2
AF026170926,candidate,53,spread,Away,2026-09-17 07:47:40.995000,0.508,0.5,0,0.508,0.258064,1,2
AF026170926,candidate,54,total,Over,2026-09-17 07:47:40.995000,0.4965,24.5,1,0.5035,0.253512,1,2
AF026170926,candidate,55,total,Under,2026-09-17 07:47:40.995000,0.5035,24.5,0,0.5035,0.253512,1,2
AF026180926,prod,50,moneyline,Home,2026-09-18 07:47:11.233000,0.5021,,0,0.5021,0.252104,1,3
AF026180926,prod,51,moneyline,Away,2026-09-18 07:47:11.233000,0.4979,,1,0.5021,0.252104,1,3
AF026180926,prod,52,spread,Home,2026-09-18 07:47:11.233000,0.4829,1.5,0,0.4829,0.233192,1,3
AF026180926,prod,53,spread,Away,2026-09-18 07:47:11.233000,0.5171,-1.5,1,0.4829,0.233192,1,3
AF026180926,prod,54,total,Over,2026-09-18 07:47:11.233000,0.5041,31.5,1,0.4959,0.245917,1,3
AF026180926,prod,55,total,Under,2026-09-18 07:47:11.233000,0.4959,31.5,0,0.4959,0.245917,1,3
AF026180926,candidate,50,moneyline,Home,2026-09-18 07:47:11.233000,0.3412,,0,0.3412,0.116417,1,2
AF026180926,candidate,51,moneyline,Away,2026-09-18 07:47:11.233000,0.6588,,1,0.3412,0.116417,1,2
AF026180926,candidate,52,spread,Home,2026-09-18 07:47:11.233000,0.52,-3.5,0,0.52,0.2704,1,2
AF026180926,candidate,53,spread,Away,2026-09-18 07:47:11.233000,0.48,3.5,1,0.52,0.2704,1,2
AF026180926,candidate,54,total,Over,2026-09-18 07:47:11.233000,0.499,30.5,1,0.501,0.251001,1,2
AF026180926,candidate,55,total,Under,2026-09-18 07:47:11.233000,0.501,30.5,0,0.501,0.251001,1,2
AF026190926,prod,50,moneyline,Home,2026-09-19 05:59:36.040000,0.5215,,1,0.4785,0.228962,1,3
AF026190926,prod,51,moneyline,Away,2026-09-19 05:59:36.040000,0.4785,,0,0.4785,0.228962,1,3
AF026190926,prod,52,spread,Home,2026-09-19 05:59:36.040000,0.4997,1.5,1,0.5003,0.2503,1,3
AF026190926,prod,53,spread,Away,2026-09-19 05:59:36.040000,0.5003,-1.5,0,0.5003,0.2503,1,3
AF026190926,prod,54,total,Over,2026-09-19 05:59:36.040000,0.5138,34.5,1,0.4862,0.23639,1,3
AF026190926,prod,55,total,Under,2026-09-19 05:59:36.040000,0.4862,34.5,0,0.4862,0.23639,1,3
AF026190926,candidate,50,moneyline,Home,2026-09-19 05:59:36.040000,0.4605,,1,0.5395,0.29106,1,2
AF026190926,candidate,51,moneyline,Away,2026-09-19 05:59:36.040000,0.5395,,0,0.5395,0.29106,1,2
AF026190926,candidate,52,spread,Home,2026-09-19 05:59:36.040000,0.502,-1.5,1,0.498,0.248004,1,2
AF026190926,candidate,53,spread,Away,2026-09-19 05:59:36.040000,0.498,1.5,0,0.498,0.248004,1,2
AF026190926,candidate,54,total,Over,2026-09-19 05:59:36.040000,0.5315,30.5,1,0.4685,0.219492,1,2
AF026190926,candidate,55,total,Under,2026-09-19 05:59:36.040000,0.4685,30.5,0,0.4685,0.219492,1,2
AF026200926,prod,50,moneyline,Home,2026-09-20 05:59:21.960000,0.6191,,0,0.6191,0.383285,1,3
AF026200926,prod,51,moneyline,Away,2026-09-20 05:59:21.960000,0.3811,,1,0.6189,0.383037,1,3
AF026200926,prod,52,spread,Home,2026-09-20 05:59:21.960000,0.4897,3.5,0,0.4897,0.239806,1,3
AF026200926,prod,53,spread,Away,2026-09-20 05:59:21.960000,0.5103,-3.5,1,0.4897,0.239806,1,3
AF026200926,candidate,50,moneyline,Home,2026-09-20 05:59:21.960000,0.6755,,0,0.6755,0.4563,1,2
AF026200926,candidate,51,moneyline,Away,2026-09-20 05:59:21.960000,0.3245,,1,0.6755,0.4563,1,2
AF026200926,candidate,52,spread,Home,2026-09-20 05:59:21.960000,0.5015,3.5,0,0.5015,0.251502,1,2
AF026200926,candidate,53,spread,Away,2026-09-20 05:59:21.960000,0.4985,-3.5,1,0.5015,0.251502,1,2
AF026200926,candidate,54,total,Over,2026-09-20 05:59:21.960000,0.4995,28.5,1,0.5005,0.2505,1,2
AF026200926,candidate,55,total,Under,2026-09-20 05:59:21.960000,0.5005,28.5,0,0.5005,0.2505,1,2
AF026210926,prod,50,moneyline,Home,2026-09-21 07:47:14.269000,0.5768,,1,0.4232,0.179098,1,4
AF026210926,prod,51,moneyline,Away,2026-09-21 07:47:14.269000,0.4233,,0,0.4233,0.179183,1,4
AF026210926,prod,52,spread,Home,2026-09-21 07:47:14.269000,0.5324,2.5,1,0.4676,0.21865,1,4
AF026210926,prod,53,spread,Away,2026-09-21 07:47:14.269000,0.4676,-2.5,0,0.4676,0.21865,1,4
AF026210926,prod,54,total,Over,2026-09-21 07:47:14.269000,0.5157,34.5,1,0.4843,0.234546,1,4
AF026210926,prod,55,total,Under,2026-09-21 07:47:14.269000,0.4843,34.5,0,0.4843,0.234546,1,4
AF026210926,candidate,50,moneyline,Home,2026-09-21 07:47:14.269000,0.497,,1,0.503,0.253009,1,2
AF026210926,candidate,51,moneyline,Away,2026-09-21 07:47:14.269000,0.503,,0,0.503,0.253009,1,2
AF026210926,candidate,52,spread,Home,2026-09-21 07:47:14.269000,0.497,-0.5,1,0.503,0.253009,1,2
AF026210926,candidate,53,spread,Away,2026-09-21 07:47:14.269000,0.503,0.5,0,0.503,0.253009,1,2
AF026210926,candidate,54,total,Over,2026-09-21 07:47:14.269000,0.524,26.5,1,0.476,0.226576,1,2
AF026210926,candidate,55,total,Under,2026-09-21 07:47:14.269000,0.476,26.5,0,0.476,0.226576,1,2
AF026220926,prod,50,moneyline,Home,2026-09-22 07:47:09.970000,0.4611,,1,0.5389,0.290413,1,3
AF026220926,prod,51,moneyline,Away,2026-09-22 07:47:09.970000,0.539,,0,0.539,0.290521,1,3
AF026220926,prod,54,total,Over,2026-09-22 07:47:09.970000,0.5427,30.5,0,0.5427,0.294523,1,3
AF026220926,prod,55,total,Under,2026-09-22 07:47:09.970000,0.4573,30.5,1,0.5427,0.294523,1,3
AF026220926,candidate,50,moneyline,Home,2026-09-22 07:47:09.970000,0.439,,1,0.561,0.314721,1,2
AF026220926,candidate,51,moneyline,Away,2026-09-22 07:47:09.970000,0.561,,0,0.561,0.314721,1,2
AF026220926,candidate,52,spread,Home,2026-09-22 07:47:09.970000,0.5055,-2.5,1,0.4945,0.24453,1,2
AF026220926,candidate,53,spread,Away,2026-09-22 07:47:09.970000,0.4945,2.5,0,0.4945,0.24453,1,2
AF026220926,candidate,54,total,Over,2026-09-22 07:47:09.970000,0.466,31.5,0,0.466,0.217156,1,2
AF026220926,candidate,55,total,Under,2026-09-22 07:47:09.970000,0.534,31.5,1,0.466,0.217156,1,2
AF027170926,prod,50,moneyline,Home,2026-09-17 08:13:16.594000,0.4319,,1,0.5681,0.322738,1,3
AF027170926,prod,51,moneyline,Away,2026-09-17 08:13:16.594000,0.5681,,0,0.5681,0.322738,1,3
AF027170926,prod,52,spread,Home,2026-09-17 08:13:16.594000,0.4795,-2.5,1,0.5205,0.27092,1,3
AF027170926,prod,53,spread,Away,2026-09-17 08:13:16.594000,0.5205,2.5,0,0.5205,0.27092,1,3
AF027170926,prod,54,total,Over,2026-09-17 08:13:16.594000,0.4879,35.5,1,0.5121,0.262246,1,3
AF027170926,prod,55,total,Under,2026-09-17 08:13:16.594000,0.5121,35.5,0,0.5121,0.262246,1,3
AF027170926,candidate,50,moneyline,Home,2026-09-17 08:13:16.594000,0.4495,,1,0.5505,0.30305,1,2
AF027170926,candidate,51,moneyline,Away,2026-09-17 08:13:16.594000,0.5505,,0,0.5505,0.30305,1,2
AF027170926,candidate,52,spread,Home,2026-09-17 08:13:16.594000,0.491,-1.5,1,0.509,0.259081,1,2
AF027170926,candidate,53,spread,Away,2026-09-17 08:13:16.594000,0.509,1.5,0,0.509,0.259081,1,2
AF027170926,candidate,54,total,Over,2026-09-17 08:13:16.594000,0.4965,36.5,1,0.5035,0.253512,1,2
AF027170926,candidate,55,total,Under,2026-09-17 08:13:16.594000,0.5035,36.5,0,0.5035,0.253512,1,2
AF027180926,prod,50,moneyline,Home,2026-09-18 08:13:17.580000,0.5666,,0,0.5666,0.321036,1,3
AF027180926,prod,51,moneyline,Away,2026-09-18 08:13:17.580000,0.4335,,1,0.5665,0.320922,1,3
AF027180926,prod,52,spread,Home,2026-09-18 08:13:17.580000,0.5215,2.5,0,0.5215,0.271962,1,3
AF027180926,prod,53,spread,Away,2026-09-18 08:13:17.580000,0.4785,-2.5,1,0.5215,0.271962,1,3
AF027180926,prod,54,total,Over,2026-09-18 08:13:17.580000,0.5015,35.5,1,0.4985,0.248502,1,3
AF027180926,prod,55,total,Under,2026-09-18 08:13:17.580000,0.4985,35.5,0,0.4985,0.248502,1,3
AF027180926,candidate,50,moneyline,Home,2026-09-18 08:13:17.580000,0.5185,,0,0.5185,0.268842,1,2
AF027180926,candidate,51,moneyline,Away,2026-09-18 08:13:17.580000,0.4815,,1,0.5185,0.268842,1,2
AF027180926,candidate,52,spread,Home,2026-09-18 08:13:17.580000,0.5185,0.5,0,0.5185,0.268842,1,2
AF027180926,candidate,53,spread,Away,2026-09-18 08:13:17.580000,0.4815,-0.5,1,0.5185,0.268842,1,2
AF027180926,candidate,54,total,Over,2026-09-18 08:13:17.580000,0.499,34.5,1,0.501,0.251001,1,2
AF027180926,candidate,55,total,Under,2026-09-18 08:13:17.580000,0.501,34.5,0,0.501,0.251001,1,2
AF027190926,prod,50,moneyline,Home,2026-09-19 06:25:44.987000,0.5594,,0,0.5594,0.312928,1,3
AF027190926,prod,51,moneyline,Away,2026-09-19 06:25:44.987000,0.4406,,1,0.5594,0.312928,1,3
AF027190926,prod,52,spread,Home,2026-09-19 06:25:44.987000,0.5133,2.5,0,0.5133,0.263477,1,3
AF027190926,prod,53,spread,Away,2026-09-19 06:25:44.987000,0.4867,-2.5,1,0.5133,0.263477,1,3
AF027190926,prod,54,total,Over,2026-09-19 06:25:44.987000,0.4962,37.5,1,0.5038,0.253814,1,3
AF027190926,prod,55,total,Under,2026-09-19 06:25:44.987000,0.5038,37.5,0,0.5038,0.253814,1,3
AF027190926,candidate,50,moneyline,Home,2026-09-19 06:25:44.987000,0.6915,,0,0.6915,0.478172,1,2
AF027190926,candidate,51,moneyline,Away,2026-09-19 06:25:44.987000,0.3085,,1,0.6915,0.478172,1,2
AF027190926,candidate,52,spread,Home,2026-09-19 06:25:44.987000,0.5095,3.5,0,0.5095,0.25959,1,2
AF027190926,candidate,53,spread,Away,2026-09-19 06:25:44.987000,0.4905,-3.5,1,0.5095,0.25959,1,2
AF027190926,candidate,54,total,Over,2026-09-19 06:25:44.987000,0.4745,38.5,1,0.5255,0.27615,1,2
AF027190926,candidate,55,total,Under,2026-09-19 06:25:44.987000,0.5255,38.5,0,0.5255,0.27615,1,2
AF027200926,prod,50,moneyline,Home,2026-09-20 06:25:38.286000,0.5384,,0,0.5384,0.289875,1,3
AF027200926,prod,51,moneyline,Away,2026-09-20 06:25:38.286000,0.4617,,1,0.5383,0.289767,1,3
AF027200926,prod,52,spread,Home,2026-09-20 06:25:38.286000,0.4927,2.5,0,0.4927,0.242753,1,3
AF027200926,prod,53,spread,Away,2026-09-20 06:25:38.286000,0.5073,-2.5,1,0.4927,0.242753,1,3
AF027200926,prod,54,total,Over,2026-09-20 06:25:38.286000,0.477,35.5,1,0.523,0.273529,1,3
AF027200926,prod,55,total,Under,2026-09-20 06:25:38.286000,0.523,35.5,0,0.523,0.273529,1,3
AF027200926,candidate,50,moneyline,Home,2026-09-20 06:25:38.286000,0.548,,0,0.548,0.300304,1,2
AF027200926,candidate,51,moneyline,Away,2026-09-20 06:25:38.286000,0.452,,1,0.548,0.300304,1,2
AF027200926,candidate,52,spread,Home,2026-09-20 06:25:38.286000,0.5055,1.5,0,0.5055,0.25553,1,2
AF027200926,candidate,53,spread,Away,2026-09-20 06:25:38.286000,0.4945,-1.5,1,0.5055,0.25553,1,2
AF027200926,candidate,54,total,Over,2026-09-20 06:25:38.286000,0.472,38.5,1,0.528,0.278784,1,2
AF027200926,candidate,55,total,Under,2026-09-20 06:25:38.286000,0.528,38.5,0,0.528,0.278784,1,2
AF027210926,prod,50,moneyline,Home,2026-09-21 08:22:41.317000,0.4866,,1,0.5134,0.26358,1,3
AF027210926,prod,51,moneyline,Away,2026-09-21 08:22:41.317000,0.5134,,0,0.5134,0.26358,1,3
AF027210926,prod,52,spread,Home,2026-09-21 08:22:41.317000,0.5102,-1.5,1,0.4898,0.239904,1,3
AF027210926,prod,53,spread,Away,2026-09-21 08:22:41.317000,0.4898,1.5,0,0.4898,0.239904,1,3
AF027210926,prod,54,total,Over,2026-09-21 08:22:41.317000,0.4963,35.5,1,0.5037,0.253714,1,3
AF027210926,prod,55,total,Under,2026-09-21 08:22:41.317000,0.5038,35.5,0,0.5038,0.253814,1,3
AF027210926,candidate,50,moneyline,Home,2026-09-21 08:22:41.317000,0.2645,,1,0.7355,0.54096,1,2
AF027210926,candidate,51,moneyline,Away,2026-09-21 08:22:41.317000,0.7355,,0,0.7355,0.54096,1,2
AF027210926,candidate,52,spread,Home,2026-09-21 08:22:41.317000,0.4935,-4.5,1,0.5065,0.256542,1,2
AF027210926,candidate,53,spread,Away,2026-09-21 08:22:41.317000,0.5065,4.5,0,0.5065,0.256542,1,2
AF027210926,candidate,54,total,Over,2026-09-21 08:22:41.317000,0.5005,36.5,1,0.4995,0.2495,1,2
AF027210926,candidate,55,total,Under,2026-09-21 08:22:41.317000,0.4995,36.5,0,0.4995,0.2495,1,2
AF027220926,prod,50,moneyline,Home,2026-09-22 08:13:33.044000,0.5839,,0,0.5839,0.340939,1,3
AF027220926,prod,51,moneyline,Away,2026-09-22 08:13:33.044000,0.4161,,1,0.5839,0.340939,1,3
AF027220926,prod,52,spread,Home,2026-09-22 08:13:33.044000,0.5341,2.5,0,0.5341,0.285263,1,3
AF027220926,prod,53,spread,Away,2026-09-22 08:13:33.044000,0.4659,-2.5,1,0.5341,0.285263,1,3
AF027220926,prod,54,total,Over,2026-09-22 08:13:33.044000,0.498,34.5,0,0.498,0.248004,1,3
AF027220926,prod,55,total,Under,2026-09-22 08:13:33.044000,0.502,34.5,1,0.498,0.248004,1,3
AF027220926,candidate,50,moneyline,Home,2026-09-22 08:13:33.044000,0.546,,0,0.546,0.298116,1,2
AF027220926,candidate,51,moneyline,Away,2026-09-22 08:13:33.044000,0.454,,1,0.546,0.298116,1,2
AF027220926,candidate,52,spread,Home,2026-09-22 08:13:33.044000,0.5,1.5,0,0.5,0.25,1,2
AF027220926,candidate,53,spread,Away,2026-09-22 08:13:33.044000,0.5,-1.5,1,0.5,0.25,1,2
AF027220926,candidate,54,total,Over,2026-09-22 08:13:33.044000,0.4995,36.5,0,0.4995,0.2495,1,2
AF027220926,candidate,55,total,Under,2026-09-22 08:13:33.044000,0.5005,36.5,1,0.4995,0.2495,1,2
AF028170926,prod,50,moneyline,Home,2026-09-17 08:23:45.730000,0.4445,,1,0.5555,0.30858,1,3
AF028170926,prod,51,moneyline,Away,2026-09-17 08:23:45.730000,0.5555,,0,0.5555,0.30858,1,3
AF028170926,prod,52,spread,Home,2026-09-17 08:23:45.730000,0.4857,-2.5,1,0.5143,0.264504,1,3
AF028170926,prod,53,spread,Away,2026-09-17 08:23:45.730000,0.5143,2.5,0,0.5143,0.264504,1,3
AF028170926,prod,54,total,Over,2026-09-17 08:23:45.730000,0.524,34.5,0,0.524,0.274576,1,3
AF028170926,prod,55,total,Under,2026-09-17 08:23:45.730000,0.476,34.5,1,0.524,0.274576,1,3
AF028170926,candidate,50,moneyline,Home,2026-09-17 08:23:45.730000,0.3935,,1,0.6065,0.367842,1,2
AF028170926,candidate,51,moneyline,Away,2026-09-17 08:23:45.730000,0.6065,,0,0.6065,0.367842,1,2
AF028170926,candidate,52,spread,Home,2026-09-17 08:23:45.730000,0.465,-2.5,1,0.535,0.286225,1,2
AF028170926,candidate,53,spread,Away,2026-09-17 08:23:45.730000,0.535,2.5,0,0.535,0.286225,1,2
AF028170926,candidate,54,total,Over,2026-09-17 08:23:45.730000,0.5005,34.5,0,0.5005,0.2505,1,2
AF028170926,candidate,55,total,Under,2026-09-17 08:23:45.730000,0.4995,34.5,1,0.5005,0.2505,1,2
AF028180926,prod,50,moneyline,Home,2026-09-18 08:23:19.001000,0.5647,,0,0.5647,0.318886,1,3
AF028180926,prod,51,moneyline,Away,2026-09-18 08:23:19.001000,0.4353,,1,0.5647,0.318886,1,3
AF028180926,prod,52,spread,Home,2026-09-18 08:23:19.001000,0.5243,2.5,0,0.5243,0.27489,1,3
AF028180926,prod,53,spread,Away,2026-09-18 08:23:19.001000,0.4757,-2.5,1,0.5243,0.27489,1,3
AF028180926,prod,54,total,Over,2026-09-18 08:23:19.001000,0.4985,34.5,0,0.4985,0.248502,1,3
AF028180926,prod,55,total,Under,2026-09-18 08:23:19.001000,0.5015,34.5,1,0.4985,0.248502,1,3
AF028180926,candidate,50,moneyline,Home,2026-09-18 08:23:19.001000,0.5455,,0,0.5455,0.29757,1,2
AF028180926,candidate,51,moneyline,Away,2026-09-18 08:23:19.001000,0.4545,,1,0.5455,0.29757,1,2
AF028180926,candidate,52,spread,Home,2026-09-18 08:23:19.001000,0.504,1.5,0,0.504,0.254016,1,2
AF028180926,candidate,53,spread,Away,2026-09-18 08:23:19.001000,0.496,-1.5,1,0.504,0.254016,1,2
AF028180926,candidate,54,total,Over,2026-09-18 08:23:19.001000,0.5055,32.5,0,0.5055,0.25553,1,2
AF028180926,candidate,55,total,Under,2026-09-18 08:23:19.001000,0.4945,32.5,1,0.5055,0.25553,1,2
AF028200926,prod,50,moneyline,Home,2026-09-20 06:35:27.001000,0.4753,,0,0.4753,0.22591,1,3
AF028200926,prod,51,moneyline,Away,2026-09-20 06:35:27.001000,0.5247,,1,0.4753,0.22591,1,3
AF028200926,prod,52,spread,Home,2026-09-20 06:35:27.001000,0.4969,-1.5,0,0.4969,0.24691,1,3
AF028200926,prod,53,spread,Away,2026-09-20 06:35:27.001000,0.5031,1.5,1,0.4969,0.24691,1,3
AF028200926,prod,54,total,Over,2026-09-20 06:35:27.001000,0.5087,34.5,0,0.5087,0.258776,1,3
AF028200926,prod,55,total,Under,2026-09-20 06:35:27.001000,0.4913,34.5,1,0.5087,0.258776,1,3
AF028200926,candidate,50,moneyline,Home,2026-09-20 06:35:27.001000,0.5695,,0,0.5695,0.32433,1,2
AF028200926,candidate,51,moneyline,Away,2026-09-20 06:35:27.001000,0.4305,,1,0.5695,0.32433,1,2
AF028200926,candidate,52,spread,Home,2026-09-20 06:35:27.001000,0.507,2.5,0,0.507,0.257049,1,2
AF028200926,candidate,53,spread,Away,2026-09-20 06:35:27.001000,0.493,-2.5,1,0.507,0.257049,1,2
AF028200926,candidate,54,total,Over,2026-09-20 06:35:27.001000,0.4705,31.5,1,0.5295,0.28037,1,2
AF028200926,candidate,55,total,Under,2026-09-20 06:35:27.001000,0.5295,31.5,0,0.5295,0.28037,1,2
AF028220926,prod,50,moneyline,Home,2026-09-22 08:23:21.601000,0.4964,,0,0.4964,0.246413,1,3
AF028220926,prod,51,moneyline,Away,2026-09-22 08:23:21.601000,0.5036,,1,0.4964,0.246413,1,3
AF028220926,prod,52,spread,Home,2026-09-22 08:23:21.601000,0.5177,-1.5,0,0.5177,0.268013,1,3
AF028220926,prod,53,spread,Away,2026-09-22 08:23:21.601000,0.4824,1.5,1,0.5176,0.26791,1,3
AF028220926,prod,54,total,Over,2026-09-22 08:23:21.601000,0.5322,30.5,1,0.4678,0.218837,1,3
AF028220926,prod,55,total,Under,2026-09-22 08:23:21.601000,0.4678,30.5,0,0.4678,0.218837,1,3
AF028220926,candidate,50,moneyline,Home,2026-09-22 08:23:21.601000,0.6325,,0,0.6325,0.400056,1,2
AF028220926,candidate,51,moneyline,Away,2026-09-22 08:23:21.601000,0.3675,,1,0.6325,0.400056,1,2
AF028220926,candidate,52,spread,Home,2026-09-22 08:23:21.601000,0.454,3.5,0,0.454,0.206116,1,2
AF028220926,candidate,53,spread,Away,2026-09-22 08:23:21.601000,0.546,-3.5,1,0.454,0.206116,1,2
AF028220926,candidate,54,total,Over,2026-09-22 08:23:21.601000,0.525,30.5,1,0.475,0.225625,1,2
AF028220926,candidate,55,total,Under,2026-09-22 08:23:21.601000,0.475,30.5,0,0.475,0.225625,1,2
AF029170926,prod,50,moneyline,Home,2026-09-17 08:49:26.151000,0.5763,,0,0.5763,0.332122,1,3
AF029170926,prod,51,moneyline,Away,2026-09-17 08:49:26.151000,0.4237,,1,0.5763,0.332122,1,3
AF029170926,prod,52,spread,Home,2026-09-17 08:49:26.151000,0.5296,2.5,0,0.5296,0.280476,1,3
AF029170926,prod,53,spread,Away,2026-09-17 08:49:26.151000,0.4704,-2.5,1,0.5296,0.280476,1,3
AF029170926,prod,54,total,Over,2026-09-17 08:49:26.151000,0.5153,36.5,1,0.4847,0.234934,1,3
AF029170926,prod,55,total,Under,2026-09-17 08:49:26.151000,0.4847,36.5,0,0.4847,0.234934,1,3
AF029170926,candidate,50,moneyline,Home,2026-09-17 08:49:26.151000,0.595,,0,0.595,0.354025,1,2
AF029170926,candidate,51,moneyline,Away,2026-09-17 08:49:26.151000,0.405,,1,0.595,0.354025,1,2
AF029170926,candidate,52,spread,Home,2026-09-17 08:49:26.151000,0.516,2.5,0,0.516,0.266256,1,2
AF029170926,candidate,53,spread,Away,2026-09-17 08:49:26.151000,0.484,-2.5,1,0.516,0.266256,1,2
AF029170926,candidate,54,total,Over,2026-09-17 08:49:26.151000,0.498,35.5,1,0.502,0.252004,1,2
AF029170926,candidate,55,total,Under,2026-09-17 08:49:26.151000,0.502,35.5,0,0.502,0.252004,1,2
AF029180926,prod,50,moneyline,Home,2026-09-18 08:49:27.534000,0.5779,,1,0.4221,0.178168,1,3
AF029180926,prod,51,moneyline,Away,2026-09-18 08:49:27.534000,0.4222,,0,0.4222,0.178253,1,3
AF029180926,prod,52,spread,Home,2026-09-18 08:49:27.534000,0.5292,2.5,1,0.4708,0.221653,1,3
AF029180926,prod,53,spread,Away,2026-09-18 08:49:27.534000,0.4708,-2.5,0,0.4708,0.221653,1,3
AF029180926,prod,54,total,Over,2026-09-18 08:49:27.534000,0.5129,36.5,1,0.4871,0.237266,1,3
AF029180926,prod,55,total,Under,2026-09-18 08:49:27.534000,0.4871,36.5,0,0.4871,0.237266,1,3
AF029180926,candidate,50,moneyline,Home,2026-09-18 08:49:27.534000,0.4695,,1,0.5305,0.28143,1,2
AF029180926,candidate,51,moneyline,Away,2026-09-18 08:49:27.534000,0.5305,,0,0.5305,0.28143,1,2
AF029180926,candidate,52,spread,Home,2026-09-18 08:49:27.534000,0.5125,-1.5,1,0.4875,0.237656,1,2
AF029180926,candidate,53,spread,Away,2026-09-18 08:49:27.534000,0.4875,1.5,0,0.4875,0.237656,1,2
AF029180926,candidate,54,total,Over,2026-09-18 08:49:27.534000,0.4915,37.5,1,0.5085,0.258572,1,2
AF029180926,candidate,55,total,Under,2026-09-18 08:49:27.534000,0.5085,37.5,0,0.5085,0.258572,1,2
AF029190926,prod,50,moneyline,Home,2026-09-19 07:01:31.584000,0.5793,,1,0.4207,0.176988,1,3
AF029190926,prod,51,moneyline,Away,2026-09-19 07:01:31.584000,0.4207,,0,0.4207,0.176988,1,3
AF029190926,prod,52,spread,Home,2026-09-19 07:01:31.584000,0.5282,2.5,1,0.4718,0.222595,1,3
AF029190926,prod,53,spread,Away,2026-09-19 07:01:31.584000,0.4719,-2.5,0,0.4719,0.22269,1,3
AF029190926,prod,54,total,Over,2026-09-19 07:01:31.584000,0.4736,35.5,0,0.4736,0.224297,1,3
AF029190926,prod,55,total,Under,2026-09-19 07:01:31.584000,0.5264,35.5,1,0.4736,0.224297,1,3
AF029190926,candidate,50,moneyline,Home,2026-09-19 07:01:31.584000,0.6395,,1,0.3605,0.12996,1,2
AF029190926,candidate,51,moneyline,Away,2026-09-19 07:01:31.584000,0.3605,,0,0.3605,0.12996,1,2
AF029190926,candidate,52,spread,Home,2026-09-19 07:01:31.584000,0.449,3.5,1,0.551,0.303601,1,2
AF029190926,candidate,53,spread,Away,2026-09-19 07:01:31.584000,0.551,-3.5,0,0.551,0.303601,1,2
AF029190926,candidate,54,total,Over,2026-09-19 07:01:31.584000,0.513,33.5,0,0.513,0.263169,1,2
AF029190926,candidate,55,total,Under,2026-09-19 07:01:31.584000,0.487,33.5,1,0.513,0.263169,1,2
AF029200926,prod,50,moneyline,Home,2026-09-20 07:01:54.817000,0.4909,,1,0.5091,0.259183,1,3
AF029200926,prod,51,moneyline,Away,2026-09-20 07:01:54.817000,0.5092,,0,0.5092,0.259285,1,3
AF029200926,candidate,50,moneyline,Home,2026-09-20 07:01:54.817000,0.5995,,1,0.4005,0.1604,1,2
AF029200926,candidate,51,moneyline,Away,2026-09-20 07:01:54.817000,0.4005,,0,0.4005,0.1604,1,2
AF029200926,candidate,52,spread,Home,2026-09-20 07:01:54.817000,0.5345,2.5,1,0.4655,0.21669,1,2
AF029200926,candidate,53,spread,Away,2026-09-20 07:01:54.817000,0.4655,-2.5,0,0.4655,0.21669,1,2
AF029200926,candidate,54,total,Over,2026-09-20 07:01:54.817000,0.52,34.5,1,0.48,0.2304,1,2
AF029200926,candidate,55,total,Under,2026-09-20 07:01:54.817000,0.48,34.5,0,0.48,0.2304,1,2
AF029210926,prod,50,moneyline,Home,2026-09-21 08:49:24.549000,0.4737,,0,0.4737,0.224392,1,3
AF029210926,prod,51,moneyline,Away,2026-09-21 08:49:24.549000,0.5263,,1,0.4737,0.224392,1,3
AF029210926,prod,52,spread,Home,2026-09-21 08:49:24.549000,0.4967,-1.5,0,0.4967,0.246711,1,3
AF029210926,prod,53,spread,Away,2026-09-21 08:49:24.549000,0.5033,1.5,1,0.4967,0.246711,1,3
AF029210926,prod,54,total,Over,2026-09-21 08:49:24.549000,0.4986,36.5,1,0.5014,0.251402,1,3
AF029210926,prod,55,total,Under,2026-09-21 08:49:24.549000,0.5014,36.5,0,0.5014,0.251402,1,3
AF029210926,candidate,50,moneyline,Home,2026-09-21 08:49:24.549000,0.4155,,0,0.4155,0.17264,1,2
AF029210926,candidate,51,moneyline,Away,2026-09-21 08:49:24.549000,0.5845,,1,0.4155,0.17264,1,2
AF029210926,candidate,52,spread,Home,2026-09-21 08:49:24.549000,0.487,-2.5,0,0.487,0.237169,1,2
AF029210926,candidate,53,spread,Away,2026-09-21 08:49:24.549000,0.513,2.5,1,0.487,0.237169,1,2
AF029210926,candidate,54,total,Over,2026-09-21 08:49:24.549000,0.4995,34.5,1,0.5005,0.2505,1,2
AF029210926,candidate,55,total,Under,2026-09-21 08:49:24.549000,0.5005,34.5,0,0.5005,0.2505,1,2
AF029220926,prod,50,moneyline,Home,2026-09-22 08:49:14.506000,0.532,,0,0.532,0.283024,1,3
AF029220926,prod,51,moneyline,Away,2026-09-22 08:49:14.506000,0.4681,,1,0.5319,0.282918,1,3
AF029220926,prod,52,spread,Home,2026-09-22 08:49:14.506000,0.5088,1.5,0,0.5088,0.258877,1,3
AF029220926,prod,53,spread,Away,2026-09-22 08:49:14.506000,0.4913,-1.5,1,0.5087,0.258776,1,3
AF029220926,prod,54,total,Over,2026-09-22 08:49:14.506000,0.4948,35.5,1,0.5052,0.255227,1,3
AF029220926,prod,55,total,Under,2026-09-22 08:49:14.506000,0.5052,35.5,0,0.5052,0.255227,1,3
AF029220926,candidate,50,moneyline,Home,2026-09-22 08:49:14.506000,0.561,,0,0.561,0.314721,1,2
AF029220926,candidate,51,moneyline,Away,2026-09-22 08:49:14.506000,0.439,,1,0.561,0.314721,1,2
AF029220926,candidate,52,spread,Home,2026-09-22 08:49:14.506000,0.4865,2.5,0,0.4865,0.236682,1,2
AF029220926,candidate,53,spread,Away,2026-09-22 08:49:14.506000,0.5135,-2.5,1,0.4865,0.236682,1,2
AF029220926,candidate,54,total,Over,2026-09-22 08:49:14.506000,0.501,37.5,1,0.499,0.249001,1,2
AF029220926,candidate,55,total,Under,2026-09-22 08:49:14.506000,0.499,37.5,0,0.499,0.249001,1,2
AF030170926,prod,50,moneyline,Home,2026-09-17 08:59:42.905000,0.3804,,0,0.3804,0.144704,1,3
AF030170926,prod,51,moneyline,Away,2026-09-17 08:59:42.905000,0.6197,,1,0.3803,0.144628,1,3
AF030170926,prod,52,spread,Home,2026-09-17 08:59:42.905000,0.5189,-3.5,1,0.4811,0.231457,1,3
AF030170926,prod,53,spread,Away,2026-09-17 08:59:42.905000,0.4812,3.5,0,0.4812,0.231553,1,3
AF030170926,prod,54,total,Over,2026-09-17 08:59:42.905000,0.4966,31.5,0,0.4966,0.246612,1,3
AF030170926,prod,55,total,Under,2026-09-17 08:59:42.905000,0.5034,31.5,1,0.4966,0.246612,1,3
AF030170926,candidate,50,moneyline,Home,2026-09-17 08:59:42.905000,0.4465,,0,0.4465,0.199362,1,2
AF030170926,candidate,51,moneyline,Away,2026-09-17 08:59:42.905000,0.5535,,1,0.4465,0.199362,1,2
AF030170926,candidate,52,spread,Home,2026-09-17 08:59:42.905000,0.501,-2.5,1,0.499,0.249001,1,2
AF030170926,candidate,53,spread,Away,2026-09-17 08:59:42.905000,0.499,2.5,0,0.499,0.249001,1,2
AF030170926,candidate,54,total,Over,2026-09-17 08:59:42.905000,0.459,31.5,0,0.459,0.210681,1,2
AF030170926,candidate,55,total,Under,2026-09-17 08:59:42.905000,0.541,31.5,1,0.459,0.210681,1,2
AF030180926,prod,50,moneyline,Home,2026-09-18 08:59:25.962000,0.5369,,1,0.4631,0.214462,1,3
AF030180926,prod,51,moneyline,Away,2026-09-18 08:59:25.962000,0.4631,,0,0.4631,0.214462,1,3
AF030180926,prod,52,spread,Home,2026-09-18 08:59:25.962000,0.4977,2.5,1,0.5023,0.252305,1,3
AF030180926,prod,53,spread,Away,2026-09-18 08:59:25.962000,0.5023,-2.5,0,0.5023,0.252305,1,3
AF030180926,prod,54,total,Over,2026-09-18 08:59:25.962000,0.4925,31.5,0,0.4925,0.242556,1,3
AF030180926,prod,55,total,Under,2026-09-18 08:59:25.962000,0.5075,31.5,1,0.4925,0.242556,1,3
AF030180926,candidate,50,moneyline,Home,2026-09-18 08:59:25.962000,0.4475,,1,0.5525,0.305256,1,2
AF030180926,candidate,51,moneyline,Away,2026-09-18 08:59:25.962000,0.5525,,0,0.5525,0.305256,1,2
AF030180926,candidate,52,spread,Home,2026-09-18 08:59:25.962000,0.508,-2.5,1,0.492,0.242064,1,2
AF030180926,candidate,53,spread,Away,2026-09-18 08:59:25.962000,0.492,2.5,0,0.492,0.242064,1,2
AF030180926,candidate,54,total,Over,2026-09-18 08:59:25.962000,0.51,29.5,0,0.51,0.2601,1,2
AF030180926,candidate,55,total,Under,2026-09-18 08:59:25.962000,0.49,29.5,1,0.51,0.2601,1,2
AF030200926,prod,50,moneyline,Home,2026-09-20 07:11:23.963000,0.4708,,1,0.5292,0.280053,1,3
AF030200926,prod,51,moneyline,Away,2026-09-20 07:11:23.963000,0.5293,,0,0.5293,0.280158,1,3
AF030200926,prod,52,spread,Home,2026-09-20 07:11:23.963000,0.4918,-1.5,1,0.5082,0.258267,1,3
AF030200926,prod,53,spread,Away,2026-09-20 07:11:23.963000,0.5082,1.5,0,0.5082,0.258267,1,3
AF030200926,prod,54,total,Over,2026-09-20 07:11:23.963000,0.452,31.5,1,0.548,0.300304,1,3
AF030200926,prod,55,total,Under,2026-09-20 07:11:23.963000,0.5481,31.5,0,0.5481,0.300414,1,3
AF030200926,candidate,50,moneyline,Home,2026-09-20 07:11:23.963000,0.376,,1,0.624,0.389376,1,2
AF030200926,candidate,51,moneyline,Away,2026-09-20 07:11:23.963000,0.624,,0,0.624,0.389376,1,2
AF030200926,candidate,52,spread,Home,2026-09-20 07:11:23.963000,0.5415,-3.5,1,0.4585,0.210222,1,2
AF030200926,candidate,53,spread,Away,2026-09-20 07:11:23.963000,0.4585,3.5,0,0.4585,0.210222,1,2
AF030200926,candidate,54,total,Over,2026-09-20 07:11:23.963000,0.486,30.5,1,0.514,0.264196,1,2
AF030200926,candidate,55,total,Under,2026-09-20 07:11:23.963000,0.514,30.5,0,0.514,0.264196,1,2
AF030220926,prod,50,moneyline,Home,2026-09-22 08:59:26.800000,0.4846,,1,0.5154,0.265637,1,3
AF030220926,prod,51,moneyline,Away,2026-09-22 08:59:26.800000,0.5154,,0,0.5154,0.265637,1,3
AF030220926,prod,52,spread,Home,2026-09-22 08:59:26.800000,0.5048,-1.5,1,0.4952,0.245223,1,3
AF030220926,prod,53,spread,Away,2026-09-22 08:59:26.800000,0.4952,1.5,0,0.4952,0.245223,1,3
AF030220926,prod,54,total,Over,2026-09-22 08:59:26.800000,0.4678,31.5,0,0.4678,0.218837,1,3
AF030220926,prod,55,total,Under,2026-09-22 08:59:26.800000,0.5322,31.5,1,0.4678,0.218837,1,3
AF030220926,candidate,50,moneyline,Home,2026-09-22 08:59:26.800000,0.5735,,1,0.4265,0.181902,1,2
AF030220926,candidate,51,moneyline,Away,2026-09-22 08:59:26.800000,0.4265,,0,0.4265,0.181902,1,2
AF030220926,candidate,52,spread,Home,2026-09-22 08:59:26.800000,0.506,2.5,1,0.494,0.244036,1,2
AF030220926,candidate,53,spread,Away,2026-09-22 08:59:26.800000,0.494,-2.5,0,0.494,0.244036,1,2
AF030220926,candidate,54,total,Over,2026-09-22 08:59:26.800000,0.5115,30.5,1,0.4885,0.238632,1,2
AF030220926,candidate,55,total,Under,2026-09-22 08:59:26.800000,0.4885,30.5,0,0.4885,0.238632,1,2
AF031170926,prod,50,moneyline,Home,2026-09-17 09:25:19.779000,0.3807,,0,0.3807,0.144932,1,3
AF031170926,prod,51,moneyline,Away,2026-09-17 09:25:19.779000,0.6194,,1,0.3806,0.144856,1,3
AF031170926,prod,52,spread,Home,2026-09-17 09:25:19.779000,0.5341,-3.5,0,0.5341,0.285263,1,3
AF031170926,prod,53,spread,Away,2026-09-17 09:25:19.779000,0.4659,3.5,1,0.5341,0.285263,1,3
AF031170926,candidate,50,moneyline,Home,2026-09-17 09:25:19.779000,0.317,,0,0.317,0.100489,1,2
AF031170926,candidate,51,moneyline,Away,2026-09-17 09:25:19.779000,0.683,,1,0.317,0.100489,1,2
AF031170926,candidate,52,spread,Home,2026-09-17 09:25:19.779000,0.508,-3.5,0,0.508,0.258064,1,2
AF031170926,candidate,53,spread,Away,2026-09-17 09:25:19.779000,0.492,3.5,1,0.508,0.258064,1,2
AF031170926,candidate,54,total,Over,2026-09-17 09:25:19.779000,0.4825,38.5,1,0.5175,0.267806,1,2
AF031170926,candidate,55,total,Under,2026-09-17 09:25:19.779000,0.5175,38.5,0,0.5175,0.267806,1,2
AF031180926,prod,50,moneyline,Home,2026-09-18 09:25:19.943000,0.5191,,1,0.4809,0.231265,1,3
AF031180926,prod,51,moneyline,Away,2026-09-18 09:25:19.943000,0.4809,,0,0.4809,0.231265,1,3
AF031180926,prod,52,spread,Home,2026-09-18 09:25:19.943000,0.5002,1.5,1,0.4998,0.2498,1,3
AF031180926,prod,53,spread,Away,2026-09-18 09:25:19.943000,0.4998,-1.5,0,0.4998,0.2498,1,3
AF031180926,prod,54,total,Over,2026-09-18 09:25:19.943000,0.492,35.5,0,0.492,0.242064,1,3
AF031180926,prod,55,total,Under,2026-09-18 09:25:19.943000,0.508,35.5,1,0.492,0.242064,1,3
AF031180926,candidate,50,moneyline,Home,2026-09-18 09:25:19.943000,0.499,,1,0.501,0.251001,1,2
AF031180926,candidate,51,moneyline,Away,2026-09-18 09:25:19.943000,0.501,,0,0.501,0.251001,1,2
AF031180926,candidate,52,spread,Home,2026-09-18 09:25:19.943000,0.499,-0.5,1,0.501,0.251001,1,2
AF031180926,candidate,53,spread,Away,2026-09-18 09:25:19.943000,0.501,0.5,0,0.501,0.251001,1,2
AF031180926,candidate,54,total,Over,2026-09-18 09:25:19.943000,0.498,36.5,0,0.498,0.248004,1,2
AF031180926,candidate,55,total,Under,2026-09-18 09:25:19.943000,0.502,36.5,1,0.498,0.248004,1,2
AF031190926,prod,50,moneyline,Home,2026-09-19 07:37:31.854000,0.5641,,1,0.4359,0.190009,1,3
AF031190926,prod,51,moneyline,Away,2026-09-19 07:37:31.854000,0.436,,0,0.436,0.190096,1,3
AF031190926,prod,52,spread,Home,2026-09-19 07:37:31.854000,0.517,2.5,1,0.483,0.233289,1,3
AF031190926,prod,53,spread,Away,2026-09-19 07:37:31.854000,0.4831,-2.5,0,0.4831,0.233386,1,3
AF031190926,prod,54,total,Over,2026-09-19 07:37:31.854000,0.5005,35.5,1,0.4995,0.2495,1,3
AF031190926,prod,55,total,Under,2026-09-19 07:37:31.854000,0.4995,35.5,0,0.4995,0.2495,1,3
AF031190926,candidate,50,moneyline,Home,2026-09-19 07:37:31.854000,0.54,,1,0.46,0.2116,1,2
AF031190926,candidate,51,moneyline,Away,2026-09-19 07:37:31.854000,0.46,,0,0.46,0.2116,1,2
AF031190926,candidate,52,spread,Home,2026-09-19 07:37:31.854000,0.496,1.5,1,0.504,0.254016,1,2
AF031190926,candidate,53,spread,Away,2026-09-19 07:37:31.854000,0.504,-1.5,0,0.504,0.254016,1,2
AF031190926,candidate,54,total,Over,2026-09-19 07:37:31.854000,0.482,35.5,1,0.518,0.268324,1,2
AF031190926,candidate,55,total,Under,2026-09-19 07:37:31.854000,0.518,35.5,0,0.518,0.268324,1,2
AF031200926,prod,50,moneyline,Home,2026-09-20 07:37:39.326000,0.595,,1,0.405,0.164025,1,3
AF031200926,prod,51,moneyline,Away,2026-09-20 07:37:39.326000,0.4051,,0,0.4051,0.164106,1,3
AF031200926,prod,52,spread,Home,2026-09-20 07:37:39.326000,0.5497,2.5,1,0.4503,0.20277,1,3
AF031200926,prod,53,spread,Away,2026-09-20 07:37:39.326000,0.4503,-2.5,0,0.4503,0.20277,1,3
AF031200926,prod,54,total,Over,2026-09-20 07:37:39.326000,0.5007,36.5,0,0.5007,0.2507,1,3
AF031200926,prod,55,total,Under,2026-09-20 07:37:39.326000,0.4993,36.5,1,0.5007,0.2507,1,3
AF031200926,candidate,50,moneyline,Home,2026-09-20 07:37:39.326000,0.5605,,1,0.4395,0.19316,1,2
AF031200926,candidate,51,moneyline,Away,2026-09-20 07:37:39.326000,0.4395,,0,0.4395,0.19316,1,2
AF031200926,candidate,52,spread,Home,2026-09-20 07:37:39.326000,0.4955,2.5,1,0.5045,0.25452,1,2
AF031200926,candidate,53,spread,Away,2026-09-20 07:37:39.326000,0.5045,-2.5,0,0.5045,0.25452,1,2
AF031200926,candidate,54,total,Over,2026-09-20 07:37:39.326000,0.513,34.5,0,0.513,0.263169,1,2
AF031200926,candidate,55,total,Under,2026-09-20 07:37:39.326000,0.487,34.5,1,0.513,0.263169,1,2
AF031210926,prod,50,moneyline,Home,2026-09-21 09:25:26.154000,0.4507,,0,0.4507,0.20313,1,3
AF031210926,prod,51,moneyline,Away,2026-09-21 09:25:26.154000,0.5493,,1,0.4507,0.20313,1,3
AF031210926,prod,52,spread,Home,2026-09-21 09:25:26.154000,0.4988,-2.5,0,0.4988,0.248801,1,3
AF031210926,prod,53,spread,Away,2026-09-21 09:25:26.154000,0.5012,2.5,1,0.4988,0.248801,1,3
AF031210926,prod,54,total,Over,2026-09-21 09:25:26.154000,0.5158,36.5,0,0.5158,0.26605,1,3
AF031210926,prod,55,total,Under,2026-09-21 09:25:26.154000,0.4842,36.5,1,0.5158,0.26605,1,3
AF031210926,candidate,50,moneyline,Home,2026-09-21 09:25:26.154000,0.2525,,0,0.2525,0.063756,1,2
AF031210926,candidate,51,moneyline,Away,2026-09-21 09:25:26.154000,0.7475,,1,0.2525,0.063756,1,2
AF031210926,candidate,52,spread,Home,2026-09-21 09:25:26.154000,0.502,-5.5,0,0.502,0.252004,1,2
AF031210926,candidate,53,spread,Away,2026-09-21 09:25:26.154000,0.498,5.5,1,0.502,0.252004,1,2
AF031210926,candidate,54,total,Over,2026-09-21 09:25:26.154000,0.5125,36.5,0,0.5125,0.262656,1,2
AF031210926,candidate,55,total,Under,2026-09-21 09:25:26.154000,0.4875,36.5,1,0.5125,0.262656,1,2
AF031220926,prod,50,moneyline,Home,2026-09-22 09:25:14.800000,0.5459,,1,0.4541,0.206207,1,3
AF031220926,prod,51,moneyline,Away,2026-09-22 09:25:14.800000,0.4541,,0,0.4541,0.206207,1,3
AF031220926,prod,52,spread,Home,2026-09-22 09:25:14.800000,0.4971,2.5,1,0.5029,0.252908,1,3
AF031220926,prod,53,spread,Away,2026-09-22 09:25:14.800000,0.503,-2.5,0,0.503,0.253009,1,3
AF031220926,prod,54,total,Over,2026-09-22 09:25:14.800000,0.5041,35.5,0,0.5041,0.254117,1,3
AF031220926,prod,55,total,Under,2026-09-22 09:25:14.800000,0.4959,35.5,1,0.5041,0.254117,1,3
AF031220926,candidate,50,moneyline,Home,2026-09-22 09:25:14.800000,0.5473,,1,0.4527,0.204937,1,2
AF031220926,candidate,51,moneyline,Away,2026-09-22 09:25:14.800000,0.4527,,0,0.4527,0.204937,1,2
AF031220926,candidate,52,spread,Home,2026-09-22 09:25:14.800000,0.5005,1.5,1,0.4995,0.2495,1,2
AF031220926,candidate,53,spread,Away,2026-09-22 09:25:14.800000,0.4995,-1.5,0,0.4995,0.2495,1,2
AF031220926,candidate,54,total,Over,2026-09-22 09:25:14.800000,0.496,35.5,0,0.496,0.246016,1,2
AF031220926,candidate,55,total,Under,2026-09-22 09:25:14.800000,0.504,35.5,1,0.496,0.246016,1,2
AF032170926,prod,50,moneyline,Home,2026-09-17 09:35:59.573000,0.442,,0,0.442,0.195364,1,3
AF032170926,prod,51,moneyline,Away,2026-09-17 09:35:59.573000,0.558,,1,0.442,0.195364,1,3
AF032170926,prod,52,spread,Home,2026-09-17 09:35:59.573000,0.4815,-2.5,0,0.4815,0.231842,1,3
AF032170926,prod,53,spread,Away,2026-09-17 09:35:59.573000,0.5185,2.5,1,0.4815,0.231842,1,3
AF032170926,prod,54,total,Over,2026-09-17 09:35:59.573000,0.4995,33.5,0,0.4995,0.2495,1,5
AF032170926,prod,55,total,Under,2026-09-17 09:35:59.573000,0.5005,33.5,1,0.4995,0.2495,1,5
AF032170926,candidate,50,moneyline,Home,2026-09-17 09:35:59.573000,0.4485,,0,0.4485,0.201152,1,2
AF032170926,candidate,51,moneyline,Away,2026-09-17 09:35:59.573000,0.5515,,1,0.4485,0.201152,1,2
AF032170926,candidate,52,spread,Home,2026-09-17 09:35:59.573000,0.506,-2.5,0,0.506,0.256036,1,2
AF032170926,candidate,53,spread,Away,2026-09-17 09:35:59.573000,0.494,2.5,1,0.506,0.256036,1,2
AF032170926,candidate,54,total,Over,2026-09-17 09:35:59.573000,0.498,28.5,0,0.498,0.248004,1,2
AF032170926,candidate,55,total,Under,2026-09-17 09:35:59.573000,0.502,28.5,1,0.498,0.248004,1,2
AF032180926,prod,50,moneyline,Home,2026-09-18 09:35:10.027000,0.4874,,0,0.4874,0.237559,1,3
AF032180926,prod,51,moneyline,Away,2026-09-18 09:35:10.027000,0.5126,,1,0.4874,0.237559,1,3
AF032180926,prod,52,spread,Home,2026-09-18 09:35:10.027000,0.5084,-1.5,0,0.5084,0.258471,1,3
AF032180926,prod,53,spread,Away,2026-09-18 09:35:10.027000,0.4916,1.5,1,0.5084,0.258471,1,3
AF032180926,prod,54,total,Over,2026-09-18 09:35:10.027000,0.5239,34.5,0,0.5239,0.274471,1,3
AF032180926,prod,55,total,Under,2026-09-18 09:35:10.027000,0.4761,34.5,1,0.5239,0.274471,1,3
AF032180926,candidate,50,moneyline,Home,2026-09-18 09:35:10.027000,0.4295,,0,0.4295,0.18447,1,2
AF032180926,candidate,51,moneyline,Away,2026-09-18 09:35:10.027000,0.5705,,1,0.4295,0.18447,1,2
AF032180926,candidate,52,spread,Home,2026-09-18 09:35:10.027000,0.4875,-2.5,0,0.4875,0.237656,1,2
AF032180926,candidate,53,spread,Away,2026-09-18 09:35:10.027000,0.5125,2.5,1,0.4875,0.237656,1,2
AF032180926,candidate,54,total,Over,2026-09-18 09:35:10.027000,0.5085,33.5,0,0.5085,0.258572,1,2
AF032180926,candidate,55,total,Under,2026-09-18 09:35:10.027000,0.4915,33.5,1,0.5085,0.258572,1,2
AF032200926,prod,50,moneyline,Home,2026-09-20 07:47:40.612000,0.5238,,1,0.4762,0.226766,1,3
AF032200926,prod,51,moneyline,Away,2026-09-20 07:47:40.612000,0.4762,,0,0.4762,0.226766,1,3
AF032200926,prod,52,spread,Home,2026-09-20 07:47:40.612000,0.5047,1.5,1,0.4953,0.245322,1,3
AF032200926,prod,53,spread,Away,2026-09-20 07:47:40.612000,0.4953,-1.5,0,0.4953,0.245322,1,3
AF032200926,prod,54,total,Over,2026-09-20 07:47:40.612000,0.5173,34.5,1,0.4827,0.232999,1,3
AF032200926,prod,55,total,Under,2026-09-20 07:47:40.612000,0.4827,34.5,0,0.4827,0.232999,1,3
AF032200926,candidate,50,moneyline,Home,2026-09-20 07:47:40.612000,0.63,,1,0.37,0.1369,1,2
AF032200926,candidate,51,moneyline,Away,2026-09-20 07:47:40.612000,0.37,,0,0.37,0.1369,1,2
AF032200926,candidate,52,spread,Home,2026-09-20 07:47:40.612000,0.4555,3.5,1,0.5445,0.29648,1,2
AF032200926,candidate,53,spread,Away,2026-09-20 07:47:40.612000,0.5445,-3.5,0,0.5445,0.29648,1,2
AF032200926,candidate,54,total,Over,2026-09-20 07:47:40.612000,0.493,31.5,1,0.507,0.257049,1,2
AF032200926,candidate,55,total,Under,2026-09-20 07:47:40.612000,0.507,31.5,0,0.507,0.257049,1,2
AF032210926,prod,50,moneyline,Home,2026-09-21 09:35:27.103000,0.5789,,1,0.4211,0.177325,1,4
AF032210926,prod,51,moneyline,Away,2026-09-21 09:35:27.103000,0.4211,,0,0.4211,0.177325,1,4
AF032210926,prod,52,spread,Home,2026-09-21 09:35:27.103000,0.5373,2.5,1,0.4627,0.214091,1,4
AF032210926,prod,53,spread,Away,2026-09-21 09:35:27.103000,0.4627,-2.5,0,0.4627,0.214091,1,4
AF032210926,prod,54,total,Over,2026-09-21 09:35:27.103000,0.5023,32.5,0,0.5023,0.252305,1,4
AF032210926,prod,55,total,Under,2026-09-21 09:35:27.103000,0.4977,32.5,1,0.5023,0.252305,1,4
AF032210926,candidate,50,moneyline,Home,2026-09-21 09:35:27.103000,0.5185,,1,0.4815,0.231842,1,2
AF032210926,candidate,51,moneyline,Away,2026-09-21 09:35:27.103000,0.4815,,0,0.4815,0.231842,1,2
AF032210926,candidate,52,spread,Home,2026-09-21 09:35:27.103000,0.4875,1.5,1,0.5125,0.262656,1,2
AF032210926,candidate,53,spread,Away,2026-09-21 09:35:27.103000,0.5125,-1.5,0,0.5125,0.262656,1,2
AF032210926,candidate,54,total,Over,2026-09-21 09:35:27.103000,0.4855,24.5,0,0.4855,0.23571,1,2
AF032210926,candidate,55,total,Under,2026-09-21 09:35:27.103000,0.5145,24.5,1,0.4855,0.23571,1,2
AF032220926,prod,50,moneyline,Home,2026-09-22 09:35:25.985000,0.5014,,0,0.5014,0.251402,1,3
AF032220926,prod,51,moneyline,Away,2026-09-22 09:35:25.985000,0.4986,,1,0.5014,0.251402,1,3
AF032220926,prod,52,spread,Home,2026-09-22 09:35:25.985000,0.482,1.5,0,0.482,0.232324,1,5
AF032220926,prod,53,spread,Away,2026-09-22 09:35:25.985000,0.518,-1.5,1,0.482,0.232324,1,5
AF032220926,prod,54,total,Over,2026-09-22 09:35:25.985000,0.5127,30.5,1,0.4873,0.237461,1,3
AF032220926,prod,55,total,Under,2026-09-22 09:35:25.985000,0.4873,30.5,0,0.4873,0.237461,1,3
AF032220926,candidate,50,moneyline,Home,2026-09-22 09:35:25.985000,0.638,,0,0.638,0.407044,1,2
AF032220926,candidate,51,moneyline,Away,2026-09-22 09:35:25.985000,0.362,,1,0.638,0.407044,1,2
AF032220926,candidate,52,spread,Home,2026-09-22 09:35:25.985000,0.46,3.5,0,0.46,0.2116,1,2
AF032220926,candidate,53,spread,Away,2026-09-22 09:35:25.985000,0.54,-3.5,1,0.46,0.2116,1,2
AF032220926,candidate,54,total,Over,2026-09-22 09:35:25.985000,0.5235,30.5,1,0.4765,0.227052,1,2
AF032220926,candidate,55,total,Under,2026-09-22 09:35:25.985000,0.4765,30.5,0,0.4765,0.227052,1,2
AF033170926,prod,50,moneyline,Home,2026-09-17 10:01:54.471000,0.5015,,0,0.5015,0.251502,1,3
AF033170926,prod,51,moneyline,Away,2026-09-17 10:01:54.471000,0.4985,,1,0.5015,0.251502,1,3
AF033170926,prod,52,spread,Home,2026-09-17 10:01:54.471000,0.522,-1.5,0,0.522,0.272484,1,3
AF033170926,prod,53,spread,Away,2026-09-17 10:01:54.471000,0.478,1.5,1,0.522,0.272484,1,3
AF033170926,candidate,50,moneyline,Home,2026-09-17 10:01:54.471000,0.5875,,0,0.5875,0.345156,1,2
AF033170926,candidate,51,moneyline,Away,2026-09-17 10:01:54.471000,0.4125,,1,0.5875,0.345156,1,2
AF033170926,candidate,52,spread,Home,2026-09-17 10:01:54.471000,0.5245,2.5,0,0.5245,0.2751,1,2
AF033170926,candidate,53,spread,Away,2026-09-17 10:01:54.471000,0.4755,-2.5,1,0.5245,0.2751,1,2
AF033170926,candidate,54,total,Over,2026-09-17 10:01:54.471000,0.5145,37.5,0,0.5145,0.26471,1,2
AF033170926,candidate,55,total,Under,2026-09-17 10:01:54.471000,0.4855,37.5,1,0.5145,0.26471,1,2
AF033180926,prod,50,moneyline,Home,2026-09-18 10:01:20.245000,0.5109,,1,0.4891,0.239219,1,3
AF033180926,prod,51,moneyline,Away,2026-09-18 10:01:20.245000,0.4892,,0,0.4892,0.239317,1,3
AF033180926,prod,52,spread,Home,2026-09-18 10:01:20.245000,0.4903,1.5,1,0.5097,0.259794,1,3
AF033180926,prod,53,spread,Away,2026-09-18 10:01:20.245000,0.5097,-1.5,0,0.5097,0.259794,1,3
AF033180926,prod,54,total,Over,2026-09-18 10:01:20.245000,0.4926,37.5,1,0.5074,0.257455,1,3
AF033180926,prod,55,total,Under,2026-09-18 10:01:20.245000,0.5074,37.5,0,0.5074,0.257455,1,3
AF033180926,candidate,50,moneyline,Home,2026-09-18 10:01:20.245000,0.5495,,1,0.4505,0.20295,1,2
AF033180926,candidate,51,moneyline,Away,2026-09-18 10:01:20.245000,0.4505,,0,0.4505,0.20295,1,2
AF033180926,candidate,52,spread,Home,2026-09-18 10:01:20.245000,0.5025,1.5,1,0.4975,0.247506,1,2
AF033180926,candidate,53,spread,Away,2026-09-18 10:01:20.245000,0.4975,-1.5,0,0.4975,0.247506,1,2
AF033180926,candidate,54,total,Over,2026-09-18 10:01:20.245000,0.5105,40.5,1,0.4895,0.23961,1,2
AF033180926,candidate,55,total,Under,2026-09-18 10:01:20.245000,0.4895,40.5,0,0.4895,0.23961,1,2
AF033190926,prod,50,moneyline,Home,2026-09-19 08:13:38.843000,0.5789,,1,0.4211,0.177325,1,3
AF033190926,prod,51,moneyline,Away,2026-09-19 08:13:38.843000,0.4212,,0,0.4212,0.177409,1,3
AF033190926,prod,52,spread,Home,2026-09-19 08:13:38.843000,0.5284,2.5,1,0.4716,0.222407,1,3
AF033190926,prod,53,spread,Away,2026-09-19 08:13:38.843000,0.4716,-2.5,0,0.4716,0.222407,1,3
AF033190926,prod,54,total,Over,2026-09-19 08:13:38.843000,0.5033,36.5,0,0.5033,0.253311,1,3
AF033190926,prod,55,total,Under,2026-09-19 08:13:38.843000,0.4967,36.5,1,0.5033,0.253311,1,3
AF033190926,candidate,50,moneyline,Home,2026-09-19 08:13:38.843000,0.5405,,1,0.4595,0.21114,1,2
AF033190926,candidate,51,moneyline,Away,2026-09-19 08:13:38.843000,0.4595,,0,0.4595,0.21114,1,2
AF033190926,candidate,52,spread,Home,2026-09-19 08:13:38.843000,0.4985,1.5,1,0.5015,0.251502,1,2
AF033190926,candidate,53,spread,Away,2026-09-19 08:13:38.843000,0.5015,-1.5,0,0.5015,0.251502,1,2
AF033190926,candidate,54,total,Over,2026-09-19 08:13:38.843000,0.511,36.5,0,0.511,0.261121,1,2
AF033190926,candidate,55,total,Under,2026-09-19 08:13:38.843000,0.489,36.5,1,0.511,0.261121,1,2
AF033200926,prod,50,moneyline,Home,2026-09-20 08:14:20.659000,0.4964,,1,0.5036,0.253613,1,3
AF033200926,prod,51,moneyline,Away,2026-09-20 08:14:20.659000,0.5037,,0,0.5037,0.253714,1,3
AF033200926,prod,52,spread,Home,2026-09-20 08:14:20.659000,0.5163,-1.5,1,0.4837,0.233966,1,3
AF033200926,prod,53,spread,Away,2026-09-20 08:14:20.659000,0.4838,1.5,0,0.4838,0.234062,1,3
AF033200926,prod,54,total,Over,2026-09-20 08:14:20.659000,0.4704,35.5,1,0.5296,0.280476,1,3
AF033200926,prod,55,total,Under,2026-09-20 08:14:20.659000,0.5296,35.5,0,0.5296,0.280476,1,3
AF033200926,candidate,50,moneyline,Home,2026-09-20 08:14:20.659000,0.6355,,1,0.3645,0.13286,1,2
AF033200926,candidate,51,moneyline,Away,2026-09-20 08:14:20.659000,0.3645,,0,0.3645,0.13286,1,2
AF033200926,candidate,52,spread,Home,2026-09-20 08:14:20.659000,0.451,3.5,1,0.549,0.301401,1,2
AF033200926,candidate,53,spread,Away,2026-09-20 08:14:20.659000,0.549,-3.5,0,0.549,0.301401,1,2
AF033200926,candidate,54,total,Over,2026-09-20 08:14:20.659000,0.519,40.5,1,0.481,0.231361,1,2
AF033200926,candidate,55,total,Under,2026-09-20 08:14:20.659000,0.481,40.5,0,0.481,0.231361,1,2
AF033210926,prod,50,moneyline,Home,2026-09-21 10:01:17.762000,0.4441,,0,0.4441,0.197225,1,3
AF033210926,prod,51,moneyline,Away,2026-09-21 10:01:17.762000,0.5559,,1,0.4441,0.197225,1,3
AF033210926,prod,52,spread,Home,2026-09-21 10:01:17.762000,0.4888,-2.5,0,0.4888,0.238925,1,3
AF033210926,prod,53,spread,Away,2026-09-21 10:01:17.762000,0.5112,2.5,1,0.4888,0.238925,1,3
AF033210926,prod,54,total,Over,2026-09-21 10:01:17.762000,0.5027,36.5,0,0.5027,0.252707,1,3
AF033210926,prod,55,total,Under,2026-09-21 10:01:17.762000,0.4973,36.5,1,0.5027,0.252707,1,3
AF033210926,candidate,50,moneyline,Home,2026-09-21 10:01:17.762000,0.3585,,0,0.3585,0.128522,1,2
AF033210926,candidate,51,moneyline,Away,2026-09-21 10:01:17.762000,0.6415,,1,0.3585,0.128522,1,2
AF033210926,candidate,52,spread,Home,2026-09-21 10:01:17.762000,0.531,-3.5,0,0.531,0.281961,1,2
AF033210926,candidate,53,spread,Away,2026-09-21 10:01:17.762000,0.469,3.5,1,0.531,0.281961,1,2
AF033210926,candidate,54,total,Over,2026-09-21 10:01:17.762000,0.498,35.5,0,0.498,0.248004,1,2
AF033210926,candidate,55,total,Under,2026-09-21 10:01:17.762000,0.502,35.5,1,0.498,0.248004,1,2
AF033220926,prod,50,moneyline,Home,2026-09-22 10:01:23.432000,0.558,,0,0.558,0.311364,1,3
AF033220926,prod,51,moneyline,Away,2026-09-22 10:01:23.432000,0.442,,1,0.558,0.311364,1,3
AF033220926,prod,52,spread,Home,2026-09-22 10:01:23.432000,0.5091,2.5,0,0.5091,0.259183,1,3
AF033220926,prod,53,spread,Away,2026-09-22 10:01:23.432000,0.4909,-2.5,1,0.5091,0.259183,1,3
AF033220926,prod,54,total,Over,2026-09-22 10:01:23.432000,0.5298,37.5,1,0.4702,0.221088,1,3
AF033220926,prod,55,total,Under,2026-09-22 10:01:23.432000,0.4702,37.5,0,0.4702,0.221088,1,3
AF033220926,candidate,50,moneyline,Home,2026-09-22 10:01:23.432000,0.49,,0,0.49,0.2401,1,2
AF033220926,candidate,51,moneyline,Away,2026-09-22 10:01:23.432000,0.51,,1,0.49,0.2401,1,2
AF033220926,candidate,52,spread,Home,2026-09-22 10:01:23.432000,0.49,-0.5,0,0.49,0.2401,1,2
AF033220926,candidate,53,spread,Away,2026-09-22 10:01:23.432000,0.51,0.5,1,0.49,0.2401,1,2
AF033220926,candidate,54,total,Over,2026-09-22 10:01:23.432000,0.5055,38.5,1,0.4945,0.24453,1,2
AF033220926,candidate,55,total,Under,2026-09-22 10:01:23.432000,0.4945,38.5,0,0.4945,0.24453,1,2
AF034170926,prod,50,moneyline,Home,2026-09-17 10:11:14.928000,0.5795,,0,0.5795,0.33582,1,3
AF034170926,prod,51,moneyline,Away,2026-09-17 10:11:14.928000,0.4205,,1,0.5795,0.33582,1,3
AF034170926,prod,52,spread,Home,2026-09-17 10:11:14.928000,0.5401,2.5,0,0.5401,0.291708,1,3
AF034170926,prod,53,spread,Away,2026-09-17 10:11:14.928000,0.46,-2.5,1,0.54,0.2916,1,3
AF034170926,prod,54,total,Over,2026-09-17 10:11:14.928000,0.5484,30.5,0,0.5484,0.300743,1,3
AF034170926,prod,55,total,Under,2026-09-17 10:11:14.928000,0.4516,30.5,1,0.5484,0.300743,1,3
AF034170926,candidate,50,moneyline,Home,2026-09-17 10:11:14.928000,0.466,,0,0.466,0.217156,1,2
AF034170926,candidate,51,moneyline,Away,2026-09-17 10:11:14.928000,0.534,,1,0.466,0.217156,1,2
AF034170926,candidate,52,spread,Home,2026-09-17 10:11:14.928000,0.5075,-1.5,0,0.5075,0.257556,1,2
AF034170926,candidate,53,spread,Away,2026-09-17 10:11:14.928000,0.4925,1.5,1,0.5075,0.257556,1,2
AF034170926,candidate,54,total,Over,2026-09-17 10:11:14.928000,0.509,29.5,0,0.509,0.259081,1,2
AF034170926,candidate,55,total,Under,2026-09-17 10:11:14.928000,0.491,29.5,1,0.509,0.259081,1,2
AF034180926,prod,50,moneyline,Home,2026-09-18 10:11:20.191000,0.54,,0,0.54,0.2916,1,3
AF034180926,prod,51,moneyline,Away,2026-09-18 10:11:20.191000,0.46,,1,0.54,0.2916,1,3
AF034180926,prod,54,total,Over,2026-09-18 10:11:20.191000,0.5023,34.5,1,0.4977,0.247705,1,3
AF034180926,prod,55,total,Under,2026-09-18 10:11:20.191000,0.4977,34.5,0,0.4977,0.247705,1,3
AF034180926,candidate,50,moneyline,Home,2026-09-18 10:11:20.191000,0.591,,0,0.591,0.349281,1,2
AF034180926,candidate,51,moneyline,Away,2026-09-18 10:11:20.191000,0.409,,1,0.591,0.349281,1,2
AF034180926,candidate,52,spread,Home,2026-09-18 10:11:20.191000,0.5295,2.5,0,0.5295,0.28037,1,2
AF034180926,candidate,53,spread,Away,2026-09-18 10:11:20.191000,0.4705,-2.5,1,0.5295,0.28037,1,2
AF034180926,candidate,54,total,Over,2026-09-18 10:11:20.191000,0.4995,31.5,1,0.5005,0.2505,1,2
AF034180926,candidate,55,total,Under,2026-09-18 10:11:20.191000,0.5005,31.5,0,0.5005,0.2505,1,2
AF034190926,prod,50,moneyline,Home,2026-09-19 08:23:13.069000,0.5244,,0,0.5244,0.274995,1,3
AF034190926,prod,51,moneyline,Away,2026-09-19 08:23:13.069000,0.4756,,1,0.5244,0.274995,1,3
AF034190926,prod,52,spread,Home,2026-09-19 08:23:13.069000,0.5032,1.5,0,0.5032,0.25321,1,3
AF034190926,prod,53,spread,Away,2026-09-19 08:23:13.069000,0.4968,-1.5,1,0.5032,0.25321,1,3
AF034190926,prod,54,total,Over,2026-09-19 08:23:13.069000,0.4776,35.5,0,0.4776,0.228102,1,3
AF034190926,prod,55,total,Under,2026-09-19 08:23:13.069000,0.5224,35.5,1,0.4776,0.228102,1,3
AF034190926,candidate,50,moneyline,Home,2026-09-19 08:23:13.069000,0.5435,,0,0.5435,0.295392,1,2
AF034190926,candidate,51,moneyline,Away,2026-09-19 08:23:13.069000,0.4565,,1,0.5435,0.295392,1,2
AF034190926,candidate,52,spread,Home,2026-09-19 08:23:13.069000,0.4985,1.5,0,0.4985,0.248502,1,2
AF034190926,candidate,53,spread,Away,2026-09-19 08:23:13.069000,0.5015,-1.5,1,0.4985,0.248502,1,2
AF034190926,candidate,54,total,Over,2026-09-19 08:23:13.069000,0.4775,38.5,0,0.4775,0.228006,1,2
AF034190926,candidate,55,total,Under,2026-09-19 08:23:13.069000,0.5225,38.5,1,0.4775,0.228006,1,2
AF034200926,prod,50,moneyline,Home,2026-09-20 08:23:24.429000,0.5093,,1,0.4907,0.240786,1,3
AF034200926,prod,51,moneyline,Away,2026-09-20 08:23:24.429000,0.4907,,0,0.4907,0.240786,1,3
AF034200926,prod,52,spread,Home,2026-09-20 08:23:24.429000,0.4875,1.5,1,0.5125,0.262656,1,3
AF034200926,prod,53,spread,Away,2026-09-20 08:23:24.429000,0.5125,-1.5,0,0.5125,0.262656,1,3
AF034200926,prod,54,total,Over,2026-09-20 08:23:24.429000,0.5302,30.5,0,0.5302,0.281112,1,3
AF034200926,prod,55,total,Under,2026-09-20 08:23:24.429000,0.4699,30.5,1,0.5301,0.281006,1,3
AF034200926,candidate,50,moneyline,Home,2026-09-20 08:23:24.429000,0.404,,1,0.596,0.355216,1,2
AF034200926,candidate,51,moneyline,Away,2026-09-20 08:23:24.429000,0.596,,0,0.596,0.355216,1,2
AF034200926,candidate,52,spread,Home,2026-09-20 08:23:24.429000,0.46,-2.5,1,0.54,0.2916,1,2
AF034200926,candidate,53,spread,Away,2026-09-20 08:23:24.429000,0.54,2.5,0,0.54,0.2916,1,2
AF034200926,candidate,54,total,Over,2026-09-20 08:23:24.429000,0.4885,27.5,0,0.4885,0.238632,1,2
AF034200926,candidate,55,total,Under,2026-09-20 08:23:24.429000,0.5115,27.5,1,0.4885,0.238632,1,2
AF034210926,prod,50,moneyline,Home,2026-09-21 10:11:27.604000,0.5262,,1,0.4738,0.224486,1,3
AF034210926,prod,51,moneyline,Away,2026-09-21 10:11:27.604000,0.4738,,0,0.4738,0.224486,1,3
AF034210926,prod,52,spread,Home,2026-09-21 10:11:27.604000,0.5081,1.5,1,0.4919,0.241966,1,3
AF034210926,prod,53,spread,Away,2026-09-21 10:11:27.604000,0.4919,-1.5,0,0.4919,0.241966,1,3
AF034210926,candidate,50,moneyline,Home,2026-09-21 10:11:27.604000,0.537,,1,0.463,0.214369,1,2
AF034210926,candidate,51,moneyline,Away,2026-09-21 10:11:27.604000,0.463,,0,0.463,0.214369,1,2
AF034210926,candidate,52,spread,Home,2026-09-21 10:11:27.604000,0.501,1.5,1,0.499,0.249001,1,2
AF034210926,candidate,53,spread,Away,2026-09-21 10:11:27.604000,0.499,-1.5,0,0.499,0.249001,1,2
AF034210926,candidate,54,total,Over,2026-09-21 10:11:27.604000,0.5,27.5,0,0.5,0.25,1,2
AF034210926,candidate,55,total,Under,2026-09-21 10:11:27.604000,0.5,27.5,1,0.5,0.25,1,2
AF034220926,prod,50,moneyline,Home,2026-09-22 10:16:00.747000,0.5028,,1,0.4972,0.247208,1,3
AF034220926,prod,51,moneyline,Away,2026-09-22 10:16:00.747000,0.4972,,0,0.4972,0.247208,1,3
AF034220926,prod,52,spread,Home,2026-09-22 10:16:00.747000,0.4836,1.5,1,0.5164,0.266669,1,3
AF034220926,prod,53,spread,Away,2026-09-22 10:16:00.747000,0.5164,-1.5,0,0.5164,0.266669,1,3
AF034220926,prod,54,total,Over,2026-09-22 10:16:00.747000,0.5202,30.5,0,0.5202,0.270608,1,3
AF034220926,prod,55,total,Under,2026-09-22 10:16:00.747000,0.4799,30.5,1,0.5201,0.270504,1,3
AF034220926,candidate,50,moneyline,Home,2026-09-22 10:16:00.747000,0.5845,,1,0.4155,0.17264,1,2
AF034220926,candidate,51,moneyline,Away,2026-09-22 10:16:00.747000,0.4155,,0,0.4155,0.17264,1,2
AF034220926,candidate,52,spread,Home,2026-09-22 10:16:00.747000,0.526,2.5,1,0.474,0.224676,1,2
AF034220926,candidate,53,spread,Away,2026-09-22 10:16:00.747000,0.474,-2.5,0,0.474,0.224676,1,2
AF034220926,candidate,54,total,Over,2026-09-22 10:16:00.747000,0.538,30.5,0,0.538,0.289444,1,2
AF034220926,candidate,55,total,Under,2026-09-22 10:16:00.747000,0.462,30.5,1,0.538,0.289444,1,2
AF035170926,prod,50,moneyline,Home,2026-09-17 10:37:00.221000,0.3918,,1,0.6082,0.369907,1,3
AF035170926,prod,51,moneyline,Away,2026-09-17 10:37:00.221000,0.6082,,0,0.6082,0.369907,1,3
AF035170926,prod,54,total,Over,2026-09-17 10:37:00.221000,0.4973,34.5,0,0.4973,0.247307,1,3
AF035170926,prod,55,total,Under,2026-09-17 10:37:00.221000,0.5027,34.5,1,0.4973,0.247307,1,3
AF035170926,candidate,50,moneyline,Home,2026-09-17 10:37:00.221000,0.3685,,1,0.6315,0.398792,1,2
AF035170926,candidate,51,moneyline,Away,2026-09-17 10:37:00.221000,0.6315,,0,0.6315,0.398792,1,2
AF035170926,candidate,52,spread,Home,2026-09-17 10:37:00.221000,0.444,-2.5,1,0.556,0.309136,1,2
AF035170926,candidate,53,spread,Away,2026-09-17 10:37:00.221000,0.556,2.5,0,0.556,0.309136,1,2
AF035170926,candidate,54,total,Over,2026-09-17 10:37:00.221000,0.479,38.5,0,0.479,0.229441,1,2
AF035170926,candidate,55,total,Under,2026-09-17 10:37:00.221000,0.521,38.5,1,0.479,0.229441,1,2
AF035180926,prod,50,moneyline,Home,2026-09-18 10:37:19.692000,0.477,,1,0.523,0.273529,1,3
AF035180926,prod,51,moneyline,Away,2026-09-18 10:37:19.692000,0.523,,0,0.523,0.273529,1,3
AF035180926,prod,52,spread,Home,2026-09-18 10:37:19.692000,0.4957,-1.5,1,0.5043,0.254318,1,3
AF035180926,prod,53,spread,Away,2026-09-18 10:37:19.692000,0.5043,1.5,0,0.5043,0.254318,1,3
AF035180926,prod,54,total,Over,2026-09-18 10:37:19.692000,0.5017,36.5,1,0.4983,0.248303,1,3
AF035180926,prod,55,total,Under,2026-09-18 10:37:19.692000,0.4983,36.5,0,0.4983,0.248303,1,3
AF035180926,candidate,50,moneyline,Home,2026-09-18 10:37:19.692000,0.596,,1,0.404,0.163216,1,2
AF035180926,candidate,51,moneyline,Away,2026-09-18 10:37:19.692000,0.404,,0,0.404,0.163216,1,2
AF035180926,candidate,52,spread,Home,2026-09-18 10:37:19.692000,0.5225,2.5,1,0.4775,0.228006,1,2
AF035180926,candidate,53,spread,Away,2026-09-18 10:37:19.692000,0.4775,-2.5,0,0.4775,0.228006,1,2
AF035180926,candidate,54,total,Over,2026-09-18 10:37:19.692000,0.483,38.5,1,0.517,0.267289,1,2
AF035180926,candidate,55,total,Under,2026-09-18 10:37:19.692000,0.517,38.5,0,0.517,0.267289,1,2
AF035190926,prod,50,moneyline,Home,2026-09-19 08:49:25.622000,0.6013,,1,0.3987,0.158962,1,3
AF035190926,prod,51,moneyline,Away,2026-09-19 08:49:25.622000,0.3988,,0,0.3988,0.159041,1,3
AF035190926,prod,52,spread,Home,2026-09-19 08:49:25.622000,0.4501,3.5,1,0.5499,0.30239,1,5
AF035190926,prod,53,spread,Away,2026-09-19 08:49:25.622000,0.5499,-3.5,0,0.5499,0.30239,1,5
AF035190926,prod,54,total,Over,2026-09-19 08:49:25.622000,0.4997,36.5,0,0.4997,0.2497,1,3
AF035190926,prod,55,total,Under,2026-09-19 08:49:25.622000,0.5003,36.5,1,0.4997,0.2497,1,3
AF035190926,candidate,50,moneyline,Home,2026-09-19 08:49:25.622000,0.6758,,1,0.3242,0.105106,1,2
AF035190926,candidate,51,moneyline,Away,2026-09-19 08:49:25.622000,0.3242,,0,0.3242,0.105106,1,2
AF035190926,candidate,52,spread,Home,2026-09-19 08:49:25.622000,0.5,3.5,1,0.5,0.25,1,2
AF035190926,candidate,53,spread,Away,2026-09-19 08:49:25.622000,0.5,-3.5,0,0.5,0.25,1,2
AF035190926,candidate,54,total,Over,2026-09-19 08:49:25.622000,0.5005,33.5,0,0.5005,0.2505,1,2
AF035190926,candidate,55,total,Under,2026-09-19 08:49:25.622000,0.4995,33.5,1,0.5005,0.2505,1,2
AF035200926,prod,50,moneyline,Home,2026-09-20 08:49:23.578000,0.5631,,1,0.4369,0.190882,1,3
AF035200926,prod,51,moneyline,Away,2026-09-20 08:49:23.578000,0.4369,,0,0.4369,0.190882,1,3
AF035200926,prod,52,spread,Home,2026-09-20 08:49:23.578000,0.5156,2.5,1,0.4844,0.234643,1,3
AF035200926,prod,53,spread,Away,2026-09-20 08:49:23.578000,0.4844,-2.5,0,0.4844,0.234643,1,3
AF035200926,prod,54,total,Over,2026-09-20 08:49:23.578000,0.4932,37.5,0,0.4932,0.243246,1,3
AF035200926,prod,55,total,Under,2026-09-20 08:49:23.578000,0.5068,37.5,1,0.4932,0.243246,1,3
AF035200926,candidate,50,moneyline,Home,2026-09-20 08:49:23.578000,0.634,,1,0.366,0.133956,1,2
AF035200926,candidate,51,moneyline,Away,2026-09-20 08:49:23.578000,0.366,,0,0.366,0.133956,1,2
AF035200926,candidate,52,spread,Home,2026-09-20 08:49:23.578000,0.4585,3.5,1,0.5415,0.293222,1,2
AF035200926,candidate,53,spread,Away,2026-09-20 08:49:23.578000,0.5415,-3.5,0,0.5415,0.293222,1,2
AF035200926,candidate,54,total,Over,2026-09-20 08:49:23.578000,0.5035,36.5,0,0.5035,0.253512,1,2
AF035200926,candidate,55,total,Under,2026-09-20 08:49:23.578000,0.4965,36.5,1,0.5035,0.253512,1,2
AF035210926,prod,50,moneyline,Home,2026-09-21 10:37:22.172000,0.5075,,1,0.4925,0.242556,1,3
AF035210926,prod,51,moneyline,Away,2026-09-21 10:37:22.172000,0.4925,,0,0.4925,0.242556,1,3
AF035210926,prod,52,spread,Home,2026-09-21 10:37:22.172000,0.4844,1.5,1,0.5156,0.265843,1,3
AF035210926,prod,53,spread,Away,2026-09-21 10:37:22.172000,0.5156,-1.5,0,0.5156,0.265843,1,3
AF035210926,prod,54,total,Over,2026-09-21 10:37:22.172000,0.5034,36.5,1,0.4966,0.246612,1,3
AF035210926,prod,55,total,Under,2026-09-21 10:37:22.172000,0.4966,36.5,0,0.4966,0.246612,1,3
AF035210926,candidate,50,moneyline,Home,2026-09-21 10:37:22.172000,0.6385,,1,0.3615,0.130682,1,2
AF035210926,candidate,51,moneyline,Away,2026-09-21 10:37:22.172000,0.3615,,0,0.3615,0.130682,1,2
AF035210926,candidate,52,spread,Home,2026-09-21 10:37:22.172000,0.462,3.5,1,0.538,0.289444,1,2
AF035210926,candidate,53,spread,Away,2026-09-21 10:37:22.172000,0.538,-3.5,0,0.538,0.289444,1,2
AF035210926,candidate,54,total,Over,2026-09-21 10:37:22.172000,0.496,35.5,1,0.504,0.254016,1,2
AF035210926,candidate,55,total,Under,2026-09-21 10:37:22.172000,0.504,35.5,0,0.504,0.254016,1,2
AF035220926,prod,50,moneyline,Home,2026-09-22 10:37:28.532000,0.5257,,0,0.5257,0.27636,1,3
AF035220926,prod,51,moneyline,Away,2026-09-22 10:37:28.532000,0.4744,,1,0.5256,0.276255,1,3
AF035220926,prod,52,spread,Home,2026-09-22 10:37:28.532000,0.5031,1.5,0,0.5031,0.25311,1,3
AF035220926,prod,53,spread,Away,2026-09-22 10:37:28.532000,0.497,-1.5,1,0.503,0.253009,1,3
AF035220926,prod,54,total,Over,2026-09-22 10:37:28.532000,0.5131,36.5,1,0.4869,0.237072,1,3
AF035220926,prod,55,total,Under,2026-09-22 10:37:28.532000,0.4869,36.5,0,0.4869,0.237072,1,3
AF035220926,candidate,50,moneyline,Home,2026-09-22 10:37:28.532000,0.51,,0,0.51,0.2601,1,2
AF035220926,candidate,51,moneyline,Away,2026-09-22 10:37:28.532000,0.49,,1,0.51,0.2601,1,2
AF035220926,candidate,52,spread,Home,2026-09-22 10:37:28.532000,0.51,0.5,0,0.51,0.2601,1,2
AF035220926,candidate,53,spread,Away,2026-09-22 10:37:28.532000,0.49,-0.5,1,0.51,0.2601,1,2
AF035220926,candidate,54,total,Over,2026-09-22 10:37:28.532000,0.5015,36.5,1,0.4985,0.248502,1,2
AF035220926,candidate,55,total,Under,2026-09-22 10:37:28.532000,0.4985,36.5,0,0.4985,0.248502,1,2
AF036170926,prod,50,moneyline,Home,2026-09-17 10:49:41.831000,0.591,,1,0.409,0.167281,1,3
AF036170926,prod,51,moneyline,Away,2026-09-17 10:49:41.831000,0.409,,0,0.409,0.167281,1,3
AF036170926,prod,52,spread,Home,2026-09-17 10:49:41.831000,0.4628,3.5,0,0.4628,0.214184,1,3
AF036170926,prod,53,spread,Away,2026-09-17 10:49:41.831000,0.5372,-3.5,1,0.4628,0.214184,1,3
AF036170926,prod,54,total,Over,2026-09-17 10:49:41.831000,0.5081,30.5,0,0.5081,0.258166,1,3
AF036170926,prod,55,total,Under,2026-09-17 10:49:41.831000,0.492,30.5,1,0.508,0.258064,1,3
AF036170926,candidate,50,moneyline,Home,2026-09-17 10:49:41.831000,0.5335,,1,0.4665,0.217622,1,2
AF036170926,candidate,51,moneyline,Away,2026-09-17 10:49:41.831000,0.4665,,0,0.4665,0.217622,1,2
AF036170926,candidate,52,spread,Home,2026-09-17 10:49:41.831000,0.504,1.5,1,0.496,0.246016,1,2
AF036170926,candidate,53,spread,Away,2026-09-17 10:49:41.831000,0.496,-1.5,0,0.496,0.246016,1,2
AF036170926,candidate,54,total,Over,2026-09-17 10:49:41.831000,0.485,24.5,0,0.485,0.235225,1,2
AF036170926,candidate,55,total,Under,2026-09-17 10:49:41.831000,0.515,24.5,1,0.485,0.235225,1,2
AF036180926,prod,50,moneyline,Home,2026-09-18 10:47:34.895000,0.5426,,0,0.5426,0.294415,1,3
AF036180926,prod,51,moneyline,Away,2026-09-18 10:47:34.895000,0.4574,,1,0.5426,0.294415,1,3
AF036180926,prod,52,spread,Home,2026-09-18 10:47:34.895000,0.5028,2.5,0,0.5028,0.252808,1,3
AF036180926,prod,53,spread,Away,2026-09-18 10:47:34.895000,0.4972,-2.5,1,0.5028,0.252808,1,3
AF036180926,prod,54,total,Over,2026-09-18 10:47:34.895000,0.4963,32.5,1,0.5037,0.253714,1,3
AF036180926,prod,55,total,Under,2026-09-18 10:47:34.895000,0.5037,32.5,0,0.5037,0.253714,1,3
AF036180926,candidate,50,moneyline,Home,2026-09-18 10:47:34.895000,0.673,,0,0.673,0.452929,1,2
AF036180926,candidate,51,moneyline,Away,2026-09-18 10:47:34.895000,0.327,,1,0.673,0.452929,1,2
AF036180926,candidate,52,spread,Home,2026-09-18 10:47:34.895000,0.493,3.5,0,0.493,0.243049,1,2
AF036180926,candidate,53,spread,Away,2026-09-18 10:47:34.895000,0.507,-3.5,1,0.493,0.243049,1,2
AF036180926,candidate,54,total,Over,2026-09-18 10:47:34.895000,0.507,29.5,1,0.493,0.243049,1,2
AF036180926,candidate,55,total,Under,2026-09-18 10:47:34.895000,0.493,29.5,0,0.493,0.243049,1,2
AF036200926,prod,50,moneyline,Home,2026-09-20 08:59:15.227000,0.493,,1,0.507,0.257049,1,3
AF036200926,prod,51,moneyline,Away,2026-09-20 08:59:15.227000,0.507,,0,0.507,0.257049,1,3
AF036200926,prod,54,total,Over,2026-09-20 08:59:15.227000,0.4996,32.5,0,0.4996,0.2496,1,3
AF036200926,prod,55,total,Under,2026-09-20 08:59:15.227000,0.5004,32.5,1,0.4996,0.2496,1,3
AF036200926,candidate,50,moneyline,Home,2026-09-20 08:59:15.227000,0.453,,1,0.547,0.299209,1,2
AF036200926,candidate,51,moneyline,Away,2026-09-20 08:59:15.227000,0.547,,0,0.547,0.299209,1,2
AF036200926,candidate,52,spread,Home,2026-09-20 08:59:15.227000,0.4895,-1.5,1,0.5105,0.26061,1,2
AF036200926,candidate,53,spread,Away,2026-09-20 08:59:15.227000,0.5105,1.5,0,0.5105,0.26061,1,2
AF036200926,candidate,54,total,Over,2026-09-20 08:59:15.227000,0.4875,31.5,0,0.4875,0.237656,1,2
AF036200926,candidate,55,total,Under,2026-09-20 08:59:15.227000,0.5125,31.5,1,0.4875,0.237656,1,2
AF036210926,prod,50,moneyline,Home,2026-09-21 10:47:40.822000,0.4103,,0,0.4103,0.168346,1,3
AF036210926,prod,51,moneyline,Away,2026-09-21 10:47:40.822000,0.5897,,1,0.4103,0.168346,1,3
AF036210926,prod,54,total,Over,2026-09-21 10:47:40.822000,0.4956,34.5,0,0.4956,0.245619,1,3
AF036210926,prod,55,total,Under,2026-09-21 10:47:40.822000,0.5044,34.5,1,0.4956,0.245619,1,3
AF036210926,candidate,50,moneyline,Home,2026-09-21 10:47:40.822000,0.545,,0,0.545,0.297025,1,2
AF036210926,candidate,51,moneyline,Away,2026-09-21 10:47:40.822000,0.455,,1,0.545,0.297025,1,2
AF036210926,candidate,52,spread,Home,2026-09-21 10:47:40.822000,0.4965,1.5,0,0.4965,0.246512,1,2
AF036210926,candidate,53,spread,Away,2026-09-21 10:47:40.822000,0.5035,-1.5,1,0.4965,0.246512,1,2
AF036210926,candidate,54,total,Over,2026-09-21 10:47:40.822000,0.4765,27.5,0,0.4765,0.227052,1,2
AF036210926,candidate,55,total,Under,2026-09-21 10:47:40.822000,0.5235,27.5,1,0.4765,0.227052,1,2
AF036220926,prod,50,moneyline,Home,2026-09-22 10:47:20.796000,0.5179,,0,0.5179,0.26822,1,3
AF036220926,prod,51,moneyline,Away,2026-09-22 10:47:20.796000,0.4821,,1,0.5179,0.26822,1,3
AF036220926,prod,52,spread,Home,2026-09-22 10:47:20.796000,0.4965,1.5,0,0.4965,0.246512,1,3
AF036220926,prod,53,spread,Away,2026-09-22 10:47:20.796000,0.5035,-1.5,1,0.4965,0.246512,1,3
AF036220926,prod,54,total,Over,2026-09-22 10:47:20.796000,0.4595,31.5,0,0.4595,0.21114,1,3
AF036220926,prod,55,total,Under,2026-09-22 10:47:20.796000,0.5405,31.5,1,0.4595,0.21114,1,3
AF036220926,candidate,50,moneyline,Home,2026-09-22 10:47:20.796000,0.4845,,0,0.4845,0.23474,1,2
AF036220926,candidate,51,moneyline,Away,2026-09-22 10:47:20.796000,0.5155,,1,0.4845,0.23474,1,2
AF036220926,candidate,52,spread,Home,2026-09-22 10:47:20.796000,0.4845,-0.5,0,0.4845,0.23474,1,2
AF036220926,candidate,53,spread,Away,2026-09-22 10:47:20.796000,0.5155,0.5,1,0.4845,0.23474,1,2
AF036220926,candidate,54,total,Over,2026-09-22 10:47:20.796000,0.5065,30.5,1,0.4935,0.243542,1,2
AF036220926,candidate,55,total,Under,2026-09-22 10:47:20.796000,0.4935,30.5,0,0.4935,0.243542,1,2
AF037170926,prod,50,moneyline,Home,2026-09-17 11:13:06.710000,0.5645,,1,0.4355,0.18966,1,3
AF037170926,prod,51,moneyline,Away,2026-09-17 11:13:06.710000,0.4355,,0,0.4355,0.18966,1,3
AF037170926,prod,52,spread,Home,2026-09-17 11:13:06.710000,0.5156,2.5,1,0.4844,0.234643,1,3
AF037170926,prod,53,spread,Away,2026-09-17 11:13:06.710000,0.4845,-2.5,0,0.4845,0.23474,1,3
AF037170926,prod,54,total,Over,2026-09-17 11:13:06.710000,0.4867,35.5,0,0.4867,0.236877,1,3
AF037170926,prod,55,total,Under,2026-09-17 11:13:06.710000,0.5133,35.5,1,0.4867,0.236877,1,3
AF037170926,candidate,50,moneyline,Home,2026-09-17 11:13:06.710000,0.563,,1,0.437,0.190969,1,2
AF037170926,candidate,51,moneyline,Away,2026-09-17 11:13:06.710000,0.437,,0,0.437,0.190969,1,2
AF037170926,candidate,52,spread,Home,2026-09-17 11:13:06.710000,0.498,2.5,1,0.502,0.252004,1,2
AF037170926,candidate,53,spread,Away,2026-09-17 11:13:06.710000,0.502,-2.5,0,0.502,0.252004,1,2
AF037170926,candidate,54,total,Over,2026-09-17 11:13:06.710000,0.504,36.5,0,0.504,0.254016,1,2
AF037170926,candidate,55,total,Under,2026-09-17 11:13:06.710000,0.496,36.5,1,0.504,0.254016,1,2
AF037180926,prod,50,moneyline,Home,2026-09-18 11:13:14.674000,0.4022,,1,0.5978,0.357365,1,3
AF037180926,prod,51,moneyline,Away,2026-09-18 11:13:14.674000,0.5978,,0,0.5978,0.357365,1,3
AF037180926,prod,52,spread,Home,2026-09-18 11:13:14.674000,0.4491,-2.5,1,0.5509,0.303491,1,5
AF037180926,prod,53,spread,Away,2026-09-18 11:13:14.674000,0.5509,2.5,0,0.5509,0.303491,1,5
AF037180926,candidate,50,moneyline,Home,2026-09-18 11:13:14.674000,0.5195,,1,0.4805,0.23088,1,2
AF037180926,candidate,51,moneyline,Away,2026-09-18 11:13:14.674000,0.4805,,0,0.4805,0.23088,1,2
AF037180926,candidate,52,spread,Home,2026-09-18 11:13:14.674000,0.5195,0.5,1,0.4805,0.23088,1,2
AF037180926,candidate,53,spread,Away,2026-09-18 11:13:14.674000,0.4805,-0.5,0,0.4805,0.23088,1,2
AF037180926,candidate,54,total,Over,2026-09-18 11:13:14.674000,0.501,34.5,1,0.499,0.249001,1,2
AF037180926,candidate,55,total,Under,2026-09-18 11:13:14.674000,0.499,34.5,0,0.499,0.249001,1,2
AF037190926,prod,50,moneyline,Home,2026-09-19 09:25:50.869000,0.5041,,0,0.5041,0.254117,1,3
AF037190926,prod,51,moneyline,Away,2026-09-19 09:25:50.869000,0.4959,,1,0.5041,0.254117,1,3
AF037190926,prod,54,total,Over,2026-09-19 09:25:50.869000,0.5235,34.5,0,0.5235,0.274052,1,3
AF037190926,prod,55,total,Under,2026-09-19 09:25:50.869000,0.4765,34.5,1,0.5235,0.274052,1,3
AF037190926,candidate,50,moneyline,Home,2026-09-19 09:25:50.869000,0.402,,0,0.402,0.161604,1,2
AF037190926,candidate,51,moneyline,Away,2026-09-19 09:25:50.869000,0.598,,1,0.402,0.161604,1,2
AF037190926,candidate,52,spread,Home,2026-09-19 09:25:50.869000,0.4575,-2.5,0,0.4575,0.209306,1,2
AF037190926,candidate,53,spread,Away,2026-09-19 09:25:50.869000,0.5425,2.5,1,0.4575,0.209306,1,2
AF037190926,candidate,54,total,Over,2026-09-19 09:25:50.869000,0.537,37.5,0,0.537,0.288369,1,2
AF037190926,candidate,55,total,Under,2026-09-19 09:25:50.869000,0.463,37.5,1,0.537,0.288369,1,2
AF037200926,prod,50,moneyline,Home,2026-09-20 09:25:43.266000,0.5004,,1,0.4996,0.2496,1,3
AF037200926,prod,51,moneyline,Away,2026-09-20 09:25:43.266000,0.4996,,0,0.4996,0.2496,1,3
AF037200926,prod,52,spread,Home,2026-09-20 09:25:43.266000,0.481,1.5,1,0.519,0.269361,1,3
AF037200926,prod,53,spread,Away,2026-09-20 09:25:43.266000,0.519,-1.5,0,0.519,0.269361,1,3
AF037200926,prod,54,total,Over,2026-09-20 09:25:43.266000,0.4985,34.5,1,0.5015,0.251502,1,3
AF037200926,prod,55,total,Under,2026-09-20 09:25:43.266000,0.5015,34.5,0,0.5015,0.251502,1,3
AF037200926,candidate,50,moneyline,Home,2026-09-20 09:25:43.266000,0.5233,,1,0.4767,0.227243,1,2
AF037200926,candidate,51,moneyline,Away,2026-09-20 09:25:43.266000,0.4767,,0,0.4767,0.227243,1,2
AF037200926,candidate,52,spread,Home,2026-09-20 09:25:43.266000,0.523,0.5,1,0.477,0.227529,1,2
AF037200926,candidate,53,spread,Away,2026-09-20 09:25:43.266000,0.477,-0.5,0,0.477,0.227529,1,2
AF037200926,candidate,54,total,Over,2026-09-20 09:25:43.266000,0.5045,37.5,1,0.4955,0.24552,1,2
AF037200926,candidate,55,total,Under,2026-09-20 09:25:43.266000,0.4955,37.5,0,0.4955,0.24552,1,2
AF037210926,prod,50,moneyline,Home,2026-09-21 11:13:35.733000,0.5411,,1,0.4589,0.210589,1,3
AF037210926,prod,51,moneyline,Away,2026-09-21 11:13:35.733000,0.459,,0,0.459,0.210681,1,3
AF037210926,prod,52,spread,Home,2026-09-21 11:13:35.733000,0.4949,2.5,1,0.5051,0.255126,1,3
AF037210926,prod,53,spread,Away,2026-09-21 11:13:35.733000,0.5052,-2.5,0,0.5052,0.255227,1,3
AF037210926,prod,54,total,Over,2026-09-21 11:13:35.733000,0.5048,35.5,0,0.5048,0.254823,1,3
AF037210926,prod,55,total,Under,2026-09-21 11:13:35.733000,0.4952,35.5,1,0.5048,0.254823,1,3
AF037210926,candidate,50,moneyline,Home,2026-09-21 11:13:35.733000,0.76,,1,0.24,0.0576,1,2
AF037210926,candidate,51,moneyline,Away,2026-09-21 11:13:35.733000,0.24,,0,0.24,0.0576,1,2
AF037210926,candidate,52,spread,Home,2026-09-21 11:13:35.733000,0.496,5.5,1,0.504,0.254016,1,2
AF037210926,candidate,53,spread,Away,2026-09-21 11:13:35.733000,0.504,-5.5,0,0.504,0.254016,1,2
AF037210926,candidate,54,total,Over,2026-09-21 11:13:35.733000,0.5145,36.5,0,0.5145,0.26471,1,2
AF037210926,candidate,55,total,Under,2026-09-21 11:13:35.733000,0.4855,36.5,1,0.5145,0.26471,1,2
AF037220926,prod,50,moneyline,Home,2026-09-22 11:13:47.410000,0.3947,,1,0.6053,0.366388,1,3
AF037220926,prod,51,moneyline,Away,2026-09-22 11:13:47.410000,0.6054,,0,0.6054,0.366509,1,3
AF037220926,prod,52,spread,Home,2026-09-22 11:13:47.410000,0.555,-3.5,1,0.445,0.198025,1,3
AF037220926,prod,53,spread,Away,2026-09-22 11:13:47.410000,0.445,3.5,0,0.445,0.198025,1,3
AF037220926,prod,54,total,Over,2026-09-22 11:13:47.410000,0.5264,34.5,1,0.4736,0.224297,1,3
AF037220926,prod,55,total,Under,2026-09-22 11:13:47.410000,0.4737,34.5,0,0.4737,0.224392,1,3
AF037220926,candidate,50,moneyline,Home,2026-09-22 11:13:47.410000,0.5085,,1,0.4915,0.241572,1,2
AF037220926,candidate,51,moneyline,Away,2026-09-22 11:13:47.410000,0.4915,,0,0.4915,0.241572,1,2
AF037220926,candidate,52,spread,Home,2026-09-22 11:13:47.410000,0.5085,0.5,1,0.4915,0.241572,1,2
AF037220926,candidate,53,spread,Away,2026-09-22 11:13:47.410000,0.4915,-0.5,0,0.4915,0.241572,1,2
AF037220926,candidate,54,total,Over,2026-09-22 11:13:47.410000,0.513,36.5,1,0.487,0.237169,1,2
AF037220926,candidate,55,total,Under,2026-09-22 11:13:47.410000,0.487,36.5,0,0.487,0.237169,1,2
AF038170926,prod,50,moneyline,Home,2026-09-17 11:30:18.554000,0.5638,,1,0.4362,0.19027,1,3
AF038170926,prod,51,moneyline,Away,2026-09-17 11:30:18.554000,0.4363,,0,0.4363,0.190358,1,3
AF038170926,prod,52,spread,Home,2026-09-17 11:30:18.554000,0.5233,2.5,1,0.4767,0.227243,1,3
AF038170926,prod,53,spread,Away,2026-09-17 11:30:18.554000,0.4767,-2.5,0,0.4767,0.227243,1,3
AF038170926,prod,54,total,Over,2026-09-17 11:30:18.554000,0.5195,34.5,0,0.5195,0.26988,1,3
AF038170926,prod,55,total,Under,2026-09-17 11:30:18.554000,0.4805,34.5,1,0.5195,0.26988,1,3
AF038170926,candidate,50,moneyline,Home,2026-09-17 11:30:18.554000,0.625,,1,0.375,0.140625,1,2
AF038170926,candidate,51,moneyline,Away,2026-09-17 11:30:18.554000,0.375,,0,0.375,0.140625,1,2
AF038170926,candidate,52,spread,Home,2026-09-17 11:30:18.554000,0.44,3.5,1,0.56,0.3136,1,2
AF038170926,candidate,53,spread,Away,2026-09-17 11:30:18.554000,0.56,-3.5,0,0.56,0.3136,1,2
AF038170926,candidate,54,total,Over,2026-09-17 11:30:18.554000,0.513,34.5,0,0.513,0.263169,1,2
AF038170926,candidate,55,total,Under,2026-09-17 11:30:18.554000,0.487,34.5,1,0.513,0.263169,1,2
AF038180926,prod,50,moneyline,Home,2026-09-18 11:23:54.175000,0.437,,0,0.437,0.190969,1,3
AF038180926,prod,51,moneyline,Away,2026-09-18 11:23:54.175000,0.563,,1,0.437,0.190969,1,3
AF038180926,prod,52,spread,Home,2026-09-18 11:23:54.175000,0.4767,-2.5,0,0.4767,0.227243,1,3
AF038180926,prod,53,spread,Away,2026-09-18 11:23:54.175000,0.5233,2.5,1,0.4767,0.227243,1,3
AF038180926,prod,54,total,Over,2026-09-18 11:23:54.175000,0.5145,34.5,0,0.5145,0.26471,1,3
AF038180926,prod,55,total,Under,2026-09-18 11:23:54.175000,0.4856,34.5,1,0.5144,0.264607,1,3
AF038180926,candidate,50,moneyline,Home,2026-09-18 11:23:54.175000,0.4935,,0,0.4935,0.243542,1,2
AF038180926,candidate,51,moneyline,Away,2026-09-18 11:23:54.175000,0.5065,,1,0.4935,0.243542,1,2
AF038180926,candidate,52,spread,Home,2026-09-18 11:23:54.175000,0.4935,0.5,0,0.4935,0.243542,1,2
AF038180926,candidate,53,spread,Away,2026-09-18 11:23:54.175000,0.5065,-0.5,1,0.4935,0.243542,1,2
AF038180926,candidate,54,total,Over,2026-09-18 11:23:54.175000,0.4985,32.5,0,0.4985,0.248502,1,2
AF038180926,candidate,55,total,Under,2026-09-18 11:23:54.175000,0.5015,32.5,1,0.4985,0.248502,1,2
AF038190926,prod,50,moneyline,Home,2026-09-19 09:35:11.015000,0.5884,,0,0.5884,0.346215,1,3
AF038190926,prod,51,moneyline,Away,2026-09-19 09:35:11.015000,0.4117,,1,0.5883,0.346097,1,3
AF038190926,prod,52,spread,Home,2026-09-19 09:35:11.015000,0.545,2.5,0,0.545,0.297025,1,3
AF038190926,prod,53,spread,Away,2026-09-19 09:35:11.015000,0.4551,-2.5,1,0.5449,0.296916,1,3
AF038190926,prod,54,total,Over,2026-09-19 09:35:11.015000,0.5278,34.5,0,0.5278,0.278573,1,3
AF038190926,prod,55,total,Under,2026-09-19 09:35:11.015000,0.4722,34.5,1,0.5278,0.278573,1,3
AF038190926,candidate,50,moneyline,Home,2026-09-19 09:35:11.015000,0.6185,,0,0.6185,0.382542,1,2
AF038190926,candidate,51,moneyline,Away,2026-09-19 09:35:11.015000,0.3815,,1,0.6185,0.382542,1,2
AF038190926,candidate,52,spread,Home,2026-09-19 09:35:11.015000,0.4425,3.5,0,0.4425,0.195806,1,2
AF038190926,candidate,53,spread,Away,2026-09-19 09:35:11.015000,0.5575,-3.5,1,0.4425,0.195806,1,2
AF038190926,candidate,54,total,Over,2026-09-19 09:35:11.015000,0.503,37.5,0,0.503,0.253009,1,2
AF038190926,candidate,55,total,Under,2026-09-19 09:35:11.015000,0.497,37.5,1,0.503,0.253009,1,2
AF038200926,prod,50,moneyline,Home,2026-09-20 09:35:18.636000,0.5582,,1,0.4418,0.195187,1,3
AF038200926,prod,51,moneyline,Away,2026-09-20 09:35:18.636000,0.4418,,0,0.4418,0.195187,1,3
AF038200926,prod,52,spread,Home,2026-09-20 09:35:18.636000,0.5125,2.5,0,0.5125,0.262656,1,3
AF038200926,prod,53,spread,Away,2026-09-20 09:35:18.636000,0.4875,-2.5,1,0.5125,0.262656,1,3
AF038200926,prod,54,total,Over,2026-09-20 09:35:18.636000,0.4705,31.5,1,0.5295,0.28037,1,3
AF038200926,prod,55,total,Under,2026-09-20 09:35:18.636000,0.5295,31.5,0,0.5295,0.28037,1,3
AF038200926,candidate,50,moneyline,Home,2026-09-20 09:35:18.636000,0.581,,1,0.419,0.175561,1,2
AF038200926,candidate,51,moneyline,Away,2026-09-20 09:35:18.636000,0.419,,0,0.419,0.175561,1,2
AF038200926,candidate,52,spread,Home,2026-09-20 09:35:18.636000,0.522,2.5,0,0.522,0.272484,1,2
AF038200926,candidate,53,spread,Away,2026-09-20 09:35:18.636000,0.478,-2.5,1,0.522,0.272484,1,2
AF038200926,candidate,54,total,Over,2026-09-20 09:35:18.636000,0.4875,28.5,1,0.5125,0.262656,1,2
AF038200926,candidate,55,total,Under,2026-09-20 09:35:18.636000,0.5125,28.5,0,0.5125,0.262656,1,2
AF038220926,prod,50,moneyline,Home,2026-09-22 11:23:15.588000,0.4978,,0,0.4978,0.247805,1,3
AF038220926,prod,51,moneyline,Away,2026-09-22 11:23:15.588000,0.5022,,1,0.4978,0.247805,1,3
AF038220926,prod,54,total,Over,2026-09-22 11:23:15.588000,0.5133,30.5,1,0.4867,0.236877,1,3
AF038220926,prod,55,total,Under,2026-09-22 11:23:15.588000,0.4867,30.5,0,0.4867,0.236877,1,3
AF038220926,candidate,50,moneyline,Home,2026-09-22 11:23:15.588000,0.3705,,0,0.3705,0.13727,1,2
AF038220926,candidate,51,moneyline,Away,2026-09-22 11:23:15.588000,0.6295,,1,0.3705,0.13727,1,2
AF038220926,candidate,52,spread,Home,2026-09-22 11:23:15.588000,0.5415,-3.5,1,0.4585,0.210222,1,2
AF038220926,candidate,53,spread,Away,2026-09-22 11:23:15.588000,0.4585,3.5,0,0.4585,0.210222,1,2
AF038220926,candidate,54,total,Over,2026-09-22 11:23:15.588000,0.4885,30.5,1,0.5115,0.261632,1,2
AF038220926,candidate,55,total,Under,2026-09-22 11:23:15.588000,0.5115,30.5,0,0.5115,0.261632,1,2
AF039170926,prod,50,moneyline,Home,2026-09-17 11:49:12.919000,0.4365,,1,0.5635,0.317532,1,3
AF039170926,prod,51,moneyline,Away,2026-09-17 11:49:12.919000,0.5635,,0,0.5635,0.317532,1,3
AF039170926,prod,52,spread,Home,2026-09-17 11:49:12.919000,0.4834,-2.5,1,0.5166,0.266876,1,3
AF039170926,prod,53,spread,Away,2026-09-17 11:49:12.919000,0.5166,2.5,0,0.5166,0.266876,1,3
AF039170926,candidate,50,moneyline,Home,2026-09-17 11:49:12.919000,0.465,,1,0.535,0.286225,1,2
AF039170926,candidate,51,moneyline,Away,2026-09-17 11:49:12.919000,0.535,,0,0.535,0.286225,1,2
AF039170926,candidate,52,spread,Home,2026-09-17 11:49:12.919000,0.502,-1.5,1,0.498,0.248004,1,2
AF039170926,candidate,53,spread,Away,2026-09-17 11:49:12.919000,0.498,1.5,0,0.498,0.248004,1,2
AF039170926,candidate,54,total,Over,2026-09-17 11:49:12.919000,0.4835,35.5,0,0.4835,0.233772,1,2
AF039170926,candidate,55,total,Under,2026-09-17 11:49:12.919000,0.5165,35.5,1,0.4835,0.233772,1,2
AF039180926,prod,50,moneyline,Home,2026-09-18 11:49:18.559000,0.4257,,1,0.5743,0.32982,1,3
AF039180926,prod,51,moneyline,Away,2026-09-18 11:49:18.559000,0.5743,,0,0.5743,0.32982,1,3
AF039180926,prod,52,spread,Home,2026-09-18 11:49:18.559000,0.4729,-2.5,1,0.5271,0.277834,1,3
AF039180926,prod,53,spread,Away,2026-09-18 11:49:18.559000,0.5271,2.5,0,0.5271,0.277834,1,3
AF039180926,candidate,50,moneyline,Home,2026-09-18 11:49:18.559000,0.5575,,1,0.4425,0.195806,1,2
AF039180926,candidate,51,moneyline,Away,2026-09-18 11:49:18.559000,0.4425,,0,0.4425,0.195806,1,2
AF039180926,candidate,52,spread,Home,2026-09-18 11:49:18.559000,0.5115,1.5,1,0.4885,0.238632,1,2
AF039180926,candidate,53,spread,Away,2026-09-18 11:49:18.559000,0.4885,-1.5,0,0.4885,0.238632,1,2
AF039180926,candidate,54,total,Over,2026-09-18 11:49:18.559000,0.5175,37.5,1,0.4825,0.232806,1,2
AF039180926,candidate,55,total,Under,2026-09-18 11:49:18.559000,0.4825,37.5,0,0.4825,0.232806,1,2
AF039190926,prod,50,moneyline,Home,2026-09-19 10:01:36.017000,0.4177,,1,0.5823,0.339073,1,3
AF039190926,prod,51,moneyline,Away,2026-09-19 10:01:36.017000,0.5824,,0,0.5824,0.33919,1,3
AF039190926,prod,52,spread,Home,2026-09-19 10:01:36.017000,0.464,-2.5,1,0.536,0.287296,1,3
AF039190926,prod,53,spread,Away,2026-09-19 10:01:36.017000,0.536,2.5,0,0.536,0.287296,1,3
AF039190926,prod,54,total,Over,2026-09-19 10:01:36.017000,0.5234,37.5,0,0.5234,0.273948,1,3
AF039190926,prod,55,total,Under,2026-09-19 10:01:36.017000,0.4766,37.5,1,0.5234,0.273948,1,3
AF039190926,candidate,50,moneyline,Home,2026-09-19 10:01:36.017000,0.3422,,1,0.6578,0.432701,1,2
AF039190926,candidate,51,moneyline,Away,2026-09-19 10:01:36.017000,0.6578,,0,0.6578,0.432701,1,2
AF039190926,candidate,52,spread,Home,2026-09-19 10:01:36.017000,0.5395,-3.5,1,0.4605,0.21206,1,2
AF039190926,candidate,53,spread,Away,2026-09-19 10:01:36.017000,0.4605,3.5,0,0.4605,0.21206,1,2
AF039190926,candidate,54,total,Over,2026-09-19 10:01:36.017000,0.4755,38.5,0,0.4755,0.2261,1,2
AF039190926,candidate,55,total,Under,2026-09-19 10:01:36.017000,0.5245,38.5,1,0.4755,0.2261,1,2
AF039200926,prod,50,moneyline,Home,2026-09-20 10:01:41.667000,0.453,,0,0.453,0.205209,1,3
AF039200926,prod,51,moneyline,Away,2026-09-20 10:01:41.667000,0.5471,,1,0.4529,0.205118,1,3
AF039200926,prod,52,spread,Home,2026-09-20 10:01:41.667000,0.4994,-2.5,0,0.4994,0.2494,1,3
AF039200926,prod,53,spread,Away,2026-09-20 10:01:41.667000,0.5006,2.5,1,0.4994,0.2494,1,3
AF039200926,prod,55,total,Under,2026-09-20 10:01:41.667000,0.4748,34.5,1,0.5252,0.275835,1,5
AF039200926,candidate,50,moneyline,Home,2026-09-20 10:01:41.667000,0.4945,,0,0.4945,0.24453,1,2
AF039200926,candidate,51,moneyline,Away,2026-09-20 10:01:41.667000,0.5055,,1,0.4945,0.24453,1,2
AF039200926,candidate,52,spread,Home,2026-09-20 10:01:41.667000,0.4945,-0.5,0,0.4945,0.24453,1,2
AF039200926,candidate,53,spread,Away,2026-09-20 10:01:41.667000,0.5055,0.5,1,0.4945,0.24453,1,2
AF039200926,candidate,54,total,Over,2026-09-20 10:01:41.667000,0.486,38.5,0,0.486,0.236196,1,2
AF039200926,candidate,55,total,Under,2026-09-20 10:01:41.667000,0.514,38.5,1,0.486,0.236196,1,2
AF039210926,prod,50,moneyline,Home,2026-09-21 11:49:04.557000,0.53,,0,0.53,0.2809,1,3
AF039210926,prod,51,moneyline,Away,2026-09-21 11:49:04.557000,0.47,,1,0.53,0.2809,1,3
AF039210926,prod,54,total,Over,2026-09-21 11:49:04.557000,0.504,35.5,0,0.504,0.254016,1,3
AF039210926,prod,55,total,Under,2026-09-21 11:49:04.557000,0.496,35.5,1,0.504,0.254016,1,3
AF039210926,candidate,50,moneyline,Home,2026-09-21 11:49:04.557000,0.6225,,0,0.6225,0.387506,1,2
AF039210926,candidate,51,moneyline,Away,2026-09-21 11:49:04.557000,0.3775,,1,0.6225,0.387506,1,2
AF039210926,candidate,52,spread,Home,2026-09-21 11:49:04.557000,0.5465,2.5,0,0.5465,0.298662,1,2
AF039210926,candidate,53,spread,Away,2026-09-21 11:49:04.557000,0.4535,-2.5,1,0.5465,0.298662,1,2
AF039210926,candidate,54,total,Over,2026-09-21 11:49:04.557000,0.516,34.5,0,0.516,0.266256,1,2
AF039210926,candidate,55,total,Under,2026-09-21 11:49:04.557000,0.484,34.5,1,0.516,0.266256,1,2
AF040170926,prod,50,moneyline,Home,2026-09-17 11:59:35.506000,0.6241,,0,0.6241,0.389501,1,3
AF040170926,prod,51,moneyline,Away,2026-09-17 11:59:35.506000,0.376,,1,0.624,0.389376,1,3
AF040170926,prod,52,spread,Home,2026-09-17 11:59:35.506000,0.4848,3.5,0,0.4848,0.235031,1,3
AF040170926,prod,53,spread,Away,2026-09-17 11:59:35.506000,0.5152,-3.5,1,0.4848,0.235031,1,3
AF040170926,prod,54,total,Over,2026-09-17 11:59:35.506000,0.4977,31.5,1,0.5023,0.252305,1,3
AF040170926,prod,55,total,Under,2026-09-17 11:59:35.506000,0.5023,31.5,0,0.5023,0.252305,1,3
AF040170926,candidate,50,moneyline,Home,2026-09-17 11:59:35.506000,0.596,,0,0.596,0.355216,1,2
AF040170926,candidate,51,moneyline,Away,2026-09-17 11:59:35.506000,0.404,,1,0.596,0.355216,1,2
AF040170926,candidate,52,spread,Home,2026-09-17 11:59:35.506000,0.5425,2.5,0,0.5425,0.294306,1,2
AF040170926,candidate,53,spread,Away,2026-09-17 11:59:35.506000,0.4575,-2.5,1,0.5425,0.294306,1,2
AF040170926,candidate,54,total,Over,2026-09-17 11:59:35.506000,0.4695,31.5,1,0.5305,0.28143,1,2
AF040170926,candidate,55,total,Under,2026-09-17 11:59:35.506000,0.5305,31.5,0,0.5305,0.28143,1,2
AF040200926,prod,50,moneyline,Home,2026-09-20 10:11:22.692000,0.5181,,0,0.5181,0.268428,1,3
AF040200926,prod,51,moneyline,Away,2026-09-20 10:11:22.692000,0.4819,,1,0.5181,0.268428,1,3
AF040200926,prod,52,spread,Home,2026-09-20 10:11:22.692000,0.498,1.5,0,0.498,0.248004,1,3
AF040200926,prod,53,spread,Away,2026-09-20 10:11:22.692000,0.502,-1.5,1,0.498,0.248004,1,3
AF040200926,prod,54,total,Over,2026-09-20 10:11:22.692000,0.4889,34.5,0,0.4889,0.239023,1,3
AF040200926,prod,55,total,Under,2026-09-20 10:11:22.692000,0.5111,34.5,1,0.4889,0.239023,1,3
AF040200926,candidate,50,moneyline,Home,2026-09-20 10:11:22.692000,0.4555,,0,0.4555,0.20748,1,2
AF040200926,candidate,51,moneyline,Away,2026-09-20 10:11:22.692000,0.5445,,1,0.4555,0.20748,1,2
AF040200926,candidate,52,spread,Home,2026-09-20 10:11:22.692000,0.492,-1.5,0,0.492,0.242064,1,2
AF040200926,candidate,53,spread,Away,2026-09-20 10:11:22.692000,0.508,1.5,1,0.492,0.242064,1,2
AF040200926,candidate,54,total,Over,2026-09-20 10:11:22.692000,0.467,31.5,0,0.467,0.218089,1,2
AF040200926,candidate,55,total,Under,2026-09-20 10:11:22.692000,0.533,31.5,1,0.467,0.218089,1,2
AF040220926,prod,50,moneyline,Home,2026-09-22 11:59:31.629000,0.523,,1,0.477,0.227529,1,3
AF040220926,prod,51,moneyline,Away,2026-09-22 11:59:31.629000,0.477,,0,0.477,0.227529,1,3
AF040220926,prod,52,spread,Home,2026-09-22 11:59:31.629000,0.5035,1.5,1,0.4965,0.246512,1,3
AF040220926,prod,53,spread,Away,2026-09-22 11:59:31.629000,0.4965,-1.5,0,0.4965,0.246512,1,3
AF040220926,prod,54,total,Over,2026-09-22 11:59:31.629000,0.4657,31.5,1,0.5343,0.285476,1,3
AF040220926,prod,55,total,Under,2026-09-22 11:59:31.629000,0.5343,31.5,0,0.5343,0.285476,1,3
AF040220926,candidate,50,moneyline,Home,2026-09-22 11:59:31.629000,0.483,,1,0.517,0.267289,1,2
AF040220926,candidate,51,moneyline,Away,2026-09-22 11:59:31.629000,0.517,,0,0.517,0.267289,1,2
AF040220926,candidate,52,spread,Home,2026-09-22 11:59:31.629000,0.511,-1.5,1,0.489,0.239121,1,2
AF040220926,candidate,53,spread,Away,2026-09-22 11:59:31.629000,0.489,1.5,0,0.489,0.239121,1,2
AF040220926,candidate,54,total,Over,2026-09-22 11:59:31.629000,0.4975,30.5,1,0.5025,0.252506,1,2
AF040220926,candidate,55,total,Under,2026-09-22 11:59:31.629000,0.5025,30.5,0,0.5025,0.252506,1,2
AF041170926,prod,50,moneyline,Home,2026-09-17 12:25:06.345000,0.6485,,1,0.3515,0.123552,1,3
AF041170926,prod,51,moneyline,Away,2026-09-17 12:25:06.345000,0.3517,,0,0.3517,0.123693,1,3
AF041170926,prod,52,spread,Home,2026-09-17 12:25:06.345000,0.4956,3.5,1,0.5044,0.254419,1,3
AF041170926,prod,53,spread,Away,2026-09-17 12:25:06.345000,0.5044,-3.5,0,0.5044,0.254419,1,3
AF041170926,prod,54,total,Over,2026-09-17 12:25:06.345000,0.5113,36.5,0,0.5113,0.261428,1,3
AF041170926,prod,55,total,Under,2026-09-17 12:25:06.345000,0.4887,36.5,1,0.5113,0.261428,1,3
AF041170926,candidate,50,moneyline,Home,2026-09-17 12:25:06.345000,0.718,,1,0.282,0.079524,1,2
AF041170926,candidate,51,moneyline,Away,2026-09-17 12:25:06.345000,0.282,,0,0.282,0.079524,1,2
AF041170926,candidate,52,spread,Home,2026-09-17 12:25:06.345000,0.4745,4.5,1,0.5255,0.27615,1,2
AF041170926,candidate,53,spread,Away,2026-09-17 12:25:06.345000,0.5255,-4.5,0,0.5255,0.27615,1,2
AF041170926,candidate,54,total,Over,2026-09-17 12:25:06.345000,0.4965,36.5,0,0.4965,0.246512,1,2
AF041170926,candidate,55,total,Under,2026-09-17 12:25:06.345000,0.5035,36.5,1,0.4965,0.246512,1,2
AF041180926,prod,50,moneyline,Home,2026-09-18 12:25:21.391000,0.4819,,1,0.5181,0.268428,1,3
AF041180926,prod,51,moneyline,Away,2026-09-18 12:25:21.391000,0.5181,,0,0.5181,0.268428,1,3
AF041180926,prod,52,spread,Home,2026-09-18 12:25:21.391000,0.5026,-1.5,1,0.4974,0.247407,1,3
AF041180926,prod,53,spread,Away,2026-09-18 12:25:21.391000,0.4974,1.5,0,0.4974,0.247407,1,3
AF041180926,prod,54,total,Over,2026-09-18 12:25:21.391000,0.5066,36.5,0,0.5066,0.256644,1,3
AF041180926,prod,55,total,Under,2026-09-18 12:25:21.391000,0.4934,36.5,1,0.5066,0.256644,1,3
AF041180926,candidate,50,moneyline,Home,2026-09-18 12:25:21.391000,0.5225,,1,0.4775,0.228006,1,2
AF041180926,candidate,51,moneyline,Away,2026-09-18 12:25:21.391000,0.4775,,0,0.4775,0.228006,1,2
AF041180926,candidate,52,spread,Home,2026-09-18 12:25:21.391000,0.4795,1.5,1,0.5205,0.27092,1,2
AF041180926,candidate,53,spread,Away,2026-09-18 12:25:21.391000,0.5205,-1.5,0,0.5205,0.27092,1,2
AF041180926,candidate,54,total,Over,2026-09-18 12:25:21.391000,0.512,34.5,0,0.512,0.262144,1,2
AF041180926,candidate,55,total,Under,2026-09-18 12:25:21.391000,0.488,34.5,1,0.512,0.262144,1,2
AF041190926,prod,50,moneyline,Home,2026-09-19 10:37:34.228000,0.3971,,0,0.3971,0.157688,1,3
AF041190926,prod,51,moneyline,Away,2026-09-19 10:37:34.228000,0.603,,1,0.397,0.157609,1,3
AF041190926,prod,54,total,Over,2026-09-19 10:37:34.228000,0.4997,36.5,0,0.4997,0.2497,1,3
AF041190926,prod,55,total,Under,2026-09-19 10:37:34.228000,0.5003,36.5,1,0.4997,0.2497,1,3
AF041190926,candidate,50,moneyline,Home,2026-09-19 10:37:34.228000,0.4975,,0,0.4975,0.247506,1,2
AF041190926,candidate,51,moneyline,Away,2026-09-19 10:37:34.228000,0.5025,,1,0.4975,0.247506,1,2
AF041190926,candidate,52,spread,Home,2026-09-19 10:37:34.228000,0.4975,0.5,0,0.4975,0.247506,1,2
AF041190926,candidate,53,spread,Away,2026-09-19 10:37:34.228000,0.5025,-0.5,1,0.4975,0.247506,1,2
AF041190926,candidate,54,total,Over,2026-09-19 10:37:34.228000,0.5005,35.5,0,0.5005,0.2505,1,2
AF041190926,candidate,55,total,Under,2026-09-19 10:37:34.228000,0.4995,35.5,1,0.5005,0.2505,1,2
AF041200926,prod,50,moneyline,Home,2026-09-20 10:37:21.377000,0.4731,,0,0.4731,0.223824,1,3
AF041200926,prod,51,moneyline,Away,2026-09-20 10:37:21.377000,0.5269,,1,0.4731,0.223824,1,3
AF041200926,prod,54,total,Over,2026-09-20 10:37:21.377000,0.5019,36.5,0,0.5019,0.251904,1,3
AF041200926,prod,55,total,Under,2026-09-20 10:37:21.377000,0.4981,36.5,1,0.5019,0.251904,1,3
AF041200926,candidate,50,moneyline,Home,2026-09-20 10:37:21.377000,0.4795,,0,0.4795,0.22992,1,2
AF041200926,candidate,51,moneyline,Away,2026-09-20 10:37:21.377000,0.5205,,1,0.4795,0.22992,1,2
AF041200926,candidate,52,spread,Home,2026-09-20 10:37:21.377000,0.5185,-1.5,0,0.5185,0.268842,1,2
AF041200926,candidate,53,spread,Away,2026-09-20 10:37:21.377000,0.4815,1.5,1,0.5185,0.268842,1,2
AF041200926,candidate,54,total,Over,2026-09-20 10:37:21.377000,0.4935,35.5,1,0.5065,0.256542,1,2
AF041200926,candidate,55,total,Under,2026-09-20 10:37:21.377000,0.5065,35.5,0,0.5065,0.256542,1,2
AF041210926,prod,50,moneyline,Home,2026-09-21 12:25:35.331000,0.5922,,1,0.4078,0.166301,1,3
AF041210926,prod,51,moneyline,Away,2026-09-21 12:25:35.331000,0.4079,,0,0.4079,0.166382,1,3
AF041210926,prod,53,spread,Away,2026-09-21 12:25:35.331000,0.4554,-2.5,0,0.4554,0.207389,1,5
AF041210926,prod,54,total,Over,2026-09-21 12:25:35.331000,0.5274,37.5,0,0.5274,0.278151,1,3
AF041210926,prod,55,total,Under,2026-09-21 12:25:35.331000,0.4726,37.5,1,0.5274,0.278151,1,3
AF041210926,candidate,50,moneyline,Home,2026-09-21 12:25:35.331000,0.765,,1,0.235,0.055225,1,2
AF041210926,candidate,51,moneyline,Away,2026-09-21 12:25:35.331000,0.235,,0,0.235,0.055225,1,2
AF041210926,candidate,52,spread,Home,2026-09-21 12:25:35.331000,0.5195,5.5,1,0.4805,0.23088,1,2
AF041210926,candidate,53,spread,Away,2026-09-21 12:25:35.331000,0.4805,-5.5,0,0.4805,0.23088,1,2
AF041210926,candidate,54,total,Over,2026-09-21 12:25:35.331000,0.528,37.5,0,0.528,0.278784,1,2
AF041210926,candidate,55,total,Under,2026-09-21 12:25:35.331000,0.472,37.5,1,0.528,0.278784,1,2
AF041220926,prod,50,moneyline,Home,2026-09-22 12:25:13.795000,0.4525,,0,0.4525,0.204756,1,3
AF041220926,prod,51,moneyline,Away,2026-09-22 12:25:13.795000,0.5476,,1,0.4524,0.204666,1,3
AF041220926,prod,52,spread,Home,2026-09-22 12:25:13.795000,0.5005,-2.5,0,0.5005,0.2505,1,3
AF041220926,prod,53,spread,Away,2026-09-22 12:25:13.795000,0.4995,2.5,1,0.5005,0.2505,1,3
AF041220926,prod,54,total,Over,2026-09-22 12:25:13.795000,0.5006,35.5,1,0.4994,0.2494,1,3
AF041220926,prod,55,total,Under,2026-09-22 12:25:13.795000,0.4994,35.5,0,0.4994,0.2494,1,3
AF041220926,candidate,50,moneyline,Home,2026-09-22 12:25:13.795000,0.375,,0,0.375,0.140625,1,2
AF041220926,candidate,51,moneyline,Away,2026-09-22 12:25:13.795000,0.625,,1,0.375,0.140625,1,2
AF041220926,candidate,52,spread,Home,2026-09-22 12:25:13.795000,0.45,-2.5,0,0.45,0.2025,1,2
AF041220926,candidate,53,spread,Away,2026-09-22 12:25:13.795000,0.55,2.5,1,0.45,0.2025,1,2
AF041220926,candidate,54,total,Over,2026-09-22 12:25:13.795000,0.494,35.5,1,0.506,0.256036,1,2
AF041220926,candidate,55,total,Under,2026-09-22 12:25:13.795000,0.506,35.5,0,0.506,0.256036,1,2
AF042170926,prod,50,moneyline,Home,2026-09-17 12:35:13.868000,0.5459,,0,0.5459,0.298007,1,3
AF042170926,prod,51,moneyline,Away,2026-09-17 12:35:13.868000,0.4541,,1,0.5459,0.298007,1,3
AF042170926,prod,52,spread,Home,2026-09-17 12:35:13.868000,0.5053,2.5,0,0.5053,0.255328,1,5
AF042170926,prod,53,spread,Away,2026-09-17 12:35:13.868000,0.4947,-2.5,1,0.5053,0.255328,1,5
AF042170926,candidate,50,moneyline,Home,2026-09-17 12:35:13.868000,0.561,,0,0.561,0.314721,1,2
AF042170926,candidate,51,moneyline,Away,2026-09-17 12:35:13.868000,0.439,,1,0.561,0.314721,1,2
AF042170926,candidate,52,spread,Home,2026-09-17 12:35:13.868000,0.4975,2.5,0,0.4975,0.247506,1,2
AF042170926,candidate,53,spread,Away,2026-09-17 12:35:13.868000,0.5025,-2.5,1,0.4975,0.247506,1,2
AF042170926,candidate,54,total,Over,2026-09-17 12:35:13.868000,0.5085,30.5,0,0.5085,0.258572,1,2
AF042170926,candidate,55,total,Under,2026-09-17 12:35:13.868000,0.4915,30.5,1,0.5085,0.258572,1,2
AF042180926,prod,50,moneyline,Home,2026-09-18 12:35:10.499000,0.542,,1,0.458,0.209764,1,3
AF042180926,prod,51,moneyline,Away,2026-09-18 12:35:10.499000,0.458,,0,0.458,0.209764,1,3
AF042180926,prod,52,spread,Home,2026-09-18 12:35:10.499000,0.4977,2.5,1,0.5023,0.252305,1,5
AF042180926,prod,53,spread,Away,2026-09-18 12:35:10.499000,0.5023,-2.5,0,0.5023,0.252305,1,5
AF042180926,prod,54,total,Over,2026-09-18 12:35:10.499000,0.5023,34.5,1,0.4977,0.247705,1,5
AF042180926,prod,55,total,Under,2026-09-18 12:35:10.499000,0.4977,34.5,0,0.4977,0.247705,1,5
AF042180926,candidate,50,moneyline,Home,2026-09-18 12:35:10.499000,0.6385,,1,0.3615,0.130682,1,2
AF042180926,candidate,51,moneyline,Away,2026-09-18 12:35:10.499000,0.3615,,0,0.3615,0.130682,1,2
AF042180926,candidate,52,spread,Home,2026-09-18 12:35:10.499000,0.477,3.5,0,0.477,0.227529,1,2
AF042180926,candidate,53,spread,Away,2026-09-18 12:35:10.499000,0.523,-3.5,1,0.477,0.227529,1,2
AF042180926,candidate,54,total,Over,2026-09-18 12:35:10.499000,0.494,35.5,1,0.506,0.256036,1,2
AF042180926,candidate,55,total,Under,2026-09-18 12:35:10.499000,0.506,35.5,0,0.506,0.256036,1,2
AF042220926,prod,50,moneyline,Home,2026-09-22 12:35:14.154000,0.4882,,0,0.4882,0.238339,1,3
AF042220926,prod,51,moneyline,Away,2026-09-22 12:35:14.154000,0.5118,,1,0.4882,0.238339,1,3
AF042220926,prod,52,spread,Home,2026-09-22 12:35:14.154000,0.5086,-1.5,0,0.5086,0.258674,1,3
AF042220926,prod,53,spread,Away,2026-09-22 12:35:14.154000,0.4914,1.5,1,0.5086,0.258674,1,3
AF042220926,prod,54,total,Over,2026-09-22 12:35:14.154000,0.5372,30.5,0,0.5372,0.288584,1,3
AF042220926,prod,55,total,Under,2026-09-22 12:35:14.154000,0.4629,30.5,1,0.5371,0.288476,1,3
AF042220926,candidate,50,moneyline,Home,2026-09-22 12:35:14.154000,0.4115,,0,0.4115,0.169332,1,2
AF042220926,candidate,51,moneyline,Away,2026-09-22 12:35:14.154000,0.5885,,1,0.4115,0.169332,1,2
AF042220926,candidate,52,spread,Home,2026-09-22 12:35:14.154000,0.4825,-2.5,0,0.4825,0.232806,1,2
AF042220926,candidate,53,spread,Away,2026-09-22 12:35:14.154000,0.5175,2.5,1,0.4825,0.232806,1,2
AF042220926,candidate,54,total,Over,2026-09-22 12:35:14.154000,0.4565,31.5,0,0.4565,0.208392,1,2
AF042220926,candidate,55,total,Under,2026-09-22 12:35:14.154000,0.5435,31.5,1,0.4565,0.208392,1,2
AF043170926,prod,50,moneyline,Home,2026-09-17 13:01:15.215000,0.4429,,1,0.5571,0.31036,1,3
AF043170926,prod,51,moneyline,Away,2026-09-17 13:01:15.215000,0.5571,,0,0.5571,0.31036,1,3
AF043170926,prod,52,spread,Home,2026-09-17 13:01:15.215000,0.4905,-2.5,1,0.5095,0.25959,1,3
AF043170926,prod,53,spread,Away,2026-09-17 13:01:15.215000,0.5095,2.5,0,0.5095,0.25959,1,3
AF043170926,prod,54,total,Over,2026-09-17 13:01:15.215000,0.4713,38.5,0,0.4713,0.222124,1,3
AF043170926,prod,55,total,Under,2026-09-17 13:01:15.215000,0.5287,38.5,1,0.4713,0.222124,1,3
AF043170926,candidate,50,moneyline,Home,2026-09-17 13:01:15.215000,0.396,,1,0.604,0.364816,1,2
AF043170926,candidate,51,moneyline,Away,2026-09-17 13:01:15.215000,0.604,,0,0.604,0.364816,1,2
AF043170926,candidate,52,spread,Home,2026-09-17 13:01:15.215000,0.468,-2.5,1,0.532,0.283024,1,2
AF043170926,candidate,53,spread,Away,2026-09-17 13:01:15.215000,0.532,2.5,0,0.532,0.283024,1,2
AF043170926,candidate,54,total,Over,2026-09-17 13:01:15.215000,0.4895,34.5,0,0.4895,0.23961,1,2
AF043170926,candidate,55,total,Under,2026-09-17 13:01:15.215000,0.5105,34.5,1,0.4895,0.23961,1,2
AF043180926,prod,50,moneyline,Home,2026-09-18 13:01:20.383000,0.5254,,1,0.4746,0.225245,1,3
AF043180926,prod,51,moneyline,Away,2026-09-18 13:01:20.383000,0.4747,,0,0.4747,0.22534,1,3
AF043180926,prod,52,spread,Home,2026-09-18 13:01:20.383000,0.5064,1.5,1,0.4936,0.243641,1,3
AF043180926,prod,53,spread,Away,2026-09-18 13:01:20.383000,0.4936,-1.5,0,0.4936,0.243641,1,3
AF043180926,prod,54,total,Over,2026-09-18 13:01:20.383000,0.5057,36.5,1,0.4943,0.244332,1,3
AF043180926,prod,55,total,Under,2026-09-18 13:01:20.383000,0.4943,36.5,0,0.4943,0.244332,1,3
AF043180926,candidate,50,moneyline,Home,2026-09-18 13:01:20.383000,0.54,,1,0.46,0.2116,1,2
AF043180926,candidate,51,moneyline,Away,2026-09-18 13:01:20.383000,0.46,,0,0.46,0.2116,1,2
AF043180926,candidate,52,spread,Home,2026-09-18 13:01:20.383000,0.499,1.5,1,0.501,0.251001,1,2
AF043180926,candidate,53,spread,Away,2026-09-18 13:01:20.383000,0.501,-1.5,0,0.501,0.251001,1,2
AF043180926,candidate,54,total,Over,2026-09-18 13:01:20.383000,0.497,34.5,1,0.503,0.253009,1,2
AF043180926,candidate,55,total,Under,2026-09-18 13:01:20.383000,0.503,34.5,0,0.503,0.253009,1,2
AF043190926,prod,50,moneyline,Home,2026-09-19 11:13:18.864000,0.4071,,0,0.4071,0.16573,1,3
AF043190926,prod,51,moneyline,Away,2026-09-19 11:13:18.864000,0.593,,1,0.407,0.165649,1,3
AF043190926,prod,52,spread,Home,2026-09-19 11:13:18.864000,0.4574,-2.5,0,0.4574,0.209215,1,3
AF043190926,prod,53,spread,Away,2026-09-19 11:13:18.864000,0.5426,2.5,1,0.4574,0.209215,1,3
AF043190926,prod,54,total,Over,2026-09-19 11:13:18.864000,0.4878,35.5,0,0.4878,0.237949,1,3
AF043190926,prod,55,total,Under,2026-09-19 11:13:18.864000,0.5122,35.5,1,0.4878,0.237949,1,3
AF043190926,candidate,50,moneyline,Home,2026-09-19 11:13:18.864000,0.481,,0,0.481,0.231361,1,2
AF043190926,candidate,51,moneyline,Away,2026-09-19 11:13:18.864000,0.519,,1,0.481,0.231361,1,2
AF043190926,candidate,52,spread,Home,2026-09-19 11:13:18.864000,0.481,-0.5,0,0.481,0.231361,1,2
AF043190926,candidate,53,spread,Away,2026-09-19 11:13:18.864000,0.519,0.5,1,0.481,0.231361,1,2
AF043190926,candidate,54,total,Over,2026-09-19 11:13:18.864000,0.4945,36.5,0,0.4945,0.24453,1,2
AF043190926,candidate,55,total,Under,2026-09-19 11:13:18.864000,0.5055,36.5,1,0.4945,0.24453,1,2
AF043200926,prod,50,moneyline,Home,2026-09-20 11:13:14.534000,0.4819,,1,0.5181,0.268428,1,3
AF043200926,prod,51,moneyline,Away,2026-09-20 11:13:14.534000,0.5181,,0,0.5181,0.268428,1,3
AF043200926,prod,52,spread,Home,2026-09-20 11:13:14.534000,0.5025,-1.5,1,0.4975,0.247506,1,3
AF043200926,prod,53,spread,Away,2026-09-20 11:13:14.534000,0.4975,1.5,0,0.4975,0.247506,1,3
AF043200926,prod,54,total,Over,2026-09-20 11:13:14.534000,0.5236,34.5,0,0.5236,0.274157,1,3
AF043200926,prod,55,total,Under,2026-09-20 11:13:14.534000,0.4764,34.5,1,0.5236,0.274157,1,3
AF043200926,candidate,50,moneyline,Home,2026-09-20 11:13:14.534000,0.4155,,1,0.5845,0.34164,1,2
AF043200926,candidate,51,moneyline,Away,2026-09-20 11:13:14.534000,0.5845,,0,0.5845,0.34164,1,2
AF043200926,candidate,52,spread,Home,2026-09-20 11:13:14.534000,0.4915,-2.5,1,0.5085,0.258572,1,2
AF043200926,candidate,53,spread,Away,2026-09-20 11:13:14.534000,0.5085,2.5,0,0.5085,0.258572,1,2
AF043200926,candidate,54,total,Over,2026-09-20 11:13:14.534000,0.4905,38.5,0,0.4905,0.24059,1,2
AF043200926,candidate,55,total,Under,2026-09-20 11:13:14.534000,0.5095,38.5,1,0.4905,0.24059,1,2
AF044170926,prod,50,moneyline,Home,2026-09-17 13:21:41.396000,0.5681,,0,0.5681,0.322738,1,3
AF044170926,prod,51,moneyline,Away,2026-09-17 13:21:41.396000,0.4319,,1,0.5681,0.322738,1,3
AF044170926,prod,52,spread,Home,2026-09-17 13:21:41.396000,0.5226,2.5,0,0.5226,0.273111,1,3
AF044170926,prod,53,spread,Away,2026-09-17 13:21:41.396000,0.4774,-2.5,1,0.5226,0.273111,1,3
AF044170926,prod,54,total,Over,2026-09-17 13:21:41.396000,0.5245,34.5,0,0.5245,0.2751,1,3
AF044170926,prod,55,total,Under,2026-09-17 13:21:41.396000,0.4755,34.5,1,0.5245,0.2751,1,3
AF044170926,candidate,50,moneyline,Home,2026-09-17 13:21:41.396000,0.55,,0,0.55,0.3025,1,2
AF044170926,candidate,51,moneyline,Away,2026-09-17 13:21:41.396000,0.45,,1,0.55,0.3025,1,2
AF044170926,candidate,52,spread,Home,2026-09-17 13:21:41.396000,0.4935,2.5,0,0.4935,0.243542,1,2
AF044170926,candidate,53,spread,Away,2026-09-17 13:21:41.396000,0.5065,-2.5,1,0.4935,0.243542,1,2
AF044170926,candidate,54,total,Over,2026-09-17 13:21:41.396000,0.4965,31.5,0,0.4965,0.246512,1,2
AF044170926,candidate,55,total,Under,2026-09-17 13:21:41.396000,0.5035,31.5,1,0.4965,0.246512,1,2
AF044180926,prod,50,moneyline,Home,2026-09-18 13:11:13.802000,0.4739,,0,0.4739,0.224581,1,3
AF044180926,prod,51,moneyline,Away,2026-09-18 13:11:13.802000,0.5262,,1,0.4738,0.224486,1,3
AF044180926,prod,52,spread,Home,2026-09-18 13:11:13.802000,0.4968,-1.5,0,0.4968,0.24681,1,3
AF044180926,prod,53,spread,Away,2026-09-18 13:11:13.802000,0.5032,1.5,1,0.4968,0.24681,1,3
AF044180926,prod,54,total,Over,2026-09-18 13:11:13.802000,0.4782,31.5,1,0.5218,0.272275,1,3
AF044180926,prod,55,total,Under,2026-09-18 13:11:13.802000,0.5218,31.5,0,0.5218,0.272275,1,3
AF044180926,candidate,50,moneyline,Home,2026-09-18 13:11:13.802000,0.343,,0,0.343,0.117649,1,2
AF044180926,candidate,51,moneyline,Away,2026-09-18 13:11:13.802000,0.657,,1,0.343,0.117649,1,2
AF044180926,candidate,52,spread,Home,2026-09-18 13:11:13.802000,0.527,-3.5,0,0.527,0.277729,1,2
AF044180926,candidate,53,spread,Away,2026-09-18 13:11:13.802000,0.473,3.5,1,0.527,0.277729,1,2
AF044180926,candidate,54,total,Over,2026-09-18 13:11:13.802000,0.4915,31.5,1,0.5085,0.258572,1,2
AF044180926,candidate,55,total,Under,2026-09-18 13:11:13.802000,0.5085,31.5,0,0.5085,0.258572,1,2
AF044200926,prod,50,moneyline,Home,2026-09-20 11:23:19.295000,0.4607,,1,0.5393,0.290844,1,3
AF044200926,prod,51,moneyline,Away,2026-09-20 11:23:19.295000,0.5393,,0,0.5393,0.290844,1,3
AF044200926,prod,52,spread,Home,2026-09-20 11:23:19.295000,0.5045,-2.5,1,0.4955,0.24552,1,3
AF044200926,prod,53,spread,Away,2026-09-20 11:23:19.295000,0.4955,2.5,0,0.4955,0.24552,1,3
AF044200926,candidate,50,moneyline,Home,2026-09-20 11:23:19.295000,0.6308,,1,0.3692,0.136309,1,2
AF044200926,candidate,51,moneyline,Away,2026-09-20 11:23:19.295000,0.3692,,0,0.3692,0.136309,1,2
AF044200926,candidate,52,spread,Home,2026-09-20 11:23:19.295000,0.4565,3.5,0,0.4565,0.208392,1,2
AF044200926,candidate,53,spread,Away,2026-09-20 11:23:19.295000,0.5435,-3.5,1,0.4565,0.208392,1,2
AF044200926,candidate,54,total,Over,2026-09-20 11:23:19.295000,0.4935,27.5,1,0.5065,0.256542,1,2
AF044200926,candidate,55,total,Under,2026-09-20 11:23:19.295000,0.5065,27.5,0,0.5065,0.256542,1,2
AF044220926,prod,50,moneyline,Home,2026-09-22 13:11:33.607000,0.5171,,1,0.4829,0.233192,1,3
AF044220926,prod,51,moneyline,Away,2026-09-22 13:11:33.607000,0.4829,,0,0.4829,0.233192,1,3
AF044220926,prod,52,spread,Home,2026-09-22 13:11:33.607000,0.4963,1.5,0,0.4963,0.246314,1,3
AF044220926,prod,53,spread,Away,2026-09-22 13:11:33.607000,0.5037,-1.5,1,0.4963,0.246314,1,3
AF044220926,prod,54,total,Over,2026-09-22 13:11:33.607000,0.5413,30.5,1,0.4587,0.210406,1,3
AF044220926,prod,55,total,Under,2026-09-22 13:11:33.607000,0.4587,30.5,0,0.4587,0.210406,1,3
AF044220926,candidate,50,moneyline,Home,2026-09-22 13:11:33.607000,0.415,,1,0.585,0.342225,1,2
AF044220926,candidate,51,moneyline,Away,2026-09-22 13:11:33.607000,0.585,,0,0.585,0.342225,1,2
AF044220926,candidate,52,spread,Home,2026-09-22 13:11:33.607000,0.485,-2.5,1,0.515,0.265225,1,2
AF044220926,candidate,53,spread,Away,2026-09-22 13:11:33.607000,0.515,2.5,0,0.515,0.265225,1,2
AF044220926,candidate,54,total,Over,2026-09-22 13:11:33.607000,0.534,30.5,1,0.466,0.217156,1,2
AF044220926,candidate,55,total,Under,2026-09-22 13:11:33.607000,0.466,30.5,0,0.466,0.217156,1,2
AF045170926,prod,50,moneyline,Home,2026-09-17 13:37:01.712000,0.6392,,1,0.3608,0.130177,1,3
AF045170926,prod,51,moneyline,Away,2026-09-17 13:37:01.712000,0.3609,,0,0.3609,0.130249,1,3
AF045170926,prod,52,spread,Home,2026-09-17 13:37:01.712000,0.4767,3.5,0,0.4767,0.227243,1,3
AF045170926,prod,53,spread,Away,2026-09-17 13:37:01.712000,0.5233,-3.5,1,0.4767,0.227243,1,3
AF045170926,prod,54,total,Over,2026-09-17 13:37:01.712000,0.5223,34.5,1,0.4777,0.228197,1,3
AF045170926,prod,55,total,Under,2026-09-17 13:37:01.712000,0.4777,34.5,0,0.4777,0.228197,1,3
AF045170926,candidate,50,moneyline,Home,2026-09-17 13:37:01.712000,0.6325,,1,0.3675,0.135056,1,2
AF045170926,candidate,51,moneyline,Away,2026-09-17 13:37:01.712000,0.3675,,0,0.3675,0.135056,1,2
AF045170926,candidate,52,spread,Home,2026-09-17 13:37:01.712000,0.444,3.5,0,0.444,0.197136,1,2
AF045170926,candidate,53,spread,Away,2026-09-17 13:37:01.712000,0.556,-3.5,1,0.444,0.197136,1,2
AF045170926,candidate,54,total,Over,2026-09-17 13:37:01.712000,0.5145,36.5,1,0.4855,0.23571,1,2
AF045170926,candidate,55,total,Under,2026-09-17 13:37:01.712000,0.4855,36.5,0,0.4855,0.23571,1,2
AF045180926,prod,50,moneyline,Home,2026-09-18 13:37:25.137000,0.603,,0,0.603,0.363609,1,3
AF045180926,prod,51,moneyline,Away,2026-09-18 13:37:25.137000,0.3971,,1,0.6029,0.363488,1,3
AF045180926,prod,52,spread,Home,2026-09-18 13:37:25.137000,0.4541,3.5,0,0.4541,0.206207,1,3
AF045180926,prod,53,spread,Away,2026-09-18 13:37:25.137000,0.5459,-3.5,1,0.4541,0.206207,1,3
AF045180926,prod,54,total,Over,2026-09-18 13:37:25.137000,0.5157,37.5,0,0.5157,0.265946,1,3
AF045180926,prod,55,total,Under,2026-09-18 13:37:25.137000,0.4843,37.5,1,0.5157,0.265946,1,3
AF045180926,candidate,50,moneyline,Home,2026-09-18 13:37:25.137000,0.468,,0,0.468,0.219024,1,2
AF045180926,candidate,51,moneyline,Away,2026-09-18 13:37:25.137000,0.532,,1,0.468,0.219024,1,2
AF045180926,candidate,52,spread,Home,2026-09-18 13:37:25.137000,0.513,-1.5,0,0.513,0.263169,1,2
AF045180926,candidate,53,spread,Away,2026-09-18 13:37:25.137000,0.487,1.5,1,0.513,0.263169,1,2
AF045180926,candidate,54,total,Over,2026-09-18 13:37:25.137000,0.504,35.5,0,0.504,0.254016,1,2
AF045180926,candidate,55,total,Under,2026-09-18 13:37:25.137000,0.496,35.5,1,0.504,0.254016,1,2
AF045190926,prod,50,moneyline,Home,2026-09-19 11:49:25.591000,0.4037,,0,0.4037,0.162974,1,3
AF045190926,prod,51,moneyline,Away,2026-09-19 11:49:25.591000,0.5963,,1,0.4037,0.162974,1,3
AF045190926,prod,52,spread,Home,2026-09-19 11:49:25.591000,0.4499,-2.5,1,0.5501,0.30261,1,5
AF045190926,prod,53,spread,Away,2026-09-19 11:49:25.591000,0.5501,2.5,0,0.5501,0.30261,1,5
AF045190926,prod,54,total,Over,2026-09-19 11:49:25.591000,0.4974,36.5,1,0.5026,0.252607,1,3
AF045190926,prod,55,total,Under,2026-09-19 11:49:25.591000,0.5026,36.5,0,0.5026,0.252607,1,3
AF045190926,candidate,50,moneyline,Home,2026-09-19 11:49:25.591000,0.338,,0,0.338,0.114244,1,2
AF045190926,candidate,51,moneyline,Away,2026-09-19 11:49:25.591000,0.662,,1,0.338,0.114244,1,2
AF045190926,candidate,52,spread,Home,2026-09-19 11:49:25.591000,0.5295,-3.5,1,0.4705,0.22137,1,2
AF045190926,candidate,53,spread,Away,2026-09-19 11:49:25.591000,0.4705,3.5,0,0.4705,0.22137,1,2
AF045190926,candidate,54,total,Over,2026-09-19 11:49:25.591000,0.5045,33.5,1,0.4955,0.24552,1,2
AF045190926,candidate,55,total,Under,2026-09-19 11:49:25.591000,0.4955,33.5,0,0.4955,0.24552,1,2
AF045210926,prod,50,moneyline,Home,2026-09-21 13:37:30.492000,0.6157,,0,0.6157,0.379086,1,3
AF045210926,prod,51,moneyline,Away,2026-09-21 13:37:30.492000,0.3844,,1,0.6156,0.378963,1,3
AF045210926,prod,52,spread,Home,2026-09-21 13:37:30.492000,0.4758,3.5,0,0.4758,0.226386,1,3
AF045210926,prod,53,spread,Away,2026-09-21 13:37:30.492000,0.5242,-3.5,1,0.4758,0.226386,1,3
AF045210926,prod,54,total,Over,2026-09-21 13:37:30.492000,0.5096,37.5,0,0.5096,0.259692,1,3
AF045210926,prod,55,total,Under,2026-09-21 13:37:30.492000,0.4904,37.5,1,0.5096,0.259692,1,3
AF045210926,candidate,50,moneyline,Home,2026-09-21 13:37:30.492000,0.7765,,0,0.7765,0.602952,1,2
AF045210926,candidate,51,moneyline,Away,2026-09-21 13:37:30.492000,0.2235,,1,0.7765,0.602952,1,2
AF045210926,candidate,52,spread,Home,2026-09-21 13:37:30.492000,0.5005,6.5,0,0.5005,0.2505,1,2
AF045210926,candidate,53,spread,Away,2026-09-21 13:37:30.492000,0.4995,-6.5,1,0.5005,0.2505,1,2
AF045210926,candidate,54,total,Over,2026-09-21 13:37:30.492000,0.514,36.5,0,0.514,0.264196,1,2
AF045210926,candidate,55,total,Under,2026-09-21 13:37:30.492000,0.486,36.5,1,0.514,0.264196,1,2
AF045220926,prod,50,moneyline,Home,2026-09-22 13:37:16.267000,0.4427,,0,0.4427,0.195983,1,3
AF045220926,prod,51,moneyline,Away,2026-09-22 13:37:16.267000,0.5573,,1,0.4427,0.195983,1,3
AF045220926,prod,52,spread,Home,2026-09-22 13:37:16.267000,0.4936,-2.5,0,0.4936,0.243641,1,3
AF045220926,prod,53,spread,Away,2026-09-22 13:37:16.267000,0.5064,2.5,1,0.4936,0.243641,1,3
AF045220926,prod,54,total,Over,2026-09-22 13:37:16.267000,0.516,37.5,0,0.516,0.266256,1,3
AF045220926,prod,55,total,Under,2026-09-22 13:37:16.267000,0.484,37.5,1,0.516,0.266256,1,3
AF045220926,candidate,50,moneyline,Home,2026-09-22 13:37:16.267000,0.4115,,0,0.4115,0.169332,1,2
AF045220926,candidate,51,moneyline,Away,2026-09-22 13:37:16.267000,0.5885,,1,0.4115,0.169332,1,2
AF045220926,candidate,52,spread,Home,2026-09-22 13:37:16.267000,0.484,-2.5,0,0.484,0.234256,1,2
AF045220926,candidate,53,spread,Away,2026-09-22 13:37:16.267000,0.516,2.5,1,0.484,0.234256,1,2
AF045220926,candidate,54,total,Over,2026-09-22 13:37:16.267000,0.492,37.5,0,0.492,0.242064,1,2
AF045220926,candidate,55,total,Under,2026-09-22 13:37:16.267000,0.508,37.5,1,0.492,0.242064,1,2
AF046170926,prod,50,moneyline,Home,2026-09-17 13:51:04.507000,0.4372,,1,0.5628,0.316744,1,3
AF046170926,prod,51,moneyline,Away,2026-09-17 13:51:04.507000,0.5628,,0,0.5628,0.316744,1,3
AF046170926,prod,52,spread,Home,2026-09-17 13:51:04.507000,0.4776,-2.5,1,0.5224,0.272902,1,3
AF046170926,prod,53,spread,Away,2026-09-17 13:51:04.507000,0.5224,2.5,0,0.5224,0.272902,1,3
AF046170926,prod,54,total,Over,2026-09-17 13:51:04.507000,0.5337,30.5,1,0.4663,0.217436,1,3
AF046170926,prod,55,total,Under,2026-09-17 13:51:04.507000,0.4663,30.5,0,0.4663,0.217436,1,3
AF046170926,candidate,50,moneyline,Home,2026-09-17 13:51:04.507000,0.536,,1,0.464,0.215296,1,2
AF046170926,candidate,51,moneyline,Away,2026-09-17 13:51:04.507000,0.464,,0,0.464,0.215296,1,2
AF046170926,candidate,52,spread,Home,2026-09-17 13:51:04.507000,0.509,1.5,1,0.491,0.241081,1,2
AF046170926,candidate,53,spread,Away,2026-09-17 13:51:04.507000,0.491,-1.5,0,0.491,0.241081,1,2
AF046170926,candidate,54,total,Over,2026-09-17 13:51:04.507000,0.5005,28.5,1,0.4995,0.2495,1,2
AF046170926,candidate,55,total,Under,2026-09-17 13:51:04.507000,0.4995,28.5,0,0.4995,0.2495,1,2
AF046200926,prod,50,moneyline,Home,2026-09-20 11:59:21.451000,0.5031,,1,0.4969,0.24691,1,3
AF046200926,prod,51,moneyline,Away,2026-09-20 11:59:21.451000,0.4969,,0,0.4969,0.24691,1,3
AF046200926,prod,52,spread,Home,2026-09-20 11:59:21.451000,0.4855,1.5,1,0.5145,0.26471,1,3
AF046200926,prod,53,spread,Away,2026-09-20 11:59:21.451000,0.5145,-1.5,0,0.5145,0.26471,1,3
AF046200926,prod,55,total,Under,2026-09-20 11:59:21.451000,0.4973,32.5,0,0.4973,0.247307,1,5
AF046200926,candidate,50,moneyline,Home,2026-09-20 11:59:21.451000,0.558,,1,0.442,0.195364,1,2
AF046200926,candidate,51,moneyline,Away,2026-09-20 11:59:21.451000,0.442,,0,0.442,0.195364,1,2
AF046200926,candidate,52,spread,Home,2026-09-20 11:59:21.451000,0.4945,2.5,1,0.5055,0.25553,1,2
AF046200926,candidate,53,spread,Away,2026-09-20 11:59:21.451000,0.5055,-2.5,0,0.5055,0.25553,1,2
AF046200926,candidate,54,total,Over,2026-09-20 11:59:21.451000,0.501,31.5,1,0.499,0.249001,1,2
AF046200926,candidate,55,total,Under,2026-09-20 11:59:21.451000,0.499,31.5,0,0.499,0.249001,1,2
AF046210926,prod,50,moneyline,Home,2026-09-21 13:47:28.666000,0.4913,,1,0.5087,0.258776,1,3
AF046210926,prod,51,moneyline,Away,2026-09-21 13:47:28.666000,0.5087,,0,0.5087,0.258776,1,3
AF046210926,prod,52,spread,Home,2026-09-21 13:47:28.666000,0.5118,-1.5,1,0.4882,0.238339,1,3
AF046210926,prod,53,spread,Away,2026-09-21 13:47:28.666000,0.4882,1.5,0,0.4882,0.238339,1,3
AF046210926,prod,54,total,Over,2026-09-21 13:47:28.666000,0.4939,32.5,0,0.4939,0.243937,1,3
AF046210926,prod,55,total,Under,2026-09-21 13:47:28.666000,0.5061,32.5,1,0.4939,0.243937,1,3
AF046210926,candidate,50,moneyline,Home,2026-09-21 13:47:28.666000,0.5235,,1,0.4765,0.227052,1,2
AF046210926,candidate,51,moneyline,Away,2026-09-21 13:47:28.666000,0.4765,,0,0.4765,0.227052,1,2
AF046210926,candidate,52,spread,Home,2026-09-21 13:47:28.666000,0.4885,1.5,1,0.5115,0.261632,1,2
AF046210926,candidate,53,spread,Away,2026-09-21 13:47:28.666000,0.5115,-1.5,0,0.5115,0.261632,1,2
AF046210926,candidate,54,total,Over,2026-09-21 13:47:28.666000,0.4915,27.5,0,0.4915,0.241572,1,2
AF046210926,candidate,55,total,Under,2026-09-21 13:47:28.666000,0.5085,27.5,1,0.4915,0.241572,1,2
AF046220926,prod,50,moneyline,Home,2026-09-22 13:47:13.555000,0.49,,0,0.49,0.2401,1,3
AF046220926,prod,51,moneyline,Away,2026-09-22 13:47:13.555000,0.51,,1,0.49,0.2401,1,3
AF046220926,prod,52,spread,Home,2026-09-22 13:47:13.555000,0.5095,-1.5,0,0.5095,0.25959,1,3
AF046220926,prod,53,spread,Away,2026-09-22 13:47:13.555000,0.4905,1.5,1,0.5095,0.25959,1,3
AF046220926,prod,54,total,Over,2026-09-22 13:47:13.555000,0.5419,30.5,1,0.4581,0.209856,1,3
AF046220926,prod,55,total,Under,2026-09-22 13:47:13.555000,0.4581,30.5,0,0.4581,0.209856,1,3
AF046220926,candidate,50,moneyline,Home,2026-09-22 13:47:13.555000,0.4185,,0,0.4185,0.175142,1,2
AF046220926,candidate,51,moneyline,Away,2026-09-22 13:47:13.555000,0.5815,,1,0.4185,0.175142,1,2
AF046220926,candidate,52,spread,Home,2026-09-22 13:47:13.555000,0.477,-2.5,0,0.477,0.227529,1,2
AF046220926,candidate,53,spread,Away,2026-09-22 13:47:13.555000,0.523,2.5,1,0.477,0.227529,1,2
AF046220926,candidate,54,total,Over,2026-09-22 13:47:13.555000,0.4765,31.5,1,0.5235,0.274052,1,2
AF046220926,candidate,55,total,Under,2026-09-22 13:47:13.555000,0.5235,31.5,0,0.5235,0.274052,1,2
AF047180926,prod,50,moneyline,Home,2026-09-18 14:13:15.451000,0.5755,,1,0.4245,0.1802,1,3
AF047180926,prod,51,moneyline,Away,2026-09-18 14:13:15.451000,0.4246,,0,0.4246,0.180285,1,3
AF047180926,prod,52,spread,Home,2026-09-18 14:13:15.451000,0.526,2.5,1,0.474,0.224676,1,3
AF047180926,prod,53,spread,Away,2026-09-18 14:13:15.451000,0.474,-2.5,0,0.474,0.224676,1,3
AF047180926,prod,54,total,Over,2026-09-18 14:13:15.451000,0.5046,36.5,1,0.4954,0.245421,1,3
AF047180926,prod,55,total,Under,2026-09-18 14:13:15.451000,0.4954,36.5,0,0.4954,0.245421,1,3
AF047180926,candidate,50,moneyline,Home,2026-09-18 14:13:15.451000,0.4995,,1,0.5005,0.2505,1,2
AF047180926,candidate,51,moneyline,Away,2026-09-18 14:13:15.451000,0.5005,,0,0.5005,0.2505,1,2
AF047180926,candidate,52,spread,Home,2026-09-18 14:13:15.451000,0.4995,-0.5,1,0.5005,0.2505,1,2
AF047180926,candidate,53,spread,Away,2026-09-18 14:13:15.451000,0.5005,0.5,0,0.5005,0.2505,1,2
AF047180926,candidate,54,total,Over,2026-09-18 14:13:15.451000,0.4875,31.5,1,0.5125,0.262656,1,2
AF047180926,candidate,55,total,Under,2026-09-18 14:13:15.451000,0.5125,31.5,0,0.5125,0.262656,1,2
AF047190926,prod,50,moneyline,Home,2026-09-19 12:25:39.585000,0.4842,,0,0.4842,0.23445,1,3
AF047190926,prod,51,moneyline,Away,2026-09-19 12:25:39.585000,0.5158,,1,0.4842,0.23445,1,3
AF047190926,prod,52,spread,Home,2026-09-19 12:25:39.585000,0.5036,-1.5,0,0.5036,0.253613,1,3
AF047190926,prod,53,spread,Away,2026-09-19 12:25:39.585000,0.4964,1.5,1,0.5036,0.253613,1,3
AF047190926,prod,54,total,Over,2026-09-19 12:25:39.585000,0.5227,34.5,1,0.4773,0.227815,1,3
AF047190926,prod,55,total,Under,2026-09-19 12:25:39.585000,0.4773,34.5,0,0.4773,0.227815,1,3
AF047190926,candidate,50,moneyline,Home,2026-09-19 12:25:39.585000,0.624,,0,0.624,0.389376,1,2
AF047190926,candidate,51,moneyline,Away,2026-09-19 12:25:39.585000,0.376,,1,0.624,0.389376,1,2
AF047190926,candidate,52,spread,Home,2026-09-19 12:25:39.585000,0.4515,3.5,0,0.4515,0.203852,1,2
AF047190926,candidate,53,spread,Away,2026-09-19 12:25:39.585000,0.5485,-3.5,1,0.4515,0.203852,1,2
AF047190926,candidate,54,total,Over,2026-09-19 12:25:39.585000,0.5,36.5,1,0.5,0.25,1,2
AF047190926,candidate,55,total,Under,2026-09-19 12:25:39.585000,0.5,36.5,0,0.5,0.25,1,2
AF047200926,prod,50,moneyline,Home,2026-09-20 12:25:10.628000,0.467,,0,0.467,0.218089,1,3
AF047200926,prod,51,moneyline,Away,2026-09-20 12:25:10.628000,0.533,,1,0.467,0.218089,1,3
AF047200926,prod,52,spread,Home,2026-09-20 12:25:10.628000,0.5124,-2.5,0,0.5124,0.262554,1,5
AF047200926,prod,53,spread,Away,2026-09-20 12:25:10.628000,0.4876,2.5,1,0.5124,0.262554,1,5
AF047200926,prod,54,total,Over,2026-09-20 12:25:10.628000,0.5165,34.5,0,0.5165,0.266772,1,3
AF047200926,prod,55,total,Under,2026-09-20 12:25:10.628000,0.4835,34.5,1,0.5165,0.266772,1,3
AF047200926,candidate,50,moneyline,Home,2026-09-20 12:25:10.628000,0.561,,0,0.561,0.314721,1,2
AF047200926,candidate,51,moneyline,Away,2026-09-20 12:25:10.628000,0.439,,1,0.561,0.314721,1,2
AF047200926,candidate,52,spread,Home,2026-09-20 12:25:10.628000,0.4885,2.5,0,0.4885,0.238632,1,2
AF047200926,candidate,53,spread,Away,2026-09-20 12:25:10.628000,0.5115,-2.5,1,0.4885,0.238632,1,2
AF047200926,candidate,54,total,Over,2026-09-20 12:25:10.628000,0.483,37.5,0,0.483,0.233289,1,2
AF047200926,candidate,55,total,Under,2026-09-20 12:25:10.628000,0.517,37.5,1,0.483,0.233289,1,2
AF047210926,prod,50,moneyline,Home,2026-09-21 14:13:17.341000,0.5178,,0,0.5178,0.268117,1,3
AF047210926,prod,51,moneyline,Away,2026-09-21 14:13:17.341000,0.4822,,1,0.5178,0.268117,1,3
AF047210926,prod,52,spread,Home,2026-09-21 14:13:17.341000,0.494,1.5,0,0.494,0.244036,1,3
AF047210926,prod,53,spread,Away,2026-09-21 14:13:17.341000,0.506,-1.5,1,0.494,0.244036,1,3
AF047210926,prod,54,total,Over,2026-09-21 14:13:17.341000,0.4823,37.5,1,0.5177,0.268013,1,5
AF047210926,prod,55,total,Under,2026-09-21 14:13:17.341000,0.5177,37.5,0,0.5177,0.268013,1,5
AF047210926,candidate,50,moneyline,Home,2026-09-21 14:13:17.341000,0.45,,0,0.45,0.2025,1,2
AF047210926,candidate,51,moneyline,Away,2026-09-21 14:13:17.341000,0.55,,1,0.45,0.2025,1,2
AF047210926,candidate,52,spread,Home,2026-09-21 14:13:17.341000,0.4855,-1.5,0,0.4855,0.23571,1,2
AF047210926,candidate,53,spread,Away,2026-09-21 14:13:17.341000,0.5145,1.5,1,0.4855,0.23571,1,2
AF047210926,candidate,54,total,Over,2026-09-21 14:13:17.341000,0.496,36.5,1,0.504,0.254016,1,2
AF047210926,candidate,55,total,Under,2026-09-21 14:13:17.341000,0.504,36.5,0,0.504,0.254016,1,2
AF048170926,prod,50,moneyline,Home,2026-09-17 14:23:13.532000,0.4348,,0,0.4348,0.189051,1,3
AF048170926,prod,51,moneyline,Away,2026-09-17 14:23:13.532000,0.5652,,1,0.4348,0.189051,1,3
AF048170926,prod,52,spread,Home,2026-09-17 14:23:13.532000,0.4777,-2.5,0,0.4777,0.228197,1,3
AF048170926,prod,53,spread,Away,2026-09-17 14:23:13.532000,0.5223,2.5,1,0.4777,0.228197,1,3
AF048170926,prod,54,total,Over,2026-09-17 14:23:13.532000,0.5235,34.5,0,0.5235,0.274052,1,3
AF048170926,prod,55,total,Under,2026-09-17 14:23:13.532000,0.4765,34.5,1,0.5235,0.274052,1,3
AF048170926,candidate,50,moneyline,Home,2026-09-17 14:23:13.532000,0.4585,,0,0.4585,0.210222,1,2
AF048170926,candidate,51,moneyline,Away,2026-09-17 14:23:13.532000,0.5415,,1,0.4585,0.210222,1,2
AF048170926,candidate,52,spread,Home,2026-09-17 14:23:13.532000,0.494,-1.5,0,0.494,0.244036,1,2
AF048170926,candidate,53,spread,Away,2026-09-17 14:23:13.532000,0.506,1.5,1,0.494,0.244036,1,2
AF048170926,candidate,54,total,Over,2026-09-17 14:23:13.532000,0.4765,31.5,0,0.4765,0.227052,1,2
AF048170926,candidate,55,total,Under,2026-09-17 14:23:13.532000,0.5235,31.5,1,0.4765,0.227052,1,2
AF048180926,prod,50,moneyline,Home,2026-09-18 14:23:09.291000,0.5272,,1,0.4728,0.22354,1,3
AF048180926,prod,51,moneyline,Away,2026-09-18 14:23:09.291000,0.4729,,0,0.4729,0.223634,1,3
AF048180926,prod,52,spread,Home,2026-09-18 14:23:09.291000,0.5049,1.5,1,0.4951,0.245124,1,3
AF048180926,prod,53,spread,Away,2026-09-18 14:23:09.291000,0.4951,-1.5,0,0.4951,0.245124,1,3
AF048180926,prod,54,total,Over,2026-09-18 14:23:09.291000,0.4844,31.5,1,0.5156,0.265843,1,3
AF048180926,prod,55,total,Under,2026-09-18 14:23:09.291000,0.5156,31.5,0,0.5156,0.265843,1,3
AF048180926,candidate,50,moneyline,Home,2026-09-18 14:23:09.291000,0.672,,1,0.328,0.107584,1,2
AF048180926,candidate,51,moneyline,Away,2026-09-18 14:23:09.291000,0.328,,0,0.328,0.107584,1,2
AF048180926,candidate,52,spread,Home,2026-09-18 14:23:09.291000,0.493,3.5,1,0.507,0.257049,1,2
AF048180926,candidate,53,spread,Away,2026-09-18 14:23:09.291000,0.507,-3.5,0,0.507,0.257049,1,2
AF048180926,candidate,54,total,Over,2026-09-18 14:23:09.291000,0.476,31.5,1,0.524,0.274576,1,2
AF048180926,candidate,55,total,Under,2026-09-18 14:23:09.291000,0.524,31.5,0,0.524,0.274576,1,2
AF048190926,prod,50,moneyline,Home,2026-09-19 12:35:11.668000,0.4069,,0,0.4069,0.165568,1,3
AF048190926,prod,51,moneyline,Away,2026-09-19 12:35:11.668000,0.5931,,1,0.4069,0.165568,1,3
AF048190926,prod,52,spread,Home,2026-09-19 12:35:11.668000,0.5456,-3.5,0,0.5456,0.297679,1,3
AF048190926,prod,53,spread,Away,2026-09-19 12:35:11.668000,0.4544,3.5,1,0.5456,0.297679,1,3
AF048190926,prod,54,total,Over,2026-09-19 12:35:11.668000,0.485,35.5,1,0.515,0.265225,1,3
AF048190926,prod,55,total,Under,2026-09-19 12:35:11.668000,0.515,35.5,0,0.515,0.265225,1,3
AF048190926,candidate,50,moneyline,Home,2026-09-19 12:35:11.668000,0.3845,,0,0.3845,0.14784,1,2
AF048190926,candidate,51,moneyline,Away,2026-09-19 12:35:11.668000,0.6155,,1,0.3845,0.14784,1,2
AF048190926,candidate,52,spread,Home,2026-09-19 12:35:11.668000,0.4515,-2.5,0,0.4515,0.203852,1,2
AF048190926,candidate,53,spread,Away,2026-09-19 12:35:11.668000,0.5485,2.5,1,0.4515,0.203852,1,2
AF048190926,candidate,54,total,Over,2026-09-19 12:35:11.668000,0.4765,38.5,1,0.5235,0.274052,1,2
AF048190926,candidate,55,total,Under,2026-09-19 12:35:11.668000,0.5235,38.5,0,0.5235,0.274052,1,2
AF048200926,prod,50,moneyline,Home,2026-09-20 12:35:19.238000,0.4521,,0,0.4521,0.204394,1,3
AF048200926,prod,51,moneyline,Away,2026-09-20 12:35:19.238000,0.5479,,1,0.4521,0.204394,1,3
AF048200926,prod,52,spread,Home,2026-09-20 12:35:19.238000,0.4979,-2.5,0,0.4979,0.247904,1,3
AF048200926,prod,53,spread,Away,2026-09-20 12:35:19.238000,0.5021,2.5,1,0.4979,0.247904,1,3
AF048200926,prod,54,total,Over,2026-09-20 12:35:19.238000,0.4571,31.5,0,0.4571,0.20894,1,3
AF048200926,prod,55,total,Under,2026-09-20 12:35:19.238000,0.5429,31.5,1,0.4571,0.20894,1,3
AF048200926,candidate,50,moneyline,Home,2026-09-20 12:35:19.238000,0.5275,,0,0.5275,0.278256,1,2
AF048200926,candidate,51,moneyline,Away,2026-09-20 12:35:19.238000,0.4725,,1,0.5275,0.278256,1,2
AF048200926,candidate,52,spread,Home,2026-09-20 12:35:19.238000,0.495,1.5,0,0.495,0.245025,1,2
AF048200926,candidate,53,spread,Away,2026-09-20 12:35:19.238000,0.505,-1.5,1,0.495,0.245025,1,2
AF048200926,candidate,54,total,Over,2026-09-20 12:35:19.238000,0.5095,28.5,0,0.5095,0.25959,1,2
AF048200926,candidate,55,total,Under,2026-09-20 12:35:19.238000,0.4905,28.5,1,0.5095,0.25959,1,2
AF048220926,prod,50,moneyline,Home,2026-09-22 14:23:38.965000,0.4738,,1,0.5262,0.276886,1,3
AF048220926,prod,51,moneyline,Away,2026-09-22 14:23:38.965000,0.5262,,0,0.5262,0.276886,1,3
AF048220926,prod,52,spread,Home,2026-09-22 14:23:38.965000,0.4948,-1.5,1,0.5052,0.255227,1,3
AF048220926,prod,53,spread,Away,2026-09-22 14:23:38.965000,0.5052,1.5,0,0.5052,0.255227,1,3
AF048220926,prod,54,total,Over,2026-09-22 14:23:38.965000,0.4881,31.5,0,0.4881,0.238242,1,3
AF048220926,prod,55,total,Under,2026-09-22 14:23:38.965000,0.512,31.5,1,0.488,0.238144,1,3
AF048220926,candidate,50,moneyline,Home,2026-09-22 14:23:38.965000,0.52,,1,0.48,0.2304,1,2
AF048220926,candidate,51,moneyline,Away,2026-09-22 14:23:38.965000,0.48,,0,0.48,0.2304,1,2
AF048220926,candidate,52,spread,Home,2026-09-22 14:23:38.965000,0.4815,1.5,1,0.5185,0.268842,1,2
AF048220926,candidate,53,spread,Away,2026-09-22 14:23:38.965000,0.5185,-1.5,0,0.5185,0.268842,1,2
AF048220926,candidate,54,total,Over,2026-09-22 14:23:38.965000,0.5065,28.5,1,0.4935,0.243542,1,2
AF048220926,candidate,55,total,Under,2026-09-22 14:23:38.965000,0.4935,28.5,0,0.4935,0.243542,1,2
AF049170926,prod,50,moneyline,Home,2026-09-17 14:49:20.460000,0.5022,,0,0.5022,0.252205,1,3
AF049170926,prod,51,moneyline,Away,2026-09-17 14:49:20.460000,0.4978,,1,0.5022,0.252205,1,3
AF049170926,prod,53,spread,Away,2026-09-17 14:49:20.460000,0.5184,-1.5,1,0.4816,0.231939,1,5
AF049170926,prod,54,total,Over,2026-09-17 14:49:20.460000,0.4965,36.5,0,0.4965,0.246512,1,3
AF049170926,prod,55,total,Under,2026-09-17 14:49:20.460000,0.5035,36.5,1,0.4965,0.246512,1,3
AF049170926,candidate,50,moneyline,Home,2026-09-17 14:49:20.460000,0.415,,0,0.415,0.172225,1,2
AF049170926,candidate,51,moneyline,Away,2026-09-17 14:49:20.460000,0.585,,1,0.415,0.172225,1,2
AF049170926,candidate,52,spread,Home,2026-09-17 14:49:20.460000,0.483,-2.5,0,0.483,0.233289,1,2
AF049170926,candidate,53,spread,Away,2026-09-17 14:49:20.460000,0.517,2.5,1,0.483,0.233289,1,2
AF049170926,candidate,54,total,Over,2026-09-17 14:49:20.460000,0.5,36.5,0,0.5,0.25,1,2
AF049170926,candidate,55,total,Under,2026-09-17 14:49:20.460000,0.5,36.5,1,0.5,0.25,1,2
AF049180926,prod,50,moneyline,Home,2026-09-18 14:49:11.801000,0.551,,0,0.551,0.303601,1,3
AF049180926,prod,51,moneyline,Away,2026-09-18 14:49:11.801000,0.449,,1,0.551,0.303601,1,3
AF049180926,prod,52,spread,Home,2026-09-18 14:49:11.801000,0.5035,2.5,0,0.5035,0.253512,1,3
AF049180926,prod,53,spread,Away,2026-09-18 14:49:11.801000,0.4965,-2.5,1,0.5035,0.253512,1,3
AF049180926,prod,54,total,Over,2026-09-18 14:49:11.801000,0.4981,37.5,1,0.5019,0.251904,1,3
AF049180926,prod,55,total,Under,2026-09-18 14:49:11.801000,0.5019,37.5,0,0.5019,0.251904,1,3
AF049180926,candidate,50,moneyline,Home,2026-09-18 14:49:11.801000,0.474,,0,0.474,0.224676,1,2
AF049180926,candidate,51,moneyline,Away,2026-09-18 14:49:11.801000,0.526,,1,0.474,0.224676,1,2
AF049180926,candidate,52,spread,Home,2026-09-18 14:49:11.801000,0.5145,-1.5,0,0.5145,0.26471,1,2
AF049180926,candidate,53,spread,Away,2026-09-18 14:49:11.801000,0.4855,1.5,1,0.5145,0.26471,1,2
AF049180926,candidate,54,total,Over,2026-09-18 14:49:11.801000,0.5025,35.5,1,0.4975,0.247506,1,2
AF049180926,candidate,55,total,Under,2026-09-18 14:49:11.801000,0.4975,35.5,0,0.4975,0.247506,1,2
AF049190926,prod,50,moneyline,Home,2026-09-19 13:01:19.597000,0.435,,1,0.565,0.319225,1,3
AF049190926,prod,51,moneyline,Away,2026-09-19 13:01:19.597000,0.565,,0,0.565,0.319225,1,3
AF049190926,prod,52,spread,Home,2026-09-19 13:01:19.597000,0.4789,-2.5,1,0.5211,0.271545,1,3
AF049190926,prod,53,spread,Away,2026-09-19 13:01:19.597000,0.5211,2.5,0,0.5211,0.271545,1,3
AF049190926,prod,54,total,Over,2026-09-19 13:01:19.597000,0.5048,33.5,0,0.5048,0.254823,1,3
AF049190926,prod,55,total,Under,2026-09-19 13:01:19.597000,0.4953,33.5,1,0.5047,0.254722,1,3
AF049190926,candidate,50,moneyline,Home,2026-09-19 13:01:19.597000,0.3635,,1,0.6365,0.405132,1,2
AF049190926,candidate,51,moneyline,Away,2026-09-19 13:01:19.597000,0.6365,,0,0.6365,0.405132,1,2
AF049190926,candidate,52,spread,Home,2026-09-19 13:01:19.597000,0.4435,-2.5,1,0.5565,0.309692,1,2
AF049190926,candidate,53,spread,Away,2026-09-19 13:01:19.597000,0.5565,2.5,0,0.5565,0.309692,1,2
AF049190926,candidate,54,total,Over,2026-09-19 13:01:19.597000,0.4845,31.5,0,0.4845,0.23474,1,2
AF049190926,candidate,55,total,Under,2026-09-19 13:01:19.597000,0.5155,31.5,1,0.4845,0.23474,1,2
AF049200926,prod,50,moneyline,Home,2026-09-20 13:01:13.384000,0.4613,,0,0.4613,0.212798,1,3
AF049200926,prod,51,moneyline,Away,2026-09-20 13:01:13.384000,0.5387,,1,0.4613,0.212798,1,3
AF049200926,prod,52,spread,Home,2026-09-20 13:01:13.384000,0.5062,-2.5,0,0.5062,0.256238,1,3
AF049200926,prod,53,spread,Away,2026-09-20 13:01:13.384000,0.4938,2.5,1,0.5062,0.256238,1,3
AF049200926,prod,54,total,Over,2026-09-20 13:01:13.384000,0.4749,35.5,1,0.5251,0.27573,1,3
AF049200926,prod,55,total,Under,2026-09-20 13:01:13.384000,0.5251,35.5,0,0.5251,0.27573,1,3
AF049200926,candidate,50,moneyline,Home,2026-09-20 13:01:13.384000,0.3315,,0,0.3315,0.109892,1,2
AF049200926,candidate,51,moneyline,Away,2026-09-20 13:01:13.384000,0.6685,,1,0.3315,0.109892,1,2
AF049200926,candidate,52,spread,Home,2026-09-20 13:01:13.384000,0.513,-3.5,0,0.513,0.263169,1,2
AF049200926,candidate,53,spread,Away,2026-09-20 13:01:13.384000,0.487,3.5,1,0.513,0.263169,1,2
AF049200926,candidate,54,total,Over,2026-09-20 13:01:13.384000,0.493,35.5,1,0.507,0.257049,1,2
AF049200926,candidate,55,total,Under,2026-09-20 13:01:13.384000,0.507,35.5,0,0.507,0.257049,1,2
AF049220926,prod,50,moneyline,Home,2026-09-22 14:49:11.884000,0.4863,,1,0.5137,0.263888,1,3
AF049220926,prod,51,moneyline,Away,2026-09-22 14:49:11.884000,0.5137,,0,0.5137,0.263888,1,3
AF049220926,prod,52,spread,Home,2026-09-22 14:49:11.884000,0.5098,-1.5,1,0.4902,0.240296,1,3
AF049220926,prod,53,spread,Away,2026-09-22 14:49:11.884000,0.4902,1.5,0,0.4902,0.240296,1,3
AF049220926,prod,54,total,Over,2026-09-22 14:49:11.884000,0.5124,36.5,1,0.4876,0.237754,1,3
AF049220926,prod,55,total,Under,2026-09-22 14:49:11.884000,0.4877,36.5,0,0.4877,0.237851,1,3
AF049220926,candidate,50,moneyline,Home,2026-09-22 14:49:11.884000,0.553,,1,0.447,0.199809,1,2
AF049220926,candidate,51,moneyline,Away,2026-09-22 14:49:11.884000,0.447,,0,0.447,0.199809,1,2
AF049220926,candidate,52,spread,Home,2026-09-22 14:49:11.884000,0.5085,1.5,1,0.4915,0.241572,1,2
AF049220926,candidate,53,spread,Away,2026-09-22 14:49:11.884000,0.4915,-1.5,0,0.4915,0.241572,1,2
AF049220926,candidate,54,total,Over,2026-09-22 14:49:11.884000,0.521,37.5,1,0.479,0.229441,1,2
AF049220926,candidate,55,total,Under,2026-09-22 14:49:11.884000,0.479,37.5,0,0.479,0.229441,1,2
AF050170926,prod,50,moneyline,Home,2026-09-17 14:59:08.393000,0.4184,,1,0.5816,0.338259,1,3
AF050170926,prod,51,moneyline,Away,2026-09-17 14:59:08.393000,0.5817,,0,0.5817,0.338375,1,3
AF050170926,prod,52,spread,Home,2026-09-17 14:59:08.393000,0.4573,-2.5,1,0.5427,0.294523,1,3
AF050170926,prod,53,spread,Away,2026-09-17 14:59:08.393000,0.5427,2.5,0,0.5427,0.294523,1,3
AF050170926,prod,54,total,Over,2026-09-17 14:59:08.393000,0.5104,30.5,0,0.5104,0.260508,1,3
AF050170926,prod,55,total,Under,2026-09-17 14:59:08.393000,0.4896,30.5,1,0.5104,0.260508,1,3
AF050170926,candidate,50,moneyline,Home,2026-09-17 14:59:08.393000,0.4735,,1,0.5265,0.277202,1,2
AF050170926,candidate,51,moneyline,Away,2026-09-17 14:59:08.393000,0.5265,,0,0.5265,0.277202,1,2
AF050170926,candidate,52,spread,Home,2026-09-17 14:59:08.393000,0.505,-1.5,1,0.495,0.245025,1,2
AF050170926,candidate,53,spread,Away,2026-09-17 14:59:08.393000,0.495,1.5,0,0.495,0.245025,1,2
AF050170926,candidate,54,total,Over,2026-09-17 14:59:08.393000,0.502,27.5,1,0.498,0.248004,1,2
AF050170926,candidate,55,total,Under,2026-09-17 14:59:08.393000,0.498,27.5,0,0.498,0.248004,1,2
AF050180926,prod,50,moneyline,Home,2026-09-18 14:59:08.330000,0.4694,,0,0.4694,0.220336,1,3
AF050180926,prod,51,moneyline,Away,2026-09-18 14:59:08.330000,0.5306,,1,0.4694,0.220336,1,3
AF050180926,prod,52,spread,Home,2026-09-18 14:59:08.330000,0.4937,-1.5,0,0.4937,0.24374,1,3
AF050180926,prod,53,spread,Away,2026-09-18 14:59:08.330000,0.5063,1.5,1,0.4937,0.24374,1,3
AF050180926,prod,54,total,Over,2026-09-18 14:59:08.330000,0.4897,31.5,0,0.4897,0.239806,1,3
AF050180926,prod,55,total,Under,2026-09-18 14:59:08.330000,0.5103,31.5,1,0.4897,0.239806,1,3
AF050180926,candidate,50,moneyline,Home,2026-09-18 14:59:08.330000,0.3875,,0,0.3875,0.150156,1,2
AF050180926,candidate,51,moneyline,Away,2026-09-18 14:59:08.330000,0.6125,,1,0.3875,0.150156,1,2
AF050180926,candidate,52,spread,Home,2026-09-18 14:59:08.330000,0.444,-2.5,0,0.444,0.197136,1,2
AF050180926,candidate,53,spread,Away,2026-09-18 14:59:08.330000,0.556,2.5,1,0.444,0.197136,1,2
AF050180926,candidate,54,total,Over,2026-09-18 14:59:08.330000,0.5055,29.5,0,0.5055,0.25553,1,2
AF050180926,candidate,55,total,Under,2026-09-18 14:59:08.330000,0.4945,29.5,1,0.5055,0.25553,1,2
AF050190926,prod,50,moneyline,Home,2026-09-19 13:11:19.719000,0.5964,,0,0.5964,0.355693,1,3
AF050190926,prod,51,moneyline,Away,2026-09-19 13:11:19.719000,0.4036,,1,0.5964,0.355693,1,3
AF050190926,prod,52,spread,Home,2026-09-19 13:11:19.719000,0.4564,3.5,0,0.4564,0.208301,1,5
AF050190926,prod,53,spread,Away,2026-09-19 13:11:19.719000,0.5436,-3.5,1,0.4564,0.208301,1,5
AF050190926,prod,54,total,Over,2026-09-19 13:11:19.719000,0.4834,38.5,1,0.5166,0.266876,1,3
AF050190926,prod,55,total,Under,2026-09-19 13:11:19.719000,0.5166,38.5,0,0.5166,0.266876,1,3
AF050190926,candidate,50,moneyline,Home,2026-09-19 13:11:19.719000,0.609,,0,0.609,0.370881,1,2
AF050190926,candidate,51,moneyline,Away,2026-09-19 13:11:19.719000,0.391,,1,0.609,0.370881,1,2
AF050190926,candidate,52,spread,Home,2026-09-19 13:11:19.719000,0.5315,2.5,0,0.5315,0.282492,1,2
AF050190926,candidate,53,spread,Away,2026-09-19 13:11:19.719000,0.4685,-2.5,1,0.5315,0.282492,1,2
AF050190926,candidate,54,total,Over,2026-09-19 13:11:19.719000,0.4905,52.5,0,0.4905,0.24059,1,2
AF050190926,candidate,55,total,Under,2026-09-19 13:11:19.719000,0.5095,52.5,1,0.4905,0.24059,1,2
AF050200926,prod,50,moneyline,Home,2026-09-20 13:11:24.649000,0.5099,,1,0.4901,0.240198,1,3
AF050200926,prod,51,moneyline,Away,2026-09-20 13:11:24.649000,0.4901,,0,0.4901,0.240198,1,3
AF050200926,prod,52,spread,Home,2026-09-20 13:11:24.649000,0.4913,1.5,1,0.5087,0.258776,1,3
AF050200926,prod,53,spread,Away,2026-09-20 13:11:24.649000,0.5087,-1.5,0,0.5087,0.258776,1,3
AF050200926,prod,54,total,Over,2026-09-20 13:11:24.649000,0.5416,30.5,0,0.5416,0.293331,1,3
AF050200926,prod,55,total,Under,2026-09-20 13:11:24.649000,0.4584,30.5,1,0.5416,0.293331,1,3
AF050200926,candidate,50,moneyline,Home,2026-09-20 13:11:24.649000,0.5945,,1,0.4055,0.16443,1,2
AF050200926,candidate,51,moneyline,Away,2026-09-20 13:11:24.649000,0.4055,,0,0.4055,0.16443,1,2
AF050200926,candidate,52,spread,Home,2026-09-20 13:11:24.649000,0.539,2.5,1,0.461,0.212521,1,2
AF050200926,candidate,53,spread,Away,2026-09-20 13:11:24.649000,0.461,-2.5,0,0.461,0.212521,1,2
AF050200926,candidate,54,total,Over,2026-09-20 13:11:24.649000,0.479,31.5,0,0.479,0.229441,1,2
AF050200926,candidate,55,total,Under,2026-09-20 13:11:24.649000,0.521,31.5,1,0.479,0.229441,1,2
AF050210926,prod,50,moneyline,Home,2026-09-21 14:59:30.115000,0.5407,,1,0.4593,0.210956,1,3
AF050210926,prod,51,moneyline,Away,2026-09-21 14:59:30.115000,0.4594,,0,0.4594,0.211048,1,3
AF050210926,prod,52,spread,Home,2026-09-21 14:59:30.115000,0.4955,2.5,1,0.5045,0.25452,1,3
AF050210926,prod,53,spread,Away,2026-09-21 14:59:30.115000,0.5045,-2.5,0,0.5045,0.25452,1,3
AF050210926,prod,54,total,Over,2026-09-21 14:59:30.115000,0.512,33.5,1,0.488,0.238144,1,3
AF050210926,prod,55,total,Under,2026-09-21 14:59:30.115000,0.488,33.5,0,0.488,0.238144,1,3
AF050210926,candidate,50,moneyline,Home,2026-09-21 14:59:30.115000,0.5025,,1,0.4975,0.247506,1,2
AF050210926,candidate,51,moneyline,Away,2026-09-21 14:59:30.115000,0.4975,,0,0.4975,0.247506,1,2
AF050210926,candidate,52,spread,Home,2026-09-21 14:59:30.115000,0.5025,0.5,1,0.4975,0.247506,1,2
AF050210926,candidate,53,spread,Away,2026-09-21 14:59:30.115000,0.4975,-0.5,0,0.4975,0.247506,1,2
AF050210926,candidate,54,total,Over,2026-09-21 14:59:30.115000,0.4985,27.5,1,0.5015,0.251502,1,2
AF050210926,candidate,55,total,Under,2026-09-21 14:59:30.115000,0.5015,27.5,0,0.5015,0.251502,1,2
AF050220926,prod,50,moneyline,Home,2026-09-22 14:59:19.031000,0.4812,,1,0.5188,0.269153,1,3
AF050220926,prod,51,moneyline,Away,2026-09-22 14:59:19.031000,0.5188,,0,0.5188,0.269153,1,3
AF050220926,prod,52,spread,Home,2026-09-22 14:59:19.031000,0.5006,-1.5,1,0.4994,0.2494,1,3
AF050220926,prod,53,spread,Away,2026-09-22 14:59:19.031000,0.4994,1.5,0,0.4994,0.2494,1,3
AF050220926,prod,54,total,Over,2026-09-22 14:59:19.031000,0.54,30.5,0,0.54,0.2916,1,3
AF050220926,prod,55,total,Under,2026-09-22 14:59:19.031000,0.46,30.5,1,0.54,0.2916,1,3
AF050220926,candidate,50,moneyline,Home,2026-09-22 14:59:19.031000,0.4215,,1,0.5785,0.334662,1,2
AF050220926,candidate,51,moneyline,Away,2026-09-22 14:59:19.031000,0.5785,,0,0.5785,0.334662,1,2
AF050220926,candidate,52,spread,Home,2026-09-22 14:59:19.031000,0.4825,-2.5,1,0.5175,0.267806,1,2
AF050220926,candidate,53,spread,Away,2026-09-22 14:59:19.031000,0.5175,2.5,0,0.5175,0.267806,1,2
AF050220926,candidate,54,total,Over,2026-09-22 14:59:19.031000,0.5415,30.5,0,0.5415,0.293222,1,2
AF050220926,candidate,55,total,Under,2026-09-22 14:59:19.031000,0.4585,30.5,1,0.5415,0.293222,1,2
AF051180926,prod,50,moneyline,Home,2026-09-18 15:25:21.667000,0.6243,,0,0.6243,0.38975,1,3
AF051180926,prod,51,moneyline,Away,2026-09-18 15:25:21.667000,0.3758,,1,0.6242,0.389626,1,3
AF051180926,prod,54,total,Over,2026-09-18 15:25:21.667000,0.4956,37.5,0,0.4956,0.245619,1,3
AF051180926,prod,55,total,Under,2026-09-18 15:25:21.667000,0.5045,37.5,1,0.4955,0.24552,1,3
AF051180926,candidate,50,moneyline,Home,2026-09-18 15:25:21.667000,0.515,,0,0.515,0.265225,1,2
AF051180926,candidate,51,moneyline,Away,2026-09-18 15:25:21.667000,0.485,,1,0.515,0.265225,1,2
AF051180926,candidate,52,spread,Home,2026-09-18 15:25:21.667000,0.515,0.5,0,0.515,0.265225,1,2
AF051180926,candidate,53,spread,Away,2026-09-18 15:25:21.667000,0.485,-0.5,1,0.515,0.265225,1,2
AF051180926,candidate,54,total,Over,2026-09-18 15:25:21.667000,0.49,34.5,0,0.49,0.2401,1,2
AF051180926,candidate,55,total,Under,2026-09-18 15:25:21.667000,0.51,34.5,1,0.49,0.2401,1,2
AF051190926,prod,50,moneyline,Home,2026-09-19 13:37:23.076000,0.5905,,0,0.5905,0.34869,1,3
AF051190926,prod,51,moneyline,Away,2026-09-19 13:37:23.076000,0.4096,,1,0.5904,0.348572,1,3
AF051190926,prod,52,spread,Home,2026-09-19 13:37:23.076000,0.5435,2.5,0,0.5435,0.295392,1,3
AF051190926,prod,53,spread,Away,2026-09-19 13:37:23.076000,0.4565,-2.5,1,0.5435,0.295392,1,3
AF051190926,prod,54,total,Over,2026-09-19 13:37:23.076000,0.5169,37.5,0,0.5169,0.267186,1,3
AF051190926,prod,55,total,Under,2026-09-19 13:37:23.076000,0.4831,37.5,1,0.5169,0.267186,1,3
AF051190926,candidate,50,moneyline,Home,2026-09-19 13:37:23.076000,0.622,,0,0.622,0.386884,1,2
AF051190926,candidate,51,moneyline,Away,2026-09-19 13:37:23.076000,0.378,,1,0.622,0.386884,1,2
AF051190926,candidate,52,spread,Home,2026-09-19 13:37:23.076000,0.5485,2.5,0,0.5485,0.300852,1,2
AF051190926,candidate,53,spread,Away,2026-09-19 13:37:23.076000,0.4515,-2.5,1,0.5485,0.300852,1,2
AF051190926,candidate,54,total,Over,2026-09-19 13:37:23.076000,0.4935,36.5,0,0.4935,0.243542,1,2
AF051190926,candidate,55,total,Under,2026-09-19 13:37:23.076000,0.5065,36.5,1,0.4935,0.243542,1,2
AF051200926,prod,50,moneyline,Home,2026-09-20 13:37:35.292000,0.4566,,0,0.4566,0.208484,1,3
AF051200926,prod,51,moneyline,Away,2026-09-20 13:37:35.292000,0.5434,,1,0.4566,0.208484,1,3
AF051200926,prod,52,spread,Home,2026-09-20 13:37:35.292000,0.503,-2.5,0,0.503,0.253009,1,5
AF051200926,prod,53,spread,Away,2026-09-20 13:37:35.292000,0.497,2.5,1,0.503,0.253009,1,5
AF051200926,prod,54,total,Over,2026-09-20 13:37:35.292000,0.5145,34.5,1,0.4855,0.23571,1,3
AF051200926,prod,55,total,Under,2026-09-20 13:37:35.292000,0.4855,34.5,0,0.4855,0.23571,1,3
AF051200926,candidate,50,moneyline,Home,2026-09-20 13:37:35.292000,0.373,,0,0.373,0.139129,1,2
AF051200926,candidate,51,moneyline,Away,2026-09-20 13:37:35.292000,0.627,,1,0.373,0.139129,1,2
AF051200926,candidate,52,spread,Home,2026-09-20 13:37:35.292000,0.547,-3.5,0,0.547,0.299209,1,2
AF051200926,candidate,53,spread,Away,2026-09-20 13:37:35.292000,0.453,3.5,1,0.547,0.299209,1,2
AF051200926,candidate,54,total,Over,2026-09-20 13:37:35.292000,0.496,37.5,1,0.504,0.254016,1,2
AF051200926,candidate,55,total,Under,2026-09-20 13:37:35.292000,0.504,37.5,0,0.504,0.254016,1,2
AF051210926,prod,50,moneyline,Home,2026-09-21 15:25:17.504000,0.3818,,1,0.6182,0.382171,1,3
AF051210926,prod,51,moneyline,Away,2026-09-21 15:25:17.504000,0.6183,,0,0.6183,0.382295,1,3
AF051210926,prod,52,spread,Home,2026-09-21 15:25:17.504000,0.5247,-3.5,1,0.4753,0.22591,1,3
AF051210926,prod,53,spread,Away,2026-09-21 15:25:17.504000,0.4753,3.5,0,0.4753,0.22591,1,3
AF051210926,prod,54,total,Over,2026-09-21 15:25:17.504000,0.512,37.5,0,0.512,0.262144,1,3
AF051210926,prod,55,total,Under,2026-09-21 15:25:17.504000,0.4881,37.5,1,0.5119,0.262042,1,3
AF051210926,candidate,50,moneyline,Home,2026-09-21 15:25:17.504000,0.26,,1,0.74,0.5476,1,2
AF051210926,candidate,51,moneyline,Away,2026-09-21 15:25:17.504000,0.74,,0,0.74,0.5476,1,2
AF051210926,candidate,52,spread,Home,2026-09-21 15:25:17.504000,0.5025,-5.5,1,0.4975,0.247506,1,2
AF051210926,candidate,53,spread,Away,2026-09-21 15:25:17.504000,0.4975,5.5,0,0.4975,0.247506,1,2
AF051210926,candidate,54,total,Over,2026-09-21 15:25:17.504000,0.5035,35.5,0,0.5035,0.253512,1,2
AF051210926,candidate,55,total,Under,2026-09-21 15:25:17.504000,0.4965,35.5,1,0.5035,0.253512,1,2
AF051220926,prod,50,moneyline,Home,2026-09-22 15:25:15.716000,0.6196,,0,0.6196,0.383904,1,3
AF051220926,prod,51,moneyline,Away,2026-09-22 15:25:15.716000,0.3805,,1,0.6195,0.38378,1,3
AF051220926,prod,52,spread,Home,2026-09-22 15:25:15.716000,0.4569,3.5,0,0.4569,0.208758,1,3
AF051220926,prod,53,spread,Away,2026-09-22 15:25:15.716000,0.5431,-3.5,1,0.4569,0.208758,1,3
AF051220926,prod,54,total,Over,2026-09-22 15:25:15.716000,0.5053,34.5,0,0.5053,0.255328,1,3
AF051220926,prod,55,total,Under,2026-09-22 15:25:15.716000,0.4947,34.5,1,0.5053,0.255328,1,3
AF051220926,candidate,50,moneyline,Home,2026-09-22 15:25:15.716000,0.569,,0,0.569,0.323761,1,2
AF051220926,candidate,51,moneyline,Away,2026-09-22 15:25:15.716000,0.431,,1,0.569,0.323761,1,2
AF051220926,candidate,52,spread,Home,2026-09-22 15:25:15.716000,0.5125,2.5,0,0.5125,0.262656,1,2
AF051220926,candidate,53,spread,Away,2026-09-22 15:25:15.716000,0.4875,-2.5,1,0.5125,0.262656,1,2
AF051220926,candidate,54,total,Over,2026-09-22 15:25:15.716000,0.497,32.5,0,0.497,0.247009,1,2
AF051220926,candidate,55,total,Under,2026-09-22 15:25:15.716000,0.503,32.5,1,0.497,0.247009,1,2
AF052170926,prod,50,moneyline,Home,2026-09-17 15:35:29.109000,0.4472,,0,0.4472,0.199988,1,3
AF052170926,prod,51,moneyline,Away,2026-09-17 15:35:29.109000,0.5528,,1,0.4472,0.199988,1,3
AF052170926,prod,52,spread,Home,2026-09-17 15:35:29.109000,0.489,-2.5,0,0.489,0.239121,1,3
AF052170926,prod,53,spread,Away,2026-09-17 15:35:29.109000,0.511,2.5,1,0.489,0.239121,1,3
AF052170926,prod,54,total,Over,2026-09-17 15:35:29.109000,0.5192,34.5,0,0.5192,0.269569,1,3
AF052170926,prod,55,total,Under,2026-09-17 15:35:29.109000,0.4808,34.5,1,0.5192,0.269569,1,3
AF052170926,candidate,50,moneyline,Home,2026-09-17 15:35:29.109000,0.436,,0,0.436,0.190096,1,2
AF052170926,candidate,51,moneyline,Away,2026-09-17 15:35:29.109000,0.564,,1,0.436,0.190096,1,2
AF052170926,candidate,52,spread,Home,2026-09-17 15:35:29.109000,0.506,-2.5,0,0.506,0.256036,1,2
AF052170926,candidate,53,spread,Away,2026-09-17 15:35:29.109000,0.494,2.5,1,0.506,0.256036,1,2
AF052170926,candidate,54,total,Over,2026-09-17 15:35:29.109000,0.5155,33.5,0,0.5155,0.26574,1,2
AF052170926,candidate,55,total,Under,2026-09-17 15:35:29.109000,0.4845,33.5,1,0.5155,0.26574,1,2
AF052180926,prod,50,moneyline,Home,2026-09-18 15:35:31.095000,0.5508,,0,0.5508,0.303381,1,3
AF052180926,prod,51,moneyline,Away,2026-09-18 15:35:31.095000,0.4493,,1,0.5507,0.30327,1,3
AF052180926,prod,52,spread,Home,2026-09-18 15:35:31.095000,0.507,2.5,0,0.507,0.257049,1,3
AF052180926,prod,53,spread,Away,2026-09-18 15:35:31.095000,0.493,-2.5,1,0.507,0.257049,1,3
AF052180926,prod,54,total,Over,2026-09-18 15:35:31.095000,0.494,34.5,1,0.506,0.256036,1,3
AF052180926,prod,55,total,Under,2026-09-18 15:35:31.095000,0.5061,34.5,0,0.5061,0.256137,1,3
AF052180926,candidate,50,moneyline,Home,2026-09-18 15:35:31.095000,0.562,,0,0.562,0.315844,1,2
AF052180926,candidate,51,moneyline,Away,2026-09-18 15:35:31.095000,0.438,,1,0.562,0.315844,1,2
AF052180926,candidate,52,spread,Home,2026-09-18 15:35:31.095000,0.4905,2.5,0,0.4905,0.24059,1,2
AF052180926,candidate,53,spread,Away,2026-09-18 15:35:31.095000,0.5095,-2.5,1,0.4905,0.24059,1,2
AF052180926,candidate,54,total,Over,2026-09-18 15:35:31.095000,0.4935,34.5,1,0.5065,0.256542,1,2
AF052180926,candidate,55,total,Under,2026-09-18 15:35:31.095000,0.5065,34.5,0,0.5065,0.256542,1,2
AF052200926,prod,50,moneyline,Home,2026-09-20 13:47:22.874000,0.4845,,1,0.5155,0.26574,1,3
AF052200926,prod,51,moneyline,Away,2026-09-20 13:47:22.874000,0.5155,,0,0.5155,0.26574,1,3
AF052200926,prod,52,spread,Home,2026-09-20 13:47:22.874000,0.507,-1.5,1,0.493,0.243049,1,3
AF052200926,prod,53,spread,Away,2026-09-20 13:47:22.874000,0.493,1.5,0,0.493,0.243049,1,3
AF052200926,prod,54,total,Over,2026-09-20 13:47:22.874000,0.4904,34.5,0,0.4904,0.240492,1,5
AF052200926,prod,55,total,Under,2026-09-20 13:47:22.874000,0.5096,34.5,1,0.4904,0.240492,1,5
AF052200926,candidate,50,moneyline,Home,2026-09-20 13:47:22.874000,0.577,,1,0.423,0.178929,1,2
AF052200926,candidate,51,moneyline,Away,2026-09-20 13:47:22.874000,0.423,,0,0.423,0.178929,1,2
AF052200926,candidate,52,spread,Home,2026-09-20 13:47:22.874000,0.518,2.5,1,0.482,0.232324,1,2
AF052200926,candidate,53,spread,Away,2026-09-20 13:47:22.874000,0.482,-2.5,0,0.482,0.232324,1,2
AF052200926,candidate,54,total,Over,2026-09-20 13:47:22.874000,0.5065,31.5,0,0.5065,0.256542,1,2
AF052200926,candidate,55,total,Under,2026-09-20 13:47:22.874000,0.4935,31.5,1,0.5065,0.256542,1,2
AF052220926,prod,50,moneyline,Home,2026-09-22 15:35:08.685000,0.4798,,0,0.4798,0.230208,1,3
AF052220926,prod,51,moneyline,Away,2026-09-22 15:35:08.685000,0.5203,,1,0.4797,0.230112,1,3
AF052220926,prod,52,spread,Home,2026-09-22 15:35:08.685000,0.4988,-1.5,0,0.4988,0.248801,1,3
AF052220926,prod,53,spread,Away,2026-09-22 15:35:08.685000,0.5012,1.5,1,0.4988,0.248801,1,3
AF052220926,prod,54,total,Over,2026-09-22 15:35:08.685000,0.5268,30.5,0,0.5268,0.277518,1,3
AF052220926,prod,55,total,Under,2026-09-22 15:35:08.685000,0.4732,30.5,1,0.5268,0.277518,1,3
AF052220926,candidate,50,moneyline,Home,2026-09-22 15:35:08.685000,0.638,,0,0.638,0.407044,1,2
AF052220926,candidate,51,moneyline,Away,2026-09-22 15:35:08.685000,0.362,,1,0.638,0.407044,1,2
AF052220926,candidate,52,spread,Home,2026-09-22 15:35:08.685000,0.4455,3.5,0,0.4455,0.19847,1,2
AF052220926,candidate,53,spread,Away,2026-09-22 15:35:08.685000,0.5545,-3.5,1,0.4455,0.19847,1,2
AF052220926,candidate,54,total,Over,2026-09-22 15:35:08.685000,0.5505,30.5,0,0.5505,0.30305,1,2
AF052220926,candidate,55,total,Under,2026-09-22 15:35:08.685000,0.4495,30.5,1,0.5505,0.30305,1,2
AF053170926,prod,50,moneyline,Home,2026-09-17 16:01:09.590000,0.5766,,1,0.4234,0.179268,1,3
AF053170926,prod,51,moneyline,Away,2026-09-17 16:01:09.590000,0.4235,,0,0.4235,0.179352,1,3
AF053170926,prod,52,spread,Home,2026-09-17 16:01:09.590000,0.5304,2.5,1,0.4696,0.220524,1,3
AF053170926,prod,53,spread,Away,2026-09-17 16:01:09.590000,0.4696,-2.5,0,0.4696,0.220524,1,3
AF053170926,prod,54,total,Over,2026-09-17 16:01:09.590000,0.4849,37.5,0,0.4849,0.235128,1,3
AF053170926,prod,55,total,Under,2026-09-17 16:01:09.590000,0.5151,37.5,1,0.4849,0.235128,1,3
AF053170926,candidate,50,moneyline,Home,2026-09-17 16:01:09.590000,0.5475,,1,0.4525,0.204756,1,2
AF053170926,candidate,51,moneyline,Away,2026-09-17 16:01:09.590000,0.4525,,0,0.4525,0.204756,1,2
AF053170926,candidate,52,spread,Home,2026-09-17 16:01:09.590000,0.505,1.5,1,0.495,0.245025,1,2
AF053170926,candidate,53,spread,Away,2026-09-17 16:01:09.590000,0.495,-1.5,0,0.495,0.245025,1,2
AF053170926,candidate,54,total,Over,2026-09-17 16:01:09.590000,0.5105,36.5,0,0.5105,0.26061,1,2
AF053170926,candidate,55,total,Under,2026-09-17 16:01:09.590000,0.4895,36.5,1,0.5105,0.26061,1,2
AF053180926,prod,50,moneyline,Home,2026-09-18 16:01:21.248000,0.6211,,1,0.3789,0.143565,1,3
AF053180926,prod,51,moneyline,Away,2026-09-18 16:01:21.248000,0.379,,0,0.379,0.143641,1,3
AF053180926,prod,52,spread,Home,2026-09-18 16:01:21.248000,0.4695,3.5,1,0.5305,0.28143,1,3
AF053180926,prod,53,spread,Away,2026-09-18 16:01:21.248000,0.5305,-3.5,0,0.5305,0.28143,1,3
AF053180926,prod,54,total,Over,2026-09-18 16:01:21.248000,0.503,37.5,1,0.497,0.247009,1,3
AF053180926,prod,55,total,Under,2026-09-18 16:01:21.248000,0.497,37.5,0,0.497,0.247009,1,3
AF053180926,candidate,50,moneyline,Home,2026-09-18 16:01:21.248000,0.465,,1,0.535,0.286225,1,2
AF053180926,candidate,51,moneyline,Away,2026-09-18 16:01:21.248000,0.535,,0,0.535,0.286225,1,2
AF053180926,candidate,52,spread,Home,2026-09-18 16:01:21.248000,0.507,-1.5,1,0.493,0.243049,1,2
AF053180926,candidate,53,spread,Away,2026-09-18 16:01:21.248000,0.493,1.5,0,0.493,0.243049,1,2
AF053180926,candidate,54,total,Over,2026-09-18 16:01:21.248000,0.5055,34.5,1,0.4945,0.24453,1,2
AF053180926,candidate,55,total,Under,2026-09-18 16:01:21.248000,0.4945,34.5,0,0.4945,0.24453,1,2
AF053190926,prod,50,moneyline,Home,2026-09-19 14:13:41.477000,0.5652,,0,0.5652,0.319451,1,3
AF053190926,prod,51,moneyline,Away,2026-09-19 14:13:41.477000,0.4348,,1,0.5652,0.319451,1,3
AF053190926,prod,52,spread,Home,2026-09-19 14:13:41.477000,0.5193,2.5,0,0.5193,0.269672,1,3
AF053190926,prod,53,spread,Away,2026-09-19 14:13:41.477000,0.4807,-2.5,1,0.5193,0.269672,1,3
AF053190926,prod,54,total,Over,2026-09-19 14:13:41.477000,0.5049,33.5,1,0.4951,0.245124,1,3
AF053190926,prod,55,total,Under,2026-09-19 14:13:41.477000,0.4951,33.5,0,0.4951,0.245124,1,3
AF053190926,candidate,50,moneyline,Home,2026-09-19 14:13:41.477000,0.632,,0,0.632,0.399424,1,2
AF053190926,candidate,51,moneyline,Away,2026-09-19 14:13:41.477000,0.368,,1,0.632,0.399424,1,2
AF053190926,candidate,52,spread,Home,2026-09-19 14:13:41.477000,0.4485,3.5,0,0.4485,0.201152,1,2
AF053190926,candidate,53,spread,Away,2026-09-19 14:13:41.477000,0.5515,-3.5,1,0.4485,0.201152,1,2
AF053190926,candidate,54,total,Over,2026-09-19 14:13:41.477000,0.4925,31.5,1,0.5075,0.257556,1,2
AF053190926,candidate,55,total,Under,2026-09-19 14:13:41.477000,0.5075,31.5,0,0.5075,0.257556,1,2
AF053200926,prod,50,moneyline,Home,2026-09-20 14:14:29.945000,0.5319,,1,0.4681,0.219118,1,3
AF053200926,prod,51,moneyline,Away,2026-09-20 14:14:29.945000,0.4681,,0,0.4681,0.219118,1,3
AF053200926,prod,52,spread,Home,2026-09-20 14:14:29.945000,0.5103,1.5,1,0.4897,0.239806,1,3
AF053200926,prod,53,spread,Away,2026-09-20 14:14:29.945000,0.4897,-1.5,0,0.4897,0.239806,1,3
AF053200926,prod,54,total,Over,2026-09-20 14:14:29.945000,0.4741,35.5,0,0.4741,0.224771,1,3
AF053200926,prod,55,total,Under,2026-09-20 14:14:29.945000,0.5259,35.5,1,0.4741,0.224771,1,3
AF053200926,candidate,50,moneyline,Home,2026-09-20 14:14:29.945000,0.666,,1,0.334,0.111556,1,2
AF053200926,candidate,51,moneyline,Away,2026-09-20 14:14:29.945000,0.334,,0,0.334,0.111556,1,2
AF053200926,candidate,52,spread,Home,2026-09-20 14:14:29.945000,0.486,3.5,0,0.486,0.236196,1,2
AF053200926,candidate,53,spread,Away,2026-09-20 14:14:29.945000,0.514,-3.5,1,0.486,0.236196,1,2
AF053200926,candidate,54,total,Over,2026-09-20 14:14:29.945000,0.4945,35.5,0,0.4945,0.24453,1,2
AF053200926,candidate,55,total,Under,2026-09-20 14:14:29.945000,0.5055,35.5,1,0.4945,0.24453,1,2
AF053210926,prod,50,moneyline,Home,2026-09-21 16:01:24.965000,0.3976,,1,0.6024,0.362886,1,3
AF053210926,prod,51,moneyline,Away,2026-09-21 16:01:24.965000,0.6024,,0,0.6024,0.362886,1,3
AF053210926,prod,54,total,Over,2026-09-21 16:01:24.965000,0.5339,37.5,0,0.5339,0.285049,1,3
AF053210926,prod,55,total,Under,2026-09-21 16:01:24.965000,0.4661,37.5,1,0.5339,0.285049,1,3
AF053210926,candidate,50,moneyline,Home,2026-09-21 16:01:24.965000,0.3435,,1,0.6565,0.430992,1,2
AF053210926,candidate,51,moneyline,Away,2026-09-21 16:01:24.965000,0.6565,,0,0.6565,0.430992,1,2
AF053210926,candidate,52,spread,Home,2026-09-21 16:01:24.965000,0.531,-3.5,1,0.469,0.219961,1,2
AF053210926,candidate,53,spread,Away,2026-09-21 16:01:24.965000,0.469,3.5,0,0.469,0.219961,1,2
AF053210926,candidate,54,total,Over,2026-09-21 16:01:24.965000,0.513,33.5,1,0.487,0.237169,1,2
AF053210926,candidate,55,total,Under,2026-09-21 16:01:24.965000,0.487,33.5,0,0.487,0.237169,1,2
AF054170926,prod,50,moneyline,Home,2026-09-17 16:11:30.973000,0.3983,,1,0.6017,0.362043,1,3
AF054170926,prod,51,moneyline,Away,2026-09-17 16:11:30.973000,0.6017,,0,0.6017,0.362043,1,3
AF054170926,prod,52,spread,Home,2026-09-17 16:11:30.973000,0.539,-3.5,1,0.461,0.212521,1,3
AF054170926,prod,53,spread,Away,2026-09-17 16:11:30.973000,0.461,3.5,0,0.461,0.212521,1,3
AF054170926,prod,54,total,Over,2026-09-17 16:11:30.973000,0.4966,32.5,1,0.5034,0.253412,1,5
AF054170926,prod,55,total,Under,2026-09-17 16:11:30.973000,0.5034,32.5,0,0.5034,0.253412,1,5
AF054170926,candidate,50,moneyline,Home,2026-09-17 16:11:30.973000,0.4495,,1,0.5505,0.30305,1,2
AF054170926,candidate,51,moneyline,Away,2026-09-17 16:11:30.973000,0.5505,,0,0.5505,0.30305,1,2
AF054170926,candidate,52,spread,Home,2026-09-17 16:11:30.973000,0.5065,-2.5,1,0.4935,0.243542,1,2
AF054170926,candidate,53,spread,Away,2026-09-17 16:11:30.973000,0.4935,2.5,0,0.4935,0.243542,1,2
AF054170926,candidate,54,total,Over,2026-09-17 16:11:30.973000,0.457,31.5,1,0.543,0.294849,1,2
AF054170926,candidate,55,total,Under,2026-09-17 16:11:30.973000,0.543,31.5,0,0.543,0.294849,1,2
AF054180926,prod,50,moneyline,Home,2026-09-18 16:11:20.511000,0.5313,,0,0.5313,0.28228,1,3
AF054180926,prod,51,moneyline,Away,2026-09-18 16:11:20.511000,0.4688,,1,0.5312,0.282173,1,3
AF054180926,prod,52,spread,Home,2026-09-18 16:11:20.511000,0.4889,2.5,0,0.4889,0.239023,1,3
AF054180926,prod,53,spread,Away,2026-09-18 16:11:20.511000,0.5111,-2.5,1,0.4889,0.239023,1,3
AF054180926,prod,54,total,Over,2026-09-18 16:11:20.511000,0.4851,31.5,0,0.4851,0.235322,1,3
AF054180926,prod,55,total,Under,2026-09-18 16:11:20.511000,0.5149,31.5,1,0.4851,0.235322,1,3
AF054180926,candidate,50,moneyline,Home,2026-09-18 16:11:20.511000,0.5555,,0,0.5555,0.30858,1,2
AF054180926,candidate,51,moneyline,Away,2026-09-18 16:11:20.511000,0.4445,,1,0.5555,0.30858,1,2
AF054180926,candidate,52,spread,Home,2026-09-18 16:11:20.511000,0.5135,1.5,0,0.5135,0.263682,1,2
AF054180926,candidate,53,spread,Away,2026-09-18 16:11:20.511000,0.4865,-1.5,1,0.5135,0.263682,1,2
AF054180926,candidate,54,total,Over,2026-09-18 16:11:20.511000,0.4935,30.5,0,0.4935,0.243542,1,2
AF054180926,candidate,55,total,Under,2026-09-18 16:11:20.511000,0.5065,30.5,1,0.4935,0.243542,1,2
AF054190926,prod,50,moneyline,Home,2026-09-19 14:24:18.090000,0.4083,,1,0.5917,0.350109,1,3
AF054190926,prod,51,moneyline,Away,2026-09-19 14:24:18.090000,0.5918,,0,0.5918,0.350227,1,3
AF054190926,prod,52,spread,Home,2026-09-19 14:24:18.090000,0.452,-2.5,1,0.548,0.300304,1,5
AF054190926,prod,53,spread,Away,2026-09-19 14:24:18.090000,0.548,2.5,0,0.548,0.300304,1,5
AF054190926,prod,54,total,Over,2026-09-19 14:24:18.090000,0.483,38.5,1,0.517,0.267289,1,3
AF054190926,prod,55,total,Under,2026-09-19 14:24:18.090000,0.5171,38.5,0,0.5171,0.267392,1,3
AF054190926,candidate,50,moneyline,Home,2026-09-19 14:24:18.090000,0.427,,1,0.573,0.328329,1,2
AF054190926,candidate,51,moneyline,Away,2026-09-19 14:24:18.090000,0.573,,0,0.573,0.328329,1,2
AF054190926,candidate,52,spread,Home,2026-09-19 14:24:18.090000,0.5055,-2.5,1,0.4945,0.24453,1,2
AF054190926,candidate,53,spread,Away,2026-09-19 14:24:18.090000,0.4945,2.5,0,0.4945,0.24453,1,2
AF054190926,candidate,54,total,Over,2026-09-19 14:24:18.090000,0.5045,51.5,1,0.4955,0.24552,1,2
AF054190926,candidate,55,total,Under,2026-09-19 14:24:18.090000,0.4955,51.5,0,0.4955,0.24552,1,2
AF054200926,prod,50,moneyline,Home,2026-09-20 14:23:18.259000,0.4886,,1,0.5114,0.26153,1,3
AF054200926,prod,51,moneyline,Away,2026-09-20 14:23:18.259000,0.5115,,0,0.5115,0.261632,1,3
AF054200926,prod,52,spread,Home,2026-09-20 14:23:18.259000,0.5073,-1.5,1,0.4927,0.242753,1,3
AF054200926,prod,53,spread,Away,2026-09-20 14:23:18.259000,0.4927,1.5,0,0.4927,0.242753,1,3
AF054200926,prod,54,total,Over,2026-09-20 14:23:18.259000,0.5422,30.5,0,0.5422,0.293981,1,5
AF054200926,prod,55,total,Under,2026-09-20 14:23:18.259000,0.4578,30.5,1,0.5422,0.293981,1,5
AF054200926,candidate,50,moneyline,Home,2026-09-20 14:23:18.259000,0.4267,,1,0.5733,0.328673,1,2
AF054200926,candidate,51,moneyline,Away,2026-09-20 14:23:18.259000,0.5733,,0,0.5733,0.328673,1,2
AF054200926,candidate,52,spread,Home,2026-09-20 14:23:18.259000,0.488,-2.5,1,0.512,0.262144,1,2
AF054200926,candidate,53,spread,Away,2026-09-20 14:23:18.259000,0.512,2.5,0,0.512,0.262144,1,2
AF054200926,candidate,54,total,Over,2026-09-20 14:23:18.259000,0.47,31.5,0,0.47,0.2209,1,2
AF054200926,candidate,55,total,Under,2026-09-20 14:23:18.259000,0.53,31.5,1,0.47,0.2209,1,2
AF054220926,prod,50,moneyline,Home,2026-09-22 16:11:16.053000,0.4734,,0,0.4734,0.224108,1,3
AF054220926,prod,51,moneyline,Away,2026-09-22 16:11:16.053000,0.5266,,1,0.4734,0.224108,1,3
AF054220926,prod,52,spread,Home,2026-09-22 16:11:16.053000,0.4946,-1.5,0,0.4946,0.244629,1,3
AF054220926,prod,53,spread,Away,2026-09-22 16:11:16.053000,0.5054,1.5,1,0.4946,0.244629,1,3
AF054220926,prod,54,total,Over,2026-09-22 16:11:16.053000,0.48,31.5,1,0.52,0.2704,1,3
AF054220926,prod,55,total,Under,2026-09-22 16:11:16.053000,0.52,31.5,0,0.52,0.2704,1,3
AF054220926,candidate,50,moneyline,Home,2026-09-22 16:11:16.053000,0.5075,,0,0.5075,0.257556,1,2
AF054220926,candidate,51,moneyline,Away,2026-09-22 16:11:16.053000,0.4925,,1,0.5075,0.257556,1,2
AF054220926,candidate,52,spread,Home,2026-09-22 16:11:16.053000,0.5075,0.5,0,0.5075,0.257556,1,2
AF054220926,candidate,53,spread,Away,2026-09-22 16:11:16.053000,0.4925,-0.5,1,0.5075,0.257556,1,2
AF054220926,candidate,54,total,Over,2026-09-22 16:11:16.053000,0.498,29.5,1,0.502,0.252004,1,2
AF054220926,candidate,55,total,Under,2026-09-22 16:11:16.053000,0.502,29.5,0,0.502,0.252004,1,2
AF055170926,prod,50,moneyline,Home,2026-09-17 16:37:15.447000,0.3502,,0,0.3502,0.12264,1,3
AF055170926,prod,51,moneyline,Away,2026-09-17 16:37:15.447000,0.65,,1,0.35,0.1225,1,3
AF055170926,prod,52,spread,Home,2026-09-17 16:37:15.447000,0.5025,-3.5,0,0.5025,0.252506,1,3
AF055170926,prod,53,spread,Away,2026-09-17 16:37:15.447000,0.4975,3.5,1,0.5025,0.252506,1,3
AF055170926,prod,54,total,Over,2026-09-17 16:37:15.447000,0.5123,36.5,0,0.5123,0.262451,1,5
AF055170926,prod,55,total,Under,2026-09-17 16:37:15.447000,0.4877,36.5,1,0.5123,0.262451,1,5
AF055170926,candidate,50,moneyline,Home,2026-09-17 16:37:15.447000,0.3205,,0,0.3205,0.10272,1,2
AF055170926,candidate,51,moneyline,Away,2026-09-17 16:37:15.447000,0.6795,,1,0.3205,0.10272,1,2
AF055170926,candidate,52,spread,Home,2026-09-17 16:37:15.447000,0.501,-3.5,0,0.501,0.251001,1,2
AF055170926,candidate,53,spread,Away,2026-09-17 16:37:15.447000,0.499,3.5,1,0.501,0.251001,1,2
AF055170926,candidate,54,total,Over,2026-09-17 16:37:15.447000,0.4955,35.5,0,0.4955,0.24552,1,2
AF055170926,candidate,55,total,Under,2026-09-17 16:37:15.447000,0.5045,35.5,1,0.4955,0.24552,1,2
AF055180926,prod,50,moneyline,Home,2026-09-18 16:37:13.030000,0.5237,,0,0.5237,0.274262,1,3
AF055180926,prod,51,moneyline,Away,2026-09-18 16:37:13.030000,0.4763,,1,0.5237,0.274262,1,3
AF055180926,prod,52,spread,Home,2026-09-18 16:37:13.030000,0.5043,1.5,0,0.5043,0.254318,1,3
AF055180926,prod,53,spread,Away,2026-09-18 16:37:13.030000,0.4957,-1.5,1,0.5043,0.254318,1,3
AF055180926,prod,54,total,Over,2026-09-18 16:37:13.030000,0.5048,36.5,0,0.5048,0.254823,1,3
AF055180926,prod,55,total,Under,2026-09-18 16:37:13.030000,0.4952,36.5,1,0.5048,0.254823,1,3
AF055180926,candidate,50,moneyline,Home,2026-09-18 16:37:13.030000,0.5315,,0,0.5315,0.282492,1,2
AF055180926,candidate,51,moneyline,Away,2026-09-18 16:37:13.030000,0.4685,,1,0.5315,0.282492,1,2
AF055180926,candidate,52,spread,Home,2026-09-18 16:37:13.030000,0.492,1.5,0,0.492,0.242064,1,2
AF055180926,candidate,53,spread,Away,2026-09-18 16:37:13.030000,0.508,-1.5,1,0.492,0.242064,1,2
AF055180926,candidate,54,total,Over,2026-09-18 16:37:13.030000,0.512,34.5,0,0.512,0.262144,1,2
AF055180926,candidate,55,total,Under,2026-09-18 16:37:13.030000,0.488,34.5,1,0.512,0.262144,1,2
AF055190926,prod,50,moneyline,Home,2026-09-19 14:49:28.532000,0.5759,,1,0.4241,0.179861,1,3
AF055190926,prod,51,moneyline,Away,2026-09-19 14:49:28.532000,0.4241,,0,0.4241,0.179861,1,3
AF055190926,prod,52,spread,Home,2026-09-19 14:49:28.532000,0.5277,2.5,1,0.4723,0.223067,1,3
AF055190926,prod,53,spread,Away,2026-09-19 14:49:28.532000,0.4723,-2.5,0,0.4723,0.223067,1,3
AF055190926,prod,54,total,Over,2026-09-19 14:49:28.532000,0.4896,35.5,1,0.5104,0.260508,1,3
AF055190926,prod,55,total,Under,2026-09-19 14:49:28.532000,0.5104,35.5,0,0.5104,0.260508,1,3
AF055190926,candidate,50,moneyline,Home,2026-09-19 14:49:28.532000,0.527,,1,0.473,0.223729,1,2
AF055190926,candidate,51,moneyline,Away,2026-09-19 14:49:28.532000,0.473,,0,0.473,0.223729,1,2
AF055190926,candidate,52,spread,Home,2026-09-19 14:49:28.532000,0.487,1.5,1,0.513,0.263169,1,2
AF055190926,candidate,53,spread,Away,2026-09-19 14:49:28.532000,0.513,-1.5,0,0.513,0.263169,1,2
AF055190926,candidate,54,total,Over,2026-09-19 14:49:28.532000,0.5195,36.5,1,0.4805,0.23088,1,2
AF055190926,candidate,55,total,Under,2026-09-19 14:49:28.532000,0.4805,36.5,0,0.4805,0.23088,1,2
AF055200926,prod,50,moneyline,Home,2026-09-20 14:49:28.587000,0.5664,,0,0.5664,0.320809,1,3
AF055200926,prod,51,moneyline,Away,2026-09-20 14:49:28.587000,0.4337,,1,0.5663,0.320696,1,3
AF055200926,prod,52,spread,Home,2026-09-20 14:49:28.587000,0.5151,2.5,0,0.5151,0.265328,1,3
AF055200926,prod,53,spread,Away,2026-09-20 14:49:28.587000,0.4849,-2.5,1,0.5151,0.265328,1,3
AF055200926,prod,54,total,Over,2026-09-20 14:49:28.587000,0.4941,37.5,1,0.5059,0.255935,1,3
AF055200926,prod,55,total,Under,2026-09-20 14:49:28.587000,0.5059,37.5,0,0.5059,0.255935,1,3
AF055200926,candidate,50,moneyline,Home,2026-09-20 14:49:28.587000,0.469,,0,0.469,0.219961,1,2
AF055200926,candidate,51,moneyline,Away,2026-09-20 14:49:28.587000,0.531,,1,0.469,0.219961,1,2
AF055200926,candidate,52,spread,Home,2026-09-20 14:49:28.587000,0.511,-1.5,0,0.511,0.261121,1,2
AF055200926,candidate,53,spread,Away,2026-09-20 14:49:28.587000,0.489,1.5,1,0.511,0.261121,1,2
AF055200926,candidate,54,total,Over,2026-09-20 14:49:28.587000,0.503,36.5,1,0.497,0.247009,1,2
AF055200926,candidate,55,total,Under,2026-09-20 14:49:28.587000,0.497,36.5,0,0.497,0.247009,1,2
AF055210926,prod,50,moneyline,Home,2026-09-21 16:37:27.089000,0.392,,0,0.392,0.153664,1,3
AF055210926,prod,51,moneyline,Away,2026-09-21 16:37:27.089000,0.6081,,1,0.3919,0.153586,1,3
AF055210926,prod,52,spread,Home,2026-09-21 16:37:27.089000,0.5301,-3.5,1,0.4699,0.220806,1,3
AF055210926,prod,53,spread,Away,2026-09-21 16:37:27.089000,0.4699,3.5,0,0.4699,0.220806,1,3
AF055210926,prod,54,total,Over,2026-09-21 16:37:27.089000,0.5284,37.5,0,0.5284,0.279207,1,3
AF055210926,prod,55,total,Under,2026-09-21 16:37:27.089000,0.4716,37.5,1,0.5284,0.279207,1,3
AF055210926,candidate,50,moneyline,Home,2026-09-21 16:37:27.089000,0.2735,,0,0.2735,0.074802,1,2
AF055210926,candidate,51,moneyline,Away,2026-09-21 16:37:27.089000,0.7265,,1,0.2735,0.074802,1,2
AF055210926,candidate,52,spread,Home,2026-09-21 16:37:27.089000,0.516,-4.5,1,0.484,0.234256,1,2
AF055210926,candidate,53,spread,Away,2026-09-21 16:37:27.089000,0.484,4.5,0,0.484,0.234256,1,2
AF055210926,candidate,54,total,Over,2026-09-21 16:37:27.089000,0.4695,38.5,0,0.4695,0.22043,1,2
AF055210926,candidate,55,total,Under,2026-09-21 16:37:27.089000,0.5305,38.5,1,0.4695,0.22043,1,2
AF055220926,prod,50,moneyline,Home,2026-09-22 16:37:14.466000,0.5486,,1,0.4514,0.203762,1,3
AF055220926,prod,51,moneyline,Away,2026-09-22 16:37:14.466000,0.4514,,0,0.4514,0.203762,1,3
AF055220926,prod,52,spread,Home,2026-09-22 16:37:14.466000,0.5024,2.5,1,0.4976,0.247606,1,3
AF055220926,prod,53,spread,Away,2026-09-22 16:37:14.466000,0.4976,-2.5,0,0.4976,0.247606,1,3
AF055220926,prod,54,total,Over,2026-09-22 16:37:14.466000,0.496,35.5,0,0.496,0.246016,1,3
AF055220926,prod,55,total,Under,2026-09-22 16:37:14.466000,0.504,35.5,1,0.496,0.246016,1,3
AF055220926,candidate,50,moneyline,Home,2026-09-22 16:37:14.466000,0.662,,1,0.338,0.114244,1,2
AF055220926,candidate,51,moneyline,Away,2026-09-22 16:37:14.466000,0.338,,0,0.338,0.114244,1,2
AF055220926,candidate,52,spread,Home,2026-09-22 16:37:14.466000,0.4565,3.5,1,0.5435,0.295392,1,2
AF055220926,candidate,53,spread,Away,2026-09-22 16:37:14.466000,0.5435,-3.5,0,0.5435,0.295392,1,2
AF055220926,candidate,54,total,Over,2026-09-22 16:37:14.466000,0.5005,35.5,0,0.5005,0.2505,1,2
AF055220926,candidate,55,total,Under,2026-09-22 16:37:14.466000,0.4995,35.5,1,0.5005,0.2505,1,2
AF056170926,prod,50,moneyline,Home,2026-09-17 16:47:08.219000,0.4668,,0,0.4668,0.217902,1,3
AF056170926,prod,51,moneyline,Away,2026-09-17 16:47:08.219000,0.5333,,1,0.4667,0.217809,1,3
AF056170926,prod,54,total,Over,2026-09-17 16:47:08.219000,0.5053,32.5,0,0.5053,0.255328,1,3
AF056170926,prod,55,total,Under,2026-09-17 16:47:08.219000,0.4947,32.5,1,0.5053,0.255328,1,3
AF056170926,candidate,50,moneyline,Home,2026-09-17 16:47:08.219000,0.44,,0,0.44,0.1936,1,2
AF056170926,candidate,51,moneyline,Away,2026-09-17 16:47:08.219000,0.56,,1,0.44,0.1936,1,2
AF056170926,candidate,52,spread,Home,2026-09-17 16:47:08.219000,0.4995,-2.5,0,0.4995,0.2495,1,2
AF056170926,candidate,53,spread,Away,2026-09-17 16:47:08.219000,0.5005,2.5,1,0.4995,0.2495,1,2
AF056170926,candidate,54,total,Over,2026-09-17 16:47:08.219000,0.5085,30.5,0,0.5085,0.258572,1,2
AF056170926,candidate,55,total,Under,2026-09-17 16:47:08.219000,0.4915,30.5,1,0.5085,0.258572,1,2
AF056200926,prod,50,moneyline,Home,2026-09-20 15:00:30.764000,0.5205,,0,0.5205,0.27092,1,3
AF056200926,prod,51,moneyline,Away,2026-09-20 15:00:30.764000,0.4795,,1,0.5205,0.27092,1,3
AF056200926,prod,52,spread,Home,2026-09-20 15:00:30.764000,0.501,1.5,0,0.501,0.251001,1,3
AF056200926,prod,53,spread,Away,2026-09-20 15:00:30.764000,0.499,-1.5,1,0.501,0.251001,1,3
AF056200926,prod,54,total,Over,2026-09-20 15:00:30.764000,0.4994,34.5,0,0.4994,0.2494,1,3
AF056200926,prod,55,total,Under,2026-09-20 15:00:30.764000,0.5006,34.5,1,0.4994,0.2494,1,3
AF056200926,candidate,50,moneyline,Home,2026-09-20 15:00:30.764000,0.568,,0,0.568,0.322624,1,2
AF056200926,candidate,51,moneyline,Away,2026-09-20 15:00:30.764000,0.432,,1,0.568,0.322624,1,2
AF056200926,candidate,52,spread,Home,2026-09-20 15:00:30.764000,0.5075,2.5,0,0.5075,0.257556,1,2
AF056200926,candidate,53,spread,Away,2026-09-20 15:00:30.764000,0.4925,-2.5,1,0.5075,0.257556,1,2
AF056200926,candidate,54,total,Over,2026-09-20 15:00:30.764000,0.4975,32.5,0,0.4975,0.247506,1,2
AF056200926,candidate,55,total,Under,2026-09-20 15:00:30.764000,0.5025,32.5,1,0.4975,0.247506,1,2
AF056220926,prod,50,moneyline,Home,2026-09-22 16:47:37.162000,0.4844,,1,0.5156,0.265843,1,3
AF056220926,prod,51,moneyline,Away,2026-09-22 16:47:37.162000,0.5156,,0,0.5156,0.265843,1,3
AF056220926,prod,52,spread,Home,2026-09-22 16:47:37.162000,0.5063,-1.5,1,0.4937,0.24374,1,3
AF056220926,prod,53,spread,Away,2026-09-22 16:47:37.162000,0.4937,1.5,0,0.4937,0.24374,1,3
AF056220926,prod,54,total,Over,2026-09-22 16:47:37.162000,0.5371,30.5,0,0.5371,0.288476,1,3
AF056220926,prod,55,total,Under,2026-09-22 16:47:37.162000,0.4629,30.5,1,0.5371,0.288476,1,3
AF056220926,candidate,50,moneyline,Home,2026-09-22 16:47:37.162000,0.641,,1,0.359,0.128881,1,2
AF056220926,candidate,51,moneyline,Away,2026-09-22 16:47:37.162000,0.359,,0,0.359,0.128881,1,2
AF056220926,candidate,52,spread,Home,2026-09-22 16:47:37.162000,0.4545,3.5,0,0.4545,0.20657,1,2
AF056220926,candidate,53,spread,Away,2026-09-22 16:47:37.162000,0.5455,-3.5,1,0.4545,0.20657,1,2
AF056220926,candidate,54,total,Over,2026-09-22 16:47:37.162000,0.523,30.5,0,0.523,0.273529,1,2
AF056220926,candidate,55,total,Under,2026-09-22 16:47:37.162000,0.477,30.5,1,0.523,0.273529,1,2
AF057170926,prod,50,moneyline,Home,2026-09-17 17:13:07.618000,0.3676,,1,0.6324,0.39993,1,3
AF057170926,prod,51,moneyline,Away,2026-09-17 17:13:07.618000,0.6326,,0,0.6326,0.400183,1,3
AF057170926,prod,52,spread,Home,2026-09-17 17:13:07.618000,0.5278,-3.5,1,0.4722,0.222973,1,3
AF057170926,prod,53,spread,Away,2026-09-17 17:13:07.618000,0.4722,3.5,0,0.4722,0.222973,1,3
AF057170926,prod,54,total,Over,2026-09-17 17:13:07.618000,0.5132,34.5,1,0.4868,0.236974,1,3
AF057170926,prod,55,total,Under,2026-09-17 17:13:07.618000,0.4868,34.5,0,0.4868,0.236974,1,3
AF057170926,candidate,50,moneyline,Home,2026-09-17 17:13:07.618000,0.4125,,1,0.5875,0.345156,1,2
AF057170926,candidate,51,moneyline,Away,2026-09-17 17:13:07.618000,0.5875,,0,0.5875,0.345156,1,2
AF057170926,candidate,52,spread,Home,2026-09-17 17:13:07.618000,0.4835,-2.5,1,0.5165,0.266772,1,2
AF057170926,candidate,53,spread,Away,2026-09-17 17:13:07.618000,0.5165,2.5,0,0.5165,0.266772,1,2
AF057170926,candidate,54,total,Over,2026-09-17 17:13:07.618000,0.508,37.5,1,0.492,0.242064,1,2
AF057170926,candidate,55,total,Under,2026-09-17 17:13:07.618000,0.492,37.5,0,0.492,0.242064,1,2
AF057180926,prod,50,moneyline,Home,2026-09-18 17:13:24.640000,0.5348,,1,0.4652,0.216411,1,3
AF057180926,prod,51,moneyline,Away,2026-09-18 17:13:24.640000,0.4653,,0,0.4653,0.216504,1,3
AF057180926,prod,52,spread,Home,2026-09-18 17:13:24.640000,0.4899,2.5,1,0.5101,0.260202,1,3
AF057180926,prod,53,spread,Away,2026-09-18 17:13:24.640000,0.5101,-2.5,0,0.5101,0.260202,1,3
AF057180926,prod,54,total,Over,2026-09-18 17:13:24.640000,0.4643,38.5,0,0.4643,0.215574,1,5
AF057180926,prod,55,total,Under,2026-09-18 17:13:24.640000,0.5357,38.5,1,0.4643,0.215574,1,5
AF057180926,candidate,50,moneyline,Home,2026-09-18 17:13:24.640000,0.5835,,1,0.4165,0.173472,1,2
AF057180926,candidate,51,moneyline,Away,2026-09-18 17:13:24.640000,0.4165,,0,0.4165,0.173472,1,2
AF057180926,candidate,52,spread,Home,2026-09-18 17:13:24.640000,0.514,2.5,1,0.486,0.236196,1,2
AF057180926,candidate,53,spread,Away,2026-09-18 17:13:24.640000,0.486,-2.5,0,0.486,0.236196,1,2
AF057180926,candidate,54,total,Over,2026-09-18 17:13:24.640000,0.5285,37.5,0,0.5285,0.279312,1,2
AF057180926,candidate,55,total,Under,2026-09-18 17:13:24.640000,0.4715,37.5,1,0.5285,0.279312,1,2
AF057200926,prod,50,moneyline,Home,2026-09-20 15:25:27.233000,0.5359,,1,0.4641,0.215389,1,3
AF057200926,prod,51,moneyline,Away,2026-09-20 15:25:27.233000,0.4641,,0,0.4641,0.215389,1,3
AF057200926,prod,52,spread,Home,2026-09-20 15:25:27.233000,0.4914,2.5,1,0.5086,0.258674,1,3
AF057200926,prod,53,spread,Away,2026-09-20 15:25:27.233000,0.5086,-2.5,0,0.5086,0.258674,1,3
AF057200926,prod,54,total,Over,2026-09-20 15:25:27.233000,0.521,34.5,1,0.479,0.229441,1,3
AF057200926,prod,55,total,Under,2026-09-20 15:25:27.233000,0.479,34.5,0,0.479,0.229441,1,3
AF057200926,candidate,50,moneyline,Home,2026-09-20 15:25:27.233000,0.6485,,1,0.3515,0.123552,1,2
AF057200926,candidate,51,moneyline,Away,2026-09-20 15:25:27.233000,0.3515,,0,0.3515,0.123552,1,2
AF057200926,candidate,52,spread,Home,2026-09-20 15:25:27.233000,0.467,3.5,1,0.533,0.284089,1,2
AF057200926,candidate,53,spread,Away,2026-09-20 15:25:27.233000,0.533,-3.5,0,0.533,0.284089,1,2
AF057200926,candidate,54,total,Over,2026-09-20 15:25:27.233000,0.474,38.5,1,0.526,0.276676,1,2
AF057200926,candidate,55,total,Under,2026-09-20 15:25:27.233000,0.526,38.5,0,0.526,0.276676,1,2
AF057210926,prod,50,moneyline,Home,2026-09-21 17:13:17.326000,0.4165,,1,0.5835,0.340472,1,3
AF057210926,prod,51,moneyline,Away,2026-09-21 17:13:17.326000,0.5835,,0,0.5835,0.340472,1,3
AF057210926,prod,52,spread,Home,2026-09-21 17:13:17.326000,0.4642,-2.5,1,0.5358,0.287082,1,3
AF057210926,prod,53,spread,Away,2026-09-21 17:13:17.326000,0.5358,2.5,0,0.5358,0.287082,1,3
AF057210926,prod,54,total,Over,2026-09-21 17:13:17.326000,0.4854,37.5,0,0.4854,0.235613,1,3
AF057210926,prod,55,total,Under,2026-09-21 17:13:17.326000,0.5146,37.5,1,0.4854,0.235613,1,3
AF057210926,candidate,50,moneyline,Home,2026-09-21 17:13:17.326000,0.394,,1,0.606,0.367236,1,2
AF057210926,candidate,51,moneyline,Away,2026-09-21 17:13:17.326000,0.606,,0,0.606,0.367236,1,2
AF057210926,candidate,52,spread,Home,2026-09-21 17:13:17.326000,0.4575,-2.5,1,0.5425,0.294306,1,2
AF057210926,candidate,53,spread,Away,2026-09-21 17:13:17.326000,0.5425,2.5,0,0.5425,0.294306,1,2
AF057210926,candidate,54,total,Over,2026-09-21 17:13:17.326000,0.5055,36.5,0,0.5055,0.25553,1,2
AF057210926,candidate,55,total,Under,2026-09-21 17:13:17.326000,0.4945,36.5,1,0.5055,0.25553,1,2
AF057220926,prod,50,moneyline,Home,2026-09-22 17:13:20.123000,0.5546,,1,0.4454,0.198381,1,4
AF057220926,prod,51,moneyline,Away,2026-09-22 17:13:20.123000,0.4455,,0,0.4455,0.19847,1,4
AF057220926,prod,52,spread,Home,2026-09-22 17:13:20.123000,0.4999,2.5,0,0.4999,0.2499,1,4
AF057220926,prod,53,spread,Away,2026-09-22 17:13:20.123000,0.5002,-2.5,1,0.4998,0.2498,1,4
AF057220926,prod,54,total,Over,2026-09-22 17:13:20.123000,0.5136,37.5,0,0.5136,0.263785,1,4
AF057220926,prod,55,total,Under,2026-09-22 17:13:20.123000,0.4864,37.5,1,0.5136,0.263785,1,4
AF057220926,candidate,50,moneyline,Home,2026-09-22 17:13:20.123000,0.587,,1,0.413,0.170569,1,2
AF057220926,candidate,51,moneyline,Away,2026-09-22 17:13:20.123000,0.413,,0,0.413,0.170569,1,2
AF057220926,candidate,52,spread,Home,2026-09-22 17:13:20.123000,0.5175,2.5,0,0.5175,0.267806,1,2
AF057220926,candidate,53,spread,Away,2026-09-22 17:13:20.123000,0.4825,-2.5,1,0.5175,0.267806,1,2
AF057220926,candidate,54,total,Over,2026-09-22 17:13:20.123000,0.517,36.5,0,0.517,0.267289,1,2
AF057220926,candidate,55,total,Under,2026-09-22 17:13:20.123000,0.483,36.5,1,0.517,0.267289,1,2
AF058180926,prod,50,moneyline,Home,2026-09-18 17:23:13.855000,0.5078,,0,0.5078,0.257861,1,3
AF058180926,prod,51,moneyline,Away,2026-09-18 17:23:13.855000,0.4922,,1,0.5078,0.257861,1,3
AF058180926,prod,52,spread,Home,2026-09-18 17:23:13.855000,0.4859,1.5,0,0.4859,0.236099,1,3
AF058180926,prod,53,spread,Away,2026-09-18 17:23:13.855000,0.5141,-1.5,1,0.4859,0.236099,1,3
AF058180926,candidate,50,moneyline,Home,2026-09-18 17:23:13.855000,0.528,,0,0.528,0.278784,1,2
AF058180926,candidate,51,moneyline,Away,2026-09-18 17:23:13.855000,0.472,,1,0.528,0.278784,1,2
AF058180926,candidate,52,spread,Home,2026-09-18 17:23:13.855000,0.4935,1.5,0,0.4935,0.243542,1,2
AF058180926,candidate,53,spread,Away,2026-09-18 17:23:13.855000,0.5065,-1.5,1,0.4935,0.243542,1,2
AF058180926,candidate,54,total,Over,2026-09-18 17:23:13.855000,0.463,31.5,0,0.463,0.214369,1,2
AF058180926,candidate,55,total,Under,2026-09-18 17:23:13.855000,0.537,31.5,1,0.463,0.214369,1,2
AF058190926,prod,50,moneyline,Home,2026-09-19 15:36:50.702000,0.527,,0,0.527,0.277729,1,3
AF058190926,prod,51,moneyline,Away,2026-09-19 15:36:50.702000,0.473,,1,0.527,0.277729,1,3
AF058190926,prod,52,spread,Home,2026-09-19 15:36:50.702000,0.5077,1.5,0,0.5077,0.257759,1,3
AF058190926,prod,53,spread,Away,2026-09-19 15:36:50.702000,0.4924,-1.5,1,0.5076,0.257658,1,3
AF058190926,prod,54,total,Over,2026-09-19 15:36:50.702000,0.4726,35.5,0,0.4726,0.223351,1,3
AF058190926,prod,55,total,Under,2026-09-19 15:36:50.702000,0.5274,35.5,1,0.4726,0.223351,1,3
AF058190926,candidate,50,moneyline,Home,2026-09-19 15:36:50.702000,0.573,,0,0.573,0.328329,1,2
AF058190926,candidate,51,moneyline,Away,2026-09-19 15:36:50.702000,0.427,,1,0.573,0.328329,1,2
AF058190926,candidate,52,spread,Home,2026-09-19 15:36:50.702000,0.513,2.5,0,0.513,0.263169,1,2
AF058190926,candidate,53,spread,Away,2026-09-19 15:36:50.702000,0.487,-2.5,1,0.513,0.263169,1,2
AF058190926,candidate,54,total,Over,2026-09-19 15:36:50.702000,0.4755,38.5,0,0.4755,0.2261,1,2
AF058190926,candidate,55,total,Under,2026-09-19 15:36:50.702000,0.5245,38.5,1,0.4755,0.2261,1,2
AF058200926,prod,50,moneyline,Home,2026-09-20 15:35:23.319000,0.5192,,0,0.5192,0.269569,1,3
AF058200926,prod,51,moneyline,Away,2026-09-20 15:35:23.319000,0.4809,,1,0.5191,0.269465,1,3
AF058200926,prod,52,spread,Home,2026-09-20 15:35:23.319000,0.499,1.5,0,0.499,0.249001,1,3
AF058200926,prod,53,spread,Away,2026-09-20 15:35:23.319000,0.5011,-1.5,1,0.4989,0.248901,1,3
AF058200926,prod,54,total,Over,2026-09-20 15:35:23.319000,0.5311,30.5,0,0.5311,0.282067,1,3
AF058200926,prod,55,total,Under,2026-09-20 15:35:23.319000,0.4689,30.5,1,0.5311,0.282067,1,3
AF058200926,candidate,50,moneyline,Home,2026-09-20 15:35:23.319000,0.4105,,0,0.4105,0.16851,1,2
AF058200926,candidate,51,moneyline,Away,2026-09-20 15:35:23.319000,0.5895,,1,0.4105,0.16851,1,2
AF058200926,candidate,52,spread,Home,2026-09-20 15:35:23.319000,0.4735,-2.5,0,0.4735,0.224202,1,2
AF058200926,candidate,53,spread,Away,2026-09-20 15:35:23.319000,0.5265,2.5,1,0.4735,0.224202,1,2
AF058200926,candidate,54,total,Over,2026-09-20 15:35:23.319000,0.5385,30.5,0,0.5385,0.289982,1,2
AF058200926,candidate,55,total,Under,2026-09-20 15:35:23.319000,0.4615,30.5,1,0.5385,0.289982,1,2
AF058210926,prod,50,moneyline,Home,2026-09-21 17:23:15.159000,0.4884,,1,0.5116,0.261735,1,3
AF058210926,prod,51,moneyline,Away,2026-09-21 17:23:15.159000,0.5117,,0,0.5117,0.261837,1,3
AF058210926,prod,52,spread,Home,2026-09-21 17:23:15.159000,0.5092,-1.5,1,0.4908,0.240885,1,3
AF058210926,prod,53,spread,Away,2026-09-21 17:23:15.159000,0.4908,1.5,0,0.4908,0.240885,1,3
AF058210926,prod,54,total,Over,2026-09-21 17:23:15.159000,0.4962,33.5,0,0.4962,0.246214,1,3
AF058210926,prod,55,total,Under,2026-09-21 17:23:15.159000,0.5038,33.5,1,0.4962,0.246214,1,3
AF058210926,candidate,50,moneyline,Home,2026-09-21 17:23:15.159000,0.5085,,1,0.4915,0.241572,1,2
AF058210926,candidate,51,moneyline,Away,2026-09-21 17:23:15.159000,0.4915,,0,0.4915,0.241572,1,2
AF058210926,candidate,52,spread,Home,2026-09-21 17:23:15.159000,0.5085,0.5,1,0.4915,0.241572,1,2
AF058210926,candidate,53,spread,Away,2026-09-21 17:23:15.159000,0.4915,-0.5,0,0.4915,0.241572,1,2
AF058210926,candidate,54,total,Over,2026-09-21 17:23:15.159000,0.497,28.5,1,0.503,0.253009,1,2
AF058210926,candidate,55,total,Under,2026-09-21 17:23:15.159000,0.503,28.5,0,0.503,0.253009,1,2
AF058220926,prod,50,moneyline,Home,2026-09-22 17:23:15.044000,0.5153,,0,0.5153,0.265534,1,3
AF058220926,prod,51,moneyline,Away,2026-09-22 17:23:15.044000,0.4848,,1,0.5152,0.265431,1,3
AF058220926,prod,52,spread,Home,2026-09-22 17:23:15.044000,0.4964,1.5,0,0.4964,0.246413,1,3
AF058220926,prod,53,spread,Away,2026-09-22 17:23:15.044000,0.5036,-1.5,1,0.4964,0.246413,1,3
AF058220926,prod,54,total,Over,2026-09-22 17:23:15.044000,0.5365,30.5,0,0.5365,0.287832,1,3
AF058220926,prod,55,total,Under,2026-09-22 17:23:15.044000,0.4635,30.5,1,0.5365,0.287832,1,3
AF058220926,candidate,50,moneyline,Home,2026-09-22 17:23:15.044000,0.6005,,0,0.6005,0.3606,1,2
AF058220926,candidate,51,moneyline,Away,2026-09-22 17:23:15.044000,0.3995,,1,0.6005,0.3606,1,2
AF058220926,candidate,52,spread,Home,2026-09-22 17:23:15.044000,0.5305,2.5,0,0.5305,0.28143,1,2
AF058220926,candidate,53,spread,Away,2026-09-22 17:23:15.044000,0.4695,-2.5,1,0.5305,0.28143,1,2
AF058220926,candidate,54,total,Over,2026-09-22 17:23:15.044000,0.47,31.5,0,0.47,0.2209,1,2
AF058220926,candidate,55,total,Under,2026-09-22 17:23:15.044000,0.53,31.5,1,0.47,0.2209,1,2
AF059170926,prod,50,moneyline,Home,2026-09-17 17:49:07.368000,0.5543,,0,0.5543,0.307248,1,3
AF059170926,prod,51,moneyline,Away,2026-09-17 17:49:07.368000,0.4458,,1,0.5542,0.307138,1,3
AF059170926,prod,52,spread,Home,2026-09-17 17:49:07.368000,0.5061,2.5,0,0.5061,0.256137,1,3
AF059170926,prod,53,spread,Away,2026-09-17 17:49:07.368000,0.4939,-2.5,1,0.5061,0.256137,1,3
AF059170926,prod,54,total,Over,2026-09-17 17:49:07.368000,0.4784,38.5,0,0.4784,0.228867,1,3
AF059170926,prod,55,total,Under,2026-09-17 17:49:07.368000,0.5216,38.5,1,0.4784,0.228867,1,3
AF059170926,candidate,50,moneyline,Home,2026-09-17 17:49:07.368000,0.637,,0,0.637,0.405769,1,2
AF059170926,candidate,51,moneyline,Away,2026-09-17 17:49:07.368000,0.363,,1,0.637,0.405769,1,2
AF059170926,candidate,52,spread,Home,2026-09-17 17:49:07.368000,0.4585,3.5,0,0.4585,0.210222,1,2
AF059170926,candidate,53,spread,Away,2026-09-17 17:49:07.368000,0.5415,-3.5,1,0.4585,0.210222,1,2
AF059170926,candidate,54,total,Over,2026-09-17 17:49:07.368000,0.509,34.5,1,0.491,0.241081,1,2
AF059170926,candidate,55,total,Under,2026-09-17 17:49:07.368000,0.491,34.5,0,0.491,0.241081,1,2
AF059180926,prod,50,moneyline,Home,2026-09-18 17:49:15.104000,0.5774,,0,0.5774,0.333391,1,3
AF059180926,prod,51,moneyline,Away,2026-09-18 17:49:15.104000,0.4226,,1,0.5774,0.333391,1,3
AF059180926,prod,52,spread,Home,2026-09-18 17:49:15.104000,0.5263,2.5,0,0.5263,0.276992,1,3
AF059180926,prod,53,spread,Away,2026-09-18 17:49:15.104000,0.4737,-2.5,1,0.5263,0.276992,1,3
AF059180926,prod,54,total,Over,2026-09-18 17:49:15.104000,0.5044,36.5,1,0.4956,0.245619,1,3
AF059180926,prod,55,total,Under,2026-09-18 17:49:15.104000,0.4956,36.5,0,0.4956,0.245619,1,3
AF059180926,candidate,50,moneyline,Home,2026-09-18 17:49:15.104000,0.4855,,0,0.4855,0.23571,1,2
AF059180926,candidate,51,moneyline,Away,2026-09-18 17:49:15.104000,0.5145,,1,0.4855,0.23571,1,2
AF059180926,candidate,52,spread,Home,2026-09-18 17:49:15.104000,0.4855,-0.5,0,0.4855,0.23571,1,2
AF059180926,candidate,53,spread,Away,2026-09-18 17:49:15.104000,0.5145,0.5,1,0.4855,0.23571,1,2
AF059180926,candidate,54,total,Over,2026-09-18 17:49:15.104000,0.4925,31.5,1,0.5075,0.257556,1,2
AF059180926,candidate,55,total,Under,2026-09-18 17:49:15.104000,0.5075,31.5,0,0.5075,0.257556,1,2
AF059190926,prod,50,moneyline,Home,2026-09-19 16:01:30.021000,0.5926,,1,0.4074,0.165975,1,3
AF059190926,prod,51,moneyline,Away,2026-09-19 16:01:30.021000,0.4074,,0,0.4074,0.165975,1,3
AF059190926,prod,52,spread,Home,2026-09-19 16:01:30.021000,0.547,2.5,1,0.453,0.205209,1,3
AF059190926,prod,53,spread,Away,2026-09-19 16:01:30.021000,0.453,-2.5,0,0.453,0.205209,1,3
AF059190926,prod,54,total,Over,2026-09-19 16:01:30.021000,0.4997,35.5,0,0.4997,0.2497,1,3
AF059190926,prod,55,total,Under,2026-09-19 16:01:30.021000,0.5003,35.5,1,0.4997,0.2497,1,3
AF059190926,candidate,50,moneyline,Home,2026-09-19 16:01:30.021000,0.6665,,1,0.3335,0.111222,1,2
AF059190926,candidate,51,moneyline,Away,2026-09-19 16:01:30.021000,0.3335,,0,0.3335,0.111222,1,2
AF059190926,candidate,52,spread,Home,2026-09-19 16:01:30.021000,0.466,3.5,1,0.534,0.285156,1,2
AF059190926,candidate,53,spread,Away,2026-09-19 16:01:30.021000,0.534,-3.5,0,0.534,0.285156,1,2
AF059190926,candidate,54,total,Over,2026-09-19 16:01:30.021000,0.5035,32.5,0,0.5035,0.253512,1,2
AF059190926,candidate,55,total,Under,2026-09-19 16:01:30.021000,0.4965,32.5,1,0.5035,0.253512,1,2
AF059200926,prod,50,moneyline,Home,2026-09-20 16:01:16.285000,0.6154,,0,0.6154,0.378717,1,3
AF059200926,prod,51,moneyline,Away,2026-09-20 16:01:16.285000,0.3847,,1,0.6153,0.378594,1,3
AF059200926,prod,52,spread,Home,2026-09-20 16:01:16.285000,0.4673,3.5,0,0.4673,0.218369,1,3
AF059200926,prod,53,spread,Away,2026-09-20 16:01:16.285000,0.5327,-3.5,1,0.4673,0.218369,1,3
AF059200926,prod,54,total,Over,2026-09-20 16:01:16.285000,0.5196,37.5,0,0.5196,0.269984,1,3
AF059200926,prod,55,total,Under,2026-09-20 16:01:16.285000,0.4804,37.5,1,0.5196,0.269984,1,3
AF059200926,candidate,50,moneyline,Home,2026-09-20 16:01:16.285000,0.6248,,0,0.6248,0.390375,1,2
AF059200926,candidate,51,moneyline,Away,2026-09-20 16:01:16.285000,0.3752,,1,0.6248,0.390375,1,2
AF059200926,candidate,52,spread,Home,2026-09-20 16:01:16.285000,0.45,3.5,0,0.45,0.2025,1,2
AF059200926,candidate,53,spread,Away,2026-09-20 16:01:16.285000,0.55,-3.5,1,0.45,0.2025,1,2
AF059200926,candidate,54,total,Over,2026-09-20 16:01:16.285000,0.483,37.5,0,0.483,0.233289,1,2
AF059200926,candidate,55,total,Under,2026-09-20 16:01:16.285000,0.517,37.5,1,0.483,0.233289,1,2
AF059210926,prod,50,moneyline,Home,2026-09-21 17:49:14.214000,0.5645,,0,0.5645,0.31866,1,3
AF059210926,prod,51,moneyline,Away,2026-09-21 17:49:14.214000,0.4355,,1,0.5645,0.31866,1,3
AF059210926,prod,52,spread,Home,2026-09-21 17:49:14.214000,0.516,2.5,0,0.516,0.266256,1,3
AF059210926,prod,53,spread,Away,2026-09-21 17:49:14.214000,0.484,-2.5,1,0.516,0.266256,1,3
AF059210926,prod,54,total,Over,2026-09-21 17:49:14.214000,0.5303,37.5,0,0.5303,0.281218,1,3
AF059210926,prod,55,total,Under,2026-09-21 17:49:14.214000,0.4697,37.5,1,0.5303,0.281218,1,3
AF059210926,candidate,50,moneyline,Home,2026-09-21 17:49:14.214000,0.629,,0,0.629,0.395641,1,2
AF059210926,candidate,51,moneyline,Away,2026-09-21 17:49:14.214000,0.371,,1,0.629,0.395641,1,2
AF059210926,candidate,52,spread,Home,2026-09-21 17:49:14.214000,0.4545,3.5,0,0.4545,0.20657,1,2
AF059210926,candidate,53,spread,Away,2026-09-21 17:49:14.214000,0.5455,-3.5,1,0.4545,0.20657,1,2
AF059210926,candidate,54,total,Over,2026-09-21 17:49:14.214000,0.512,36.5,0,0.512,0.262144,1,2
AF059210926,candidate,55,total,Under,2026-09-21 17:49:14.214000,0.488,36.5,1,0.512,0.262144,1,2
AF060170926,prod,50,moneyline,Home,2026-09-17 17:59:39.025000,0.4595,,1,0.5405,0.29214,1,3
AF060170926,prod,51,moneyline,Away,2026-09-17 17:59:39.025000,0.5405,,0,0.5405,0.29214,1,3
AF060170926,prod,52,spread,Home,2026-09-17 17:59:39.025000,0.5014,-2.5,1,0.4986,0.248602,1,3
AF060170926,prod,53,spread,Away,2026-09-17 17:59:39.025000,0.4986,2.5,0,0.4986,0.248602,1,3
AF060170926,prod,54,total,Over,2026-09-17 17:59:39.025000,0.5136,34.5,0,0.5136,0.263785,1,3
AF060170926,prod,55,total,Under,2026-09-17 17:59:39.025000,0.4864,34.5,1,0.5136,0.263785,1,3
AF060170926,candidate,50,moneyline,Home,2026-09-17 17:59:39.025000,0.4655,,1,0.5345,0.28569,1,2
AF060170926,candidate,51,moneyline,Away,2026-09-17 17:59:39.025000,0.5345,,0,0.5345,0.28569,1,2
AF060170926,candidate,52,spread,Home,2026-09-17 17:59:39.025000,0.496,-1.5,1,0.504,0.254016,1,2
AF060170926,candidate,53,spread,Away,2026-09-17 17:59:39.025000,0.504,1.5,0,0.504,0.254016,1,2
AF060170926,candidate,54,total,Over,2026-09-17 17:59:39.025000,0.4905,31.5,0,0.4905,0.24059,1,2
AF060170926,candidate,55,total,Under,2026-09-17 17:59:39.025000,0.5095,31.5,1,0.4905,0.24059,1,2
AF060200926,prod,50,moneyline,Home,2026-09-20 16:11:17.980000,0.494,,0,0.494,0.244036,1,3
AF060200926,prod,51,moneyline,Away,2026-09-20 16:11:17.980000,0.506,,1,0.494,0.244036,1,3
AF060200926,prod,54,total,Over,2026-09-20 16:11:17.980000,0.4991,31.5,0,0.4991,0.249101,1,3
AF060200926,prod,55,total,Under,2026-09-20 16:11:17.980000,0.5009,31.5,1,0.4991,0.249101,1,3
AF060200926,candidate,50,moneyline,Home,2026-09-20 16:11:17.980000,0.4835,,0,0.4835,0.233772,1,2
AF060200926,candidate,51,moneyline,Away,2026-09-20 16:11:17.980000,0.5165,,1,0.4835,0.233772,1,2
AF060200926,candidate,52,spread,Home,2026-09-20 16:11:17.980000,0.4835,-0.5,0,0.4835,0.233772,1,2
AF060200926,candidate,53,spread,Away,2026-09-20 16:11:17.980000,0.5165,0.5,1,0.4835,0.233772,1,2
AF060200926,candidate,54,total,Over,2026-09-20 16:11:17.980000,0.5105,34.5,0,0.5105,0.26061,1,2
AF060200926,candidate,55,total,Under,2026-09-20 16:11:17.980000,0.4895,34.5,1,0.5105,0.26061,1,2
AF060220926,prod,50,moneyline,Home,2026-09-22 17:59:43.311000,0.5269,,0,0.5269,0.277624,1,3
AF060220926,prod,51,moneyline,Away,2026-09-22 17:59:43.311000,0.4731,,1,0.5269,0.277624,1,3
AF060220926,prod,52,spread,Home,2026-09-22 17:59:43.311000,0.5062,1.5,0,0.5062,0.256238,1,3
AF060220926,prod,53,spread,Away,2026-09-22 17:59:43.311000,0.4938,-1.5,1,0.5062,0.256238,1,3
AF060220926,prod,54,total,Over,2026-09-22 17:59:43.311000,0.4751,31.5,0,0.4751,0.22572,1,3
AF060220926,prod,55,total,Under,2026-09-22 17:59:43.311000,0.5249,31.5,1,0.4751,0.22572,1,3
AF060220926,candidate,50,moneyline,Home,2026-09-22 17:59:43.311000,0.4967,,0,0.4967,0.246711,1,2
AF060220926,candidate,51,moneyline,Away,2026-09-22 17:59:43.311000,0.5033,,1,0.4967,0.246711,1,2
AF060220926,candidate,52,spread,Home,2026-09-22 17:59:43.311000,0.497,-0.5,0,0.497,0.247009,1,2
AF060220926,candidate,53,spread,Away,2026-09-22 17:59:43.311000,0.503,0.5,1,0.497,0.247009,1,2
AF060220926,candidate,54,total,Over,2026-09-22 17:59:43.311000,0.505,28.5,1,0.495,0.245025,1,2
AF060220926,candidate,55,total,Under,2026-09-22 17:59:43.311000,0.495,28.5,0,0.495,0.245025,1,2
AF061170926,prod,50,moneyline,Home,2026-09-17 18:25:26.819000,0.4862,,1,0.5138,0.26399,1,3
AF061170926,prod,51,moneyline,Away,2026-09-17 18:25:26.819000,0.5138,,0,0.5138,0.26399,1,3
AF061170926,prod,52,spread,Home,2026-09-17 18:25:26.819000,0.5048,-1.5,1,0.4952,0.245223,1,3
AF061170926,prod,53,spread,Away,2026-09-17 18:25:26.819000,0.4952,1.5,0,0.4952,0.245223,1,3
AF061170926,prod,54,total,Over,2026-09-17 18:25:26.819000,0.4859,35.5,1,0.5141,0.264299,1,3
AF061170926,prod,55,total,Under,2026-09-17 18:25:26.819000,0.5141,35.5,0,0.5141,0.264299,1,3
AF061170926,candidate,50,moneyline,Home,2026-09-17 18:25:26.819000,0.5205,,1,0.4795,0.22992,1,2
AF061170926,candidate,51,moneyline,Away,2026-09-17 18:25:26.819000,0.4795,,0,0.4795,0.22992,1,2
AF061170926,candidate,52,spread,Home,2026-09-17 18:25:26.819000,0.5205,0.5,1,0.4795,0.22992,1,2
AF061170926,candidate,53,spread,Away,2026-09-17 18:25:26.819000,0.4795,-0.5,0,0.4795,0.22992,1,2
AF061170926,candidate,54,total,Over,2026-09-17 18:25:26.819000,0.4735,38.5,1,0.5265,0.277202,1,2
AF061170926,candidate,55,total,Under,2026-09-17 18:25:26.819000,0.5265,38.5,0,0.5265,0.277202,1,2
AF061180926,prod,50,moneyline,Home,2026-09-18 18:25:35.892000,0.5278,,0,0.5278,0.278573,1,3
AF061180926,prod,51,moneyline,Away,2026-09-18 18:25:35.892000,0.4722,,1,0.5278,0.278573,1,3
AF061180926,prod,52,spread,Home,2026-09-18 18:25:35.892000,0.5079,1.5,0,0.5079,0.257962,1,3
AF061180926,prod,53,spread,Away,2026-09-18 18:25:35.892000,0.4921,-1.5,1,0.5079,0.257962,1,3
AF061180926,prod,54,total,Over,2026-09-18 18:25:35.892000,0.5206,37.5,0,0.5206,0.271024,1,3
AF061180926,prod,55,total,Under,2026-09-18 18:25:35.892000,0.4794,37.5,1,0.5206,0.271024,1,3
AF061180926,candidate,50,moneyline,Home,2026-09-18 18:25:35.892000,0.499,,0,0.499,0.249001,1,2
AF061180926,candidate,51,moneyline,Away,2026-09-18 18:25:35.892000,0.501,,1,0.499,0.249001,1,2
AF061180926,candidate,52,spread,Home,2026-09-18 18:25:35.892000,0.499,-0.5,0,0.499,0.249001,1,2
AF061180926,candidate,53,spread,Away,2026-09-18 18:25:35.892000,0.501,0.5,1,0.499,0.249001,1,2
AF061180926,candidate,54,total,Over,2026-09-18 18:25:35.892000,0.5075,41.5,0,0.5075,0.257556,1,2
AF061180926,candidate,55,total,Under,2026-09-18 18:25:35.892000,0.4925,41.5,1,0.5075,0.257556,1,2
AF061190926,prod,50,moneyline,Home,2026-09-19 16:37:57.264000,0.5142,,0,0.5142,0.264402,1,3
AF061190926,prod,51,moneyline,Away,2026-09-19 16:37:57.264000,0.4858,,1,0.5142,0.264402,1,3
AF061190926,prod,52,spread,Home,2026-09-19 16:37:57.264000,0.4936,1.5,0,0.4936,0.243641,1,3
AF061190926,prod,53,spread,Away,2026-09-19 16:37:57.264000,0.5065,-1.5,1,0.4935,0.243542,1,3
AF061190926,prod,54,total,Over,2026-09-19 16:37:57.264000,0.4756,35.5,1,0.5244,0.274995,1,3
AF061190926,prod,55,total,Under,2026-09-19 16:37:57.264000,0.5244,35.5,0,0.5244,0.274995,1,3
AF061190926,candidate,50,moneyline,Home,2026-09-19 16:37:57.264000,0.3995,,0,0.3995,0.1596,1,2
AF061190926,candidate,51,moneyline,Away,2026-09-19 16:37:57.264000,0.6005,,1,0.3995,0.1596,1,2
AF061190926,candidate,52,spread,Home,2026-09-19 16:37:57.264000,0.468,-2.5,0,0.468,0.219024,1,2
AF061190926,candidate,53,spread,Away,2026-09-19 16:37:57.264000,0.532,2.5,1,0.468,0.219024,1,2
AF061190926,candidate,54,total,Over,2026-09-19 16:37:57.264000,0.4855,35.5,1,0.5145,0.26471,1,2
AF061190926,candidate,55,total,Under,2026-09-19 16:37:57.264000,0.5145,35.5,0,0.5145,0.26471,1,2
AF061200926,prod,50,moneyline,Home,2026-09-20 16:37:42.550000,0.53,,1,0.47,0.2209,1,3
AF061200926,prod,51,moneyline,Away,2026-09-20 16:37:42.550000,0.47,,0,0.47,0.2209,1,3
AF061200926,prod,52,spread,Home,2026-09-20 16:37:42.550000,0.5106,1.5,1,0.4894,0.239512,1,3
AF061200926,prod,53,spread,Away,2026-09-20 16:37:42.550000,0.4894,-1.5,0,0.4894,0.239512,1,3
AF061200926,prod,54,total,Over,2026-09-20 16:37:42.550000,0.5216,34.5,1,0.4784,0.228867,1,3
AF061200926,prod,55,total,Under,2026-09-20 16:37:42.550000,0.4784,34.5,0,0.4784,0.228867,1,3
AF061200926,candidate,50,moneyline,Home,2026-09-20 16:37:42.550000,0.48,,1,0.52,0.2704,1,2
AF061200926,candidate,51,moneyline,Away,2026-09-20 16:37:42.550000,0.52,,0,0.52,0.2704,1,2
AF061200926,candidate,52,spread,Home,2026-09-20 16:37:42.550000,0.517,-1.5,1,0.483,0.233289,1,2
AF061200926,candidate,53,spread,Away,2026-09-20 16:37:42.550000,0.483,1.5,0,0.483,0.233289,1,2
AF061200926,candidate,54,total,Over,2026-09-20 16:37:42.550000,0.5,36.5,1,0.5,0.25,1,2
AF061200926,candidate,55,total,Under,2026-09-20 16:37:42.550000,0.5,36.5,0,0.5,0.25,1,2
AF061210926,prod,50,moneyline,Home,2026-09-21 07:11:30.039000,0.4068,,0,0.4068,0.165486,1,3
AF061210926,prod,51,moneyline,Away,2026-09-21 07:11:30.039000,0.5932,,1,0.4068,0.165486,1,3
AF061210926,prod,52,spread,Home,2026-09-21 07:11:30.039000,0.5309,-3.5,0,0.5309,0.281855,1,3
AF061210926,prod,53,spread,Away,2026-09-21 07:11:30.039000,0.4691,3.5,1,0.5309,0.281855,1,3
AF061210926,prod,54,total,Over,2026-09-21 07:11:30.039000,0.4833,31.5,1,0.5167,0.266979,1,3
AF061210926,prod,55,total,Under,2026-09-21 07:11:30.039000,0.5167,31.5,0,0.5167,0.266979,1,3
AF061210926,candidate,50,moneyline,Home,2026-09-21 07:11:30.039000,0.516,,0,0.516,0.266256,1,2
AF061210926,candidate,51,moneyline,Away,2026-09-21 07:11:30.039000,0.484,,1,0.516,0.266256,1,2
AF061210926,candidate,52,spread,Home,2026-09-21 07:11:30.039000,0.486,1.5,0,0.486,0.236196,1,2
AF061210926,candidate,53,spread,Away,2026-09-21 07:11:30.039000,0.514,-1.5,1,0.486,0.236196,1,2
AF061210926,candidate,54,total,Over,2026-09-21 07:11:30.039000,0.469,24.5,1,0.531,0.281961,1,2
AF061210926,candidate,55,total,Under,2026-09-21 07:11:30.039000,0.531,24.5,0,0.531,0.281961,1,2
AF061220926,prod,50,moneyline,Home,2026-09-22 00:36:26.636000,0.4491,,1,0.5509,0.303491,1,3
AF061220926,prod,51,moneyline,Away,2026-09-22 00:36:26.636000,0.551,,0,0.551,0.303601,1,3
AF061220926,prod,52,spread,Home,2026-09-22 00:36:26.636000,0.4927,-2.5,1,0.5073,0.257353,1,3
AF061220926,prod,53,spread,Away,2026-09-22 00:36:26.636000,0.5073,2.5,0,0.5073,0.257353,1,3
AF061220926,prod,54,total,Over,2026-09-22 00:36:26.636000,0.5192,30.5,1,0.4808,0.231169,1,3
AF061220926,prod,55,total,Under,2026-09-22 00:36:26.636000,0.4808,30.5,0,0.4808,0.231169,1,3
AF061220926,candidate,50,moneyline,Home,2026-09-22 00:36:26.636000,0.465,,1,0.535,0.286225,1,2
AF061220926,candidate,51,moneyline,Away,2026-09-22 00:36:26.636000,0.535,,0,0.535,0.286225,1,2
AF061220926,candidate,52,spread,Home,2026-09-22 00:36:26.636000,0.504,-1.5,1,0.496,0.246016,1,2
AF061220926,candidate,53,spread,Away,2026-09-22 00:36:26.636000,0.496,1.5,0,0.496,0.246016,1,2
AF061220926,candidate,54,total,Over,2026-09-22 00:36:26.636000,0.5085,29.5,1,0.4915,0.241572,1,2
AF061220926,candidate,55,total,Under,2026-09-22 00:36:26.636000,0.4915,29.5,0,0.4915,0.241572,1,2
AF062170926,prod,50,moneyline,Home,2026-09-17 18:35:20.496000,0.4156,,1,0.5844,0.341523,1,3
AF062170926,prod,51,moneyline,Away,2026-09-17 18:35:20.496000,0.5845,,0,0.5845,0.34164,1,3
AF062170926,prod,52,spread,Home,2026-09-17 18:35:20.496000,0.4618,-2.5,1,0.5382,0.289659,1,3
AF062170926,prod,53,spread,Away,2026-09-17 18:35:20.496000,0.5383,2.5,0,0.5383,0.289767,1,3
AF062170926,prod,54,total,Over,2026-09-17 18:35:20.496000,0.5038,33.5,0,0.5038,0.253814,1,3
AF062170926,prod,55,total,Under,2026-09-17 18:35:20.496000,0.4962,33.5,1,0.5038,0.253814,1,3
AF062170926,candidate,50,moneyline,Home,2026-09-17 18:35:20.496000,0.4465,,1,0.5535,0.306362,1,2
AF062170926,candidate,51,moneyline,Away,2026-09-17 18:35:20.496000,0.5535,,0,0.5535,0.306362,1,2
AF062170926,candidate,52,spread,Home,2026-09-17 18:35:20.496000,0.505,-2.5,1,0.495,0.245025,1,2
AF062170926,candidate,53,spread,Away,2026-09-17 18:35:20.496000,0.495,2.5,0,0.495,0.245025,1,2
AF062170926,candidate,54,total,Over,2026-09-17 18:35:20.496000,0.5015,29.5,0,0.5015,0.251502,1,2
AF062170926,candidate,55,total,Under,2026-09-17 18:35:20.496000,0.4985,29.5,1,0.5015,0.251502,1,2
AF062190926,prod,50,moneyline,Home,2026-09-19 16:47:17.804000,0.5883,,1,0.4117,0.169497,1,3
AF062190926,prod,51,moneyline,Away,2026-09-19 16:47:17.804000,0.4118,,0,0.4118,0.169579,1,3
AF062190926,prod,52,spread,Home,2026-09-19 16:47:17.804000,0.5425,2.5,1,0.4575,0.209306,1,3
AF062190926,prod,53,spread,Away,2026-09-19 16:47:17.804000,0.4575,-2.5,0,0.4575,0.209306,1,3
AF062190926,prod,54,total,Over,2026-09-19 16:47:17.804000,0.4716,35.5,1,0.5284,0.279207,1,5
AF062190926,prod,55,total,Under,2026-09-19 16:47:17.804000,0.5284,35.5,0,0.5284,0.279207,1,5
AF062190926,candidate,50,moneyline,Home,2026-09-19 16:47:17.804000,0.635,,1,0.365,0.133225,1,2
AF062190926,candidate,51,moneyline,Away,2026-09-19 16:47:17.804000,0.365,,0,0.365,0.133225,1,2
AF062190926,candidate,52,spread,Home,2026-09-19 16:47:17.804000,0.456,3.5,1,0.544,0.295936,1,2
AF062190926,candidate,53,spread,Away,2026-09-19 16:47:17.804000,0.544,-3.5,0,0.544,0.295936,1,2
AF062190926,candidate,54,total,Over,2026-09-19 16:47:17.804000,0.497,37.5,1,0.503,0.253009,1,2
AF062190926,candidate,55,total,Under,2026-09-19 16:47:17.804000,0.503,37.5,0,0.503,0.253009,1,2
AF062200926,prod,50,moneyline,Home,2026-09-20 16:47:13.848000,0.5489,,0,0.5489,0.301291,1,3
AF062200926,prod,51,moneyline,Away,2026-09-20 16:47:13.848000,0.4511,,1,0.5489,0.301291,1,3
AF062200926,prod,52,spread,Home,2026-09-20 16:47:13.848000,0.5033,2.5,0,0.5033,0.253311,1,3
AF062200926,prod,53,spread,Away,2026-09-20 16:47:13.848000,0.4967,-2.5,1,0.5033,0.253311,1,3
AF062200926,prod,54,total,Over,2026-09-20 16:47:13.848000,0.4619,31.5,1,0.5381,0.289552,1,3
AF062200926,prod,55,total,Under,2026-09-20 16:47:13.848000,0.5381,31.5,0,0.5381,0.289552,1,3
AF062200926,candidate,50,moneyline,Home,2026-09-20 16:47:13.848000,0.506,,0,0.506,0.256036,1,2
AF062200926,candidate,51,moneyline,Away,2026-09-20 16:47:13.848000,0.494,,1,0.506,0.256036,1,2
AF062200926,candidate,52,spread,Home,2026-09-20 16:47:13.848000,0.506,-0.5,0,0.506,0.256036,1,2
AF062200926,candidate,53,spread,Away,2026-09-20 16:47:13.848000,0.494,0.5,1,0.506,0.256036,1,2
AF062200926,candidate,54,total,Over,2026-09-20 16:47:13.848000,0.4985,29.5,1,0.5015,0.251502,1,2
AF062200926,candidate,55,total,Under,2026-09-20 16:47:13.848000,0.5015,29.5,0,0.5015,0.251502,1,2
AF062210926,prod,50,moneyline,Home,2026-09-21 08:23:30.729000,0.515,,1,0.485,0.235225,1,3
AF062210926,prod,51,moneyline,Away,2026-09-21 08:23:30.729000,0.4851,,0,0.4851,0.235322,1,3
AF062210926,prod,52,spread,Home,2026-09-21 08:23:30.729000,0.4952,1.5,1,0.5048,0.254823,1,3
AF062210926,prod,53,spread,Away,2026-09-21 08:23:30.729000,0.5048,-1.5,0,0.5048,0.254823,1,3
AF062210926,prod,54,total,Over,2026-09-21 08:23:30.729000,0.494,32.5,1,0.506,0.256036,1,3
AF062210926,prod,55,total,Under,2026-09-21 08:23:30.729000,0.506,32.5,0,0.506,0.256036,1,3
AF062210926,candidate,50,moneyline,Home,2026-09-21 08:23:30.729000,0.5475,,1,0.4525,0.204756,1,2
AF062210926,candidate,51,moneyline,Away,2026-09-21 08:23:30.729000,0.4525,,0,0.4525,0.204756,1,2
AF062210926,candidate,52,spread,Home,2026-09-21 08:23:30.729000,0.505,1.5,1,0.495,0.245025,1,2
AF062210926,candidate,53,spread,Away,2026-09-21 08:23:30.729000,0.495,-1.5,0,0.495,0.245025,1,2
AF062210926,candidate,54,total,Over,2026-09-21 08:23:30.729000,0.487,27.5,1,0.513,0.263169,1,2
AF062210926,candidate,55,total,Under,2026-09-21 08:23:30.729000,0.513,27.5,0,0.513,0.263169,1,2
AF062220926,prod,50,moneyline,Home,2026-09-22 01:47:21.993000,0.4736,,0,0.4736,0.224297,1,3
AF062220926,prod,51,moneyline,Away,2026-09-22 01:47:21.993000,0.5264,,1,0.4736,0.224297,1,3
AF062220926,prod,52,spread,Home,2026-09-22 01:47:21.993000,0.4943,-1.5,0,0.4943,0.244332,1,3
AF062220926,prod,53,spread,Away,2026-09-22 01:47:21.993000,0.5058,1.5,1,0.4942,0.244234,1,3
AF062220926,prod,54,total,Over,2026-09-22 01:47:21.993000,0.5147,34.5,1,0.4853,0.235516,1,3
AF062220926,prod,55,total,Under,2026-09-22 01:47:21.993000,0.4853,34.5,0,0.4853,0.235516,1,3
AF062220926,candidate,50,moneyline,Home,2026-09-22 01:47:21.993000,0.5935,,0,0.5935,0.352242,1,2
AF062220926,candidate,51,moneyline,Away,2026-09-22 01:47:21.993000,0.4065,,1,0.5935,0.352242,1,2
AF062220926,candidate,52,spread,Home,2026-09-22 01:47:21.993000,0.537,2.5,0,0.537,0.288369,1,2
AF062220926,candidate,53,spread,Away,2026-09-22 01:47:21.993000,0.463,-2.5,1,0.537,0.288369,1,2
AF062220926,candidate,54,total,Over,2026-09-22 01:47:21.993000,0.4745,31.5,1,0.5255,0.27615,1,2
AF062220926,candidate,55,total,Under,2026-09-22 01:47:21.993000,0.5255,31.5,0,0.5255,0.27615,1,2
AF063170926,prod,50,moneyline,Home,2026-09-17 19:01:17.687000,0.4175,,0,0.4175,0.174306,1,3
AF063170926,prod,51,moneyline,Away,2026-09-17 19:01:17.687000,0.5825,,1,0.4175,0.174306,1,3
AF063170926,prod,52,spread,Home,2026-09-17 19:01:17.687000,0.4638,-2.5,1,0.5362,0.28751,1,3
AF063170926,prod,53,spread,Away,2026-09-17 19:01:17.687000,0.5362,2.5,0,0.5362,0.28751,1,3
AF063170926,prod,54,total,Over,2026-09-17 19:01:17.687000,0.4713,38.5,1,0.5287,0.279524,1,3
AF063170926,prod,55,total,Under,2026-09-17 19:01:17.687000,0.5287,38.5,0,0.5287,0.279524,1,3
AF063170926,candidate,50,moneyline,Home,2026-09-17 19:01:17.687000,0.437,,0,0.437,0.190969,1,2
AF063170926,candidate,51,moneyline,Away,2026-09-17 19:01:17.687000,0.563,,1,0.437,0.190969,1,2
AF063170926,candidate,52,spread,Home,2026-09-17 19:01:17.687000,0.486,-1.5,1,0.514,0.264196,1,2
AF063170926,candidate,53,spread,Away,2026-09-17 19:01:17.687000,0.514,1.5,0,0.514,0.264196,1,2
AF063170926,candidate,54,total,Over,2026-09-17 19:01:17.687000,0.4925,43.5,0,0.4925,0.242556,1,2
AF063170926,candidate,55,total,Under,2026-09-17 19:01:17.687000,0.5075,43.5,1,0.4925,0.242556,1,2
AF063180926,prod,50,moneyline,Home,2026-09-18 19:01:41.606000,0.5283,,0,0.5283,0.279101,1,3
AF063180926,prod,51,moneyline,Away,2026-09-18 19:01:41.606000,0.4717,,1,0.5283,0.279101,1,3
AF063180926,prod,52,spread,Home,2026-09-18 19:01:41.606000,0.5072,1.5,0,0.5072,0.257252,1,3
AF063180926,prod,53,spread,Away,2026-09-18 19:01:41.606000,0.4928,-1.5,1,0.5072,0.257252,1,3
AF063180926,prod,54,total,Over,2026-09-18 19:01:41.606000,0.5033,36.5,0,0.5033,0.253311,1,3
AF063180926,prod,55,total,Under,2026-09-18 19:01:41.606000,0.4967,36.5,1,0.5033,0.253311,1,3
AF063180926,candidate,50,moneyline,Home,2026-09-18 19:01:41.606000,0.561,,0,0.561,0.314721,1,2
AF063180926,candidate,51,moneyline,Away,2026-09-18 19:01:41.606000,0.439,,1,0.561,0.314721,1,2
AF063180926,candidate,52,spread,Home,2026-09-18 19:01:41.606000,0.4945,2.5,0,0.4945,0.24453,1,2
AF063180926,candidate,53,spread,Away,2026-09-18 19:01:41.606000,0.5055,-2.5,1,0.4945,0.24453,1,2
AF063180926,candidate,54,total,Over,2026-09-18 19:01:41.606000,0.484,35.5,0,0.484,0.234256,1,2
AF063180926,candidate,55,total,Under,2026-09-18 19:01:41.606000,0.516,35.5,1,0.484,0.234256,1,2
AF063210926,prod,50,moneyline,Home,2026-09-21 08:59:39.106000,0.5793,,1,0.4207,0.176988,1,3
AF063210926,prod,51,moneyline,Away,2026-09-21 08:59:39.106000,0.4207,,0,0.4207,0.176988,1,3
AF063210926,prod,52,spread,Home,2026-09-21 08:59:39.106000,0.5392,2.5,1,0.4608,0.212337,1,3
AF063210926,prod,53,spread,Away,2026-09-21 08:59:39.106000,0.4608,-2.5,0,0.4608,0.212337,1,3
AF063210926,prod,54,total,Over,2026-09-21 08:59:39.106000,0.5116,34.5,0,0.5116,0.261735,1,3
AF063210926,prod,55,total,Under,2026-09-21 08:59:39.106000,0.4884,34.5,1,0.5116,0.261735,1,3
AF063210926,candidate,50,moneyline,Home,2026-09-21 08:59:39.106000,0.4945,,1,0.5055,0.25553,1,2
AF063210926,candidate,51,moneyline,Away,2026-09-21 08:59:39.106000,0.5055,,0,0.5055,0.25553,1,2
AF063210926,candidate,52,spread,Home,2026-09-21 08:59:39.106000,0.4945,-0.5,1,0.5055,0.25553,1,2
AF063210926,candidate,53,spread,Away,2026-09-21 08:59:39.106000,0.5055,0.5,0,0.5055,0.25553,1,2
AF063210926,candidate,54,total,Over,2026-09-21 08:59:39.106000,0.501,25.5,1,0.499,0.249001,1,2
AF063210926,candidate,55,total,Under,2026-09-21 08:59:39.106000,0.499,25.5,0,0.499,0.249001,1,2
AF063220926,prod,50,moneyline,Home,2026-09-22 03:35:42.205000,0.5207,,0,0.5207,0.271128,1,3
AF063220926,prod,51,moneyline,Away,2026-09-22 03:35:42.205000,0.4793,,1,0.5207,0.271128,1,3
AF063220926,prod,54,total,Over,2026-09-22 03:35:42.205000,0.5191,34.5,1,0.4809,0.231265,1,3
AF063220926,prod,55,total,Under,2026-09-22 03:35:42.205000,0.4809,34.5,0,0.4809,0.231265,1,3
AF063220926,candidate,50,moneyline,Home,2026-09-22 03:35:42.205000,0.4255,,0,0.4255,0.18105,1,2
AF063220926,candidate,51,moneyline,Away,2026-09-22 03:35:42.205000,0.5745,,1,0.4255,0.18105,1,2
AF063220926,candidate,52,spread,Home,2026-09-22 03:35:42.205000,0.496,-2.5,0,0.496,0.246016,1,2
AF063220926,candidate,53,spread,Away,2026-09-22 03:35:42.205000,0.504,2.5,1,0.496,0.246016,1,2
AF063220926,candidate,54,total,Over,2026-09-22 03:35:42.205000,0.465,31.5,1,0.535,0.286225,1,2
AF063220926,candidate,55,total,Under,2026-09-22 03:35:42.205000,0.535,31.5,0,0.535,0.286225,1,2
AF064170926,prod,50,moneyline,Home,2026-09-17 19:11:40.173000,0.603,,1,0.397,0.157609,1,3
AF064170926,prod,51,moneyline,Away,2026-09-17 19:11:40.173000,0.3971,,0,0.3971,0.157688,1,3
AF064170926,prod,52,spread,Home,2026-09-17 19:11:40.173000,0.555,2.5,1,0.445,0.198025,1,3
AF064170926,prod,53,spread,Away,2026-09-17 19:11:40.173000,0.445,-2.5,0,0.445,0.198025,1,3
AF064170926,prod,54,total,Over,2026-09-17 19:11:40.173000,0.4972,32.5,0,0.4972,0.247208,1,5
AF064170926,prod,55,total,Under,2026-09-17 19:11:40.173000,0.5028,32.5,1,0.4972,0.247208,1,5
AF064170926,candidate,50,moneyline,Home,2026-09-17 19:11:40.173000,0.476,,1,0.524,0.274576,1,2
AF064170926,candidate,51,moneyline,Away,2026-09-17 19:11:40.173000,0.524,,0,0.524,0.274576,1,2
AF064170926,candidate,52,spread,Home,2026-09-17 19:11:40.173000,0.5135,-1.5,1,0.4865,0.236682,1,2
AF064170926,candidate,53,spread,Away,2026-09-17 19:11:40.173000,0.4865,1.5,0,0.4865,0.236682,1,2
AF064170926,candidate,54,total,Over,2026-09-17 19:11:40.173000,0.4995,28.5,0,0.4995,0.2495,1,2
AF064170926,candidate,55,total,Under,2026-09-17 19:11:40.173000,0.5005,28.5,1,0.4995,0.2495,1,2
AF064180926,prod,50,moneyline,Home,2026-09-18 19:11:46.377000,0.5172,,1,0.4828,0.233096,1,3
AF064180926,prod,51,moneyline,Away,2026-09-18 19:11:46.377000,0.4828,,0,0.4828,0.233096,1,3
AF064180926,prod,52,spread,Home,2026-09-18 19:11:46.377000,0.4943,1.5,1,0.5057,0.255732,1,3
AF064180926,prod,53,spread,Away,2026-09-18 19:11:46.377000,0.5057,-1.5,0,0.5057,0.255732,1,3
AF064180926,prod,54,total,Over,2026-09-18 19:11:46.377000,0.5271,34.5,0,0.5271,0.277834,1,3
AF064180926,prod,55,total,Under,2026-09-18 19:11:46.377000,0.4729,34.5,1,0.5271,0.277834,1,3
AF064180926,candidate,50,moneyline,Home,2026-09-18 19:11:46.377000,0.4225,,1,0.5775,0.333506,1,2
AF064180926,candidate,51,moneyline,Away,2026-09-18 19:11:46.377000,0.5775,,0,0.5775,0.333506,1,2
AF064180926,candidate,52,spread,Home,2026-09-18 19:11:46.377000,0.491,-2.5,1,0.509,0.259081,1,2
AF064180926,candidate,53,spread,Away,2026-09-18 19:11:46.377000,0.509,2.5,0,0.509,0.259081,1,2
AF064180926,candidate,54,total,Over,2026-09-18 19:11:46.377000,0.492,31.5,1,0.508,0.258064,1,2
AF064180926,candidate,55,total,Under,2026-09-18 19:11:46.377000,0.508,31.5,0,0.508,0.258064,1,2
AF064200926,prod,50,moneyline,Home,2026-09-20 17:25:30.523000,0.5187,,0,0.5187,0.26905,1,3
AF064200926,prod,51,moneyline,Away,2026-09-20 17:25:30.523000,0.4813,,1,0.5187,0.26905,1,3
AF064200926,prod,52,spread,Home,2026-09-20 17:25:30.523000,0.4975,1.5,0,0.4975,0.247506,1,3
AF064200926,prod,53,spread,Away,2026-09-20 17:25:30.523000,0.5025,-1.5,1,0.4975,0.247506,1,3
AF064200926,candidate,50,moneyline,Home,2026-09-20 17:25:30.523000,0.4335,,0,0.4335,0.187922,1,2
AF064200926,candidate,51,moneyline,Away,2026-09-20 17:25:30.523000,0.5665,,1,0.4335,0.187922,1,2
AF064200926,candidate,52,spread,Home,2026-09-20 17:25:30.523000,0.5045,-2.5,0,0.5045,0.25452,1,2
AF064200926,candidate,53,spread,Away,2026-09-20 17:25:30.523000,0.4955,2.5,1,0.5045,0.25452,1,2
AF064200926,candidate,54,total,Over,2026-09-20 17:25:30.523000,0.4885,31.5,1,0.5115,0.261632,1,2
AF064200926,candidate,55,total,Under,2026-09-20 17:25:30.523000,0.5115,31.5,0,0.5115,0.261632,1,2
AF064220926,prod,50,moneyline,Home,2026-09-22 04:47:30.907000,0.5023,,1,0.4977,0.247705,1,3
AF064220926,prod,51,moneyline,Away,2026-09-22 04:47:30.907000,0.4977,,0,0.4977,0.247705,1,3
AF064220926,prod,54,total,Over,2026-09-22 04:47:30.907000,0.47,31.5,0,0.47,0.2209,1,3
AF064220926,prod,55,total,Under,2026-09-22 04:47:30.907000,0.53,31.5,1,0.47,0.2209,1,3
AF064220926,candidate,50,moneyline,Home,2026-09-22 04:47:30.907000,0.6178,,1,0.3822,0.146077,1,2
AF064220926,candidate,51,moneyline,Away,2026-09-22 04:47:30.907000,0.3822,,0,0.3822,0.146077,1,2
AF064220926,candidate,52,spread,Home,2026-09-22 04:47:30.907000,0.547,2.5,1,0.453,0.205209,1,2
AF064220926,candidate,53,spread,Away,2026-09-22 04:47:30.907000,0.453,-2.5,0,0.453,0.205209,1,2
AF064220926,candidate,54,total,Over,2026-09-22 04:47:30.907000,0.503,27.5,1,0.497,0.247009,1,2
AF064220926,candidate,55,total,Under,2026-09-22 04:47:30.907000,0.497,27.5,0,0.497,0.247009,1,2
AF065170926,prod,50,moneyline,Home,2026-09-17 19:37:43.207000,0.5154,,1,0.4846,0.234837,1,3
AF065170926,prod,51,moneyline,Away,2026-09-17 19:37:43.207000,0.4846,,0,0.4846,0.234837,1,3
AF065170926,prod,52,spread,Home,2026-09-17 19:37:43.207000,0.4942,1.5,1,0.5058,0.255834,1,3
AF065170926,prod,53,spread,Away,2026-09-17 19:37:43.207000,0.5058,-1.5,0,0.5058,0.255834,1,3
AF065170926,prod,54,total,Over,2026-09-17 19:37:43.207000,0.4912,37.5,0,0.4912,0.241277,1,3
AF065170926,prod,55,total,Under,2026-09-17 19:37:43.207000,0.5088,37.5,1,0.4912,0.241277,1,3
AF065170926,candidate,50,moneyline,Home,2026-09-17 19:37:43.207000,0.5435,,1,0.4565,0.208392,1,2
AF065170926,candidate,51,moneyline,Away,2026-09-17 19:37:43.207000,0.4565,,0,0.4565,0.208392,1,2
AF065170926,candidate,52,spread,Home,2026-09-17 19:37:43.207000,0.4945,1.5,1,0.5055,0.25553,1,2
AF065170926,candidate,53,spread,Away,2026-09-17 19:37:43.207000,0.5055,-1.5,0,0.5055,0.25553,1,2
AF065170926,candidate,54,total,Over,2026-09-17 19:37:43.207000,0.5185,44.5,0,0.5185,0.268842,1,2
AF065170926,candidate,55,total,Under,2026-09-17 19:37:43.207000,0.4815,44.5,1,0.5185,0.268842,1,2
AF065180926,prod,50,moneyline,Home,2026-09-18 19:37:19.284000,0.4892,,0,0.4892,0.239317,1,3
AF065180926,prod,51,moneyline,Away,2026-09-18 19:37:19.284000,0.5108,,1,0.4892,0.239317,1,3
AF065180926,prod,52,spread,Home,2026-09-18 19:37:19.284000,0.5091,-1.5,0,0.5091,0.259183,1,3
AF065180926,prod,53,spread,Away,2026-09-18 19:37:19.284000,0.4909,1.5,1,0.5091,0.259183,1,3
AF065180926,prod,54,total,Over,2026-09-18 19:37:19.284000,0.5086,37.5,1,0.4914,0.241474,1,3
AF065180926,prod,55,total,Under,2026-09-18 19:37:19.284000,0.4914,37.5,0,0.4914,0.241474,1,3
AF065180926,candidate,50,moneyline,Home,2026-09-18 19:37:19.284000,0.496,,0,0.496,0.246016,1,2
AF065180926,candidate,51,moneyline,Away,2026-09-18 19:37:19.284000,0.504,,1,0.496,0.246016,1,2
AF065180926,candidate,52,spread,Home,2026-09-18 19:37:19.284000,0.496,-0.5,0,0.496,0.246016,1,2
AF065180926,candidate,53,spread,Away,2026-09-18 19:37:19.284000,0.504,0.5,1,0.496,0.246016,1,2
AF065180926,candidate,54,total,Over,2026-09-18 19:37:19.284000,0.4765,38.5,0,0.4765,0.227052,1,2
AF065180926,candidate,55,total,Under,2026-09-18 19:37:19.284000,0.5235,38.5,1,0.4765,0.227052,1,2
AF065190926,prod,50,moneyline,Home,2026-09-19 17:49:27.323000,0.5644,,1,0.4356,0.189747,1,3
AF065190926,prod,51,moneyline,Away,2026-09-19 17:49:27.323000,0.4356,,0,0.4356,0.189747,1,3
AF065190926,prod,52,spread,Home,2026-09-19 17:49:27.323000,0.5171,2.5,1,0.4829,0.233192,1,3
AF065190926,prod,53,spread,Away,2026-09-19 17:49:27.323000,0.4829,-2.5,0,0.4829,0.233192,1,3
AF065190926,prod,54,total,Over,2026-09-19 17:49:27.323000,0.4859,34.5,0,0.4859,0.236099,1,5
AF065190926,prod,55,total,Under,2026-09-19 17:49:27.323000,0.5141,34.5,1,0.4859,0.236099,1,5
AF065190926,candidate,50,moneyline,Home,2026-09-19 17:49:27.323000,0.6525,,1,0.3475,0.120756,1,2
AF065190926,candidate,51,moneyline,Away,2026-09-19 17:49:27.323000,0.3475,,0,0.3475,0.120756,1,2
AF065190926,candidate,52,spread,Home,2026-09-19 17:49:27.323000,0.469,3.5,1,0.531,0.281961,1,2
AF065190926,candidate,53,spread,Away,2026-09-19 17:49:27.323000,0.531,-3.5,0,0.531,0.281961,1,2
AF065190926,candidate,54,total,Over,2026-09-19 17:49:27.323000,0.505,33.5,0,0.505,0.255025,1,2
AF065190926,candidate,55,total,Under,2026-09-19 17:49:27.323000,0.495,33.5,1,0.505,0.255025,1,2
AF065200926,prod,50,moneyline,Home,2026-09-20 17:49:26.449000,0.4283,,0,0.4283,0.183441,1,3
AF065200926,prod,51,moneyline,Away,2026-09-20 17:49:26.449000,0.5718,,1,0.4282,0.183355,1,3
AF065200926,prod,52,spread,Home,2026-09-20 17:49:26.449000,0.4781,-2.5,1,0.5219,0.27238,1,3
AF065200926,prod,53,spread,Away,2026-09-20 17:49:26.449000,0.5219,2.5,0,0.5219,0.27238,1,3
AF065200926,prod,54,total,Over,2026-09-20 17:49:26.449000,0.4913,37.5,0,0.4913,0.241376,1,3
AF065200926,prod,55,total,Under,2026-09-20 17:49:26.449000,0.5087,37.5,1,0.4913,0.241376,1,3
AF065200926,candidate,50,moneyline,Home,2026-09-20 17:49:26.449000,0.5765,,0,0.5765,0.332352,1,2
AF065200926,candidate,51,moneyline,Away,2026-09-20 17:49:26.449000,0.4235,,1,0.5765,0.332352,1,2
AF065200926,candidate,52,spread,Home,2026-09-20 17:49:26.449000,0.5185,2.5,0,0.5185,0.268842,1,2
AF065200926,candidate,53,spread,Away,2026-09-20 17:49:26.449000,0.4815,-2.5,1,0.5185,0.268842,1,2
AF065200926,candidate,54,total,Over,2026-09-20 17:49:26.449000,0.5035,36.5,0,0.5035,0.253512,1,2
AF065200926,candidate,55,total,Under,2026-09-20 17:49:26.449000,0.4965,36.5,1,0.5035,0.253512,1,2
AF066170926,prod,50,moneyline,Home,2026-09-17 19:47:46.594000,0.4029,,0,0.4029,0.162328,1,3
AF066170926,prod,51,moneyline,Away,2026-09-17 19:47:46.594000,0.5971,,1,0.4029,0.162328,1,3
AF066170926,prod,52,spread,Home,2026-09-17 19:47:46.594000,0.5457,-3.5,0,0.5457,0.297788,1,3
AF066170926,prod,53,spread,Away,2026-09-17 19:47:46.594000,0.4543,3.5,1,0.5457,0.297788,1,3
AF066170926,prod,54,total,Over,2026-09-17 19:47:46.594000,0.515,37.5,0,0.515,0.265225,1,3
AF066170926,prod,55,total,Under,2026-09-17 19:47:46.594000,0.485,37.5,1,0.515,0.265225,1,3
AF066170926,candidate,50,moneyline,Home,2026-09-17 19:47:46.594000,0.4865,,0,0.4865,0.236682,1,2
AF066170926,candidate,51,moneyline,Away,2026-09-17 19:47:46.594000,0.5135,,1,0.4865,0.236682,1,2
AF066170926,candidate,52,spread,Home,2026-09-17 19:47:46.594000,0.4865,-0.5,0,0.4865,0.236682,1,2
AF066170926,candidate,53,spread,Away,2026-09-17 19:47:46.594000,0.5135,0.5,1,0.4865,0.236682,1,2
AF066170926,candidate,54,total,Over,2026-09-17 19:47:46.594000,0.496,31.5,0,0.496,0.246016,1,2
AF066170926,candidate,55,total,Under,2026-09-17 19:47:46.594000,0.504,31.5,1,0.496,0.246016,1,2
AF066180926,prod,50,moneyline,Home,2026-09-18 19:47:41.463000,0.4772,,1,0.5228,0.27332,1,3
AF066180926,prod,51,moneyline,Away,2026-09-18 19:47:41.463000,0.5228,,0,0.5228,0.27332,1,3
AF066180926,prod,52,spread,Home,2026-09-18 19:47:41.463000,0.4984,-1.5,1,0.5016,0.251603,1,3
AF066180926,prod,53,spread,Away,2026-09-18 19:47:41.463000,0.5016,1.5,0,0.5016,0.251603,1,3
AF066180926,prod,54,total,Over,2026-09-18 19:47:41.463000,0.5283,34.5,1,0.4717,0.222501,1,3
AF066180926,prod,55,total,Under,2026-09-18 19:47:41.463000,0.4717,34.5,0,0.4717,0.222501,1,3
AF066180926,candidate,50,moneyline,Home,2026-09-18 19:47:41.463000,0.6025,,1,0.3975,0.158006,1,2
AF066180926,candidate,51,moneyline,Away,2026-09-18 19:47:41.463000,0.3975,,0,0.3975,0.158006,1,2
AF066180926,candidate,52,spread,Home,2026-09-18 19:47:41.463000,0.5285,2.5,1,0.4715,0.222312,1,2
AF066180926,candidate,53,spread,Away,2026-09-18 19:47:41.463000,0.4715,-2.5,0,0.4715,0.222312,1,2
AF066180926,candidate,54,total,Over,2026-09-18 19:47:41.463000,0.4645,31.5,1,0.5355,0.28676,1,2
AF066180926,candidate,55,total,Under,2026-09-18 19:47:41.463000,0.5355,31.5,0,0.5355,0.28676,1,2
AF066190926,prod,50,moneyline,Home,2026-09-19 17:59:27.541000,0.4056,,0,0.4056,0.164511,1,3
AF066190926,prod,51,moneyline,Away,2026-09-19 17:59:27.541000,0.5945,,1,0.4055,0.16443,1,3
AF066190926,prod,54,total,Over,2026-09-19 17:59:27.541000,0.4806,38.5,1,0.5194,0.269776,1,3
AF066190926,prod,55,total,Under,2026-09-19 17:59:27.541000,0.5194,38.5,0,0.5194,0.269776,1,3
AF066190926,candidate,50,moneyline,Home,2026-09-19 17:59:27.541000,0.4365,,0,0.4365,0.190532,1,2
AF066190926,candidate,51,moneyline,Away,2026-09-19 17:59:27.541000,0.5635,,1,0.4365,0.190532,1,2
AF066190926,candidate,52,spread,Home,2026-09-19 17:59:27.541000,0.485,-1.5,1,0.515,0.265225,1,2
AF066190926,candidate,53,spread,Away,2026-09-19 17:59:27.541000,0.515,1.5,0,0.515,0.265225,1,2
AF066190926,candidate,54,total,Over,2026-09-19 17:59:27.541000,0.515,51.5,1,0.485,0.235225,1,2
AF066190926,candidate,55,total,Under,2026-09-19 17:59:27.541000,0.485,51.5,0,0.485,0.235225,1,2
AF066200926,prod,50,moneyline,Home,2026-09-20 17:59:20.825000,0.4886,,0,0.4886,0.23873,1,3
AF066200926,prod,51,moneyline,Away,2026-09-20 17:59:20.825000,0.5114,,1,0.4886,0.23873,1,3
AF066200926,prod,52,spread,Home,2026-09-20 17:59:20.825000,0.5083,-1.5,0,0.5083,0.258369,1,3
AF066200926,prod,53,spread,Away,2026-09-20 17:59:20.825000,0.4917,1.5,1,0.5083,0.258369,1,3
AF066200926,prod,54,total,Over,2026-09-20 17:59:20.825000,0.5429,30.5,0,0.5429,0.29474,1,3
AF066200926,prod,55,total,Under,2026-09-20 17:59:20.825000,0.4571,30.5,1,0.5429,0.29474,1,3
AF066200926,candidate,50,moneyline,Home,2026-09-20 17:59:20.825000,0.398,,0,0.398,0.158404,1,2
AF066200926,candidate,51,moneyline,Away,2026-09-20 17:59:20.825000,0.602,,1,0.398,0.158404,1,2
AF066200926,candidate,52,spread,Home,2026-09-20 17:59:20.825000,0.47,-2.5,0,0.47,0.2209,1,2
AF066200926,candidate,53,spread,Away,2026-09-20 17:59:20.825000,0.53,2.5,1,0.47,0.2209,1,2
AF066200926,candidate,54,total,Over,2026-09-20 17:59:20.825000,0.465,31.5,0,0.465,0.216225,1,2
AF066200926,candidate,55,total,Under,2026-09-20 17:59:20.825000,0.535,31.5,1,0.465,0.216225,1,2
AF066210926,prod,50,moneyline,Home,2026-09-21 13:11:35.376000,0.5523,,1,0.4477,0.200435,1,3
AF066210926,prod,51,moneyline,Away,2026-09-21 13:11:35.376000,0.4477,,0,0.4477,0.200435,1,3
AF066210926,prod,52,spread,Home,2026-09-21 13:11:35.376000,0.507,2.5,1,0.493,0.243049,1,3
AF066210926,prod,53,spread,Away,2026-09-21 13:11:35.376000,0.4931,-2.5,0,0.4931,0.243148,1,3
AF066210926,prod,54,total,Over,2026-09-21 13:11:35.376000,0.5039,33.5,0,0.5039,0.253915,1,3
AF066210926,prod,55,total,Under,2026-09-21 13:11:35.376000,0.4961,33.5,1,0.5039,0.253915,1,3
AF066210926,candidate,50,moneyline,Home,2026-09-21 13:11:35.376000,0.5005,,1,0.4995,0.2495,1,2
AF066210926,candidate,51,moneyline,Away,2026-09-21 13:11:35.376000,0.4995,,0,0.4995,0.2495,1,2
AF066210926,candidate,52,spread,Home,2026-09-21 13:11:35.376000,0.5005,0.5,1,0.4995,0.2495,1,2
AF066210926,candidate,53,spread,Away,2026-09-21 13:11:35.376000,0.4995,-0.5,0,0.4995,0.2495,1,2
AF066210926,candidate,54,total,Over,2026-09-21 13:11:35.376000,0.518,26.5,0,0.518,0.268324,1,2
AF066210926,candidate,55,total,Under,2026-09-21 13:11:35.376000,0.482,26.5,1,0.518,0.268324,1,2
AF067170926,prod,50,moneyline,Home,2026-09-17 20:13:27.855000,0.4608,,0,0.4608,0.212337,1,3
AF067170926,prod,51,moneyline,Away,2026-09-17 20:13:27.855000,0.5392,,1,0.4608,0.212337,1,3
AF067170926,prod,52,spread,Home,2026-09-17 20:13:27.855000,0.5056,-2.5,0,0.5056,0.255631,1,3
AF067170926,prod,53,spread,Away,2026-09-17 20:13:27.855000,0.4945,2.5,1,0.5055,0.25553,1,3
AF067170926,prod,54,total,Over,2026-09-17 20:13:27.855000,0.5081,36.5,1,0.4919,0.241966,1,3
AF067170926,prod,55,total,Under,2026-09-17 20:13:27.855000,0.4919,36.5,0,0.4919,0.241966,1,3
AF067170926,candidate,50,moneyline,Home,2026-09-17 20:13:27.855000,0.4825,,0,0.4825,0.232806,1,2
AF067170926,candidate,51,moneyline,Away,2026-09-17 20:13:27.855000,0.5175,,1,0.4825,0.232806,1,2
AF067170926,candidate,52,spread,Home,2026-09-17 20:13:27.855000,0.4825,-0.5,0,0.4825,0.232806,1,2
AF067170926,candidate,53,spread,Away,2026-09-17 20:13:27.855000,0.5175,0.5,1,0.4825,0.232806,1,2
AF067170926,candidate,54,total,Over,2026-09-17 20:13:27.855000,0.5105,37.5,1,0.4895,0.23961,1,2
AF067170926,candidate,55,total,Under,2026-09-17 20:13:27.855000,0.4895,37.5,0,0.4895,0.23961,1,2
AF067180926,prod,50,moneyline,Home,2026-09-18 20:13:28.866000,0.4901,,0,0.4901,0.240198,1,3
AF067180926,prod,51,moneyline,Away,2026-09-18 20:13:28.866000,0.5099,,1,0.4901,0.240198,1,3
AF067180926,prod,52,spread,Home,2026-09-18 20:13:28.866000,0.5125,-1.5,0,0.5125,0.262656,1,3
AF067180926,prod,53,spread,Away,2026-09-18 20:13:28.866000,0.4875,1.5,1,0.5125,0.262656,1,3
AF067180926,prod,55,total,Under,2026-09-18 20:13:28.866000,0.4872,36.5,0,0.4872,0.237364,1,5
AF067180926,candidate,50,moneyline,Home,2026-09-18 20:13:28.866000,0.5655,,0,0.5655,0.31979,1,2
AF067180926,candidate,51,moneyline,Away,2026-09-18 20:13:28.866000,0.4345,,1,0.5655,0.31979,1,2
AF067180926,candidate,52,spread,Home,2026-09-18 20:13:28.866000,0.4825,2.5,0,0.4825,0.232806,1,2
AF067180926,candidate,53,spread,Away,2026-09-18 20:13:28.866000,0.5175,-2.5,1,0.4825,0.232806,1,2
AF067180926,candidate,54,total,Over,2026-09-18 20:13:28.866000,0.4845,37.5,1,0.5155,0.26574,1,2
AF067180926,candidate,55,total,Under,2026-09-18 20:13:28.866000,0.5155,37.5,0,0.5155,0.26574,1,2
AF067200926,prod,50,moneyline,Home,2026-09-20 18:25:16.990000,0.4837,,1,0.5163,0.266566,1,3
AF067200926,prod,51,moneyline,Away,2026-09-20 18:25:16.990000,0.5164,,0,0.5164,0.266669,1,3
AF067200926,prod,52,spread,Home,2026-09-20 18:25:16.990000,0.5042,-1.5,1,0.4958,0.245818,1,3
AF067200926,prod,53,spread,Away,2026-09-20 18:25:16.990000,0.4958,1.5,0,0.4958,0.245818,1,3
AF067200926,prod,54,total,Over,2026-09-20 18:25:16.990000,0.5037,36.5,0,0.5037,0.253714,1,3
AF067200926,prod,55,total,Under,2026-09-20 18:25:16.990000,0.4963,36.5,1,0.5037,0.253714,1,3
AF067200926,candidate,50,moneyline,Home,2026-09-20 18:25:16.990000,0.52,,1,0.48,0.2304,1,2
AF067200926,candidate,51,moneyline,Away,2026-09-20 18:25:16.990000,0.48,,0,0.48,0.2304,1,2
AF067200926,candidate,52,spread,Home,2026-09-20 18:25:16.990000,0.52,0.5,1,0.48,0.2304,1,2
AF067200926,candidate,53,spread,Away,2026-09-20 18:25:16.990000,0.48,-0.5,0,0.48,0.2304,1,2
AF067200926,candidate,54,total,Over,2026-09-20 18:25:16.990000,0.5135,44.5,0,0.5135,0.263682,1,2
AF067200926,candidate,55,total,Under,2026-09-20 18:25:16.990000,0.4865,44.5,1,0.5135,0.263682,1,2
AF067210926,prod,50,moneyline,Home,2026-09-21 14:23:26.056000,0.443,,0,0.443,0.196249,1,3
AF067210926,prod,51,moneyline,Away,2026-09-21 14:23:26.056000,0.557,,1,0.443,0.196249,1,3
AF067210926,prod,52,spread,Home,2026-09-21 14:23:26.056000,0.4852,-2.5,0,0.4852,0.235419,1,3
AF067210926,prod,53,spread,Away,2026-09-21 14:23:26.056000,0.5149,2.5,1,0.4851,0.235322,1,3
AF067210926,prod,55,total,Under,2026-09-21 14:23:26.056000,0.4917,31.5,0,0.4917,0.241769,1,5
AF067210926,candidate,50,moneyline,Home,2026-09-21 14:23:26.056000,0.534,,0,0.534,0.285156,1,2
AF067210926,candidate,51,moneyline,Away,2026-09-21 14:23:26.056000,0.466,,1,0.534,0.285156,1,2
AF067210926,candidate,52,spread,Home,2026-09-21 14:23:26.056000,0.502,1.5,0,0.502,0.252004,1,2
AF067210926,candidate,53,spread,Away,2026-09-21 14:23:26.056000,0.498,-1.5,1,0.502,0.252004,1,2
AF067210926,candidate,54,total,Over,2026-09-21 14:23:26.056000,0.4985,25.5,1,0.5015,0.251502,1,2
AF067210926,candidate,55,total,Under,2026-09-21 14:23:26.056000,0.5015,25.5,0,0.5015,0.251502,1,2
AF067220926,prod,50,moneyline,Home,2026-09-22 18:26:05.290000,0.4921,,0,0.4921,0.242162,1,3
AF067220926,prod,51,moneyline,Away,2026-09-22 18:26:05.290000,0.5079,,1,0.4921,0.242162,1,3
AF067220926,prod,52,spread,Home,2026-09-22 18:26:05.290000,0.5138,-1.5,0,0.5138,0.26399,1,3
AF067220926,prod,53,spread,Away,2026-09-22 18:26:05.290000,0.4862,1.5,1,0.5138,0.26399,1,3
AF067220926,prod,54,total,Over,2026-09-22 18:26:05.290000,0.4991,36.5,1,0.5009,0.250901,1,3
AF067220926,prod,55,total,Under,2026-09-22 18:26:05.290000,0.5009,36.5,0,0.5009,0.250901,1,3
AF067220926,candidate,50,moneyline,Home,2026-09-22 18:26:05.290000,0.5645,,0,0.5645,0.31866,1,2
AF067220926,candidate,51,moneyline,Away,2026-09-22 18:26:05.290000,0.4355,,1,0.5645,0.31866,1,2
AF067220926,candidate,52,spread,Home,2026-09-22 18:26:05.290000,0.4885,2.5,0,0.4885,0.238632,1,2
AF067220926,candidate,53,spread,Away,2026-09-22 18:26:05.290000,0.5115,-2.5,1,0.4885,0.238632,1,2
AF067220926,candidate,54,total,Over,2026-09-22 18:26:05.290000,0.5025,33.5,1,0.4975,0.247506,1,2
AF067220926,candidate,55,total,Under,2026-09-22 18:26:05.290000,0.4975,33.5,0,0.4975,0.247506,1,2
AF068170926,prod,50,moneyline,Home,2026-09-17 20:23:22.434000,0.5782,,1,0.4218,0.177915,1,3
AF068170926,prod,51,moneyline,Away,2026-09-17 20:23:22.434000,0.4218,,0,0.4218,0.177915,1,3
AF068170926,prod,52,spread,Home,2026-09-17 20:23:22.434000,0.5285,2.5,1,0.4715,0.222312,1,3
AF068170926,prod,53,spread,Away,2026-09-17 20:23:22.434000,0.4715,-2.5,0,0.4715,0.222312,1,3
AF068170926,prod,54,total,Over,2026-09-17 20:23:22.434000,0.5052,28.5,0,0.5052,0.255227,1,3
AF068170926,prod,55,total,Under,2026-09-17 20:23:22.434000,0.4948,28.5,1,0.5052,0.255227,1,3
AF068170926,candidate,50,moneyline,Home,2026-09-17 20:23:22.434000,0.515,,1,0.485,0.235225,1,2
AF068170926,candidate,51,moneyline,Away,2026-09-17 20:23:22.434000,0.485,,0,0.485,0.235225,1,2
AF068170926,candidate,52,spread,Home,2026-09-17 20:23:22.434000,0.515,0.5,1,0.485,0.235225,1,2
AF068170926,candidate,53,spread,Away,2026-09-17 20:23:22.434000,0.485,-0.5,0,0.485,0.235225,1,2
AF068170926,candidate,54,total,Over,2026-09-17 20:23:22.434000,0.493,24.5,0,0.493,0.243049,1,2
AF068170926,candidate,55,total,Under,2026-09-17 20:23:22.434000,0.507,24.5,1,0.493,0.243049,1,2
AF068200926,prod,50,moneyline,Home,2026-09-20 18:35:13.238000,0.4423,,0,0.4423,0.195629,1,3
AF068200926,prod,51,moneyline,Away,2026-09-20 18:35:13.238000,0.5577,,1,0.4423,0.195629,1,3
AF068200926,prod,52,spread,Home,2026-09-20 18:35:13.238000,0.4822,-2.5,0,0.4822,0.232517,1,3
AF068200926,prod,53,spread,Away,2026-09-20 18:35:13.238000,0.5178,2.5,1,0.4822,0.232517,1,3
AF068200926,prod,54,total,Over,2026-09-20 18:35:13.238000,0.5047,33.5,0,0.5047,0.254722,1,3
AF068200926,prod,55,total,Under,2026-09-20 18:35:13.238000,0.4953,33.5,1,0.5047,0.254722,1,3
AF068200926,candidate,50,moneyline,Home,2026-09-20 18:35:13.238000,0.5795,,0,0.5795,0.33582,1,2
AF068200926,candidate,51,moneyline,Away,2026-09-20 18:35:13.238000,0.4205,,1,0.5795,0.33582,1,2
AF068200926,candidate,52,spread,Home,2026-09-20 18:35:13.238000,0.522,2.5,0,0.522,0.272484,1,2
AF068200926,candidate,53,spread,Away,2026-09-20 18:35:13.238000,0.478,-2.5,1,0.522,0.272484,1,2
AF068200926,candidate,54,total,Over,2026-09-20 18:35:13.238000,0.526,30.5,1,0.474,0.224676,1,2
AF068200926,candidate,55,total,Under,2026-09-20 18:35:13.238000,0.474,30.5,0,0.474,0.224676,1,2
AF068210926,prod,50,moneyline,Home,2026-09-21 15:36:30.187000,0.491,,0,0.491,0.241081,1,3
AF068210926,prod,51,moneyline,Away,2026-09-21 15:36:30.187000,0.509,,1,0.491,0.241081,1,3
AF068210926,prod,52,spread,Home,2026-09-21 15:36:30.187000,0.51,-1.5,0,0.51,0.2601,1,3
AF068210926,prod,53,spread,Away,2026-09-21 15:36:30.187000,0.49,1.5,1,0.51,0.2601,1,3
AF068210926,prod,54,total,Over,2026-09-21 15:36:30.187000,0.5028,33.5,0,0.5028,0.252808,1,3
AF068210926,prod,55,total,Under,2026-09-21 15:36:30.187000,0.4972,33.5,1,0.5028,0.252808,1,3
AF068210926,candidate,50,moneyline,Home,2026-09-21 15:36:30.187000,0.521,,0,0.521,0.271441,1,2
AF068210926,candidate,51,moneyline,Away,2026-09-21 15:36:30.187000,0.479,,1,0.521,0.271441,1,2
AF068210926,candidate,52,spread,Home,2026-09-21 15:36:30.187000,0.4885,1.5,0,0.4885,0.238632,1,2
AF068210926,candidate,53,spread,Away,2026-09-21 15:36:30.187000,0.5115,-1.5,1,0.4885,0.238632,1,2
AF068210926,candidate,54,total,Over,2026-09-21 15:36:30.187000,0.514,27.5,0,0.514,0.264196,1,2
AF068210926,candidate,55,total,Under,2026-09-21 15:36:30.187000,0.486,27.5,1,0.514,0.264196,1,2
AF068220926,prod,50,moneyline,Home,2026-09-22 18:35:09.163000,0.5749,,0,0.5749,0.33051,1,3
AF068220926,prod,51,moneyline,Away,2026-09-22 18:35:09.163000,0.4252,,1,0.5748,0.330395,1,3
AF068220926,prod,52,spread,Home,2026-09-22 18:35:09.163000,0.5255,2.5,0,0.5255,0.27615,1,3
AF068220926,prod,53,spread,Away,2026-09-22 18:35:09.163000,0.4746,-2.5,1,0.5254,0.276045,1,3
AF068220926,prod,54,total,Over,2026-09-22 18:35:09.163000,0.4819,31.5,1,0.5181,0.268428,1,3
AF068220926,prod,55,total,Under,2026-09-22 18:35:09.163000,0.5181,31.5,0,0.5181,0.268428,1,3
AF068220926,candidate,50,moneyline,Home,2026-09-22 18:35:09.163000,0.448,,0,0.448,0.200704,1,2
AF068220926,candidate,51,moneyline,Away,2026-09-22 18:35:09.163000,0.552,,1,0.448,0.200704,1,2
AF068220926,candidate,52,spread,Home,2026-09-22 18:35:09.163000,0.499,-2.5,0,0.499,0.249001,1,2
AF068220926,candidate,53,spread,Away,2026-09-22 18:35:09.163000,0.501,2.5,1,0.499,0.249001,1,2
AF068220926,candidate,54,total,Over,2026-09-22 18:35:09.163000,0.494,26.5,1,0.506,0.256036,1,2
AF068220926,candidate,55,total,Under,2026-09-22 18:35:09.163000,0.506,26.5,0,0.506,0.256036,1,2
AF069170926,prod,50,moneyline,Home,2026-09-17 20:49:38.782000,0.4051,,0,0.4051,0.164106,1,3
AF069170926,prod,51,moneyline,Away,2026-09-17 20:49:38.782000,0.595,,1,0.405,0.164025,1,3
AF069170926,prod,54,total,Over,2026-09-17 20:49:38.782000,0.5108,34.5,0,0.5108,0.260917,1,3
AF069170926,prod,55,total,Under,2026-09-17 20:49:38.782000,0.4892,34.5,1,0.5108,0.260917,1,3
AF069170926,candidate,50,moneyline,Home,2026-09-17 20:49:38.782000,0.4985,,0,0.4985,0.248502,1,2
AF069170926,candidate,51,moneyline,Away,2026-09-17 20:49:38.782000,0.5015,,1,0.4985,0.248502,1,2
AF069170926,candidate,52,spread,Home,2026-09-17 20:49:38.782000,0.4985,-0.5,0,0.4985,0.248502,1,2
AF069170926,candidate,53,spread,Away,2026-09-17 20:49:38.782000,0.5015,0.5,1,0.4985,0.248502,1,2
AF069170926,candidate,54,total,Over,2026-09-17 20:49:38.782000,0.4965,35.5,0,0.4965,0.246512,1,2
AF069170926,candidate,55,total,Under,2026-09-17 20:49:38.782000,0.5035,35.5,1,0.4965,0.246512,1,2
AF069180926,prod,50,moneyline,Home,2026-09-18 20:49:29.725000,0.5206,,1,0.4794,0.229824,1,3
AF069180926,prod,51,moneyline,Away,2026-09-18 20:49:29.725000,0.4794,,0,0.4794,0.229824,1,3
AF069180926,prod,52,spread,Home,2026-09-18 20:49:29.725000,0.5013,1.5,1,0.4987,0.248702,1,3
AF069180926,prod,53,spread,Away,2026-09-18 20:49:29.725000,0.4987,-1.5,0,0.4987,0.248702,1,3
AF069180926,prod,54,total,Over,2026-09-18 20:49:29.725000,0.5025,36.5,0,0.5025,0.252506,1,3
AF069180926,prod,55,total,Under,2026-09-18 20:49:29.725000,0.4975,36.5,1,0.5025,0.252506,1,3
AF069180926,candidate,50,moneyline,Home,2026-09-18 20:49:29.725000,0.543,,1,0.457,0.208849,1,2
AF069180926,candidate,51,moneyline,Away,2026-09-18 20:49:29.725000,0.457,,0,0.457,0.208849,1,2
AF069180926,candidate,52,spread,Home,2026-09-18 20:49:29.725000,0.504,1.5,1,0.496,0.246016,1,2
AF069180926,candidate,53,spread,Away,2026-09-18 20:49:29.725000,0.496,-1.5,0,0.496,0.246016,1,2
AF069180926,candidate,54,total,Over,2026-09-18 20:49:29.725000,0.486,38.5,0,0.486,0.236196,1,2
AF069180926,candidate,55,total,Under,2026-09-18 20:49:29.725000,0.514,38.5,1,0.486,0.236196,1,2
AF069190926,prod,50,moneyline,Home,2026-09-19 19:01:21.682000,0.4486,,0,0.4486,0.201242,1,3
AF069190926,prod,51,moneyline,Away,2026-09-19 19:01:21.682000,0.5514,,1,0.4486,0.201242,1,3
AF069190926,prod,52,spread,Home,2026-09-19 19:01:21.682000,0.4927,-2.5,0,0.4927,0.242753,1,3
AF069190926,prod,53,spread,Away,2026-09-19 19:01:21.682000,0.5074,2.5,1,0.4926,0.242655,1,3
AF069190926,prod,54,total,Over,2026-09-19 19:01:21.682000,0.5031,32.5,0,0.5031,0.25311,1,3
AF069190926,prod,55,total,Under,2026-09-19 19:01:21.682000,0.4969,32.5,1,0.5031,0.25311,1,3
AF069190926,candidate,50,moneyline,Home,2026-09-19 19:01:21.682000,0.49,,0,0.49,0.2401,1,2
AF069190926,candidate,51,moneyline,Away,2026-09-19 19:01:21.682000,0.51,,1,0.49,0.2401,1,2
AF069190926,candidate,52,spread,Home,2026-09-19 19:01:21.682000,0.49,-0.5,0,0.49,0.2401,1,2
AF069190926,candidate,53,spread,Away,2026-09-19 19:01:21.682000,0.51,0.5,1,0.49,0.2401,1,2
AF069190926,candidate,54,total,Over,2026-09-19 19:01:21.682000,0.4915,33.5,0,0.4915,0.241572,1,2
AF069190926,candidate,55,total,Under,2026-09-19 19:01:21.682000,0.5085,33.5,1,0.4915,0.241572,1,2
AF069200926,prod,50,moneyline,Home,2026-09-20 19:01:17.837000,0.5126,,1,0.4874,0.237559,1,3
AF069200926,prod,51,moneyline,Away,2026-09-20 19:01:17.837000,0.4874,,0,0.4874,0.237559,1,3
AF069200926,prod,52,spread,Home,2026-09-20 19:01:17.837000,0.4916,1.5,1,0.5084,0.258471,1,3
AF069200926,prod,53,spread,Away,2026-09-20 19:01:17.837000,0.5084,-1.5,0,0.5084,0.258471,1,3
AF069200926,prod,54,total,Over,2026-09-20 19:01:17.837000,0.515,37.5,1,0.485,0.235225,1,3
AF069200926,prod,55,total,Under,2026-09-20 19:01:17.837000,0.485,37.5,0,0.485,0.235225,1,3
AF069200926,candidate,50,moneyline,Home,2026-09-20 19:01:17.837000,0.5265,,1,0.4735,0.224202,1,2
AF069200926,candidate,51,moneyline,Away,2026-09-20 19:01:17.837000,0.4735,,0,0.4735,0.224202,1,2
AF069200926,candidate,52,spread,Home,2026-09-20 19:01:17.837000,0.4765,1.5,1,0.5235,0.274052,1,2
AF069200926,candidate,53,spread,Away,2026-09-20 19:01:17.837000,0.5235,-1.5,0,0.5235,0.274052,1,2
AF069200926,candidate,54,total,Over,2026-09-20 19:01:17.837000,0.5105,41.5,0,0.5105,0.26061,1,2
AF069200926,candidate,55,total,Under,2026-09-20 19:01:17.837000,0.4895,41.5,1,0.5105,0.26061,1,2
AF069220926,prod,50,moneyline,Home,2026-09-22 19:01:29.458000,0.499,,1,0.501,0.251001,1,3
AF069220926,prod,51,moneyline,Away,2026-09-22 19:01:29.458000,0.501,,0,0.501,0.251001,1,3
AF069220926,prod,52,spread,Home,2026-09-22 19:01:29.458000,0.5169,-1.5,1,0.4831,0.233386,1,3
AF069220926,prod,53,spread,Away,2026-09-22 19:01:29.458000,0.4831,1.5,0,0.4831,0.233386,1,3
AF069220926,prod,54,total,Over,2026-09-22 19:01:29.458000,0.4918,35.5,0,0.4918,0.241867,1,3
AF069220926,prod,55,total,Under,2026-09-22 19:01:29.458000,0.5082,35.5,1,0.4918,0.241867,1,3
AF069220926,candidate,50,moneyline,Home,2026-09-22 19:01:29.458000,0.5625,,1,0.4375,0.191406,1,2
AF069220926,candidate,51,moneyline,Away,2026-09-22 19:01:29.458000,0.4375,,0,0.4375,0.191406,1,2
AF069220926,candidate,52,spread,Home,2026-09-22 19:01:29.458000,0.49,2.5,1,0.51,0.2601,1,2
AF069220926,candidate,53,spread,Away,2026-09-22 19:01:29.458000,0.51,-2.5,0,0.51,0.2601,1,2
AF069220926,candidate,54,total,Over,2026-09-22 19:01:29.458000,0.5045,37.5,0,0.5045,0.25452,1,2
AF069220926,candidate,55,total,Under,2026-09-22 19:01:29.458000,0.4955,37.5,1,0.5045,0.25452,1,2
AF070170926,prod,50,moneyline,Home,2026-09-17 20:59:29.784000,0.5083,,1,0.4917,0.241769,1,3
AF070170926,prod,51,moneyline,Away,2026-09-17 20:59:29.784000,0.4917,,0,0.4917,0.241769,1,3
AF070170926,prod,52,spread,Home,2026-09-17 20:59:29.784000,0.4879,1.5,1,0.5121,0.262246,1,3
AF070170926,prod,53,spread,Away,2026-09-17 20:59:29.784000,0.5121,-1.5,0,0.5121,0.262246,1,3
AF070170926,prod,54,total,Over,2026-09-17 20:59:29.784000,0.4953,32.5,0,0.4953,0.245322,1,3
AF070170926,prod,55,total,Under,2026-09-17 20:59:29.784000,0.5047,32.5,1,0.4953,0.245322,1,3
AF070170926,candidate,50,moneyline,Home,2026-09-17 20:59:29.784000,0.452,,1,0.548,0.300304,1,2
AF070170926,candidate,51,moneyline,Away,2026-09-17 20:59:29.784000,0.548,,0,0.548,0.300304,1,2
AF070170926,candidate,52,spread,Home,2026-09-17 20:59:29.784000,0.501,-2.5,1,0.499,0.249001,1,2
AF070170926,candidate,53,spread,Away,2026-09-17 20:59:29.784000,0.499,2.5,0,0.499,0.249001,1,2
AF070170926,candidate,54,total,Over,2026-09-17 20:59:29.784000,0.5065,24.5,1,0.4935,0.243542,1,2
AF070170926,candidate,55,total,Under,2026-09-17 20:59:29.784000,0.4935,24.5,0,0.4935,0.243542,1,2
AF070180926,prod,50,moneyline,Home,2026-09-18 20:59:16.285000,0.4662,,1,0.5338,0.284942,1,3
AF070180926,prod,51,moneyline,Away,2026-09-18 20:59:16.285000,0.5338,,0,0.5338,0.284942,1,3
AF070180926,prod,52,spread,Home,2026-09-18 20:59:16.285000,0.4874,-1.5,1,0.5126,0.262759,1,3
AF070180926,prod,53,spread,Away,2026-09-18 20:59:16.285000,0.5126,1.5,0,0.5126,0.262759,1,3
AF070180926,prod,54,total,Over,2026-09-18 20:59:16.285000,0.4986,35.5,0,0.4986,0.248602,1,3
AF070180926,prod,55,total,Under,2026-09-18 20:59:16.285000,0.5014,35.5,1,0.4986,0.248602,1,3
AF070180926,candidate,50,moneyline,Home,2026-09-18 20:59:16.285000,0.5395,,1,0.4605,0.21206,1,2
AF070180926,candidate,51,moneyline,Away,2026-09-18 20:59:16.285000,0.4605,,0,0.4605,0.21206,1,2
AF070180926,candidate,52,spread,Home,2026-09-18 20:59:16.285000,0.5025,1.5,1,0.4975,0.247506,1,2
AF070180926,candidate,53,spread,Away,2026-09-18 20:59:16.285000,0.4975,-1.5,0,0.4975,0.247506,1,2
AF070180926,candidate,54,total,Over,2026-09-18 20:59:16.285000,0.512,33.5,0,0.512,0.262144,1,2
AF070180926,candidate,55,total,Under,2026-09-18 20:59:16.285000,0.488,33.5,1,0.512,0.262144,1,2
AF070190926,prod,50,moneyline,Home,2026-09-19 19:11:22.640000,0.6223,,1,0.3777,0.142657,1,3
AF070190926,prod,51,moneyline,Away,2026-09-19 19:11:22.640000,0.3779,,0,0.3779,0.142808,1,3
AF070190926,prod,52,spread,Home,2026-09-19 19:11:22.640000,0.4493,3.5,1,0.5507,0.30327,1,3
AF070190926,prod,53,spread,Away,2026-09-19 19:11:22.640000,0.5507,-3.5,0,0.5507,0.30327,1,3
AF070190926,prod,54,total,Over,2026-09-19 19:11:22.640000,0.5224,30.5,0,0.5224,0.272902,1,3
AF070190926,prod,55,total,Under,2026-09-19 19:11:22.640000,0.4776,30.5,1,0.5224,0.272902,1,3
AF070190926,candidate,50,moneyline,Home,2026-09-19 19:11:22.640000,0.5435,,1,0.4565,0.208392,1,2
AF070190926,candidate,51,moneyline,Away,2026-09-19 19:11:22.640000,0.4565,,0,0.4565,0.208392,1,2
AF070190926,candidate,52,spread,Home,2026-09-19 19:11:22.640000,0.509,1.5,1,0.491,0.241081,1,2
AF070190926,candidate,53,spread,Away,2026-09-19 19:11:22.640000,0.491,-1.5,0,0.491,0.241081,1,2
AF070190926,candidate,54,total,Over,2026-09-19 19:11:22.640000,0.496,29.5,0,0.496,0.246016,1,2
AF070190926,candidate,55,total,Under,2026-09-19 19:11:22.640000,0.504,29.5,1,0.496,0.246016,1,2
AF070200926,prod,50,moneyline,Home,2026-09-20 19:11:11.312000,0.4152,,1,0.5848,0.341991,1,3
AF070200926,prod,51,moneyline,Away,2026-09-20 19:11:11.312000,0.5848,,0,0.5848,0.341991,1,3
AF070200926,prod,52,spread,Home,2026-09-20 19:11:11.312000,0.4623,-2.5,1,0.5377,0.289121,1,3
AF070200926,prod,53,spread,Away,2026-09-20 19:11:11.312000,0.5377,2.5,0,0.5377,0.289121,1,3
AF070200926,prod,54,total,Over,2026-09-20 19:11:11.312000,0.5249,30.5,1,0.4751,0.22572,1,3
AF070200926,prod,55,total,Under,2026-09-20 19:11:11.312000,0.4752,30.5,0,0.4752,0.225815,1,3
AF070200926,candidate,50,moneyline,Home,2026-09-20 19:11:11.312000,0.458,,1,0.542,0.293764,1,2
AF070200926,candidate,51,moneyline,Away,2026-09-20 19:11:11.312000,0.542,,0,0.542,0.293764,1,2
AF070200926,candidate,52,spread,Home,2026-09-20 19:11:11.312000,0.4925,-1.5,1,0.5075,0.257556,1,2
AF070200926,candidate,53,spread,Away,2026-09-20 19:11:11.312000,0.5075,1.5,0,0.5075,0.257556,1,2
AF070200926,candidate,54,total,Over,2026-09-20 19:11:11.312000,0.4975,28.5,1,0.5025,0.252506,1,2
AF070200926,candidate,55,total,Under,2026-09-20 19:11:11.312000,0.5025,28.5,0,0.5025,0.252506,1,2
AF071170926,prod,50,moneyline,Home,2026-09-17 21:25:35.638000,0.575,,1,0.425,0.180625,1,3
AF071170926,prod,51,moneyline,Away,2026-09-17 21:25:35.638000,0.425,,0,0.425,0.180625,1,3
AF071170926,prod,52,spread,Home,2026-09-17 21:25:35.638000,0.5313,2.5,1,0.4687,0.21968,1,3
AF071170926,prod,53,spread,Away,2026-09-17 21:25:35.638000,0.4688,-2.5,0,0.4688,0.219773,1,3
AF071170926,prod,54,total,Over,2026-09-17 21:25:35.638000,0.4889,38.5,1,0.5111,0.261223,1,3
AF071170926,prod,55,total,Under,2026-09-17 21:25:35.638000,0.5111,38.5,0,0.5111,0.261223,1,3
AF071170926,candidate,50,moneyline,Home,2026-09-17 21:25:35.638000,0.565,,1,0.435,0.189225,1,2
AF071170926,candidate,51,moneyline,Away,2026-09-17 21:25:35.638000,0.435,,0,0.435,0.189225,1,2
AF071170926,candidate,52,spread,Home,2026-09-17 21:25:35.638000,0.4865,2.5,1,0.5135,0.263682,1,2
AF071170926,candidate,53,spread,Away,2026-09-17 21:25:35.638000,0.5135,-2.5,0,0.5135,0.263682,1,2
AF071170926,candidate,54,total,Over,2026-09-17 21:25:35.638000,0.5085,47.5,0,0.5085,0.258572,1,2
AF071170926,candidate,55,total,Under,2026-09-17 21:25:35.638000,0.4915,47.5,1,0.5085,0.258572,1,2
AF071180926,prod,50,moneyline,Home,2026-09-18 21:26:33.892000,0.4597,,1,0.5403,0.291924,1,3
AF071180926,prod,51,moneyline,Away,2026-09-18 21:26:33.892000,0.5403,,0,0.5403,0.291924,1,3
AF071180926,prod,52,spread,Home,2026-09-18 21:26:33.892000,0.5059,-2.5,1,0.4941,0.244135,1,3
AF071180926,prod,53,spread,Away,2026-09-18 21:26:33.892000,0.4941,2.5,0,0.4941,0.244135,1,3
AF071180926,prod,54,total,Over,2026-09-18 21:26:33.892000,0.5123,37.5,0,0.5123,0.262451,1,3
AF071180926,prod,55,total,Under,2026-09-18 21:26:33.892000,0.4878,37.5,1,0.5122,0.262349,1,3
AF071180926,candidate,50,moneyline,Home,2026-09-18 21:26:33.892000,0.494,,1,0.506,0.256036,1,2
AF071180926,candidate,51,moneyline,Away,2026-09-18 21:26:33.892000,0.506,,0,0.506,0.256036,1,2
AF071180926,candidate,52,spread,Home,2026-09-18 21:26:33.892000,0.494,0.5,1,0.506,0.256036,1,2
AF071180926,candidate,53,spread,Away,2026-09-18 21:26:33.892000,0.506,-0.5,0,0.506,0.256036,1,2
AF071180926,candidate,54,total,Over,2026-09-18 21:26:33.892000,0.5115,36.5,0,0.5115,0.261632,1,2
AF071180926,candidate,55,total,Under,2026-09-18 21:26:33.892000,0.4885,36.5,1,0.5115,0.261632,1,2
AF071190926,prod,50,moneyline,Home,2026-09-19 19:37:17.399000,0.5366,,1,0.4634,0.21474,1,3
AF071190926,prod,51,moneyline,Away,2026-09-19 19:37:17.399000,0.4635,,0,0.4635,0.214832,1,3
AF071190926,prod,52,spread,Home,2026-09-19 19:37:17.399000,0.4895,2.5,1,0.5105,0.26061,1,5
AF071190926,prod,53,spread,Away,2026-09-19 19:37:17.399000,0.5105,-2.5,0,0.5105,0.26061,1,5
AF071190926,prod,54,total,Over,2026-09-19 19:37:17.399000,0.4868,37.5,0,0.4868,0.236974,1,5
AF071190926,prod,55,total,Under,2026-09-19 19:37:17.399000,0.5132,37.5,1,0.4868,0.236974,1,5
AF071190926,candidate,50,moneyline,Home,2026-09-19 19:37:17.399000,0.49,,1,0.51,0.2601,1,2
AF071190926,candidate,51,moneyline,Away,2026-09-19 19:37:17.399000,0.51,,0,0.51,0.2601,1,2
AF071190926,candidate,52,spread,Home,2026-09-19 19:37:17.399000,0.49,-0.5,1,0.51,0.2601,1,2
AF071190926,candidate,53,spread,Away,2026-09-19 19:37:17.399000,0.51,0.5,0,0.51,0.2601,1,2
AF071190926,candidate,54,total,Over,2026-09-19 19:37:17.399000,0.5385,30.5,1,0.4615,0.212982,1,2
AF071190926,candidate,55,total,Under,2026-09-19 19:37:17.399000,0.4615,30.5,0,0.4615,0.212982,1,2
AF071200926,prod,50,moneyline,Home,2026-09-20 19:37:18.797000,0.4696,,1,0.5304,0.281324,1,3
AF071200926,prod,51,moneyline,Away,2026-09-20 19:37:18.797000,0.5304,,0,0.5304,0.281324,1,3
AF071200926,prod,52,spread,Home,2026-09-20 19:37:18.797000,0.4908,-1.5,1,0.5092,0.259285,1,3
AF071200926,prod,53,spread,Away,2026-09-20 19:37:18.797000,0.5092,1.5,0,0.5092,0.259285,1,3
AF071200926,prod,54,total,Over,2026-09-20 19:37:18.797000,0.5125,36.5,1,0.4875,0.237656,1,3
AF071200926,prod,55,total,Under,2026-09-20 19:37:18.797000,0.4875,36.5,0,0.4875,0.237656,1,3
AF071200926,candidate,50,moneyline,Home,2026-09-20 19:37:18.797000,0.4655,,1,0.5345,0.28569,1,2
AF071200926,candidate,51,moneyline,Away,2026-09-20 19:37:18.797000,0.5345,,0,0.5345,0.28569,1,2
AF071200926,candidate,52,spread,Home,2026-09-20 19:37:18.797000,0.512,-1.5,1,0.488,0.238144,1,2
AF071200926,candidate,53,spread,Away,2026-09-20 19:37:18.797000,0.488,1.5,0,0.488,0.238144,1,2
AF071200926,candidate,54,total,Over,2026-09-20 19:37:18.797000,0.508,40.5,0,0.508,0.258064,1,2
AF071200926,candidate,55,total,Under,2026-09-20 19:37:18.797000,0.492,40.5,1,0.508,0.258064,1,2
AF071210926,prod,50,moneyline,Home,2026-09-21 18:26:33.548000,0.4595,,1,0.5405,0.29214,1,3
AF071210926,prod,51,moneyline,Away,2026-09-21 18:26:33.548000,0.5405,,0,0.5405,0.29214,1,3
AF071210926,prod,52,spread,Home,2026-09-21 18:26:33.548000,0.5021,-2.5,1,0.4979,0.247904,1,3
AF071210926,prod,53,spread,Away,2026-09-21 18:26:33.548000,0.4979,2.5,0,0.4979,0.247904,1,3
AF071210926,prod,54,total,Over,2026-09-21 18:26:33.548000,0.488,35.5,0,0.488,0.238144,1,3
AF071210926,prod,55,total,Under,2026-09-21 18:26:33.548000,0.512,35.5,1,0.488,0.238144,1,3
AF071210926,candidate,50,moneyline,Home,2026-09-21 18:26:33.548000,0.4045,,1,0.5955,0.35462,1,2
AF071210926,candidate,51,moneyline,Away,2026-09-21 18:26:33.548000,0.5955,,0,0.5955,0.35462,1,2
AF071210926,candidate,52,spread,Home,2026-09-21 18:26:33.548000,0.482,-2.5,1,0.518,0.268324,1,2
AF071210926,candidate,53,spread,Away,2026-09-21 18:26:33.548000,0.518,2.5,0,0.518,0.268324,1,2
AF071210926,candidate,54,total,Over,2026-09-21 18:26:33.548000,0.497,42.5,0,0.497,0.247009,1,2
AF071210926,candidate,55,total,Under,2026-09-21 18:26:33.548000,0.503,42.5,1,0.497,0.247009,1,2
AF071220926,prod,50,moneyline,Home,2026-09-22 19:37:20.730000,0.5019,,1,0.4981,0.248104,1,3
AF071220926,prod,51,moneyline,Away,2026-09-22 19:37:20.730000,0.4981,,0,0.4981,0.248104,1,3
AF071220926,prod,52,spread,Home,2026-09-22 19:37:20.730000,0.4786,1.5,1,0.5214,0.271858,1,5
AF071220926,prod,53,spread,Away,2026-09-22 19:37:20.730000,0.5214,-1.5,0,0.5214,0.271858,1,5
AF071220926,prod,54,total,Over,2026-09-22 19:37:20.730000,0.5255,37.5,0,0.5255,0.27615,1,3
AF071220926,prod,55,total,Under,2026-09-22 19:37:20.730000,0.4746,37.5,1,0.5254,0.276045,1,3
AF071220926,candidate,50,moneyline,Home,2026-09-22 19:37:20.730000,0.5605,,1,0.4395,0.19316,1,2
AF071220926,candidate,51,moneyline,Away,2026-09-22 19:37:20.730000,0.4395,,0,0.4395,0.19316,1,2
AF071220926,candidate,52,spread,Home,2026-09-22 19:37:20.730000,0.4925,2.5,1,0.5075,0.257556,1,2
AF071220926,candidate,53,spread,Away,2026-09-22 19:37:20.730000,0.5075,-2.5,0,0.5075,0.257556,1,2
AF071220926,candidate,54,total,Over,2026-09-22 19:37:20.730000,0.4945,37.5,0,0.4945,0.24453,1,2
AF071220926,candidate,55,total,Under,2026-09-22 19:37:20.730000,0.5055,37.5,1,0.4945,0.24453,1,2
AF072170926,prod,50,moneyline,Home,2026-09-17 21:35:31.154000,0.4772,,1,0.5228,0.27332,1,3
AF072170926,prod,51,moneyline,Away,2026-09-17 21:35:31.154000,0.5228,,0,0.5228,0.27332,1,3
AF072170926,prod,52,spread,Home,2026-09-17 21:35:31.154000,0.4978,-1.5,1,0.5022,0.252205,1,3
AF072170926,prod,53,spread,Away,2026-09-17 21:35:31.154000,0.5022,1.5,0,0.5022,0.252205,1,3
AF072170926,prod,54,total,Over,2026-09-17 21:35:31.154000,0.5008,32.5,0,0.5008,0.250801,1,3
AF072170926,prod,55,total,Under,2026-09-17 21:35:31.154000,0.4992,32.5,1,0.5008,0.250801,1,3
AF072170926,candidate,50,moneyline,Home,2026-09-17 21:35:31.154000,0.5805,,1,0.4195,0.17598,1,2
AF072170926,candidate,51,moneyline,Away,2026-09-17 21:35:31.154000,0.4195,,0,0.4195,0.17598,1,2
AF072170926,candidate,52,spread,Home,2026-09-17 21:35:31.154000,0.514,2.5,1,0.486,0.236196,1,2
AF072170926,candidate,53,spread,Away,2026-09-17 21:35:31.154000,0.486,-2.5,0,0.486,0.236196,1,2
AF072170926,candidate,54,total,Over,2026-09-17 21:35:31.154000,0.477,31.5,0,0.477,0.227529,1,2
AF072170926,candidate,55,total,Under,2026-09-17 21:35:31.154000,0.523,31.5,1,0.477,0.227529,1,2
AF072190926,prod,50,moneyline,Home,2026-09-19 19:47:20.547000,0.3748,,0,0.3748,0.140475,1,3
AF072190926,prod,51,moneyline,Away,2026-09-19 19:47:20.547000,0.6253,,1,0.3747,0.1404,1,3
AF072190926,prod,52,spread,Home,2026-09-19 19:47:20.547000,0.5047,-3.5,0,0.5047,0.254722,1,3
AF072190926,prod,53,spread,Away,2026-09-19 19:47:20.547000,0.4953,3.5,1,0.5047,0.254722,1,3
AF072190926,prod,54,total,Over,2026-09-19 19:47:20.547000,0.5009,31.5,0,0.5009,0.250901,1,3
AF072190926,prod,55,total,Under,2026-09-19 19:47:20.547000,0.4991,31.5,1,0.5009,0.250901,1,3
AF072190926,candidate,50,moneyline,Home,2026-09-19 19:47:20.547000,0.4425,,0,0.4425,0.195806,1,2
AF072190926,candidate,51,moneyline,Away,2026-09-19 19:47:20.547000,0.5575,,1,0.4425,0.195806,1,2
AF072190926,candidate,52,spread,Home,2026-09-19 19:47:20.547000,0.5035,-2.5,0,0.5035,0.253512,1,2
AF072190926,candidate,53,spread,Away,2026-09-19 19:47:20.547000,0.4965,2.5,1,0.5035,0.253512,1,2
AF072190926,candidate,54,total,Over,2026-09-19 19:47:20.547000,0.4905,28.5,0,0.4905,0.24059,1,2
AF072190926,candidate,55,total,Under,2026-09-19 19:47:20.547000,0.5095,28.5,1,0.4905,0.24059,1,2
AF072200926,prod,50,moneyline,Home,2026-09-20 19:47:28.946000,0.4686,,1,0.5314,0.282386,1,3
AF072200926,prod,51,moneyline,Away,2026-09-20 19:47:28.946000,0.5314,,0,0.5314,0.282386,1,3
AF072200926,prod,54,total,Over,2026-09-20 19:47:28.946000,0.4484,31.5,0,0.4484,0.201063,1,3
AF072200926,prod,55,total,Under,2026-09-20 19:47:28.946000,0.5516,31.5,1,0.4484,0.201063,1,3
AF072200926,candidate,50,moneyline,Home,2026-09-20 19:47:28.946000,0.519,,1,0.481,0.231361,1,2
AF072200926,candidate,51,moneyline,Away,2026-09-20 19:47:28.946000,0.481,,0,0.481,0.231361,1,2
AF072200926,candidate,52,spread,Home,2026-09-20 19:47:28.946000,0.485,1.5,1,0.515,0.265225,1,2
AF072200926,candidate,53,spread,Away,2026-09-20 19:47:28.946000,0.515,-1.5,0,0.515,0.265225,1,2
AF072200926,candidate,54,total,Over,2026-09-20 19:47:28.946000,0.4785,31.5,0,0.4785,0.228962,1,2
AF072200926,candidate,55,total,Under,2026-09-20 19:47:28.946000,0.5215,31.5,1,0.4785,0.228962,1,2
AF073170926,prod,50,moneyline,Home,2026-09-17 22:01:29.301000,0.5101,,0,0.5101,0.260202,1,3
AF073170926,prod,51,moneyline,Away,2026-09-17 22:01:29.301000,0.4899,,1,0.5101,0.260202,1,3
AF073170926,prod,52,spread,Home,2026-09-17 22:01:29.301000,0.4906,1.5,0,0.4906,0.240688,1,3
AF073170926,prod,53,spread,Away,2026-09-17 22:01:29.301000,0.5094,-1.5,1,0.4906,0.240688,1,3
AF073170926,prod,54,total,Over,2026-09-17 22:01:29.301000,0.4793,35.5,0,0.4793,0.229728,1,3
AF073170926,prod,55,total,Under,2026-09-17 22:01:29.301000,0.5207,35.5,1,0.4793,0.229728,1,3
AF073170926,candidate,50,moneyline,Home,2026-09-17 22:01:29.301000,0.5195,,0,0.5195,0.26988,1,2
AF073170926,candidate,51,moneyline,Away,2026-09-17 22:01:29.301000,0.4805,,1,0.5195,0.26988,1,2
AF073170926,candidate,52,spread,Home,2026-09-17 22:01:29.301000,0.5195,0.5,0,0.5195,0.26988,1,2
AF073170926,candidate,53,spread,Away,2026-09-17 22:01:29.301000,0.4805,-0.5,1,0.5195,0.26988,1,2
AF073170926,candidate,54,total,Over,2026-09-17 22:01:29.301000,0.486,38.5,0,0.486,0.236196,1,2
AF073170926,candidate,55,total,Under,2026-09-17 22:01:29.301000,0.514,38.5,1,0.486,0.236196,1,2
AF073180926,prod,50,moneyline,Home,2026-09-18 22:01:18.959000,0.4889,,0,0.4889,0.239023,1,3
AF073180926,prod,51,moneyline,Away,2026-09-18 22:01:18.959000,0.5111,,1,0.4889,0.239023,1,3
AF073180926,prod,52,spread,Home,2026-09-18 22:01:18.959000,0.5095,-1.5,0,0.5095,0.25959,1,3
AF073180926,prod,53,spread,Away,2026-09-18 22:01:18.959000,0.4905,1.5,1,0.5095,0.25959,1,3
AF073180926,prod,54,total,Over,2026-09-18 22:01:18.959000,0.5167,37.5,0,0.5167,0.266979,1,3
AF073180926,prod,55,total,Under,2026-09-18 22:01:18.959000,0.4833,37.5,1,0.5167,0.266979,1,3
AF073180926,candidate,50,moneyline,Home,2026-09-18 22:01:18.959000,0.5265,,0,0.5265,0.277202,1,2
AF073180926,candidate,51,moneyline,Away,2026-09-18 22:01:18.959000,0.4735,,1,0.5265,0.277202,1,2
AF073180926,candidate,52,spread,Home,2026-09-18 22:01:18.959000,0.4815,1.5,0,0.4815,0.231842,1,2
AF073180926,candidate,53,spread,Away,2026-09-18 22:01:18.959000,0.5185,-1.5,1,0.4815,0.231842,1,2
AF073180926,candidate,54,total,Over,2026-09-18 22:01:18.959000,0.5,42.5,0,0.5,0.25,1,2
AF073180926,candidate,55,total,Under,2026-09-18 22:01:18.959000,0.5,42.5,1,0.5,0.25,1,2
AF073190926,prod,50,moneyline,Home,2026-09-19 20:13:21.396000,0.4534,,0,0.4534,0.205572,1,3
AF073190926,prod,51,moneyline,Away,2026-09-19 20:13:21.396000,0.5466,,1,0.4534,0.205572,1,3
AF073190926,prod,52,spread,Home,2026-09-19 20:13:21.396000,0.4951,-2.5,0,0.4951,0.245124,1,3
AF073190926,prod,53,spread,Away,2026-09-19 20:13:21.396000,0.5049,2.5,1,0.4951,0.245124,1,3
AF073190926,prod,54,total,Over,2026-09-19 20:13:21.396000,0.5065,32.5,1,0.4935,0.243542,1,3
AF073190926,prod,55,total,Under,2026-09-19 20:13:21.396000,0.4935,32.5,0,0.4935,0.243542,1,3
AF073190926,candidate,50,moneyline,Home,2026-09-19 20:13:21.396000,0.492,,0,0.492,0.242064,1,2
AF073190926,candidate,51,moneyline,Away,2026-09-19 20:13:21.396000,0.508,,1,0.492,0.242064,1,2
AF073190926,candidate,52,spread,Home,2026-09-19 20:13:21.396000,0.492,-0.5,0,0.492,0.242064,1,2
AF073190926,candidate,53,spread,Away,2026-09-19 20:13:21.396000,0.508,0.5,1,0.492,0.242064,1,2
AF073190926,candidate,54,total,Over,2026-09-19 20:13:21.396000,0.4895,34.5,1,0.5105,0.26061,1,2
AF073190926,candidate,55,total,Under,2026-09-19 20:13:21.396000,0.5105,34.5,0,0.5105,0.26061,1,2
AF073200926,prod,50,moneyline,Home,2026-09-20 20:13:17.874000,0.5039,,1,0.4961,0.246115,1,3
AF073200926,prod,51,moneyline,Away,2026-09-20 20:13:17.874000,0.4961,,0,0.4961,0.246115,1,3
AF073200926,prod,53,spread,Away,2026-09-20 20:13:17.874000,0.5176,-1.5,0,0.5176,0.26791,1,5
AF073200926,prod,54,total,Over,2026-09-20 20:13:17.874000,0.5142,37.5,1,0.4858,0.236002,1,3
AF073200926,prod,55,total,Under,2026-09-20 20:13:17.874000,0.4858,37.5,0,0.4858,0.236002,1,3
AF073200926,candidate,50,moneyline,Home,2026-09-20 20:13:17.874000,0.488,,1,0.512,0.262144,1,2
AF073200926,candidate,51,moneyline,Away,2026-09-20 20:13:17.874000,0.512,,0,0.512,0.262144,1,2
AF073200926,candidate,52,spread,Home,2026-09-20 20:13:17.874000,0.488,-0.5,1,0.512,0.262144,1,2
AF073200926,candidate,53,spread,Away,2026-09-20 20:13:17.874000,0.512,0.5,0,0.512,0.262144,1,2
AF073200926,candidate,54,total,Over,2026-09-20 20:13:17.874000,0.4685,45.5,0,0.4685,0.219492,1,2
AF073200926,candidate,55,total,Under,2026-09-20 20:13:17.874000,0.5315,45.5,1,0.4685,0.219492,1,2
AF073210926,prod,50,moneyline,Home,2026-09-21 19:01:52.938000,0.5033,,0,0.5033,0.253311,1,3
AF073210926,prod,51,moneyline,Away,2026-09-21 19:01:52.938000,0.4967,,1,0.5033,0.253311,1,3
AF073210926,prod,52,spread,Home,2026-09-21 19:01:52.938000,0.483,1.5,0,0.483,0.233289,1,3
AF073210926,prod,53,spread,Away,2026-09-21 19:01:52.938000,0.517,-1.5,1,0.483,0.233289,1,3
AF073210926,prod,54,total,Over,2026-09-21 19:01:52.938000,0.4836,38.5,1,0.5164,0.266669,1,3
AF073210926,prod,55,total,Under,2026-09-21 19:01:52.938000,0.5164,38.5,0,0.5164,0.266669,1,3
AF073210926,candidate,50,moneyline,Home,2026-09-21 19:01:52.938000,0.572,,0,0.572,0.327184,1,2
AF073210926,candidate,51,moneyline,Away,2026-09-21 19:01:52.938000,0.428,,1,0.572,0.327184,1,2
AF073210926,candidate,52,spread,Home,2026-09-21 19:01:52.938000,0.4975,2.5,0,0.4975,0.247506,1,2
AF073210926,candidate,53,spread,Away,2026-09-21 19:01:52.938000,0.5025,-2.5,1,0.4975,0.247506,1,2
AF073210926,candidate,54,total,Over,2026-09-21 19:01:52.938000,0.5035,44.5,1,0.4965,0.246512,1,2
AF073210926,candidate,55,total,Under,2026-09-21 19:01:52.938000,0.4965,44.5,0,0.4965,0.246512,1,2
AF073220926,prod,50,moneyline,Home,2026-09-22 20:14:04.797000,0.5042,,1,0.4958,0.245818,1,3
AF073220926,prod,51,moneyline,Away,2026-09-22 20:14:04.797000,0.4958,,0,0.4958,0.245818,1,3
AF073220926,prod,52,spread,Home,2026-09-22 20:14:04.797000,0.4833,1.5,1,0.5167,0.266979,1,3
AF073220926,prod,53,spread,Away,2026-09-22 20:14:04.797000,0.5167,-1.5,0,0.5167,0.266979,1,3
AF073220926,prod,54,total,Over,2026-09-22 20:14:04.797000,0.4919,34.5,1,0.5081,0.258166,1,3
AF073220926,prod,55,total,Under,2026-09-22 20:14:04.797000,0.5081,34.5,0,0.5081,0.258166,1,3
AF073220926,candidate,50,moneyline,Home,2026-09-22 20:14:04.797000,0.571,,1,0.429,0.184041,1,2
AF073220926,candidate,51,moneyline,Away,2026-09-22 20:14:04.797000,0.429,,0,0.429,0.184041,1,2
AF073220926,candidate,52,spread,Home,2026-09-22 20:14:04.797000,0.5105,2.5,1,0.4895,0.23961,1,2
AF073220926,candidate,53,spread,Away,2026-09-22 20:14:04.797000,0.4895,-2.5,0,0.4895,0.23961,1,2
AF073220926,candidate,54,total,Over,2026-09-22 20:14:04.797000,0.4945,33.5,1,0.5055,0.25553,1,2
AF073220926,candidate,55,total,Under,2026-09-22 20:14:04.797000,0.5055,33.5,0,0.5055,0.25553,1,2
AF074170926,prod,50,moneyline,Home,2026-09-17 22:11:20.784000,0.589,,1,0.411,0.168921,1,3
AF074170926,prod,51,moneyline,Away,2026-09-17 22:11:20.784000,0.411,,0,0.411,0.168921,1,3
AF074170926,prod,52,spread,Home,2026-09-17 22:11:20.784000,0.5425,2.5,1,0.4575,0.209306,1,3
AF074170926,prod,53,spread,Away,2026-09-17 22:11:20.784000,0.4575,-2.5,0,0.4575,0.209306,1,3
AF074170926,prod,54,total,Over,2026-09-17 22:11:20.784000,0.495,33.5,0,0.495,0.245025,1,3
AF074170926,prod,55,total,Under,2026-09-17 22:11:20.784000,0.505,33.5,1,0.495,0.245025,1,3
AF074170926,candidate,50,moneyline,Home,2026-09-17 22:11:20.784000,0.5805,,1,0.4195,0.17598,1,2
AF074170926,candidate,51,moneyline,Away,2026-09-17 22:11:20.784000,0.4195,,0,0.4195,0.17598,1,2
AF074170926,candidate,52,spread,Home,2026-09-17 22:11:20.784000,0.5135,2.5,1,0.4865,0.236682,1,2
AF074170926,candidate,53,spread,Away,2026-09-17 22:11:20.784000,0.4865,-2.5,0,0.4865,0.236682,1,2
AF074170926,candidate,54,total,Over,2026-09-17 22:11:20.784000,0.5025,28.5,0,0.5025,0.252506,1,2
AF074170926,candidate,55,total,Under,2026-09-17 22:11:20.784000,0.4975,28.5,1,0.5025,0.252506,1,2
AF074200926,prod,50,moneyline,Home,2026-09-20 20:23:35.344000,0.3834,,0,0.3834,0.146996,1,3
AF074200926,prod,51,moneyline,Away,2026-09-20 20:23:35.344000,0.6167,,1,0.3833,0.146919,1,3
AF074200926,prod,52,spread,Home,2026-09-20 20:23:35.344000,0.5126,-3.5,0,0.5126,0.262759,1,3
AF074200926,prod,53,spread,Away,2026-09-20 20:23:35.344000,0.4874,3.5,1,0.5126,0.262759,1,3
AF074200926,prod,54,total,Over,2026-09-20 20:23:35.344000,0.5002,33.5,1,0.4998,0.2498,1,3
AF074200926,prod,55,total,Under,2026-09-20 20:23:35.344000,0.4998,33.5,0,0.4998,0.2498,1,3
AF074200926,candidate,50,moneyline,Home,2026-09-20 20:23:35.344000,0.4315,,0,0.4315,0.186192,1,2
AF074200926,candidate,51,moneyline,Away,2026-09-20 20:23:35.344000,0.5685,,1,0.4315,0.186192,1,2
AF074200926,candidate,52,spread,Home,2026-09-20 20:23:35.344000,0.49,-2.5,0,0.49,0.2401,1,2
AF074200926,candidate,53,spread,Away,2026-09-20 20:23:35.344000,0.51,2.5,1,0.49,0.2401,1,2
AF074200926,candidate,54,total,Over,2026-09-20 20:23:35.344000,0.5,27.5,1,0.5,0.25,1,2
AF074200926,candidate,55,total,Under,2026-09-20 20:23:35.344000,0.5,27.5,0,0.5,0.25,1,2
AF074210926,prod,50,moneyline,Home,2026-09-21 19:11:54.356000,0.5019,,1,0.4981,0.248104,1,3
AF074210926,prod,51,moneyline,Away,2026-09-21 19:11:54.356000,0.4981,,0,0.4981,0.248104,1,3
AF074210926,prod,52,spread,Home,2026-09-21 19:11:54.356000,0.4803,1.5,1,0.5197,0.270088,1,5
AF074210926,prod,53,spread,Away,2026-09-21 19:11:54.356000,0.5197,-1.5,0,0.5197,0.270088,1,5
AF074210926,prod,54,total,Over,2026-09-21 19:11:54.356000,0.4979,31.5,0,0.4979,0.247904,1,3
AF074210926,prod,55,total,Under,2026-09-21 19:11:54.356000,0.5021,31.5,1,0.4979,0.247904,1,3
AF074210926,candidate,50,moneyline,Home,2026-09-21 19:11:54.356000,0.6395,,1,0.3605,0.12996,1,2
AF074210926,candidate,51,moneyline,Away,2026-09-21 19:11:54.356000,0.3605,,0,0.3605,0.12996,1,2
AF074210926,candidate,52,spread,Home,2026-09-21 19:11:54.356000,0.4575,3.5,0,0.4575,0.209306,1,2
AF074210926,candidate,53,spread,Away,2026-09-21 19:11:54.356000,0.5425,-3.5,1,0.4575,0.209306,1,2
AF074210926,candidate,54,total,Over,2026-09-21 19:11:54.356000,0.502,25.5,1,0.498,0.248004,1,2
AF074210926,candidate,55,total,Under,2026-09-21 19:11:54.356000,0.498,25.5,0,0.498,0.248004,1,2
AF074220926,prod,50,moneyline,Home,2026-09-22 20:23:17.473000,0.4065,,1,0.5935,0.352242,1,3
AF074220926,prod,51,moneyline,Away,2026-09-22 20:23:17.473000,0.5936,,0,0.5936,0.352361,1,3
AF074220926,prod,52,spread,Home,2026-09-22 20:23:17.473000,0.4569,-2.5,1,0.5431,0.294958,1,3
AF074220926,prod,53,spread,Away,2026-09-22 20:23:17.473000,0.5432,2.5,0,0.5432,0.295066,1,3
AF074220926,prod,54,total,Over,2026-09-22 20:23:17.473000,0.4526,31.5,1,0.5474,0.299647,1,3
AF074220926,prod,55,total,Under,2026-09-22 20:23:17.473000,0.5474,31.5,0,0.5474,0.299647,1,3
AF074220926,candidate,50,moneyline,Home,2026-09-22 20:23:17.473000,0.592,,1,0.408,0.166464,1,2
AF074220926,candidate,51,moneyline,Away,2026-09-22 20:23:17.473000,0.408,,0,0.408,0.166464,1,2
AF074220926,candidate,52,spread,Home,2026-09-22 20:23:17.473000,0.536,2.5,1,0.464,0.215296,1,2
AF074220926,candidate,53,spread,Away,2026-09-22 20:23:17.473000,0.464,-2.5,0,0.464,0.215296,1,2
AF074220926,candidate,54,total,Over,2026-09-22 20:23:17.473000,0.4965,24.5,1,0.5035,0.253512,1,2
AF074220926,candidate,55,total,Under,2026-09-22 20:23:17.473000,0.5035,24.5,0,0.5035,0.253512,1,2
AF075170926,prod,50,moneyline,Home,2026-09-17 22:37:34.739000,0.4957,,1,0.5043,0.254318,1,3
AF075170926,prod,51,moneyline,Away,2026-09-17 22:37:34.739000,0.5044,,0,0.5044,0.254419,1,3
AF075170926,prod,52,spread,Home,2026-09-17 22:37:34.739000,0.5159,-1.5,1,0.4841,0.234353,1,3
AF075170926,prod,53,spread,Away,2026-09-17 22:37:34.739000,0.4841,1.5,0,0.4841,0.234353,1,3
AF075170926,prod,54,total,Over,2026-09-17 22:37:34.739000,0.4919,37.5,0,0.4919,0.241966,1,3
AF075170926,prod,55,total,Under,2026-09-17 22:37:34.739000,0.5081,37.5,1,0.4919,0.241966,1,3
AF075170926,candidate,50,moneyline,Home,2026-09-17 22:37:34.739000,0.475,,1,0.525,0.275625,1,2
AF075170926,candidate,51,moneyline,Away,2026-09-17 22:37:34.739000,0.525,,0,0.525,0.275625,1,2
AF075170926,candidate,52,spread,Home,2026-09-17 22:37:34.739000,0.475,-0.5,1,0.525,0.275625,1,2
AF075170926,candidate,53,spread,Away,2026-09-17 22:37:34.739000,0.525,0.5,0,0.525,0.275625,1,2
AF075170926,candidate,54,total,Over,2026-09-17 22:37:34.739000,0.4955,44.5,0,0.4955,0.24552,1,2
AF075170926,candidate,55,total,Under,2026-09-17 22:37:34.739000,0.5045,44.5,1,0.4955,0.24552,1,2
AF075180926,prod,50,moneyline,Home,2026-09-18 22:37:17.164000,0.5191,,1,0.4809,0.231265,1,3
AF075180926,prod,51,moneyline,Away,2026-09-18 22:37:17.164000,0.4809,,0,0.4809,0.231265,1,3
AF075180926,prod,52,spread,Home,2026-09-18 22:37:17.164000,0.4988,1.5,1,0.5012,0.251201,1,3
AF075180926,prod,53,spread,Away,2026-09-18 22:37:17.164000,0.5012,-1.5,0,0.5012,0.251201,1,3
AF075180926,prod,54,total,Over,2026-09-18 22:37:17.164000,0.5034,37.5,0,0.5034,0.253412,1,3
AF075180926,prod,55,total,Under,2026-09-18 22:37:17.164000,0.4966,37.5,1,0.5034,0.253412,1,3
AF075180926,candidate,50,moneyline,Home,2026-09-18 22:37:17.164000,0.5365,,1,0.4635,0.214832,1,2
AF075180926,candidate,51,moneyline,Away,2026-09-18 22:37:17.164000,0.4635,,0,0.4635,0.214832,1,2
AF075180926,candidate,52,spread,Home,2026-09-18 22:37:17.164000,0.4925,1.5,1,0.5075,0.257556,1,2
AF075180926,candidate,53,spread,Away,2026-09-18 22:37:17.164000,0.5075,-1.5,0,0.5075,0.257556,1,2
AF075180926,candidate,54,total,Over,2026-09-18 22:37:17.164000,0.4805,38.5,0,0.4805,0.23088,1,2
AF075180926,candidate,55,total,Under,2026-09-18 22:37:17.164000,0.5195,38.5,1,0.4805,0.23088,1,2
AF075190926,prod,50,moneyline,Home,2026-09-19 20:49:37.505000,0.4633,,1,0.5367,0.288047,1,3
AF075190926,prod,51,moneyline,Away,2026-09-19 20:49:37.505000,0.5368,,0,0.5368,0.288154,1,3
AF075190926,prod,52,spread,Home,2026-09-19 20:49:37.505000,0.5059,-2.5,1,0.4941,0.244135,1,3
AF075190926,prod,53,spread,Away,2026-09-19 20:49:37.505000,0.4942,2.5,0,0.4942,0.244234,1,3
AF075190926,candidate,50,moneyline,Home,2026-09-19 20:49:37.505000,0.5018,,1,0.4982,0.248203,1,2
AF075190926,candidate,51,moneyline,Away,2026-09-19 20:49:37.505000,0.4982,,0,0.4982,0.248203,1,2
AF075190926,candidate,52,spread,Home,2026-09-19 20:49:37.505000,0.5015,0.5,1,0.4985,0.248502,1,2
AF075190926,candidate,53,spread,Away,2026-09-19 20:49:37.505000,0.4985,-0.5,0,0.4985,0.248502,1,2
AF075190926,candidate,54,total,Over,2026-09-19 20:49:37.505000,0.459,31.5,1,0.541,0.292681,1,2
AF075190926,candidate,55,total,Under,2026-09-19 20:49:37.505000,0.541,31.5,0,0.541,0.292681,1,2
AF075200926,prod,50,moneyline,Home,2026-09-20 20:49:19.563000,0.4749,,1,0.5251,0.27573,1,3
AF075200926,prod,51,moneyline,Away,2026-09-20 20:49:19.563000,0.5252,,0,0.5252,0.275835,1,3
AF075200926,prod,52,spread,Home,2026-09-20 20:49:19.563000,0.4956,-1.5,1,0.5044,0.254419,1,3
AF075200926,prod,53,spread,Away,2026-09-20 20:49:19.563000,0.5044,1.5,0,0.5044,0.254419,1,3
AF075200926,prod,54,total,Over,2026-09-20 20:49:19.563000,0.4998,36.5,1,0.5002,0.2502,1,3
AF075200926,prod,55,total,Under,2026-09-20 20:49:19.563000,0.5002,36.5,0,0.5002,0.2502,1,3
AF075200926,candidate,50,moneyline,Home,2026-09-20 20:49:19.563000,0.4855,,1,0.5145,0.26471,1,2
AF075200926,candidate,51,moneyline,Away,2026-09-20 20:49:19.563000,0.5145,,0,0.5145,0.26471,1,2
AF075200926,candidate,52,spread,Home,2026-09-20 20:49:19.563000,0.4855,-0.5,1,0.5145,0.26471,1,2
AF075200926,candidate,53,spread,Away,2026-09-20 20:49:19.563000,0.5145,0.5,0,0.5145,0.26471,1,2
AF075200926,candidate,54,total,Over,2026-09-20 20:49:19.563000,0.4995,39.5,1,0.5005,0.2505,1,2
AF075200926,candidate,55,total,Under,2026-09-20 20:49:19.563000,0.5005,39.5,0,0.5005,0.2505,1,2
AF075210926,prod,50,moneyline,Home,2026-09-21 19:37:13.098000,0.4409,,0,0.4409,0.194393,1,3
AF075210926,prod,51,moneyline,Away,2026-09-21 19:37:13.098000,0.5591,,1,0.4409,0.194393,1,3
AF075210926,prod,52,spread,Home,2026-09-21 19:37:13.098000,0.4864,-2.5,0,0.4864,0.236585,1,3
AF075210926,prod,53,spread,Away,2026-09-21 19:37:13.098000,0.5136,2.5,1,0.4864,0.236585,1,3
AF075210926,prod,54,total,Over,2026-09-21 19:37:13.098000,0.5189,37.5,1,0.4811,0.231457,1,3
AF075210926,prod,55,total,Under,2026-09-21 19:37:13.098000,0.4811,37.5,0,0.4811,0.231457,1,3
AF075210926,candidate,50,moneyline,Home,2026-09-21 19:37:13.098000,0.2895,,0,0.2895,0.08381,1,2
AF075210926,candidate,51,moneyline,Away,2026-09-21 19:37:13.098000,0.7105,,1,0.2895,0.08381,1,2
AF075210926,candidate,52,spread,Home,2026-09-21 19:37:13.098000,0.48,-3.5,0,0.48,0.2304,1,2
AF075210926,candidate,53,spread,Away,2026-09-21 19:37:13.098000,0.52,3.5,1,0.48,0.2304,1,2
AF075210926,candidate,54,total,Over,2026-09-21 19:37:13.098000,0.507,48.5,1,0.493,0.243049,1,2
AF075210926,candidate,55,total,Under,2026-09-21 19:37:13.098000,0.493,48.5,0,0.493,0.243049,1,2
AF075220926,prod,50,moneyline,Home,2026-09-22 20:50:16.981000,0.4915,,1,0.5085,0.258572,1,3
AF075220926,prod,51,moneyline,Away,2026-09-22 20:50:16.981000,0.5085,,0,0.5085,0.258572,1,3
AF075220926,prod,52,spread,Home,2026-09-22 20:50:16.981000,0.5127,-1.5,1,0.4873,0.237461,1,3
AF075220926,prod,53,spread,Away,2026-09-22 20:50:16.981000,0.4873,1.5,0,0.4873,0.237461,1,3
AF075220926,prod,54,total,Over,2026-09-22 20:50:16.981000,0.4994,37.5,0,0.4994,0.2494,1,3
AF075220926,prod,55,total,Under,2026-09-22 20:50:16.981000,0.5006,37.5,1,0.4994,0.2494,1,3
AF075220926,candidate,50,moneyline,Home,2026-09-22 20:50:16.981000,0.6115,,1,0.3885,0.150932,1,2
AF075220926,candidate,51,moneyline,Away,2026-09-22 20:50:16.981000,0.3885,,0,0.3885,0.150932,1,2
AF075220926,candidate,52,spread,Home,2026-09-22 20:50:16.981000,0.5425,2.5,1,0.4575,0.209306,1,2
AF075220926,candidate,53,spread,Away,2026-09-22 20:50:16.981000,0.4575,-2.5,0,0.4575,0.209306,1,2
AF075220926,candidate,54,total,Over,2026-09-22 20:50:16.981000,0.49,34.5,0,0.49,0.2401,1,2
AF075220926,candidate,55,total,Under,2026-09-22 20:50:16.981000,0.51,34.5,1,0.49,0.2401,1,2
AF076170926,prod,50,moneyline,Home,2026-09-17 22:47:40.735000,0.6008,,1,0.3992,0.159361,1,3
AF076170926,prod,51,moneyline,Away,2026-09-17 22:47:40.735000,0.3993,,0,0.3993,0.15944,1,3
AF076170926,prod,52,spread,Home,2026-09-17 22:47:40.735000,0.4519,3.5,0,0.4519,0.204214,1,3
AF076170926,prod,53,spread,Away,2026-09-17 22:47:40.735000,0.5481,-3.5,1,0.4519,0.204214,1,3
AF076170926,prod,54,total,Over,2026-09-17 22:47:40.735000,0.5144,37.5,0,0.5144,0.264607,1,3
AF076170926,prod,55,total,Under,2026-09-17 22:47:40.735000,0.4856,37.5,1,0.5144,0.264607,1,3
AF076170926,candidate,50,moneyline,Home,2026-09-17 22:47:40.735000,0.5045,,1,0.4955,0.24552,1,2
AF076170926,candidate,51,moneyline,Away,2026-09-17 22:47:40.735000,0.4955,,0,0.4955,0.24552,1,2
AF076170926,candidate,52,spread,Home,2026-09-17 22:47:40.735000,0.5045,0.5,1,0.4955,0.24552,1,2
AF076170926,candidate,53,spread,Away,2026-09-17 22:47:40.735000,0.4955,-0.5,0,0.4955,0.24552,1,2
AF076170926,candidate,54,total,Over,2026-09-17 22:47:40.735000,0.505,31.5,0,0.505,0.255025,1,2
AF076170926,candidate,55,total,Under,2026-09-17 22:47:40.735000,0.495,31.5,1,0.505,0.255025,1,2
AF076190926,prod,50,moneyline,Home,2026-09-19 20:59:19.152000,0.5424,,0,0.5424,0.294198,1,3
AF076190926,prod,51,moneyline,Away,2026-09-19 20:59:19.152000,0.4577,,1,0.5423,0.294089,1,3
AF076190926,prod,52,spread,Home,2026-09-19 20:59:19.152000,0.4933,2.5,0,0.4933,0.243345,1,3
AF076190926,prod,53,spread,Away,2026-09-19 20:59:19.152000,0.5067,-2.5,1,0.4933,0.243345,1,3
AF076190926,prod,54,total,Over,2026-09-19 20:59:19.152000,0.515,34.5,1,0.485,0.235225,1,3
AF076190926,prod,55,total,Under,2026-09-19 20:59:19.152000,0.485,34.5,0,0.485,0.235225,1,3
AF076190926,candidate,50,moneyline,Home,2026-09-19 20:59:19.152000,0.4575,,0,0.4575,0.209306,1,2
AF076190926,candidate,51,moneyline,Away,2026-09-19 20:59:19.152000,0.5425,,1,0.4575,0.209306,1,2
AF076190926,candidate,52,spread,Home,2026-09-19 20:59:19.152000,0.5025,-1.5,0,0.5025,0.252506,1,2
AF076190926,candidate,53,spread,Away,2026-09-19 20:59:19.152000,0.4975,1.5,1,0.5025,0.252506,1,2
AF076190926,candidate,54,total,Over,2026-09-19 20:59:19.152000,0.4895,31.5,1,0.5105,0.26061,1,2
AF076190926,candidate,55,total,Under,2026-09-19 20:59:19.152000,0.5105,31.5,0,0.5105,0.26061,1,2
AF076200926,prod,50,moneyline,Home,2026-09-20 20:59:57.661000,0.3899,,0,0.3899,0.152022,1,3
AF076200926,prod,51,moneyline,Away,2026-09-20 20:59:57.661000,0.6102,,1,0.3898,0.151944,1,3
AF076200926,prod,52,spread,Home,2026-09-20 20:59:57.661000,0.533,-3.5,1,0.467,0.218089,1,3
AF076200926,prod,53,spread,Away,2026-09-20 20:59:57.661000,0.467,3.5,0,0.467,0.218089,1,3
AF076200926,prod,54,total,Over,2026-09-20 20:59:57.661000,0.5226,30.5,1,0.4774,0.227911,1,3
AF076200926,prod,55,total,Under,2026-09-20 20:59:57.661000,0.4774,30.5,0,0.4774,0.227911,1,3
AF076200926,candidate,50,moneyline,Home,2026-09-20 20:59:57.661000,0.4445,,0,0.4445,0.19758,1,2
AF076200926,candidate,51,moneyline,Away,2026-09-20 20:59:57.661000,0.5555,,1,0.4445,0.19758,1,2
AF076200926,candidate,52,spread,Home,2026-09-20 20:59:57.661000,0.51,-2.5,0,0.51,0.2601,1,2
AF076200926,candidate,53,spread,Away,2026-09-20 20:59:57.661000,0.49,2.5,1,0.51,0.2601,1,2
AF076200926,candidate,54,total,Over,2026-09-20 20:59:57.661000,0.4975,29.5,1,0.5025,0.252506,1,2
AF076200926,candidate,55,total,Under,2026-09-20 20:59:57.661000,0.5025,29.5,0,0.5025,0.252506,1,2
AF076210926,prod,50,moneyline,Home,2026-09-21 19:47:24.126000,0.4325,,1,0.5675,0.322056,1,3
AF076210926,prod,51,moneyline,Away,2026-09-21 19:47:24.126000,0.5676,,0,0.5676,0.32217,1,3
AF076210926,prod,52,spread,Home,2026-09-21 19:47:24.126000,0.4731,-2.5,1,0.5269,0.277624,1,3
AF076210926,prod,53,spread,Away,2026-09-21 19:47:24.126000,0.5269,2.5,0,0.5269,0.277624,1,3
AF076210926,prod,54,total,Over,2026-09-21 19:47:24.126000,0.4674,31.5,1,0.5326,0.283663,1,3
AF076210926,prod,55,total,Under,2026-09-21 19:47:24.126000,0.5326,31.5,0,0.5326,0.283663,1,3
AF076210926,candidate,50,moneyline,Home,2026-09-21 19:47:24.126000,0.491,,1,0.509,0.259081,1,2
AF076210926,candidate,51,moneyline,Away,2026-09-21 19:47:24.126000,0.509,,0,0.509,0.259081,1,2
AF076210926,candidate,52,spread,Home,2026-09-21 19:47:24.126000,0.491,-0.5,1,0.509,0.259081,1,2
AF076210926,candidate,53,spread,Away,2026-09-21 19:47:24.126000,0.509,0.5,0,0.509,0.259081,1,2
AF076210926,candidate,54,total,Over,2026-09-21 19:47:24.126000,0.5045,27.5,1,0.4955,0.24552,1,2
AF076210926,candidate,55,total,Under,2026-09-21 19:47:24.126000,0.4955,27.5,0,0.4955,0.24552,1,2
AF076220926,prod,50,moneyline,Home,2026-09-22 20:59:08.070000,0.4617,,0,0.4617,0.213167,1,3
AF076220926,prod,51,moneyline,Away,2026-09-22 20:59:08.070000,0.5383,,1,0.4617,0.213167,1,3
AF076220926,prod,52,spread,Home,2026-09-22 20:59:08.070000,0.5097,-2.5,0,0.5097,0.259794,1,3
AF076220926,prod,53,spread,Away,2026-09-22 20:59:08.070000,0.4904,2.5,1,0.5096,0.259692,1,3
AF076220926,prod,54,total,Over,2026-09-22 20:59:08.070000,0.4854,35.5,0,0.4854,0.235613,1,3
AF076220926,prod,55,total,Under,2026-09-22 20:59:08.070000,0.5146,35.5,1,0.4854,0.235613,1,3
AF076220926,candidate,50,moneyline,Home,2026-09-22 20:59:08.070000,0.4975,,0,0.4975,0.247506,1,2
AF076220926,candidate,51,moneyline,Away,2026-09-22 20:59:08.070000,0.5025,,1,0.4975,0.247506,1,2
AF076220926,candidate,52,spread,Home,2026-09-22 20:59:08.070000,0.4975,0.5,0,0.4975,0.247506,1,2
AF076220926,candidate,53,spread,Away,2026-09-22 20:59:08.070000,0.5025,-0.5,1,0.4975,0.247506,1,2
AF076220926,candidate,54,total,Over,2026-09-22 20:59:08.070000,0.5015,30.5,0,0.5015,0.251502,1,2
AF076220926,candidate,55,total,Under,2026-09-22 20:59:08.070000,0.4985,30.5,1,0.5015,0.251502,1,2
AF077170926,prod,50,moneyline,Home,2026-09-17 23:13:21.964000,0.5409,,0,0.5409,0.292573,1,3
AF077170926,prod,51,moneyline,Away,2026-09-17 23:13:21.964000,0.4591,,1,0.5409,0.292573,1,3
AF077170926,prod,52,spread,Home,2026-09-17 23:13:21.964000,0.4937,2.5,0,0.4937,0.24374,1,3
AF077170926,prod,53,spread,Away,2026-09-17 23:13:21.964000,0.5063,-2.5,1,0.4937,0.24374,1,3
AF077170926,prod,54,total,Over,2026-09-17 23:13:21.964000,0.5087,36.5,1,0.4913,0.241376,1,3
AF077170926,prod,55,total,Under,2026-09-17 23:13:21.964000,0.4913,36.5,0,0.4913,0.241376,1,3
AF077170926,candidate,50,moneyline,Home,2026-09-17 23:13:21.964000,0.5625,,0,0.5625,0.316406,1,2
AF077170926,candidate,51,moneyline,Away,2026-09-17 23:13:21.964000,0.4375,,1,0.5625,0.316406,1,2
AF077170926,candidate,52,spread,Home,2026-09-17 23:13:21.964000,0.4885,2.5,0,0.4885,0.238632,1,2
AF077170926,candidate,53,spread,Away,2026-09-17 23:13:21.964000,0.5115,-2.5,1,0.4885,0.238632,1,2
AF077170926,candidate,54,total,Over,2026-09-17 23:13:21.964000,0.499,37.5,1,0.501,0.251001,1,2
AF077170926,candidate,55,total,Under,2026-09-17 23:13:21.964000,0.501,37.5,0,0.501,0.251001,1,2
AF077180926,prod,50,moneyline,Home,2026-09-18 23:13:08.351000,0.5141,,1,0.4859,0.236099,1,3
AF077180926,prod,51,moneyline,Away,2026-09-18 23:13:08.351000,0.4859,,0,0.4859,0.236099,1,3
AF077180926,prod,52,spread,Home,2026-09-18 23:13:08.351000,0.4929,1.5,1,0.5071,0.25715,1,3
AF077180926,prod,53,spread,Away,2026-09-18 23:13:08.351000,0.5071,-1.5,0,0.5071,0.25715,1,3
AF077180926,prod,54,total,Over,2026-09-18 23:13:08.351000,0.4858,37.5,0,0.4858,0.236002,1,3
AF077180926,prod,55,total,Under,2026-09-18 23:13:08.351000,0.5142,37.5,1,0.4858,0.236002,1,3
AF077180926,candidate,50,moneyline,Home,2026-09-18 23:13:08.351000,0.484,,1,0.516,0.266256,1,2
AF077180926,candidate,51,moneyline,Away,2026-09-18 23:13:08.351000,0.516,,0,0.516,0.266256,1,2
AF077180926,candidate,52,spread,Home,2026-09-18 23:13:08.351000,0.484,-0.5,1,0.516,0.266256,1,2
AF077180926,candidate,53,spread,Away,2026-09-18 23:13:08.351000,0.516,0.5,0,0.516,0.266256,1,2
AF077180926,candidate,54,total,Over,2026-09-18 23:13:08.351000,0.5115,37.5,0,0.5115,0.261632,1,2
AF077180926,candidate,55,total,Under,2026-09-18 23:13:08.351000,0.4885,37.5,1,0.5115,0.261632,1,2
AF077190926,prod,50,moneyline,Home,2026-09-19 21:25:18.577000,0.5498,,0,0.5498,0.30228,1,3
AF077190926,prod,51,moneyline,Away,2026-09-19 21:25:18.577000,0.4502,,1,0.5498,0.30228,1,3
AF077190926,prod,52,spread,Home,2026-09-19 21:25:18.577000,0.5059,2.5,0,0.5059,0.255935,1,3
AF077190926,prod,53,spread,Away,2026-09-19 21:25:18.577000,0.4941,-2.5,1,0.5059,0.255935,1,3
AF077190926,prod,54,total,Over,2026-09-19 21:25:18.577000,0.4997,32.5,0,0.4997,0.2497,1,3
AF077190926,prod,55,total,Under,2026-09-19 21:25:18.577000,0.5003,32.5,1,0.4997,0.2497,1,3
AF077190926,candidate,50,moneyline,Home,2026-09-19 21:25:18.577000,0.5155,,0,0.5155,0.26574,1,2
AF077190926,candidate,51,moneyline,Away,2026-09-19 21:25:18.577000,0.4845,,1,0.5155,0.26574,1,2
AF077190926,candidate,52,spread,Home,2026-09-19 21:25:18.577000,0.5155,0.5,0,0.5155,0.26574,1,2
AF077190926,candidate,53,spread,Away,2026-09-19 21:25:18.577000,0.4845,-0.5,1,0.5155,0.26574,1,2
AF077190926,candidate,54,total,Over,2026-09-19 21:25:18.577000,0.5125,34.5,0,0.5125,0.262656,1,2
AF077190926,candidate,55,total,Under,2026-09-19 21:25:18.577000,0.4875,34.5,1,0.5125,0.262656,1,2
AF077200926,prod,50,moneyline,Home,2026-09-20 21:25:26.378000,0.4742,,1,0.5258,0.276466,1,3
AF077200926,prod,51,moneyline,Away,2026-09-20 21:25:26.378000,0.5258,,0,0.5258,0.276466,1,3
AF077200926,prod,52,spread,Home,2026-09-20 21:25:26.378000,0.4926,-1.5,1,0.5074,0.257455,1,3
AF077200926,prod,53,spread,Away,2026-09-20 21:25:26.378000,0.5074,1.5,0,0.5074,0.257455,1,3
AF077200926,prod,54,total,Over,2026-09-20 21:25:26.378000,0.5178,37.5,1,0.4822,0.232517,1,3
AF077200926,prod,55,total,Under,2026-09-20 21:25:26.378000,0.4823,37.5,0,0.4823,0.232613,1,3
AF077200926,candidate,50,moneyline,Home,2026-09-20 21:25:26.378000,0.476,,1,0.524,0.274576,1,2
AF077200926,candidate,51,moneyline,Away,2026-09-20 21:25:26.378000,0.524,,0,0.524,0.274576,1,2
AF077200926,candidate,52,spread,Home,2026-09-20 21:25:26.378000,0.476,-0.5,1,0.524,0.274576,1,2
AF077200926,candidate,53,spread,Away,2026-09-20 21:25:26.378000,0.524,0.5,0,0.524,0.274576,1,2
AF077200926,candidate,54,total,Over,2026-09-20 21:25:26.378000,0.4825,45.5,1,0.5175,0.267806,1,2
AF077200926,candidate,55,total,Under,2026-09-20 21:25:26.378000,0.5175,45.5,0,0.5175,0.267806,1,2
AF077210926,prod,50,moneyline,Home,2026-09-21 20:13:37.821000,0.5235,,1,0.4765,0.227052,1,3
AF077210926,prod,51,moneyline,Away,2026-09-21 20:13:37.821000,0.4766,,0,0.4766,0.227148,1,3
AF077210926,prod,52,spread,Home,2026-09-21 20:13:37.821000,0.503,1.5,1,0.497,0.247009,1,3
AF077210926,prod,53,spread,Away,2026-09-21 20:13:37.821000,0.497,-1.5,0,0.497,0.247009,1,3
AF077210926,prod,54,total,Over,2026-09-21 20:13:37.821000,0.5006,35.5,0,0.5006,0.2506,1,3
AF077210926,prod,55,total,Under,2026-09-21 20:13:37.821000,0.4994,35.5,1,0.5006,0.2506,1,3
AF077210926,candidate,50,moneyline,Home,2026-09-21 20:13:37.821000,0.486,,1,0.514,0.264196,1,2
AF077210926,candidate,51,moneyline,Away,2026-09-21 20:13:37.821000,0.514,,0,0.514,0.264196,1,2
AF077210926,candidate,52,spread,Home,2026-09-21 20:13:37.821000,0.486,-0.5,1,0.514,0.264196,1,2
AF077210926,candidate,53,spread,Away,2026-09-21 20:13:37.821000,0.514,0.5,0,0.514,0.264196,1,2
AF077210926,candidate,54,total,Over,2026-09-21 20:13:37.821000,0.4835,38.5,0,0.4835,0.233772,1,2
AF077210926,candidate,55,total,Under,2026-09-21 20:13:37.821000,0.5165,38.5,1,0.4835,0.233772,1,2
AF077220926,prod,50,moneyline,Home,2026-09-22 21:25:26.629000,0.5053,,1,0.4947,0.244728,1,3
AF077220926,prod,51,moneyline,Away,2026-09-22 21:25:26.629000,0.4947,,0,0.4947,0.244728,1,3
AF077220926,prod,52,spread,Home,2026-09-22 21:25:26.629000,0.4845,1.5,1,0.5155,0.26574,1,3
AF077220926,prod,53,spread,Away,2026-09-22 21:25:26.629000,0.5155,-1.5,0,0.5155,0.26574,1,3
AF077220926,prod,54,total,Over,2026-09-22 21:25:26.629000,0.5291,34.5,1,0.4709,0.221747,1,3
AF077220926,prod,55,total,Under,2026-09-22 21:25:26.629000,0.4709,34.5,0,0.4709,0.221747,1,3
AF077220926,candidate,50,moneyline,Home,2026-09-22 21:25:26.629000,0.518,,1,0.482,0.232324,1,2
AF077220926,candidate,51,moneyline,Away,2026-09-22 21:25:26.629000,0.482,,0,0.482,0.232324,1,2
AF077220926,candidate,52,spread,Home,2026-09-22 21:25:26.629000,0.518,0.5,1,0.482,0.232324,1,2
AF077220926,candidate,53,spread,Away,2026-09-22 21:25:26.629000,0.482,-0.5,0,0.482,0.232324,1,2
AF077220926,candidate,54,total,Over,2026-09-22 21:25:26.629000,0.506,35.5,1,0.494,0.244036,1,2
AF077220926,candidate,55,total,Under,2026-09-22 21:25:26.629000,0.494,35.5,0,0.494,0.244036,1,2
AF078170926,prod,50,moneyline,Home,2026-09-17 23:23:28.082000,0.4295,,1,0.5705,0.32547,1,3
AF078170926,prod,51,moneyline,Away,2026-09-17 23:23:28.082000,0.5706,,0,0.5706,0.325584,1,3
AF078170926,prod,52,spread,Home,2026-09-17 23:23:28.082000,0.4775,-2.5,1,0.5225,0.273006,1,3
AF078170926,prod,53,spread,Away,2026-09-17 23:23:28.082000,0.5225,2.5,0,0.5225,0.273006,1,3
AF078170926,prod,54,total,Over,2026-09-17 23:23:28.082000,0.4948,28.5,1,0.5052,0.255227,1,3
AF078170926,prod,55,total,Under,2026-09-17 23:23:28.082000,0.5052,28.5,0,0.5052,0.255227,1,3
AF078170926,candidate,50,moneyline,Home,2026-09-17 23:23:28.082000,0.52,,1,0.48,0.2304,1,2
AF078170926,candidate,51,moneyline,Away,2026-09-17 23:23:28.082000,0.48,,0,0.48,0.2304,1,2
AF078170926,candidate,52,spread,Home,2026-09-17 23:23:28.082000,0.493,1.5,1,0.507,0.257049,1,2
AF078170926,candidate,53,spread,Away,2026-09-17 23:23:28.082000,0.507,-1.5,0,0.507,0.257049,1,2
AF078170926,candidate,54,total,Over,2026-09-17 23:23:28.082000,0.479,24.5,1,0.521,0.271441,1,2
AF078170926,candidate,55,total,Under,2026-09-17 23:23:28.082000,0.521,24.5,0,0.521,0.271441,1,2
AF078200926,prod,50,moneyline,Home,2026-09-20 21:35:20.703000,0.5078,,1,0.4922,0.242261,1,3
AF078200926,prod,51,moneyline,Away,2026-09-20 21:35:20.703000,0.4923,,0,0.4923,0.242359,1,3
AF078200926,prod,52,spread,Home,2026-09-20 21:35:20.703000,0.4868,1.5,1,0.5132,0.263374,1,5
AF078200926,prod,53,spread,Away,2026-09-20 21:35:20.703000,0.5132,-1.5,0,0.5132,0.263374,1,5
AF078200926,prod,54,total,Over,2026-09-20 21:35:20.703000,0.5304,34.5,0,0.5304,0.281324,1,3
AF078200926,prod,55,total,Under,2026-09-20 21:35:20.703000,0.4697,34.5,1,0.5303,0.281218,1,3
AF078200926,candidate,50,moneyline,Home,2026-09-20 21:35:20.703000,0.4562,,1,0.5438,0.295718,1,2
AF078200926,candidate,51,moneyline,Away,2026-09-20 21:35:20.703000,0.5438,,0,0.5438,0.295718,1,2
AF078200926,candidate,52,spread,Home,2026-09-20 21:35:20.703000,0.489,-1.5,1,0.511,0.261121,1,2
AF078200926,candidate,53,spread,Away,2026-09-20 21:35:20.703000,0.511,1.5,0,0.511,0.261121,1,2
AF078200926,candidate,54,total,Over,2026-09-20 21:35:20.703000,0.506,29.5,0,0.506,0.256036,1,2
AF078200926,candidate,55,total,Under,2026-09-20 21:35:20.703000,0.494,29.5,1,0.506,0.256036,1,2
AF079170926,prod,50,moneyline,Home,2026-09-17 23:49:26.670000,0.5993,,0,0.5993,0.35916,1,3
AF079170926,prod,51,moneyline,Away,2026-09-17 23:49:26.670000,0.4008,,1,0.5992,0.359041,1,3
AF079170926,prod,52,spread,Home,2026-09-17 23:49:26.670000,0.4532,3.5,0,0.4532,0.20539,1,3
AF079170926,prod,53,spread,Away,2026-09-17 23:49:26.670000,0.5469,-3.5,1,0.4531,0.2053,1,3
AF079170926,prod,54,total,Over,2026-09-17 23:49:26.670000,0.5146,34.5,0,0.5146,0.264813,1,3
AF079170926,prod,55,total,Under,2026-09-17 23:49:26.670000,0.4854,34.5,1,0.5146,0.264813,1,3
AF079170926,candidate,50,moneyline,Home,2026-09-17 23:49:26.670000,0.5685,,0,0.5685,0.323192,1,2
AF079170926,candidate,51,moneyline,Away,2026-09-17 23:49:26.670000,0.4315,,1,0.5685,0.323192,1,2
AF079170926,candidate,52,spread,Home,2026-09-17 23:49:26.670000,0.4975,2.5,0,0.4975,0.247506,1,2
AF079170926,candidate,53,spread,Away,2026-09-17 23:49:26.670000,0.5025,-2.5,1,0.4975,0.247506,1,2
AF079170926,candidate,54,total,Over,2026-09-17 23:49:26.670000,0.511,34.5,0,0.511,0.261121,1,2
AF079170926,candidate,55,total,Under,2026-09-17 23:49:26.670000,0.489,34.5,1,0.511,0.261121,1,2
AF079190926,prod,50,moneyline,Home,2026-09-19 22:01:13.725000,0.5319,,1,0.4681,0.219118,1,3
AF079190926,prod,51,moneyline,Away,2026-09-19 22:01:13.725000,0.4681,,0,0.4681,0.219118,1,3
AF079190926,prod,52,spread,Home,2026-09-19 22:01:13.725000,0.5102,1.5,1,0.4898,0.239904,1,3
AF079190926,prod,53,spread,Away,2026-09-19 22:01:13.725000,0.4898,-1.5,0,0.4898,0.239904,1,3
AF079190926,prod,54,total,Over,2026-09-19 22:01:13.725000,0.5034,36.5,0,0.5034,0.253412,1,3
AF079190926,prod,55,total,Under,2026-09-19 22:01:13.725000,0.4966,36.5,1,0.5034,0.253412,1,3
AF079190926,candidate,50,moneyline,Home,2026-09-19 22:01:13.725000,0.5195,,1,0.4805,0.23088,1,2
AF079190926,candidate,51,moneyline,Away,2026-09-19 22:01:13.725000,0.4805,,0,0.4805,0.23088,1,2
AF079190926,candidate,52,spread,Home,2026-09-19 22:01:13.725000,0.481,1.5,1,0.519,0.269361,1,2
AF079190926,candidate,53,spread,Away,2026-09-19 22:01:13.725000,0.519,-1.5,0,0.519,0.269361,1,2
AF079190926,candidate,54,total,Over,2026-09-19 22:01:13.725000,0.4935,30.5,1,0.5065,0.256542,1,2
AF079190926,candidate,55,total,Under,2026-09-19 22:01:13.725000,0.5065,30.5,0,0.5065,0.256542,1,2
AF079200926,prod,50,moneyline,Home,2026-09-20 22:01:18.902000,0.4986,,0,0.4986,0.248602,1,3
AF079200926,prod,51,moneyline,Away,2026-09-20 22:01:18.902000,0.5014,,1,0.4986,0.248602,1,3
AF079200926,prod,52,spread,Home,2026-09-20 22:01:18.902000,0.5189,-1.5,1,0.4811,0.231457,1,3
AF079200926,prod,53,spread,Away,2026-09-20 22:01:18.902000,0.4812,1.5,0,0.4812,0.231553,1,3
AF079200926,prod,54,total,Over,2026-09-20 22:01:18.902000,0.503,35.5,1,0.497,0.247009,1,3
AF079200926,prod,55,total,Under,2026-09-20 22:01:18.902000,0.497,35.5,0,0.497,0.247009,1,3
AF079200926,candidate,50,moneyline,Home,2026-09-20 22:01:18.902000,0.533,,0,0.533,0.284089,1,2
AF079200926,candidate,51,moneyline,Away,2026-09-20 22:01:18.902000,0.467,,1,0.533,0.284089,1,2
AF079200926,candidate,52,spread,Home,2026-09-20 22:01:18.902000,0.4845,1.5,0,0.4845,0.23474,1,2
AF079200926,candidate,53,spread,Away,2026-09-20 22:01:18.902000,0.5155,-1.5,1,0.4845,0.23474,1,2
AF079200926,candidate,54,total,Over,2026-09-20 22:01:18.902000,0.4995,44.5,1,0.5005,0.2505,1,2
AF079200926,candidate,55,total,Under,2026-09-20 22:01:18.902000,0.5005,44.5,0,0.5005,0.2505,1,2
AF079210926,prod,50,moneyline,Home,2026-09-21 20:49:30.939000,0.4338,,0,0.4338,0.188182,1,3
AF079210926,prod,51,moneyline,Away,2026-09-21 20:49:30.939000,0.5663,,1,0.4337,0.188096,1,3
AF079210926,prod,52,spread,Home,2026-09-21 20:49:30.939000,0.4806,-2.5,0,0.4806,0.230976,1,3
AF079210926,prod,53,spread,Away,2026-09-21 20:49:30.939000,0.5194,2.5,1,0.4806,0.230976,1,3
AF079210926,prod,54,total,Over,2026-09-21 20:49:30.939000,0.5165,37.5,0,0.5165,0.266772,1,3
AF079210926,prod,55,total,Under,2026-09-21 20:49:30.939000,0.4835,37.5,1,0.5165,0.266772,1,3
AF079210926,candidate,50,moneyline,Home,2026-09-21 20:49:30.939000,0.326,,0,0.326,0.106276,1,2
AF079210926,candidate,51,moneyline,Away,2026-09-21 20:49:30.939000,0.674,,1,0.326,0.106276,1,2
AF079210926,candidate,52,spread,Home,2026-09-21 20:49:30.939000,0.512,-3.5,0,0.512,0.262144,1,2
AF079210926,candidate,53,spread,Away,2026-09-21 20:49:30.939000,0.488,3.5,1,0.512,0.262144,1,2
AF079210926,candidate,54,total,Over,2026-09-21 20:49:30.939000,0.5185,48.5,0,0.5185,0.268842,1,2
AF079210926,candidate,55,total,Under,2026-09-21 20:49:30.939000,0.4815,48.5,1,0.5185,0.268842,1,2
AF079220926,prod,50,moneyline,Home,2026-09-22 22:01:53.770000,0.5098,,1,0.4902,0.240296,1,3
AF079220926,prod,51,moneyline,Away,2026-09-22 22:01:53.770000,0.4902,,0,0.4902,0.240296,1,3
AF079220926,prod,52,spread,Home,2026-09-22 22:01:53.770000,0.4902,1.5,1,0.5098,0.259896,1,3
AF079220926,prod,53,spread,Away,2026-09-22 22:01:53.770000,0.5098,-1.5,0,0.5098,0.259896,1,3
AF079220926,prod,54,total,Over,2026-09-22 22:01:53.770000,0.4983,35.5,0,0.4983,0.248303,1,3
AF079220926,prod,55,total,Under,2026-09-22 22:01:53.770000,0.5017,35.5,1,0.4983,0.248303,1,3
AF079220926,candidate,50,moneyline,Home,2026-09-22 22:01:53.770000,0.4985,,1,0.5015,0.251502,1,2
AF079220926,candidate,51,moneyline,Away,2026-09-22 22:01:53.770000,0.5015,,0,0.5015,0.251502,1,2
AF079220926,candidate,52,spread,Home,2026-09-22 22:01:53.770000,0.4985,-0.5,1,0.5015,0.251502,1,2
AF079220926,candidate,53,spread,Away,2026-09-22 22:01:53.770000,0.5015,0.5,0,0.5015,0.251502,1,2
AF079220926,candidate,54,total,Over,2026-09-22 22:01:53.770000,0.484,34.5,0,0.484,0.234256,1,2
AF079220926,candidate,55,total,Under,2026-09-22 22:01:53.770000,0.516,34.5,1,0.484,0.234256,1,2
AF080170926,prod,50,moneyline,Home,2026-09-17 23:59:08.107000,0.4939,,1,0.5061,0.256137,1,3
AF080170926,prod,51,moneyline,Away,2026-09-17 23:59:08.107000,0.5062,,0,0.5062,0.256238,1,3
AF080170926,prod,52,spread,Home,2026-09-17 23:59:08.107000,0.5143,-1.5,1,0.4857,0.235904,1,3
AF080170926,prod,53,spread,Away,2026-09-17 23:59:08.107000,0.4857,1.5,0,0.4857,0.235904,1,3
AF080170926,prod,54,total,Over,2026-09-17 23:59:08.107000,0.5021,32.5,0,0.5021,0.252104,1,3
AF080170926,prod,55,total,Under,2026-09-17 23:59:08.107000,0.4979,32.5,1,0.5021,0.252104,1,3
AF080170926,candidate,50,moneyline,Home,2026-09-17 23:59:08.107000,0.571,,1,0.429,0.184041,1,2
AF080170926,candidate,51,moneyline,Away,2026-09-17 23:59:08.107000,0.429,,0,0.429,0.184041,1,2
AF080170926,candidate,52,spread,Home,2026-09-17 23:59:08.107000,0.5225,2.5,1,0.4775,0.228006,1,2
AF080170926,candidate,53,spread,Away,2026-09-17 23:59:08.107000,0.4775,-2.5,0,0.4775,0.228006,1,2
AF080170926,candidate,54,total,Over,2026-09-17 23:59:08.107000,0.4835,24.5,1,0.5165,0.266772,1,2
AF080170926,candidate,55,total,Under,2026-09-17 23:59:08.107000,0.5165,24.5,0,0.5165,0.266772,1,2
AF080200926,prod,50,moneyline,Home,2026-09-20 22:11:23.043000,0.5609,,0,0.5609,0.314609,1,3
AF080200926,prod,51,moneyline,Away,2026-09-20 22:11:23.043000,0.4391,,1,0.5609,0.314609,1,3
AF080200926,prod,52,spread,Home,2026-09-20 22:11:23.043000,0.5187,2.5,0,0.5187,0.26905,1,3
AF080200926,prod,53,spread,Away,2026-09-20 22:11:23.043000,0.4813,-2.5,1,0.5187,0.26905,1,3
AF080200926,prod,54,total,Over,2026-09-20 22:11:23.043000,0.5055,33.5,0,0.5055,0.25553,1,3
AF080200926,prod,55,total,Under,2026-09-20 22:11:23.043000,0.4945,33.5,1,0.5055,0.25553,1,3
AF080200926,candidate,50,moneyline,Home,2026-09-20 22:11:23.043000,0.482,,0,0.482,0.232324,1,2
AF080200926,candidate,51,moneyline,Away,2026-09-20 22:11:23.043000,0.518,,1,0.482,0.232324,1,2
AF080200926,candidate,52,spread,Home,2026-09-20 22:11:23.043000,0.482,-0.5,0,0.482,0.232324,1,2
AF080200926,candidate,53,spread,Away,2026-09-20 22:11:23.043000,0.518,0.5,1,0.482,0.232324,1,2
AF080200926,candidate,54,total,Over,2026-09-20 22:11:23.043000,0.5355,30.5,0,0.5355,0.28676,1,2
AF080200926,candidate,55,total,Under,2026-09-20 22:11:23.043000,0.4645,30.5,1,0.5355,0.28676,1,2
AF080210926,prod,50,moneyline,Home,2026-09-21 20:59:22.165000,0.4528,,1,0.5472,0.299428,1,3
AF080210926,prod,51,moneyline,Away,2026-09-21 20:59:22.165000,0.5472,,0,0.5472,0.299428,1,3
AF080210926,prod,52,spread,Home,2026-09-21 20:59:22.165000,0.5005,-2.5,1,0.4995,0.2495,1,3
AF080210926,prod,53,spread,Away,2026-09-21 20:59:22.165000,0.4995,2.5,0,0.4995,0.2495,1,3
AF080210926,prod,54,total,Over,2026-09-21 20:59:22.165000,0.4882,35.5,1,0.5118,0.261939,1,3
AF080210926,prod,55,total,Under,2026-09-21 20:59:22.165000,0.5118,35.5,0,0.5118,0.261939,1,3
AF080210926,candidate,50,moneyline,Home,2026-09-21 20:59:22.165000,0.6185,,1,0.3815,0.145542,1,2
AF080210926,candidate,51,moneyline,Away,2026-09-21 20:59:22.165000,0.3815,,0,0.3815,0.145542,1,2
AF080210926,candidate,52,spread,Home,2026-09-21 20:59:22.165000,0.4515,3.5,0,0.4515,0.203852,1,2
AF080210926,candidate,53,spread,Away,2026-09-21 20:59:22.165000,0.5485,-3.5,1,0.4515,0.203852,1,2
AF080210926,candidate,54,total,Over,2026-09-21 20:59:22.165000,0.498,32.5,1,0.502,0.252004,1,2
AF080210926,candidate,55,total,Under,2026-09-21 20:59:22.165000,0.502,32.5,0,0.502,0.252004,1,2
AF080220926,prod,50,moneyline,Home,2026-09-22 22:11:06.715000,0.4291,,1,0.5709,0.325927,1,3
AF080220926,prod,51,moneyline,Away,2026-09-22 22:11:06.715000,0.5709,,0,0.5709,0.325927,1,3
AF080220926,prod,52,spread,Home,2026-09-22 22:11:06.715000,0.4773,-2.5,1,0.5227,0.273215,1,3
AF080220926,prod,53,spread,Away,2026-09-22 22:11:06.715000,0.5227,2.5,0,0.5227,0.273215,1,3
AF080220926,prod,54,total,Over,2026-09-22 22:11:06.715000,0.4712,31.5,0,0.4712,0.222029,1,3
AF080220926,prod,55,total,Under,2026-09-22 22:11:06.715000,0.5288,31.5,1,0.4712,0.222029,1,3
AF080220926,candidate,50,moneyline,Home,2026-09-22 22:11:06.715000,0.5785,,1,0.4215,0.177662,1,2
AF080220926,candidate,51,moneyline,Away,2026-09-22 22:11:06.715000,0.4215,,0,0.4215,0.177662,1,2
AF080220926,candidate,52,spread,Home,2026-09-22 22:11:06.715000,0.5175,2.5,1,0.4825,0.232806,1,2
AF080220926,candidate,53,spread,Away,2026-09-22 22:11:06.715000,0.4825,-2.5,0,0.4825,0.232806,1,2
AF080220926,candidate,54,total,Over,2026-09-22 22:11:06.715000,0.506,26.5,0,0.506,0.256036,1,2
AF080220926,candidate,55,total,Under,2026-09-22 22:11:06.715000,0.494,26.5,1,0.506,0.256036,1,2
AF081180926,prod,50,moneyline,Home,2026-09-18 18:35:28.915000,0.473,,0,0.473,0.223729,1,3
AF081180926,prod,51,moneyline,Away,2026-09-18 18:35:28.915000,0.5271,,1,0.4729,0.223634,1,3
AF081180926,prod,52,spread,Home,2026-09-18 18:35:28.915000,0.4922,-1.5,0,0.4922,0.242261,1,3
AF081180926,prod,53,spread,Away,2026-09-18 18:35:28.915000,0.5078,1.5,1,0.4922,0.242261,1,3
AF081180926,candidate,50,moneyline,Home,2026-09-18 18:35:28.915000,0.525,,0,0.525,0.275625,1,2
AF081180926,candidate,51,moneyline,Away,2026-09-18 18:35:28.915000,0.475,,1,0.525,0.275625,1,2
AF081180926,candidate,52,spread,Home,2026-09-18 18:35:28.915000,0.4835,1.5,0,0.4835,0.233772,1,2
AF081180926,candidate,53,spread,Away,2026-09-18 18:35:28.915000,0.5165,-1.5,1,0.4835,0.233772,1,2
AF081180926,candidate,54,total,Over,2026-09-18 18:35:28.915000,0.5115,33.5,0,0.5115,0.261632,1,2
AF081180926,candidate,55,total,Under,2026-09-18 18:35:28.915000,0.4885,33.5,1,0.5115,0.261632,1,2
AF081210926,prod,50,moneyline,Home,2026-09-21 21:25:17.869000,0.4998,,0,0.4998,0.2498,1,3
AF081210926,prod,51,moneyline,Away,2026-09-21 21:25:17.869000,0.5002,,1,0.4998,0.2498,1,3
AF081210926,prod,53,spread,Away,2026-09-21 21:25:17.869000,0.4803,1.5,1,0.5197,0.270088,1,5
AF081210926,prod,54,total,Over,2026-09-21 21:25:17.869000,0.4942,36.5,0,0.4942,0.244234,1,5
AF081210926,prod,55,total,Under,2026-09-21 21:25:17.869000,0.5058,36.5,1,0.4942,0.244234,1,5
AF081210926,candidate,50,moneyline,Home,2026-09-21 21:25:17.869000,0.461,,0,0.461,0.212521,1,2
AF081210926,candidate,51,moneyline,Away,2026-09-21 21:25:17.869000,0.539,,1,0.461,0.212521,1,2
AF081210926,candidate,52,spread,Home,2026-09-21 21:25:17.869000,0.5025,-1.5,0,0.5025,0.252506,1,2
AF081210926,candidate,53,spread,Away,2026-09-21 21:25:17.869000,0.4975,1.5,1,0.5025,0.252506,1,2
AF081210926,candidate,54,total,Over,2026-09-21 21:25:17.869000,0.5125,37.5,0,0.5125,0.262656,1,2
AF081210926,candidate,55,total,Under,2026-09-21 21:25:17.869000,0.4875,37.5,1,0.5125,0.262656,1,2
AF081220926,prod,50,moneyline,Home,2026-09-22 22:37:27.937000,0.5013,,0,0.5013,0.251302,1,3
AF081220926,prod,51,moneyline,Away,2026-09-22 22:37:27.937000,0.4987,,1,0.5013,0.251302,1,3
AF081220926,prod,52,spread,Home,2026-09-22 22:37:27.937000,0.4797,1.5,0,0.4797,0.230112,1,3
AF081220926,prod,53,spread,Away,2026-09-22 22:37:27.937000,0.5203,-1.5,1,0.4797,0.230112,1,3
AF081220926,prod,54,total,Over,2026-09-22 22:37:27.937000,0.5185,37.5,1,0.4815,0.231842,1,3
AF081220926,prod,55,total,Under,2026-09-22 22:37:27.937000,0.4815,37.5,0,0.4815,0.231842,1,3
AF081220926,candidate,50,moneyline,Home,2026-09-22 22:37:27.937000,0.464,,0,0.464,0.215296,1,2
AF081220926,candidate,51,moneyline,Away,2026-09-22 22:37:27.937000,0.536,,1,0.464,0.215296,1,2
AF081220926,candidate,52,spread,Home,2026-09-22 22:37:27.937000,0.5095,-1.5,1,0.4905,0.24059,1,2
AF081220926,candidate,53,spread,Away,2026-09-22 22:37:27.937000,0.4905,1.5,0,0.4905,0.24059,1,2
AF081220926,candidate,54,total,Over,2026-09-22 22:37:27.937000,0.505,36.5,1,0.495,0.245025,1,2
AF081220926,candidate,55,total,Under,2026-09-22 22:37:27.937000,0.495,36.5,0,0.495,0.245025,1,2
AF082180926,prod,50,moneyline,Home,2026-09-18 20:24:09.644000,0.5201,,0,0.5201,0.270504,1,3
AF082180926,prod,51,moneyline,Away,2026-09-18 20:24:09.644000,0.48,,1,0.52,0.2704,1,3
AF082180926,prod,52,spread,Home,2026-09-18 20:24:09.644000,0.4989,1.5,0,0.4989,0.248901,1,3
AF082180926,prod,53,spread,Away,2026-09-18 20:24:09.644000,0.5012,-1.5,1,0.4988,0.248801,1,3
AF082180926,prod,54,total,Over,2026-09-18 20:24:09.644000,0.5203,34.5,1,0.4797,0.230112,1,3
AF082180926,prod,55,total,Under,2026-09-18 20:24:09.644000,0.4797,34.5,0,0.4797,0.230112,1,3
AF082180926,candidate,50,moneyline,Home,2026-09-18 20:24:09.644000,0.4315,,0,0.4315,0.186192,1,2
AF082180926,candidate,51,moneyline,Away,2026-09-18 20:24:09.644000,0.5685,,1,0.4315,0.186192,1,2
AF082180926,candidate,52,spread,Home,2026-09-18 20:24:09.644000,0.494,-2.5,1,0.506,0.256036,1,2
AF082180926,candidate,53,spread,Away,2026-09-18 20:24:09.644000,0.506,2.5,0,0.506,0.256036,1,2
AF082180926,candidate,54,total,Over,2026-09-18 20:24:09.644000,0.5025,31.5,1,0.4975,0.247506,1,2
AF082180926,candidate,55,total,Under,2026-09-18 20:24:09.644000,0.4975,31.5,0,0.4975,0.247506,1,2
AF082190926,prod,50,moneyline,Home,2026-09-19 22:47:31.564000,0.618,,1,0.382,0.145924,1,3
AF082190926,prod,51,moneyline,Away,2026-09-19 22:47:31.564000,0.3821,,0,0.3821,0.146,1,3
AF082190926,prod,52,spread,Home,2026-09-19 22:47:31.564000,0.4861,3.5,0,0.4861,0.236293,1,3
AF082190926,prod,53,spread,Away,2026-09-19 22:47:31.564000,0.5139,-3.5,1,0.4861,0.236293,1,3
AF082190926,candidate,50,moneyline,Home,2026-09-19 22:47:31.564000,0.6005,,1,0.3995,0.1596,1,2
AF082190926,candidate,51,moneyline,Away,2026-09-19 22:47:31.564000,0.3995,,0,0.3995,0.1596,1,2
AF082190926,candidate,52,spread,Home,2026-09-19 22:47:31.564000,0.5445,2.5,0,0.5445,0.29648,1,2
AF082190926,candidate,53,spread,Away,2026-09-19 22:47:31.564000,0.4555,-2.5,1,0.5445,0.29648,1,2
AF082190926,candidate,54,total,Over,2026-09-19 22:47:31.564000,0.513,27.5,1,0.487,0.237169,1,2
AF082190926,candidate,55,total,Under,2026-09-19 22:47:31.564000,0.487,27.5,0,0.487,0.237169,1,2
AF082200926,prod,50,moneyline,Home,2026-09-20 22:47:34.468000,0.5305,,0,0.5305,0.28143,1,3
AF082200926,prod,51,moneyline,Away,2026-09-20 22:47:34.468000,0.4696,,1,0.5304,0.281324,1,3
AF082200926,prod,52,spread,Home,2026-09-20 22:47:34.468000,0.5076,1.5,0,0.5076,0.257658,1,5
AF082200926,prod,53,spread,Away,2026-09-20 22:47:34.468000,0.4924,-1.5,1,0.5076,0.257658,1,5
AF082200926,prod,54,total,Over,2026-09-20 22:47:34.468000,0.4551,31.5,0,0.4551,0.207116,1,3
AF082200926,prod,55,total,Under,2026-09-20 22:47:34.468000,0.5449,31.5,1,0.4551,0.207116,1,3
AF082200926,candidate,50,moneyline,Home,2026-09-20 22:47:34.468000,0.5038,,0,0.5038,0.253814,1,2
AF082200926,candidate,51,moneyline,Away,2026-09-20 22:47:34.468000,0.4962,,1,0.5038,0.253814,1,2
AF082200926,candidate,52,spread,Home,2026-09-20 22:47:34.468000,0.5035,0.5,0,0.5035,0.253512,1,2
AF082200926,candidate,53,spread,Away,2026-09-20 22:47:34.468000,0.4965,-0.5,1,0.5035,0.253512,1,2
AF082200926,candidate,54,total,Over,2026-09-20 22:47:34.468000,0.47,31.5,0,0.47,0.2209,1,2
AF082200926,candidate,55,total,Under,2026-09-20 22:47:34.468000,0.53,31.5,1,0.47,0.2209,1,2
AF083180926,prod,50,moneyline,Home,2026-09-18 21:34:57.770000,0.4823,,1,0.5177,0.268013,1,3
AF083180926,prod,51,moneyline,Away,2026-09-18 21:34:57.770000,0.5177,,0,0.5177,0.268013,1,3
AF083180926,prod,52,spread,Home,2026-09-18 21:34:57.770000,0.5019,-1.5,1,0.4981,0.248104,1,3
AF083180926,prod,53,spread,Away,2026-09-18 21:34:57.770000,0.4981,1.5,0,0.4981,0.248104,1,3
AF083180926,prod,54,total,Over,2026-09-18 21:34:57.770000,0.5249,34.5,0,0.5249,0.27552,1,3
AF083180926,prod,55,total,Under,2026-09-18 21:34:57.770000,0.4751,34.5,1,0.5249,0.27552,1,3
AF083180926,candidate,50,moneyline,Home,2026-09-18 21:34:57.770000,0.5775,,1,0.4225,0.178506,1,2
AF083180926,candidate,51,moneyline,Away,2026-09-18 21:34:57.770000,0.4225,,0,0.4225,0.178506,1,2
AF083180926,candidate,52,spread,Home,2026-09-18 21:34:57.770000,0.5065,2.5,1,0.4935,0.243542,1,2
AF083180926,candidate,53,spread,Away,2026-09-18 21:34:57.770000,0.4935,-2.5,0,0.4935,0.243542,1,2
AF083180926,candidate,54,total,Over,2026-09-18 21:34:57.770000,0.5065,32.5,0,0.5065,0.256542,1,2
AF083180926,candidate,55,total,Under,2026-09-18 21:34:57.770000,0.4935,32.5,1,0.5065,0.256542,1,2
AF083200926,prod,50,moneyline,Home,2026-09-20 23:13:28.656000,0.499,,1,0.501,0.251001,1,3
AF083200926,prod,51,moneyline,Away,2026-09-20 23:13:28.656000,0.501,,0,0.501,0.251001,1,3
AF083200926,prod,54,total,Over,2026-09-20 23:13:28.656000,0.5149,37.5,0,0.5149,0.265122,1,3
AF083200926,prod,55,total,Under,2026-09-20 23:13:28.656000,0.4852,37.5,1,0.5148,0.265019,1,3
AF083200926,candidate,50,moneyline,Home,2026-09-20 23:13:28.656000,0.553,,1,0.447,0.199809,1,2
AF083200926,candidate,51,moneyline,Away,2026-09-20 23:13:28.656000,0.447,,0,0.447,0.199809,1,2
AF083200926,candidate,52,spread,Home,2026-09-20 23:13:28.656000,0.505,1.5,1,0.495,0.245025,1,2
AF083200926,candidate,53,spread,Away,2026-09-20 23:13:28.656000,0.495,-1.5,0,0.495,0.245025,1,2
AF083200926,candidate,54,total,Over,2026-09-20 23:13:28.656000,0.477,45.5,0,0.477,0.227529,1,2
AF083200926,candidate,55,total,Under,2026-09-20 23:13:28.656000,0.523,45.5,1,0.477,0.227529,1,2
AF083210926,prod,50,moneyline,Home,2026-09-21 22:01:32.914000,0.5297,,0,0.5297,0.280582,1,3
AF083210926,prod,51,moneyline,Away,2026-09-21 22:01:32.914000,0.4703,,1,0.5297,0.280582,1,3
AF083210926,prod,52,spread,Home,2026-09-21 22:01:32.914000,0.508,1.5,0,0.508,0.258064,1,5
AF083210926,prod,53,spread,Away,2026-09-21 22:01:32.914000,0.492,-1.5,1,0.508,0.258064,1,5
AF083210926,prod,54,total,Over,2026-09-21 22:01:32.914000,0.4872,35.5,1,0.5128,0.262964,1,3
AF083210926,prod,55,total,Under,2026-09-21 22:01:32.914000,0.5128,35.5,0,0.5128,0.262964,1,3
AF083210926,candidate,50,moneyline,Home,2026-09-21 22:01:32.914000,0.6475,,0,0.6475,0.419256,1,2
AF083210926,candidate,51,moneyline,Away,2026-09-21 22:01:32.914000,0.3525,,1,0.6475,0.419256,1,2
AF083210926,candidate,52,spread,Home,2026-09-21 22:01:32.914000,0.466,3.5,0,0.466,0.217156,1,2
AF083210926,candidate,53,spread,Away,2026-09-21 22:01:32.914000,0.534,-3.5,1,0.466,0.217156,1,2
AF083210926,candidate,54,total,Over,2026-09-21 22:01:32.914000,0.4985,42.5,1,0.5015,0.251502,1,2
AF083210926,candidate,55,total,Under,2026-09-21 22:01:32.914000,0.5015,42.5,0,0.5015,0.251502,1,2
AF084180926,prod,50,moneyline,Home,2026-09-18 22:11:21.159000,0.4685,,1,0.5315,0.282492,1,3
AF084180926,prod,51,moneyline,Away,2026-09-18 22:11:21.159000,0.5315,,0,0.5315,0.282492,1,3
AF084180926,prod,52,spread,Home,2026-09-18 22:11:21.159000,0.489,-1.5,1,0.511,0.261121,1,3
AF084180926,prod,53,spread,Away,2026-09-18 22:11:21.159000,0.5111,1.5,0,0.5111,0.261223,1,3
AF084180926,prod,54,total,Over,2026-09-18 22:11:21.159000,0.5176,34.5,0,0.5176,0.26791,1,3
AF084180926,prod,55,total,Under,2026-09-18 22:11:21.159000,0.4825,34.5,1,0.5175,0.267806,1,3
AF084180926,candidate,50,moneyline,Home,2026-09-18 22:11:21.159000,0.599,,1,0.401,0.160801,1,2
AF084180926,candidate,51,moneyline,Away,2026-09-18 22:11:21.159000,0.401,,0,0.401,0.160801,1,2
AF084180926,candidate,52,spread,Home,2026-09-18 22:11:21.159000,0.5315,2.5,1,0.4685,0.219492,1,2
AF084180926,candidate,53,spread,Away,2026-09-18 22:11:21.159000,0.4685,-2.5,0,0.4685,0.219492,1,2
AF084180926,candidate,54,total,Over,2026-09-18 22:11:21.159000,0.4595,31.5,0,0.4595,0.21114,1,2
AF084180926,candidate,55,total,Under,2026-09-18 22:11:21.159000,0.5405,31.5,1,0.4595,0.21114,1,2
AF084200926,prod,50,moneyline,Home,2026-09-20 23:23:31.826000,0.6057,,1,0.3943,0.155472,1,3
AF084200926,prod,51,moneyline,Away,2026-09-20 23:23:31.826000,0.3944,,0,0.3944,0.155551,1,3
AF084200926,prod,52,spread,Home,2026-09-20 23:23:31.826000,0.4791,3.5,1,0.5209,0.271337,1,3
AF084200926,prod,53,spread,Away,2026-09-20 23:23:31.826000,0.5209,-3.5,0,0.5209,0.271337,1,3
AF084200926,prod,54,total,Over,2026-09-20 23:23:31.826000,0.4967,33.5,0,0.4967,0.246711,1,3
AF084200926,prod,55,total,Under,2026-09-20 23:23:31.826000,0.5034,33.5,1,0.4966,0.246612,1,3
AF084200926,candidate,50,moneyline,Home,2026-09-20 23:23:31.826000,0.6115,,1,0.3885,0.150932,1,2
AF084200926,candidate,51,moneyline,Away,2026-09-20 23:23:31.826000,0.3885,,0,0.3885,0.150932,1,2
AF084200926,candidate,52,spread,Home,2026-09-20 23:23:31.826000,0.551,2.5,1,0.449,0.201601,1,2
AF084200926,candidate,53,spread,Away,2026-09-20 23:23:31.826000,0.449,-2.5,0,0.449,0.201601,1,2
AF084200926,candidate,54,total,Over,2026-09-20 23:23:31.826000,0.471,27.5,0,0.471,0.221841,1,2
AF084200926,candidate,55,total,Under,2026-09-20 23:23:31.826000,0.529,27.5,1,0.471,0.221841,1,2
AF084220926,prod,50,moneyline,Home,2026-09-22 23:23:25.650000,0.5925,,0,0.5925,0.351056,1,3
AF084220926,prod,51,moneyline,Away,2026-09-22 23:23:25.650000,0.4076,,1,0.5924,0.350938,1,3
AF084220926,prod,52,spread,Home,2026-09-22 23:23:25.650000,0.5422,2.5,0,0.5422,0.293981,1,3
AF084220926,prod,53,spread,Away,2026-09-22 23:23:25.650000,0.4578,-2.5,1,0.5422,0.293981,1,3
AF084220926,prod,54,total,Over,2026-09-22 23:23:25.650000,0.457,31.5,0,0.457,0.208849,1,3
AF084220926,prod,55,total,Under,2026-09-22 23:23:25.650000,0.543,31.5,1,0.457,0.208849,1,3
AF084220926,candidate,50,moneyline,Home,2026-09-22 23:23:25.650000,0.449,,0,0.449,0.201601,1,2
AF084220926,candidate,51,moneyline,Away,2026-09-22 23:23:25.650000,0.551,,1,0.449,0.201601,1,2
AF084220926,candidate,52,spread,Home,2026-09-22 23:23:25.650000,0.5035,-2.5,0,0.5035,0.253512,1,2
AF084220926,candidate,53,spread,Away,2026-09-22 23:23:25.650000,0.4965,2.5,1,0.5035,0.253512,1,2
AF084220926,candidate,54,total,Over,2026-09-22 23:23:25.650000,0.4965,26.5,1,0.5035,0.253512,1,2
AF084220926,candidate,55,total,Under,2026-09-22 23:23:25.650000,0.5035,26.5,0,0.5035,0.253512,1,2
AF085180926,prod,50,moneyline,Home,2026-09-18 23:23:09.208000,0.5225,,0,0.5225,0.273006,1,3
AF085180926,prod,51,moneyline,Away,2026-09-18 23:23:09.208000,0.4775,,1,0.5225,0.273006,1,3
AF085180926,prod,52,spread,Home,2026-09-18 23:23:09.208000,0.5036,1.5,0,0.5036,0.253613,1,3
AF085180926,prod,53,spread,Away,2026-09-18 23:23:09.208000,0.4964,-1.5,1,0.5036,0.253613,1,3
AF085180926,prod,54,total,Over,2026-09-18 23:23:09.208000,0.5027,35.5,1,0.4973,0.247307,1,3
AF085180926,prod,55,total,Under,2026-09-18 23:23:09.208000,0.4973,35.5,0,0.4973,0.247307,1,3
AF085180926,candidate,50,moneyline,Home,2026-09-18 23:23:09.208000,0.501,,0,0.501,0.251001,1,2
AF085180926,candidate,51,moneyline,Away,2026-09-18 23:23:09.208000,0.499,,1,0.501,0.251001,1,2
AF085180926,candidate,52,spread,Home,2026-09-18 23:23:09.208000,0.501,-0.5,0,0.501,0.251001,1,2
AF085180926,candidate,53,spread,Away,2026-09-18 23:23:09.208000,0.499,0.5,1,0.501,0.251001,1,2
AF085180926,candidate,54,total,Over,2026-09-18 23:23:09.208000,0.506,33.5,1,0.494,0.244036,1,2
AF085180926,candidate,55,total,Under,2026-09-18 23:23:09.208000,0.494,33.5,0,0.494,0.244036,1,2
AF085190926,prod,50,moneyline,Home,2026-09-19 23:49:23.457000,0.5538,,1,0.4462,0.199094,1,3
AF085190926,prod,51,moneyline,Away,2026-09-19 23:49:23.457000,0.4462,,0,0.4462,0.199094,1,3
AF085190926,prod,52,spread,Home,2026-09-19 23:49:23.457000,0.5112,2.5,1,0.4888,0.238925,1,3
AF085190926,prod,53,spread,Away,2026-09-19 23:49:23.457000,0.4888,-2.5,0,0.4888,0.238925,1,3
AF085190926,prod,54,total,Over,2026-09-19 23:49:23.457000,0.5067,32.5,1,0.4933,0.243345,1,3
AF085190926,prod,55,total,Under,2026-09-19 23:49:23.457000,0.4933,32.5,0,0.4933,0.243345,1,3
AF085190926,candidate,50,moneyline,Home,2026-09-19 23:49:23.457000,0.53,,1,0.47,0.2209,1,2
AF085190926,candidate,51,moneyline,Away,2026-09-19 23:49:23.457000,0.47,,0,0.47,0.2209,1,2
AF085190926,candidate,52,spread,Home,2026-09-19 23:49:23.457000,0.4945,1.5,1,0.5055,0.25553,1,2
AF085190926,candidate,53,spread,Away,2026-09-19 23:49:23.457000,0.5055,-1.5,0,0.5055,0.25553,1,2
AF085190926,candidate,54,total,Over,2026-09-19 23:49:23.457000,0.504,31.5,1,0.496,0.246016,1,2
AF085190926,candidate,55,total,Under,2026-09-19 23:49:23.457000,0.496,31.5,0,0.496,0.246016,1,2
AF085210926,prod,50,moneyline,Home,2026-09-21 22:37:18.892000,0.5644,,1,0.4356,0.189747,1,3
AF085210926,prod,51,moneyline,Away,2026-09-21 22:37:18.892000,0.4356,,0,0.4356,0.189747,1,3
AF085210926,prod,52,spread,Home,2026-09-21 22:37:18.892000,0.5166,2.5,0,0.5166,0.266876,1,3
AF085210926,prod,53,spread,Away,2026-09-21 22:37:18.892000,0.4834,-2.5,1,0.5166,0.266876,1,3
AF085210926,prod,54,total,Over,2026-09-21 22:37:18.892000,0.5241,37.5,1,0.4759,0.226481,1,3
AF085210926,prod,55,total,Under,2026-09-21 22:37:18.892000,0.4759,37.5,0,0.4759,0.226481,1,3
AF085210926,candidate,50,moneyline,Home,2026-09-21 22:37:18.892000,0.7475,,1,0.2525,0.063756,1,2
AF085210926,candidate,51,moneyline,Away,2026-09-21 22:37:18.892000,0.2525,,0,0.2525,0.063756,1,2
AF085210926,candidate,52,spread,Home,2026-09-21 22:37:18.892000,0.4935,5.5,0,0.4935,0.243542,1,2
AF085210926,candidate,53,spread,Away,2026-09-21 22:37:18.892000,0.5065,-5.5,1,0.4935,0.243542,1,2
AF085210926,candidate,54,total,Over,2026-09-21 22:37:18.892000,0.497,48.5,0,0.497,0.247009,1,2
AF085210926,candidate,55,total,Under,2026-09-21 22:37:18.892000,0.503,48.5,1,0.497,0.247009,1,2
AF085220926,prod,50,moneyline,Home,2026-09-22 23:48:53.430000,0.5089,,0,0.5089,0.258979,1,3
AF085220926,prod,51,moneyline,Away,2026-09-22 23:48:53.430000,0.4911,,1,0.5089,0.258979,1,3
AF085220926,prod,52,spread,Home,2026-09-22 23:48:53.430000,0.4883,1.5,0,0.4883,0.238437,1,3
AF085220926,prod,53,spread,Away,2026-09-22 23:48:53.430000,0.5117,-1.5,1,0.4883,0.238437,1,3
AF085220926,prod,54,total,Over,2026-09-22 23:48:53.430000,0.4957,37.5,0,0.4957,0.245718,1,3
AF085220926,prod,55,total,Under,2026-09-22 23:48:53.430000,0.5043,37.5,1,0.4957,0.245718,1,3
AF085220926,candidate,50,moneyline,Home,2026-09-22 23:48:53.430000,0.4195,,0,0.4195,0.17598,1,2
AF085220926,candidate,51,moneyline,Away,2026-09-22 23:48:53.430000,0.5805,,1,0.4195,0.17598,1,2
AF085220926,candidate,52,spread,Home,2026-09-22 23:48:53.430000,0.4815,-2.5,0,0.4815,0.231842,1,2
AF085220926,candidate,53,spread,Away,2026-09-22 23:48:53.430000,0.5185,2.5,1,0.4815,0.231842,1,2
AF085220926,candidate,54,total,Over,2026-09-22 23:48:53.430000,0.5135,33.5,1,0.4865,0.236682,1,2
AF085220926,candidate,55,total,Under,2026-09-22 23:48:53.430000,0.4865,33.5,0,0.4865,0.236682,1,2
AF086180926,prod,50,moneyline,Home,2026-09-19 00:06:50.339000,0.481,,1,0.519,0.269361,1,3
AF086180926,prod,51,moneyline,Away,2026-09-19 00:06:50.339000,0.519,,0,0.519,0.269361,1,3
AF086180926,prod,52,spread,Home,2026-09-19 00:06:50.339000,0.5027,-1.5,1,0.4973,0.247307,1,3
AF086180926,prod,53,spread,Away,2026-09-19 00:06:50.339000,0.4973,1.5,0,0.4973,0.247307,1,3
AF086180926,prod,54,total,Over,2026-09-19 00:06:50.339000,0.5218,34.5,1,0.4782,0.228675,1,3
AF086180926,prod,55,total,Under,2026-09-19 00:06:50.339000,0.4782,34.5,0,0.4782,0.228675,1,3
AF086180926,candidate,50,moneyline,Home,2026-09-19 00:06:50.339000,0.5905,,1,0.4095,0.16769,1,2
AF086180926,candidate,51,moneyline,Away,2026-09-19 00:06:50.339000,0.4095,,0,0.4095,0.16769,1,2
AF086180926,candidate,52,spread,Home,2026-09-19 00:06:50.339000,0.5235,2.5,1,0.4765,0.227052,1,2
AF086180926,candidate,53,spread,Away,2026-09-19 00:06:50.339000,0.4765,-2.5,0,0.4765,0.227052,1,2
AF086180926,candidate,54,total,Over,2026-09-19 00:06:50.339000,0.475,31.5,1,0.525,0.275625,1,2
AF086180926,candidate,55,total,Under,2026-09-19 00:06:50.339000,0.525,31.5,0,0.525,0.275625,1,2
AF086200926,prod,50,moneyline,Home,2026-09-20 23:59:37.564000,0.6211,,1,0.3789,0.143565,1,3
AF086200926,prod,51,moneyline,Away,2026-09-20 23:59:37.564000,0.379,,0,0.379,0.143641,1,3
AF086200926,prod,52,spread,Home,2026-09-20 23:59:37.564000,0.4731,3.5,1,0.5269,0.277624,1,3
AF086200926,prod,53,spread,Away,2026-09-20 23:59:37.564000,0.527,-3.5,0,0.527,0.277729,1,3
AF086200926,prod,54,total,Over,2026-09-20 23:59:37.564000,0.5077,30.5,1,0.4923,0.242359,1,3
AF086200926,prod,55,total,Under,2026-09-20 23:59:37.564000,0.4923,30.5,0,0.4923,0.242359,1,3
AF086200926,candidate,50,moneyline,Home,2026-09-20 23:59:37.564000,0.5695,,1,0.4305,0.18533,1,2
AF086200926,candidate,51,moneyline,Away,2026-09-20 23:59:37.564000,0.4305,,0,0.4305,0.18533,1,2
AF086200926,candidate,52,spread,Home,2026-09-20 23:59:37.564000,0.505,2.5,1,0.495,0.245025,1,2
AF086200926,candidate,53,spread,Away,2026-09-20 23:59:37.564000,0.495,-2.5,0,0.495,0.245025,1,2
AF086200926,candidate,54,total,Over,2026-09-20 23:59:37.564000,0.503,28.5,1,0.497,0.247009,1,2
AF086200926,candidate,55,total,Under,2026-09-20 23:59:37.564000,0.497,28.5,0,0.497,0.247009,1,2
AF086210926,prod,50,moneyline,Home,2026-09-21 22:47:16.580000,0.5738,,1,0.4262,0.181646,1,3
AF086210926,prod,51,moneyline,Away,2026-09-21 22:47:16.580000,0.4262,,0,0.4262,0.181646,1,3
AF086210926,prod,52,spread,Home,2026-09-21 22:47:16.580000,0.533,2.5,1,0.467,0.218089,1,3
AF086210926,prod,53,spread,Away,2026-09-21 22:47:16.580000,0.467,-2.5,0,0.467,0.218089,1,3
AF086210926,prod,54,total,Over,2026-09-21 22:47:16.580000,0.4559,31.5,0,0.4559,0.207845,1,3
AF086210926,prod,55,total,Under,2026-09-21 22:47:16.580000,0.5441,31.5,1,0.4559,0.207845,1,3
AF086210926,candidate,50,moneyline,Home,2026-09-21 22:47:16.580000,0.5373,,1,0.4627,0.214091,1,2
AF086210926,candidate,51,moneyline,Away,2026-09-21 22:47:16.580000,0.4627,,0,0.4627,0.214091,1,2
AF086210926,candidate,52,spread,Home,2026-09-21 22:47:16.580000,0.5065,1.5,1,0.4935,0.243542,1,2
AF086210926,candidate,53,spread,Away,2026-09-21 22:47:16.580000,0.4935,-1.5,0,0.4935,0.243542,1,2
AF086210926,candidate,54,total,Over,2026-09-21 22:47:16.580000,0.489,28.5,1,0.511,0.261121,1,2
AF086210926,candidate,55,total,Under,2026-09-21 22:47:16.580000,0.511,28.5,0,0.511,0.261121,1,2
AF086220926,prod,50,moneyline,Home,2026-09-22 23:29:46.505000,0.5228,,0,0.5228,0.27332,1,2
AF086220926,prod,51,moneyline,Away,2026-09-22 23:29:46.505000,0.4772,,1,0.5228,0.27332,1,2
AF086220926,prod,52,spread,Home,2026-09-22 23:29:46.505000,0.5037,1.5,0,0.5037,0.253714,1,2
AF086220926,prod,53,spread,Away,2026-09-22 23:29:46.505000,0.4963,-1.5,1,0.5037,0.253714,1,2
AF086220926,prod,54,total,Over,2026-09-22 23:29:46.505000,0.5057,35.5,0,0.5057,0.255732,1,3
AF086220926,prod,55,total,Under,2026-09-22 23:29:46.505000,0.4943,35.5,1,0.5057,0.255732,1,3
AF086220926,candidate,50,moneyline,Home,2026-09-22 23:29:27.798000,0.5015,,0,0.5015,0.251502,1,1
AF086220926,candidate,51,moneyline,Away,2026-09-22 23:29:27.798000,0.4985,,1,0.5015,0.251502,1,1
AF086220926,candidate,52,spread,Home,2026-09-22 23:29:27.798000,0.5015,-0.5,0,0.5015,0.251502,1,1
AF086220926,candidate,53,spread,Away,2026-09-22 23:29:27.798000,0.4985,0.5,1,0.5015,0.251502,1,1
AF086220926,candidate,54,total,Over,2026-09-22 23:29:27.798000,0.4935,30.5,0,0.4935,0.243542,1,1
AF086220926,candidate,55,total,Under,2026-09-22 23:29:27.798000,0.5065,30.5,1,0.4935,0.243542,1,1
AF087190926,prod,50,moneyline,Home,2026-09-19 06:35:21.251000,0.4112,,0,0.4112,0.169085,1,3
AF087190926,prod,51,moneyline,Away,2026-09-19 06:35:21.251000,0.5889,,1,0.4111,0.169003,1,3
AF087190926,prod,52,spread,Home,2026-09-19 06:35:21.251000,0.4547,-2.5,0,0.4547,0.206752,1,3
AF087190926,prod,53,spread,Away,2026-09-19 06:35:21.251000,0.5453,2.5,1,0.4547,0.206752,1,3
AF087190926,prod,54,total,Over,2026-09-19 06:35:21.251000,0.5257,34.5,1,0.4743,0.22496,1,3
AF087190926,prod,55,total,Under,2026-09-19 06:35:21.251000,0.4743,34.5,0,0.4743,0.22496,1,3
AF087190926,candidate,50,moneyline,Home,2026-09-19 06:35:21.251000,0.4145,,0,0.4145,0.17181,1,2
AF087190926,candidate,51,moneyline,Away,2026-09-19 06:35:21.251000,0.5855,,1,0.4145,0.17181,1,2
AF087190926,candidate,52,spread,Home,2026-09-19 06:35:21.251000,0.4815,-2.5,0,0.4815,0.231842,1,2
AF087190926,candidate,53,spread,Away,2026-09-19 06:35:21.251000,0.5185,2.5,1,0.4815,0.231842,1,2
AF087190926,candidate,54,total,Over,2026-09-19 06:35:21.251000,0.5175,37.5,1,0.4825,0.232806,1,2
AF087190926,candidate,55,total,Under,2026-09-19 06:35:21.251000,0.4825,37.5,0,0.4825,0.232806,1,2
AF087210926,prod,50,moneyline,Home,2026-09-21 23:13:40.777000,0.4789,,0,0.4789,0.229345,1,3
AF087210926,prod,51,moneyline,Away,2026-09-21 23:13:40.777000,0.5211,,1,0.4789,0.229345,1,3
AF087210926,prod,52,spread,Home,2026-09-21 23:13:40.777000,0.4998,-1.5,0,0.4998,0.2498,1,3
AF087210926,prod,53,spread,Away,2026-09-21 23:13:40.777000,0.5002,1.5,1,0.4998,0.2498,1,3
AF087210926,prod,54,total,Over,2026-09-21 23:13:40.777000,0.4978,35.5,0,0.4978,0.247805,1,3
AF087210926,prod,55,total,Under,2026-09-21 23:13:40.777000,0.5022,35.5,1,0.4978,0.247805,1,3
AF087210926,candidate,50,moneyline,Home,2026-09-21 23:13:40.777000,0.54,,0,0.54,0.2916,1,2
AF087210926,candidate,51,moneyline,Away,2026-09-21 23:13:40.777000,0.46,,1,0.54,0.2916,1,2
AF087210926,candidate,52,spread,Home,2026-09-21 23:13:40.777000,0.499,1.5,0,0.499,0.249001,1,2
AF087210926,candidate,53,spread,Away,2026-09-21 23:13:40.777000,0.501,-1.5,1,0.499,0.249001,1,2
AF087210926,candidate,54,total,Over,2026-09-21 23:13:40.777000,0.475,38.5,0,0.475,0.225625,1,2
AF087210926,candidate,55,total,Under,2026-09-21 23:13:40.777000,0.525,38.5,1,0.475,0.225625,1,2
AF087220926,prod,50,moneyline,Home,2026-09-22 19:11:08.671000,0.4565,,0,0.4565,0.208392,1,3
AF087220926,prod,51,moneyline,Away,2026-09-22 19:11:08.671000,0.5435,,1,0.4565,0.208392,1,3
AF087220926,prod,52,spread,Home,2026-09-22 19:11:08.671000,0.5009,-2.5,0,0.5009,0.250901,1,3
AF087220926,prod,53,spread,Away,2026-09-22 19:11:08.671000,0.4992,2.5,1,0.5008,0.250801,1,3
AF087220926,prod,54,total,Over,2026-09-22 19:11:08.671000,0.4942,35.5,1,0.5058,0.255834,1,5
AF087220926,prod,55,total,Under,2026-09-22 19:11:08.671000,0.5059,35.5,0,0.5059,0.255935,1,5
AF087220926,candidate,50,moneyline,Home,2026-09-22 19:11:08.671000,0.527,,0,0.527,0.277729,1,2
AF087220926,candidate,51,moneyline,Away,2026-09-22 19:11:08.671000,0.473,,1,0.527,0.277729,1,2
AF087220926,candidate,52,spread,Home,2026-09-22 19:11:08.671000,0.4875,1.5,0,0.4875,0.237656,1,2
AF087220926,candidate,53,spread,Away,2026-09-22 19:11:08.671000,0.5125,-1.5,1,0.4875,0.237656,1,2
AF087220926,candidate,54,total,Over,2026-09-22 19:11:08.671000,0.512,30.5,1,0.488,0.238144,1,2
AF087220926,candidate,55,total,Under,2026-09-22 19:11:08.671000,0.488,30.5,0,0.488,0.238144,1,2
AF088190926,prod,50,moneyline,Home,2026-09-19 07:47:12.122000,0.5857,,1,0.4143,0.171644,1,3
AF088190926,prod,51,moneyline,Away,2026-09-19 07:47:12.122000,0.4143,,0,0.4143,0.171644,1,3
AF088190926,prod,52,spread,Home,2026-09-19 07:47:12.122000,0.5429,2.5,1,0.4571,0.20894,1,3
AF088190926,prod,53,spread,Away,2026-09-19 07:47:12.122000,0.4571,-2.5,0,0.4571,0.20894,1,3
AF088190926,prod,54,total,Over,2026-09-19 07:47:12.122000,0.524,34.5,1,0.476,0.226576,1,3
AF088190926,prod,55,total,Under,2026-09-19 07:47:12.122000,0.476,34.5,0,0.476,0.226576,1,3
AF088190926,candidate,50,moneyline,Home,2026-09-19 07:47:12.122000,0.624,,1,0.376,0.141376,1,2
AF088190926,candidate,51,moneyline,Away,2026-09-19 07:47:12.122000,0.376,,0,0.376,0.141376,1,2
AF088190926,candidate,52,spread,Home,2026-09-19 07:47:12.122000,0.5565,2.5,1,0.4435,0.196692,1,2
AF088190926,candidate,53,spread,Away,2026-09-19 07:47:12.122000,0.4435,-2.5,0,0.4435,0.196692,1,2
AF088190926,candidate,54,total,Over,2026-09-19 07:47:12.122000,0.51,37.5,1,0.49,0.2401,1,2
AF088190926,candidate,55,total,Under,2026-09-19 07:47:12.122000,0.49,37.5,0,0.49,0.2401,1,2
AF088220926,prod,50,moneyline,Home,2026-09-22 19:47:05.794000,0.5721,,1,0.4279,0.183098,1,3
AF088220926,prod,51,moneyline,Away,2026-09-22 19:47:05.794000,0.4279,,0,0.4279,0.183098,1,3
AF088220926,prod,52,spread,Home,2026-09-22 19:47:05.794000,0.5223,2.5,1,0.4777,0.228197,1,3
AF088220926,prod,53,spread,Away,2026-09-22 19:47:05.794000,0.4778,-2.5,0,0.4778,0.228293,1,3
AF088220926,prod,54,total,Over,2026-09-22 19:47:05.794000,0.4771,31.5,0,0.4771,0.227624,1,3
AF088220926,prod,55,total,Under,2026-09-22 19:47:05.794000,0.5229,31.5,1,0.4771,0.227624,1,3
AF088220926,candidate,50,moneyline,Home,2026-09-22 19:47:05.794000,0.4455,,1,0.5545,0.30747,1,2
AF088220926,candidate,51,moneyline,Away,2026-09-22 19:47:05.794000,0.5545,,0,0.5545,0.30747,1,2
AF088220926,candidate,52,spread,Home,2026-09-22 19:47:05.794000,0.5015,-2.5,1,0.4985,0.248502,1,2
AF088220926,candidate,53,spread,Away,2026-09-22 19:47:05.794000,0.4985,2.5,0,0.4985,0.248502,1,2
AF088220926,candidate,54,total,Over,2026-09-22 19:47:05.794000,0.5015,26.5,0,0.5015,0.251502,1,2
AF088220926,candidate,55,total,Under,2026-09-22 19:47:05.794000,0.4985,26.5,1,0.5015,0.251502,1,2
AF089190926,prod,50,moneyline,Home,2026-09-19 08:59:33.272000,0.4386,,1,0.5614,0.31517,1,3
AF089190926,prod,51,moneyline,Away,2026-09-19 08:59:33.272000,0.5614,,0,0.5614,0.31517,1,3
AF089190926,prod,52,spread,Home,2026-09-19 08:59:33.272000,0.4823,-2.5,1,0.5177,0.268013,1,3
AF089190926,prod,53,spread,Away,2026-09-19 08:59:33.272000,0.5177,2.5,0,0.5177,0.268013,1,3
AF089190926,prod,54,total,Over,2026-09-19 08:59:33.272000,0.4723,38.5,1,0.5277,0.278467,1,5
AF089190926,prod,55,total,Under,2026-09-19 08:59:33.272000,0.5277,38.5,0,0.5277,0.278467,1,5
AF089190926,candidate,50,moneyline,Home,2026-09-19 08:59:33.272000,0.3755,,1,0.6245,0.39,1,2
AF089190926,candidate,51,moneyline,Away,2026-09-19 08:59:33.272000,0.6245,,0,0.6245,0.39,1,2
AF089190926,candidate,52,spread,Home,2026-09-19 08:59:33.272000,0.4525,-2.5,1,0.5475,0.299756,1,2
AF089190926,candidate,53,spread,Away,2026-09-19 08:59:33.272000,0.5475,2.5,0,0.5475,0.299756,1,2
AF089190926,candidate,54,total,Over,2026-09-19 08:59:33.272000,0.4895,51.5,1,0.5105,0.26061,1,2
AF089190926,candidate,55,total,Under,2026-09-19 08:59:33.272000,0.5105,51.5,0,0.5105,0.26061,1,2
AF089220926,prod,50,moneyline,Home,2026-09-22 21:35:17.119000,0.4081,,0,0.4081,0.166546,1,3
AF089220926,prod,51,moneyline,Away,2026-09-22 21:35:17.119000,0.592,,1,0.408,0.166464,1,3
AF089220926,prod,52,spread,Home,2026-09-22 21:35:17.119000,0.4573,-2.5,0,0.4573,0.209123,1,3
AF089220926,prod,53,spread,Away,2026-09-22 21:35:17.119000,0.5427,2.5,1,0.4573,0.209123,1,3
AF089220926,prod,54,total,Over,2026-09-22 21:35:17.119000,0.4562,31.5,0,0.4562,0.208118,1,3
AF089220926,prod,55,total,Under,2026-09-22 21:35:17.119000,0.5438,31.5,1,0.4562,0.208118,1,3
AF089220926,candidate,50,moneyline,Home,2026-09-22 21:35:17.119000,0.578,,0,0.578,0.334084,1,2
AF089220926,candidate,51,moneyline,Away,2026-09-22 21:35:17.119000,0.422,,1,0.578,0.334084,1,2
AF089220926,candidate,52,spread,Home,2026-09-22 21:35:17.119000,0.5245,2.5,0,0.5245,0.2751,1,2
AF089220926,candidate,53,spread,Away,2026-09-22 21:35:17.119000,0.4755,-2.5,1,0.5245,0.2751,1,2
AF089220926,candidate,54,total,Over,2026-09-22 21:35:17.119000,0.4975,25.5,0,0.4975,0.247506,1,2
AF089220926,candidate,55,total,Under,2026-09-22 21:35:17.119000,0.5025,25.5,1,0.4975,0.247506,1,2
AF090190926,prod,50,moneyline,Home,2026-09-19 10:11:17.667000,0.5265,,1,0.4735,0.224202,1,3
AF090190926,prod,51,moneyline,Away,2026-09-19 10:11:17.667000,0.4735,,0,0.4735,0.224202,1,3
AF090190926,prod,52,spread,Home,2026-09-19 10:11:17.667000,0.5055,1.5,1,0.4945,0.24453,1,3
AF090190926,prod,53,spread,Away,2026-09-19 10:11:17.667000,0.4945,-1.5,0,0.4945,0.24453,1,3
AF090190926,prod,54,total,Over,2026-09-19 10:11:17.667000,0.4777,35.5,0,0.4777,0.228197,1,3
AF090190926,prod,55,total,Under,2026-09-19 10:11:17.667000,0.5223,35.5,1,0.4777,0.228197,1,3
AF090190926,candidate,50,moneyline,Home,2026-09-19 10:11:17.667000,0.524,,1,0.476,0.226576,1,2
AF090190926,candidate,51,moneyline,Away,2026-09-19 10:11:17.667000,0.476,,0,0.476,0.226576,1,2
AF090190926,candidate,52,spread,Home,2026-09-19 10:11:17.667000,0.482,1.5,1,0.518,0.268324,1,2
AF090190926,candidate,53,spread,Away,2026-09-19 10:11:17.667000,0.518,-1.5,0,0.518,0.268324,1,2
AF090190926,candidate,54,total,Over,2026-09-19 10:11:17.667000,0.478,38.5,0,0.478,0.228484,1,2
AF090190926,candidate,55,total,Under,2026-09-19 10:11:17.667000,0.522,38.5,1,0.478,0.228484,1,2
AF090220926,prod,50,moneyline,Home,2026-09-22 22:47:32.538000,0.5456,,0,0.5456,0.297679,1,3
AF090220926,prod,51,moneyline,Away,2026-09-22 22:47:32.538000,0.4545,,1,0.5455,0.29757,1,3
AF090220926,prod,52,spread,Home,2026-09-22 22:47:32.538000,0.5001,2.5,0,0.5001,0.2501,1,3
AF090220926,prod,53,spread,Away,2026-09-22 22:47:32.538000,0.4999,-2.5,1,0.5001,0.2501,1,3
AF090220926,prod,54,total,Over,2026-09-22 22:47:32.538000,0.4889,35.5,0,0.4889,0.239023,1,3
AF090220926,prod,55,total,Under,2026-09-22 22:47:32.538000,0.5112,35.5,1,0.4888,0.238925,1,3
AF090220926,candidate,50,moneyline,Home,2026-09-22 22:47:32.538000,0.503,,0,0.503,0.253009,1,2
AF090220926,candidate,51,moneyline,Away,2026-09-22 22:47:32.538000,0.497,,1,0.503,0.253009,1,2
AF090220926,candidate,52,spread,Home,2026-09-22 22:47:32.538000,0.503,-0.5,0,0.503,0.253009,1,2
AF090220926,candidate,53,spread,Away,2026-09-22 22:47:32.538000,0.497,0.5,1,0.503,0.253009,1,2
AF090220926,candidate,54,total,Over,2026-09-22 22:47:32.538000,0.497,30.5,0,0.497,0.247009,1,2
AF090220926,candidate,55,total,Under,2026-09-22 22:47:32.538000,0.503,30.5,1,0.497,0.247009,1,2
AF091190926,prod,50,moneyline,Home,2026-09-19 10:47:33.023000,0.4178,,0,0.4178,0.174557,1,3
AF091190926,prod,51,moneyline,Away,2026-09-19 10:47:33.023000,0.5822,,1,0.4178,0.174557,1,3
AF091190926,prod,52,spread,Home,2026-09-19 10:47:33.023000,0.4634,-2.5,0,0.4634,0.21474,1,3
AF091190926,prod,53,spread,Away,2026-09-19 10:47:33.023000,0.5366,2.5,1,0.4634,0.21474,1,3
AF091190926,prod,54,total,Over,2026-09-19 10:47:33.023000,0.4719,35.5,1,0.5281,0.27889,1,5
AF091190926,prod,55,total,Under,2026-09-19 10:47:33.023000,0.5281,35.5,0,0.5281,0.27889,1,5
AF091190926,candidate,50,moneyline,Home,2026-09-19 10:47:33.023000,0.413,,0,0.413,0.170569,1,2
AF091190926,candidate,51,moneyline,Away,2026-09-19 10:47:33.023000,0.587,,1,0.413,0.170569,1,2
AF091190926,candidate,52,spread,Home,2026-09-19 10:47:33.023000,0.488,-2.5,0,0.488,0.238144,1,2
AF091190926,candidate,53,spread,Away,2026-09-19 10:47:33.023000,0.512,2.5,1,0.488,0.238144,1,2
AF091190926,candidate,54,total,Over,2026-09-19 10:47:33.023000,0.51,37.5,1,0.49,0.2401,1,2
AF091190926,candidate,55,total,Under,2026-09-19 10:47:33.023000,0.49,37.5,0,0.49,0.2401,1,2
AF091210926,prod,50,moneyline,Home,2026-09-21 20:23:11.269000,0.5141,,0,0.5141,0.264299,1,3
AF091210926,prod,51,moneyline,Away,2026-09-21 20:23:11.269000,0.4859,,1,0.5141,0.264299,1,3
AF091210926,prod,52,spread,Home,2026-09-21 20:23:11.269000,0.4943,1.5,0,0.4943,0.244332,1,3
AF091210926,prod,53,spread,Away,2026-09-21 20:23:11.269000,0.5057,-1.5,1,0.4943,0.244332,1,3
AF091210926,prod,54,total,Over,2026-09-21 20:23:11.269000,0.4789,31.5,1,0.5211,0.271545,1,3
AF091210926,prod,55,total,Under,2026-09-21 20:23:11.269000,0.5211,31.5,0,0.5211,0.271545,1,3
AF091210926,candidate,50,moneyline,Home,2026-09-21 20:23:11.269000,0.659,,0,0.659,0.434281,1,2
AF091210926,candidate,51,moneyline,Away,2026-09-21 20:23:11.269000,0.341,,1,0.659,0.434281,1,2
AF091210926,candidate,52,spread,Home,2026-09-21 20:23:11.269000,0.4855,3.5,0,0.4855,0.23571,1,2
AF091210926,candidate,53,spread,Away,2026-09-21 20:23:11.269000,0.5145,-3.5,1,0.4855,0.23571,1,2
AF091210926,candidate,54,total,Over,2026-09-21 20:23:11.269000,0.524,26.5,1,0.476,0.226576,1,2
AF091210926,candidate,55,total,Under,2026-09-21 20:23:11.269000,0.476,26.5,0,0.476,0.226576,1,2
AF092190926,prod,50,moneyline,Home,2026-09-19 11:23:12.756000,0.5683,,1,0.4317,0.186365,1,3
AF092190926,prod,51,moneyline,Away,2026-09-19 11:23:12.756000,0.4318,,0,0.4318,0.186451,1,3
AF092190926,prod,52,spread,Home,2026-09-19 11:23:12.756000,0.5229,2.5,1,0.4771,0.227624,1,3
AF092190926,prod,53,spread,Away,2026-09-19 11:23:12.756000,0.4771,-2.5,0,0.4771,0.227624,1,3
AF092190926,prod,54,total,Over,2026-09-19 11:23:12.756000,0.5298,37.5,1,0.4702,0.221088,1,3
AF092190926,prod,55,total,Under,2026-09-19 11:23:12.756000,0.4702,37.5,0,0.4702,0.221088,1,3
AF092190926,candidate,50,moneyline,Home,2026-09-19 11:23:12.756000,0.6545,,1,0.3455,0.11937,1,2
AF092190926,candidate,51,moneyline,Away,2026-09-19 11:23:12.756000,0.3455,,0,0.3455,0.11937,1,2
AF092190926,candidate,52,spread,Home,2026-09-19 11:23:12.756000,0.4725,3.5,1,0.5275,0.278256,1,2
AF092190926,candidate,53,spread,Away,2026-09-19 11:23:12.756000,0.5275,-3.5,0,0.5275,0.278256,1,2
AF092190926,candidate,54,total,Over,2026-09-19 11:23:12.756000,0.4915,52.5,0,0.4915,0.241572,1,2
AF092190926,candidate,55,total,Under,2026-09-19 11:23:12.756000,0.5085,52.5,1,0.4915,0.241572,1,2
AF092210926,prod,50,moneyline,Home,2026-09-21 21:35:10.715000,0.5245,,0,0.5245,0.2751,1,3
AF092210926,prod,51,moneyline,Away,2026-09-21 21:35:10.715000,0.4756,,1,0.5244,0.274995,1,3
AF092210926,prod,52,spread,Home,2026-09-21 21:35:10.715000,0.5048,1.5,0,0.5048,0.254823,1,3
AF092210926,prod,53,spread,Away,2026-09-21 21:35:10.715000,0.4952,-1.5,1,0.5048,0.254823,1,3
AF092210926,prod,54,total,Over,2026-09-21 21:35:10.715000,0.4946,31.5,1,0.5054,0.255429,1,3
AF092210926,prod,55,total,Under,2026-09-21 21:35:10.715000,0.5055,31.5,0,0.5055,0.25553,1,3
AF092210926,candidate,50,moneyline,Home,2026-09-21 21:35:10.715000,0.409,,0,0.409,0.167281,1,2
AF092210926,candidate,51,moneyline,Away,2026-09-21 21:35:10.715000,0.591,,1,0.409,0.167281,1,2
AF092210926,candidate,52,spread,Home,2026-09-21 21:35:10.715000,0.459,-2.5,0,0.459,0.210681,1,2
AF092210926,candidate,53,spread,Away,2026-09-21 21:35:10.715000,0.541,2.5,1,0.459,0.210681,1,2
AF092210926,candidate,54,total,Over,2026-09-21 21:35:10.715000,0.5195,26.5,1,0.4805,0.23088,1,2
AF092210926,candidate,55,total,Under,2026-09-21 21:35:10.715000,0.4805,26.5,0,0.4805,0.23088,1,2
AF093190926,prod,50,moneyline,Home,2026-09-19 11:59:31.464000,0.4698,,1,0.5302,0.281112,1,3
AF093190926,prod,51,moneyline,Away,2026-09-19 11:59:31.464000,0.5302,,0,0.5302,0.281112,1,3
AF093190926,prod,52,spread,Home,2026-09-19 11:59:31.464000,0.5104,-2.5,1,0.4896,0.239708,1,5
AF093190926,prod,53,spread,Away,2026-09-19 11:59:31.464000,0.4896,2.5,0,0.4896,0.239708,1,5
AF093190926,prod,54,total,Over,2026-09-19 11:59:31.464000,0.4751,35.5,0,0.4751,0.22572,1,3
AF093190926,prod,55,total,Under,2026-09-19 11:59:31.464000,0.5249,35.5,1,0.4751,0.22572,1,3
AF093190926,candidate,50,moneyline,Home,2026-09-19 11:59:31.464000,0.534,,1,0.466,0.217156,1,2
AF093190926,candidate,51,moneyline,Away,2026-09-19 11:59:31.464000,0.466,,0,0.466,0.217156,1,2
AF093190926,candidate,52,spread,Home,2026-09-19 11:59:31.464000,0.4885,1.5,1,0.5115,0.261632,1,2
AF093190926,candidate,53,spread,Away,2026-09-19 11:59:31.464000,0.5115,-1.5,0,0.5115,0.261632,1,2
AF093190926,candidate,54,total,Over,2026-09-19 11:59:31.464000,0.493,38.5,0,0.493,0.243049,1,2
AF093190926,candidate,55,total,Under,2026-09-19 11:59:31.464000,0.507,38.5,1,0.493,0.243049,1,2
AF093210926,prod,50,moneyline,Home,2026-09-21 22:11:14.578000,0.4236,,0,0.4236,0.179437,1,3
AF093210926,prod,51,moneyline,Away,2026-09-21 22:11:14.578000,0.5765,,1,0.4235,0.179352,1,3
AF093210926,prod,52,spread,Home,2026-09-21 22:11:14.578000,0.4672,-2.5,0,0.4672,0.218276,1,3
AF093210926,prod,53,spread,Away,2026-09-21 22:11:14.578000,0.5328,2.5,1,0.4672,0.218276,1,3
AF093210926,prod,54,total,Over,2026-09-21 22:11:14.578000,0.5517,30.5,1,0.4483,0.200973,1,3
AF093210926,prod,55,total,Under,2026-09-21 22:11:14.578000,0.4483,30.5,0,0.4483,0.200973,1,3
AF093210926,candidate,50,moneyline,Home,2026-09-21 22:11:14.578000,0.4765,,0,0.4765,0.227052,1,2
AF093210926,candidate,51,moneyline,Away,2026-09-21 22:11:14.578000,0.5235,,1,0.4765,0.227052,1,2
AF093210926,candidate,52,spread,Home,2026-09-21 22:11:14.578000,0.515,-1.5,0,0.515,0.265225,1,2
AF093210926,candidate,53,spread,Away,2026-09-21 22:11:14.578000,0.485,1.5,1,0.515,0.265225,1,2
AF093210926,candidate,54,total,Over,2026-09-21 22:11:14.578000,0.5015,27.5,1,0.4985,0.248502,1,2
AF093210926,candidate,55,total,Under,2026-09-21 22:11:14.578000,0.4985,27.5,0,0.4985,0.248502,1,2
AF094190926,prod,50,moneyline,Home,2026-09-19 13:47:21.537000,0.4809,,1,0.5191,0.269465,1,3
AF094190926,prod,51,moneyline,Away,2026-09-19 13:47:21.537000,0.5191,,0,0.5191,0.269465,1,3
AF094190926,prod,52,spread,Home,2026-09-19 13:47:21.537000,0.5007,-1.5,1,0.4993,0.2493,1,3
AF094190926,prod,53,spread,Away,2026-09-19 13:47:21.537000,0.4993,1.5,0,0.4993,0.2493,1,3
AF094190926,prod,54,total,Over,2026-09-19 13:47:21.537000,0.4827,35.5,1,0.5173,0.267599,1,3
AF094190926,prod,55,total,Under,2026-09-19 13:47:21.537000,0.5173,35.5,0,0.5173,0.267599,1,3
AF094190926,candidate,50,moneyline,Home,2026-09-19 13:47:21.537000,0.4605,,1,0.5395,0.29106,1,2
AF094190926,candidate,51,moneyline,Away,2026-09-19 13:47:21.537000,0.5395,,0,0.5395,0.29106,1,2
AF094190926,candidate,52,spread,Home,2026-09-19 13:47:21.537000,0.4985,-1.5,1,0.5015,0.251502,1,2
AF094190926,candidate,53,spread,Away,2026-09-19 13:47:21.537000,0.5015,1.5,0,0.5015,0.251502,1,2
AF094190926,candidate,54,total,Over,2026-09-19 13:47:21.537000,0.483,38.5,1,0.517,0.267289,1,2
AF094190926,candidate,55,total,Under,2026-09-19 13:47:21.537000,0.517,38.5,0,0.517,0.267289,1,2
AF094210926,prod,50,moneyline,Home,2026-09-21 23:23:13.788000,0.5434,,0,0.5434,0.295284,1,3
AF094210926,prod,51,moneyline,Away,2026-09-21 23:23:13.788000,0.4567,,1,0.5433,0.295175,1,3
AF094210926,prod,52,spread,Home,2026-09-21 23:23:13.788000,0.4943,2.5,0,0.4943,0.244332,1,3
AF094210926,prod,53,spread,Away,2026-09-21 23:23:13.788000,0.5057,-2.5,1,0.4943,0.244332,1,3
AF094210926,prod,54,total,Over,2026-09-21 23:23:13.788000,0.4926,35.5,1,0.5074,0.257455,1,3
AF094210926,prod,55,total,Under,2026-09-21 23:23:13.788000,0.5074,35.5,0,0.5074,0.257455,1,3
AF094210926,candidate,50,moneyline,Home,2026-09-21 23:23:13.788000,0.4035,,0,0.4035,0.162812,1,2
AF094210926,candidate,51,moneyline,Away,2026-09-21 23:23:13.788000,0.5965,,1,0.4035,0.162812,1,2
AF094210926,candidate,52,spread,Home,2026-09-21 23:23:13.788000,0.461,-2.5,0,0.461,0.212521,1,2
AF094210926,candidate,53,spread,Away,2026-09-21 23:23:13.788000,0.539,2.5,1,0.461,0.212521,1,2
AF094210926,candidate,54,total,Over,2026-09-21 23:23:13.788000,0.506,32.5,1,0.494,0.244036,1,2
AF094210926,candidate,55,total,Under,2026-09-21 23:23:13.788000,0.494,32.5,0,0.494,0.244036,1,2
AF095190926,prod,50,moneyline,Home,2026-09-19 14:59:23.748000,0.5856,,1,0.4144,0.171727,1,3
AF095190926,prod,51,moneyline,Away,2026-09-19 14:59:23.748000,0.4145,,0,0.4145,0.17181,1,3
AF095190926,prod,52,spread,Home,2026-09-19 14:59:23.748000,0.5442,2.5,1,0.4558,0.207754,1,3
AF095190926,prod,53,spread,Away,2026-09-19 14:59:23.748000,0.4558,-2.5,0,0.4558,0.207754,1,3
AF095190926,prod,54,total,Over,2026-09-19 14:59:23.748000,0.4812,35.5,1,0.5188,0.269153,1,5
AF095190926,prod,55,total,Under,2026-09-19 14:59:23.748000,0.5188,35.5,0,0.5188,0.269153,1,5
AF095190926,candidate,50,moneyline,Home,2026-09-19 14:59:23.748000,0.6295,,1,0.3705,0.13727,1,2
AF095190926,candidate,51,moneyline,Away,2026-09-19 14:59:23.748000,0.3705,,0,0.3705,0.13727,1,2
AF095190926,candidate,52,spread,Home,2026-09-19 14:59:23.748000,0.468,3.5,1,0.532,0.283024,1,2
AF095190926,candidate,53,spread,Away,2026-09-19 14:59:23.748000,0.532,-3.5,0,0.532,0.283024,1,2
AF095190926,candidate,54,total,Over,2026-09-19 14:59:23.748000,0.5,37.5,1,0.5,0.25,1,2
AF095190926,candidate,55,total,Under,2026-09-19 14:59:23.748000,0.5,37.5,0,0.5,0.25,1,2
AF095210926,prod,50,moneyline,Home,2026-09-21 23:58:58.883000,0.5099,,1,0.4901,0.240198,1,3
AF095210926,prod,51,moneyline,Away,2026-09-21 23:58:58.883000,0.4901,,0,0.4901,0.240198,1,3
AF095210926,prod,52,spread,Home,2026-09-21 23:58:58.883000,0.4885,1.5,1,0.5115,0.261632,1,5
AF095210926,prod,53,spread,Away,2026-09-21 23:58:58.883000,0.5115,-1.5,0,0.5115,0.261632,1,5
AF095210926,prod,54,total,Over,2026-09-21 23:58:58.883000,0.4807,31.5,0,0.4807,0.231072,1,3
AF095210926,prod,55,total,Under,2026-09-21 23:58:58.883000,0.5193,31.5,1,0.4807,0.231072,1,3
AF095210926,candidate,50,moneyline,Home,2026-09-21 23:58:58.883000,0.393,,1,0.607,0.368449,1,2
AF095210926,candidate,51,moneyline,Away,2026-09-21 23:58:58.883000,0.607,,0,0.607,0.368449,1,2
AF095210926,candidate,52,spread,Home,2026-09-21 23:58:58.883000,0.4485,-2.5,1,0.5515,0.304152,1,2
AF095210926,candidate,53,spread,Away,2026-09-21 23:58:58.883000,0.5515,2.5,0,0.5515,0.304152,1,2
AF095210926,candidate,54,total,Over,2026-09-21 23:58:58.883000,0.5045,25.5,1,0.4955,0.24552,1,2
AF095210926,candidate,55,total,Under,2026-09-21 23:58:58.883000,0.4955,25.5,0,0.4955,0.24552,1,2
AF096190926,prod,50,moneyline,Home,2026-09-19 16:11:20.772000,0.4077,,1,0.5923,0.350819,1,3
AF096190926,prod,51,moneyline,Away,2026-09-19 16:11:20.772000,0.5924,,0,0.5924,0.350938,1,3
AF096190926,prod,52,spread,Home,2026-09-19 16:11:20.772000,0.544,-3.5,1,0.456,0.207936,1,5
AF096190926,prod,53,spread,Away,2026-09-19 16:11:20.772000,0.456,3.5,0,0.456,0.207936,1,5
AF096190926,prod,54,total,Over,2026-09-19 16:11:20.772000,0.4813,38.5,1,0.5187,0.26905,1,3
AF096190926,prod,55,total,Under,2026-09-19 16:11:20.772000,0.5188,38.5,0,0.5188,0.269153,1,3
AF096190926,candidate,50,moneyline,Home,2026-09-19 16:11:20.772000,0.4445,,1,0.5555,0.30858,1,2
AF096190926,candidate,51,moneyline,Away,2026-09-19 16:11:20.772000,0.5555,,0,0.5555,0.30858,1,2
AF096190926,candidate,52,spread,Home,2026-09-19 16:11:20.772000,0.4885,-1.5,1,0.5115,0.261632,1,2
AF096190926,candidate,53,spread,Away,2026-09-19 16:11:20.772000,0.5115,1.5,0,0.5115,0.261632,1,2
AF096190926,candidate,54,total,Over,2026-09-19 16:11:20.772000,0.5085,51.5,0,0.5085,0.258572,1,2
AF096190926,candidate,55,total,Under,2026-09-19 16:11:20.772000,0.4915,51.5,1,0.5085,0.258572,1,2
AF097190926,prod,50,moneyline,Home,2026-09-19 17:23:26.146000,0.5256,,1,0.4744,0.225055,1,3
AF097190926,prod,51,moneyline,Away,2026-09-19 17:23:26.146000,0.4744,,0,0.4744,0.225055,1,3
AF097190926,prod,52,spread,Home,2026-09-19 17:23:26.146000,0.5067,1.5,1,0.4933,0.243345,1,3
AF097190926,prod,53,spread,Away,2026-09-19 17:23:26.146000,0.4933,-1.5,0,0.4933,0.243345,1,3
AF097190926,prod,54,total,Over,2026-09-19 17:23:26.146000,0.4748,35.5,0,0.4748,0.225435,1,3
AF097190926,prod,55,total,Under,2026-09-19 17:23:26.146000,0.5252,35.5,1,0.4748,0.225435,1,3
AF097190926,candidate,50,moneyline,Home,2026-09-19 17:23:26.146000,0.5845,,1,0.4155,0.17264,1,2
AF097190926,candidate,51,moneyline,Away,2026-09-19 17:23:26.146000,0.4155,,0,0.4155,0.17264,1,2
AF097190926,candidate,52,spread,Home,2026-09-19 17:23:26.146000,0.5135,2.5,1,0.4865,0.236682,1,2
AF097190926,candidate,53,spread,Away,2026-09-19 17:23:26.146000,0.4865,-2.5,0,0.4865,0.236682,1,2
AF097190926,candidate,54,total,Over,2026-09-19 17:23:26.146000,0.4785,38.5,0,0.4785,0.228962,1,2
AF097190926,candidate,55,total,Under,2026-09-19 17:23:26.146000,0.5215,38.5,1,0.4785,0.228962,1,2
AF098190926,prod,50,moneyline,Home,2026-09-19 18:35:20.941000,0.5437,,1,0.4563,0.20821,1,3
AF098190926,prod,51,moneyline,Away,2026-09-19 18:35:20.941000,0.4563,,0,0.4563,0.20821,1,3
AF098190926,prod,52,spread,Home,2026-09-19 18:35:20.941000,0.4925,2.5,1,0.5075,0.257556,1,3
AF098190926,prod,53,spread,Away,2026-09-19 18:35:20.941000,0.5075,-2.5,0,0.5075,0.257556,1,3
AF098190926,prod,54,total,Over,2026-09-19 18:35:20.941000,0.5183,34.5,0,0.5183,0.268635,1,3
AF098190926,prod,55,total,Under,2026-09-19 18:35:20.941000,0.4817,34.5,1,0.5183,0.268635,1,3
AF098190926,candidate,50,moneyline,Home,2026-09-19 18:35:20.941000,0.4755,,1,0.5245,0.2751,1,2
AF098190926,candidate,51,moneyline,Away,2026-09-19 18:35:20.941000,0.5245,,0,0.5245,0.2751,1,2
AF098190926,candidate,52,spread,Home,2026-09-19 18:35:20.941000,0.5195,-1.5,1,0.4805,0.23088,1,2
AF098190926,candidate,53,spread,Away,2026-09-19 18:35:20.941000,0.4805,1.5,0,0.4805,0.23088,1,2
AF098190926,candidate,54,total,Over,2026-09-19 18:35:20.941000,0.46,31.5,0,0.46,0.2116,1,2
AF098190926,candidate,55,total,Under,2026-09-19 18:35:20.941000,0.54,31.5,1,0.46,0.2116,1,2
AF099190926,prod,50,moneyline,Home,2026-09-19 20:23:21.517000,0.6255,,0,0.6255,0.39125,1,3
AF099190926,prod,51,moneyline,Away,2026-09-19 20:23:21.517000,0.3747,,1,0.6253,0.391,1,3
AF099190926,prod,52,spread,Home,2026-09-19 20:23:21.517000,0.4537,3.5,0,0.4537,0.205844,1,3
AF099190926,prod,53,spread,Away,2026-09-19 20:23:21.517000,0.5463,-3.5,1,0.4537,0.205844,1,3
AF099190926,prod,54,total,Over,2026-09-19 20:23:21.517000,0.5195,30.5,0,0.5195,0.26988,1,3
AF099190926,prod,55,total,Under,2026-09-19 20:23:21.517000,0.4806,30.5,1,0.5194,0.269776,1,3
AF099190926,candidate,50,moneyline,Home,2026-09-19 20:23:21.517000,0.5485,,0,0.5485,0.300852,1,2
AF099190926,candidate,51,moneyline,Away,2026-09-19 20:23:21.517000,0.4515,,1,0.5485,0.300852,1,2
AF099190926,candidate,52,spread,Home,2026-09-19 20:23:21.517000,0.4915,2.5,0,0.4915,0.241572,1,2
AF099190926,candidate,53,spread,Away,2026-09-19 20:23:21.517000,0.5085,-2.5,1,0.4915,0.241572,1,2
AF099190926,candidate,54,total,Over,2026-09-19 20:23:21.517000,0.4865,30.5,0,0.4865,0.236682,1,2
AF099190926,candidate,55,total,Under,2026-09-19 20:23:21.517000,0.5135,30.5,1,0.4865,0.236682,1,2
AF100190926,prod,50,moneyline,Home,2026-09-19 21:35:20.349000,0.3642,,1,0.6358,0.404242,1,3
AF100190926,prod,51,moneyline,Away,2026-09-19 21:35:20.349000,0.6359,,0,0.6359,0.404369,1,3
AF100190926,prod,52,spread,Home,2026-09-19 21:35:20.349000,0.5365,-3.5,1,0.4635,0.214832,1,3
AF100190926,prod,53,spread,Away,2026-09-19 21:35:20.349000,0.4635,3.5,0,0.4635,0.214832,1,3
AF100190926,prod,54,total,Over,2026-09-19 21:35:20.349000,0.5189,30.5,0,0.5189,0.269257,1,3
AF100190926,prod,55,total,Under,2026-09-19 21:35:20.349000,0.4811,30.5,1,0.5189,0.269257,1,3
AF100190926,candidate,50,moneyline,Home,2026-09-19 21:35:20.349000,0.482,,1,0.518,0.268324,1,2
AF100190926,candidate,51,moneyline,Away,2026-09-19 21:35:20.349000,0.518,,0,0.518,0.268324,1,2
AF100190926,candidate,52,spread,Home,2026-09-19 21:35:20.349000,0.509,-1.5,1,0.491,0.241081,1,2
AF100190926,candidate,53,spread,Away,2026-09-19 21:35:20.349000,0.491,1.5,0,0.491,0.241081,1,2
AF100190926,candidate,54,total,Over,2026-09-19 21:35:20.349000,0.4895,30.5,0,0.4895,0.23961,1,2
AF100190926,candidate,55,total,Under,2026-09-19 21:35:20.349000,0.5105,30.5,1,0.4895,0.23961,1,2
AF101190926,prod,50,moneyline,Home,2026-09-19 22:11:17.425000,0.384,,0,0.384,0.147456,1,3
AF101190926,prod,51,moneyline,Away,2026-09-19 22:11:17.425000,0.6161,,1,0.3839,0.147379,1,3
AF101190926,prod,52,spread,Home,2026-09-19 22:11:17.425000,0.5148,-3.5,1,0.4852,0.235419,1,3
AF101190926,prod,53,spread,Away,2026-09-19 22:11:17.425000,0.4852,3.5,0,0.4852,0.235419,1,3
AF101190926,prod,54,total,Over,2026-09-19 22:11:17.425000,0.5049,31.5,1,0.4951,0.245124,1,3
AF101190926,prod,55,total,Under,2026-09-19 22:11:17.425000,0.4951,31.5,0,0.4951,0.245124,1,3
AF101190926,candidate,50,moneyline,Home,2026-09-19 22:11:17.425000,0.434,,0,0.434,0.188356,1,2
AF101190926,candidate,51,moneyline,Away,2026-09-19 22:11:17.425000,0.566,,1,0.434,0.188356,1,2
AF101190926,candidate,52,spread,Home,2026-09-19 22:11:17.425000,0.506,-2.5,0,0.506,0.256036,1,2
AF101190926,candidate,53,spread,Away,2026-09-19 22:11:17.425000,0.494,2.5,1,0.506,0.256036,1,2
AF101190926,candidate,54,total,Over,2026-09-19 22:11:17.425000,0.495,27.5,1,0.505,0.255025,1,2
AF101190926,candidate,55,total,Under,2026-09-19 22:11:17.425000,0.505,27.5,0,0.505,0.255025,1,2
AF102190926,prod,50,moneyline,Home,2026-09-19 23:23:21.513000,0.4541,,1,0.5459,0.298007,1,3
AF102190926,prod,51,moneyline,Away,2026-09-19 23:23:21.513000,0.5459,,0,0.5459,0.298007,1,3
AF102190926,prod,52,spread,Home,2026-09-19 23:23:21.513000,0.5037,-2.5,1,0.4963,0.246314,1,3
AF102190926,prod,53,spread,Away,2026-09-19 23:23:21.513000,0.4963,2.5,0,0.4963,0.246314,1,3
AF102190926,prod,54,total,Over,2026-09-19 23:23:21.513000,0.5182,34.5,0,0.5182,0.268531,1,3
AF102190926,prod,55,total,Under,2026-09-19 23:23:21.513000,0.4818,34.5,1,0.5182,0.268531,1,3
AF102190926,candidate,50,moneyline,Home,2026-09-19 23:23:21.513000,0.5785,,1,0.4215,0.177662,1,2
AF102190926,candidate,51,moneyline,Away,2026-09-19 23:23:21.513000,0.4215,,0,0.4215,0.177662,1,2
AF102190926,candidate,52,spread,Home,2026-09-19 23:23:21.513000,0.507,2.5,1,0.493,0.243049,1,2
AF102190926,candidate,53,spread,Away,2026-09-19 23:23:21.513000,0.493,-2.5,0,0.493,0.243049,1,2
AF102190926,candidate,54,total,Over,2026-09-19 23:23:21.513000,0.454,31.5,0,0.454,0.206116,1,2
AF102190926,candidate,55,total,Under,2026-09-19 23:23:21.513000,0.546,31.5,1,0.454,0.206116,1,2
